"season","roster_season","teamId","team_abbrev","playerId","first_name","last_name","player_name","position","roster_source","is_current_roster","directory_observed_at","observation_id","game_id","game_date","startTimeUTC","gameState","opponent_label","retrieved_at","source_url","article_date","schema_version","projection_status","eligible_for_backtest","in_projected_lineup","forward_line","defense_pairs","goalie_role","scratched","injured","injury_detail"
20262027,20262027,68,"UTA",8484388,"Daniil","But","Daniil But","F","current_roster",TRUE,"2026-10-08T18:59:00.441Z","2026-10-08_185709_37828221813_1_d821bc9479044132b0bd68121a5ce6af",2026020056,"2026-10-08","2026-10-08T23:00:00Z","FUT","Bruins","2026-10-08T18:58:58.240Z","https://www.nhl.com/news/nhl-lineup-projections-2026-27-season","2026-10-08",1,"matched",TRUE,1,4,NA,NA,0,0,NA
20262027,20262027,68,"UTA",8479619,"Michael","Carcone","Michael Carcone","F","current_roster",TRUE,"2026-10-08T18:59:00.443Z","2026-10-08_185709_37828221813_1_d821bc9479044132b0bd68121a5ce6af",2026020056,"2026-10-08","2026-10-08T23:00:00Z","FUT","Bruins","2026-10-08T18:58:58.240Z","https://www.nhl.com/news/nhl-lineup-projections-2026-27-season","2026-10-08",1,"matched",TRUE,1,4,NA,NA,0,0,NA
20262027,20262027,68,"UTA",8483431,"Logan","Cooley","Logan Cooley","F","current_roster",TRUE,"2026-10-08T18:59:00.445Z","2026-10-08_185709_37828221813_1_d821bc9479044132b0bd68121a5ce6af",2026020056,"2026-10-08","2026-10-08T23:00:00Z","FUT","Bruins","2026-10-08T18:58:58.240Z","https://www.nhl.com/news/nhl-lineup-projections-2026-27-season","2026-10-08",1,"matched",TRUE,1,2,NA,NA,0,0,NA
20262027,20262027,68,"UTA",8478474,"Lawson","Crouse","Lawson Crouse","F","current_roster",TRUE,"2026-10-08T18:59:00.447Z","2026-10-08_185709_37828221813_1_d821bc9479044132b0bd68121a5ce6af",2026020056,"2026-10-08","2026-10-08T23:00:00Z","FUT","Bruins","2026-10-08T18:58:58.240Z","https://www.nhl.com/news/nhl-lineup-projections-2026-27-season","2026-10-08",1,"matched",TRUE,1,3,NA,NA,0,0,NA
20262027,20262027,68,"UTA",8482699,"Dylan","Guenther","Dylan Guenther","F","current_roster",TRUE,"2026-10-08T18:59:00.449Z","2026-10-08_185709_37828221813_1_d821bc9479044132b0bd68121a5ce6af",2026020056,"2026-10-08","2026-10-08T23:00:00Z","FUT","Bruins","2026-10-08T18:58:58.240Z","https://www.nhl.com/news/nhl-lineup-projections-2026-27-season","2026-10-08",1,"matched",TRUE,1,2,NA,NA,0,0,NA
20262027,20262027,68,"UTA",8480849,"Barrett","Hayton","Barrett Hayton","F","current_roster",TRUE,"2026-10-08T18:59:00.451Z","2026-10-08_185709_37828221813_1_d821bc9479044132b0bd68121a5ce6af",2026020056,"2026-10-08","2026-10-08T23:00:00Z","FUT","Bruins","2026-10-08T18:58:58.240Z","https://www.nhl.com/news/nhl-lineup-projections-2026-27-season","2026-10-08",1,"matched",TRUE,1,3,NA,NA,0,0,NA
20262027,20262027,68,"UTA",8479343,"Clayton","Keller","Clayton Keller","F","current_roster",TRUE,"2026-10-08T18:59:00.453Z","2026-10-08_185709_37828221813_1_d821bc9479044132b0bd68121a5ce6af",2026020056,"2026-10-08","2026-10-08T23:00:00Z","FUT","Bruins","2026-10-08T18:58:58.240Z","https://www.nhl.com/news/nhl-lineup-projections-2026-27-season","2026-10-08",1,"matched",TRUE,1,1,NA,NA,0,0,NA
20262027,20262027,68,"UTA",8475314,"Anders","Lee","Anders Lee","F","current_roster",TRUE,"2026-10-08T18:59:00.455Z","2026-10-08_185709_37828221813_1_d821bc9479044132b0bd68121a5ce6af",2026020056,"2026-10-08","2026-10-08T23:00:00Z","FUT","Bruins","2026-10-08T18:58:58.240Z","https://www.nhl.com/news/nhl-lineup-projections-2026-27-season","2026-10-08",1,"matched",TRUE,1,2,NA,NA,0,0,NA
20262027,20262027,68,"UTA",8480855,"Jack","McBain","Jack McBain","F","current_roster",TRUE,"2026-10-08T18:59:00.457Z","2026-10-08_185709_37828221813_1_d821bc9479044132b0bd68121a5ce6af",2026020056,"2026-10-08","2026-10-08T23:00:00Z","FUT","Bruins","2026-10-08T18:58:58.240Z","https://www.nhl.com/news/nhl-lineup-projections-2026-27-season","2026-10-08",1,"matched",TRUE,1,3,NA,NA,0,0,NA
20262027,20262027,68,"UTA",8477070,"Liam","O'Brien","Liam O'Brien","F","current_roster",TRUE,"2026-10-08T18:59:00.459Z","2026-10-08_185709_37828221813_1_d821bc9479044132b0bd68121a5ce6af",2026020056,"2026-10-08","2026-10-08T23:00:00Z","FUT","Bruins","2026-10-08T18:58:58.240Z","https://www.nhl.com/news/nhl-lineup-projections-2026-27-season","2026-10-08",1,"matched",TRUE,0,NA,NA,NA,1,0,NA
20262027,20262027,68,"UTA",8477951,"Nick","Schmaltz","Nick Schmaltz","F","current_roster",TRUE,"2026-10-08T18:59:00.461Z","2026-10-08_185709_37828221813_1_d821bc9479044132b0bd68121a5ce6af",2026020056,"2026-10-08","2026-10-08T23:00:00Z","FUT","Bruins","2026-10-08T18:58:58.240Z","https://www.nhl.com/news/nhl-lineup-projections-2026-27-season","2026-10-08",1,"matched",TRUE,1,1,NA,NA,0,0,NA
20262027,20262027,68,"UTA",8478831,"Kevin","Stenlund","Kevin Stenlund","F","current_roster",TRUE,"2026-10-08T18:59:00.463Z","2026-10-08_185709_37828221813_1_d821bc9479044132b0bd68121a5ce6af",2026020056,"2026-10-08","2026-10-08T23:00:00Z","FUT","Bruins","2026-10-08T18:58:58.240Z","https://www.nhl.com/news/nhl-lineup-projections-2026-27-season","2026-10-08",1,"matched",TRUE,1,4,NA,NA,0,0,NA
20262027,20262027,68,"UTA",8476389,"Vincent","Trocheck","Vincent Trocheck","F","current_roster",TRUE,"2026-10-08T18:59:00.465Z","2026-10-08_185709_37828221813_1_d821bc9479044132b0bd68121a5ce6af",2026020056,"2026-10-08","2026-10-08T23:00:00Z","FUT","Bruins","2026-10-08T18:58:58.240Z","https://www.nhl.com/news/nhl-lineup-projections-2026-27-season","2026-10-08",1,"matched",TRUE,1,1,NA,NA,0,0,NA
20262027,20262027,68,"UTA",8479977,"Kailer","Yamamoto","Kailer Yamamoto","F","current_roster",TRUE,"2026-10-08T18:59:00.467Z","2026-10-08_185709_37828221813_1_d821bc9479044132b0bd68121a5ce6af",2026020056,"2026-10-08","2026-10-08T23:00:00Z","FUT","Bruins","2026-10-08T18:58:58.240Z","https://www.nhl.com/news/nhl-lineup-projections-2026-27-season","2026-10-08",1,"matched",TRUE,0,NA,NA,NA,1,0,NA
20262027,20262027,68,"UTA",8480084,"Nick","DeSimone","Nick DeSimone","D","current_roster",TRUE,"2026-10-08T18:59:00.469Z","2026-10-08_185709_37828221813_1_d821bc9479044132b0bd68121a5ce6af",2026020056,"2026-10-08","2026-10-08T23:00:00Z","FUT","Bruins","2026-10-08T18:58:58.240Z","https://www.nhl.com/news/nhl-lineup-projections-2026-27-season","2026-10-08",1,"matched",TRUE,0,NA,NA,NA,1,0,NA
20262027,20262027,68,"UTA",8483472,"Maveric","Lamoureux","Maveric Lamoureux","D","current_roster",TRUE,"2026-10-08T18:59:00.471Z","2026-10-08_185709_37828221813_1_d821bc9479044132b0bd68121a5ce6af",2026020056,"2026-10-08","2026-10-08T23:00:00Z","FUT","Bruins","2026-10-08T18:58:58.240Z","https://www.nhl.com/news/nhl-lineup-projections-2026-27-season","2026-10-08",1,"matched",TRUE,0,NA,NA,NA,0,1,"shoulder"
20262027,20262027,68,"UTA",8478507,"John","Marino","John Marino","D","current_roster",TRUE,"2026-10-08T18:59:00.473Z","2026-10-08_185709_37828221813_1_d821bc9479044132b0bd68121a5ce6af",2026020056,"2026-10-08","2026-10-08T23:00:00Z","FUT","Bruins","2026-10-08T18:58:58.240Z","https://www.nhl.com/news/nhl-lineup-projections-2026-27-season","2026-10-08",1,"matched",TRUE,1,NA,2,NA,0,0,NA
20262027,20262027,68,"UTA",8479369,"Andrew","Peeke","Andrew Peeke","D","current_roster",TRUE,"2026-10-08T18:59:00.475Z","2026-10-08_185709_37828221813_1_d821bc9479044132b0bd68121a5ce6af",2026020056,"2026-10-08","2026-10-08T23:00:00Z","FUT","Bruins","2026-10-08T18:58:58.240Z","https://www.nhl.com/news/nhl-lineup-projections-2026-27-season","2026-10-08",1,"matched",TRUE,1,NA,3,NA,0,0,NA
20262027,20262027,68,"UTA",8477220,"Nate","Schmidt","Nate Schmidt","D","current_roster",TRUE,"2026-10-08T18:59:00.480Z","2026-10-08_185709_37828221813_1_d821bc9479044132b0bd68121a5ce6af",2026020056,"2026-10-08","2026-10-08T23:00:00Z","FUT","Bruins","2026-10-08T18:58:58.240Z","https://www.nhl.com/news/nhl-lineup-projections-2026-27-season","2026-10-08",1,"matched",TRUE,1,NA,2,NA,0,0,NA
20262027,20262027,68,"UTA",8479410,"Mikhail","Sergachev","Mikhail Sergachev","D","current_roster",TRUE,"2026-10-08T18:59:00.482Z","2026-10-08_185709_37828221813_1_d821bc9479044132b0bd68121a5ce6af",2026020056,"2026-10-08","2026-10-08T23:00:00Z","FUT","Bruins","2026-10-08T18:58:58.240Z","https://www.nhl.com/news/nhl-lineup-projections-2026-27-season","2026-10-08",1,"matched",TRUE,1,NA,1,NA,0,0,NA
20262027,20262027,68,"UTA",8484386,"Dmitri","Simashev","Dmitri Simashev","D","current_roster",TRUE,"2026-10-08T18:59:00.484Z","2026-10-08_185709_37828221813_1_d821bc9479044132b0bd68121a5ce6af",2026020056,"2026-10-08","2026-10-08T23:00:00Z","FUT","Bruins","2026-10-08T18:58:58.240Z","https://www.nhl.com/news/nhl-lineup-projections-2026-27-season","2026-10-08",1,"matched",TRUE,1,NA,3,NA,0,0,NA
20262027,20262027,68,"UTA",8477346,"MacKenzie","Weegar","MacKenzie Weegar","D","current_roster",TRUE,"2026-10-08T18:59:00.486Z","2026-10-08_185709_37828221813_1_d821bc9479044132b0bd68121a5ce6af",2026020056,"2026-10-08","2026-10-08T23:00:00Z","FUT","Bruins","2026-10-08T18:58:58.240Z","https://www.nhl.com/news/nhl-lineup-projections-2026-27-season","2026-10-08",1,"matched",TRUE,1,NA,1,NA,0,0,NA
20262027,20262027,68,"UTA",8482657,"Sebastian","Cossa","Sebastian Cossa","G","current_roster",TRUE,"2026-10-08T18:59:00.489Z","2026-10-08_185709_37828221813_1_d821bc9479044132b0bd68121a5ce6af",2026020056,"2026-10-08","2026-10-08T23:00:00Z","FUT","Bruins","2026-10-08T18:58:58.240Z","https://www.nhl.com/news/nhl-lineup-projections-2026-27-season","2026-10-08",1,"matched",TRUE,1,NA,NA,"starter",0,0,NA
20262027,20262027,68,"UTA",8478872,"Karel","Vejmelka","Karel Vejmelka","G","current_roster",TRUE,"2026-10-08T18:59:00.491Z","2026-10-08_185709_37828221813_1_d821bc9479044132b0bd68121a5ce6af",2026020056,"2026-10-08","2026-10-08T23:00:00Z","FUT","Bruins","2026-10-08T18:58:58.240Z","https://www.nhl.com/news/nhl-lineup-projections-2026-27-season","2026-10-08",1,"matched",TRUE,1,NA,NA,"backup",0,0,NA
20262027,20262027,6,"BOS",8479987,"Morgan","Geekie","Morgan Geekie","F","current_roster",TRUE,"2026-10-08T18:58:59.677Z","2026-10-08_185709_37828221813_1_d821bc9479044132b0bd68121a5ce6af",2026020056,"2026-10-08","2026-10-08T23:00:00Z","FUT","Mammoth","2026-10-08T18:58:58.240Z","https://www.nhl.com/news/nhl-lineup-projections-2026-27-season","2026-10-08",1,"unexpected_lineup_structure",FALSE,NA,NA,NA,NA,NA,NA,NA
20262027,20262027,6,"BOS",8485395,"James","Hagens","James Hagens","F","current_roster",TRUE,"2026-10-08T18:58:59.679Z","2026-10-08_185709_37828221813_1_d821bc9479044132b0bd68121a5ce6af",2026020056,"2026-10-08","2026-10-08T23:00:00Z","FUT","Mammoth","2026-10-08T18:58:58.240Z","https://www.nhl.com/news/nhl-lineup-projections-2026-27-season","2026-10-08",1,"unexpected_lineup_structure",FALSE,NA,NA,NA,NA,NA,NA,NA
20262027,20262027,6,"BOS",8479661,"Tanner","Jeannot","Tanner Jeannot","F","current_roster",TRUE,"2026-10-08T18:58:59.681Z","2026-10-08_185709_37828221813_1_d821bc9479044132b0bd68121a5ce6af",2026020056,"2026-10-08","2026-10-08T23:00:00Z","FUT","Mammoth","2026-10-08T18:58:58.240Z","https://www.nhl.com/news/nhl-lineup-projections-2026-27-season","2026-10-08",1,"unexpected_lineup_structure",FALSE,NA,NA,NA,NA,NA,NA,NA
20262027,20262027,6,"BOS",8480355,"Mark","Kastelic","Mark Kastelic","F","current_roster",TRUE,"2026-10-08T18:58:59.683Z","2026-10-08_185709_37828221813_1_d821bc9479044132b0bd68121a5ce6af",2026020056,"2026-10-08","2026-10-08T23:00:00Z","FUT","Mammoth","2026-10-08T18:58:58.240Z","https://www.nhl.com/news/nhl-lineup-projections-2026-27-season","2026-10-08",1,"unexpected_lineup_structure",FALSE,NA,NA,NA,NA,NA,NA,NA
20262027,20262027,6,"BOS",8482177,"Marat","Khusnutdinov","Marat Khusnutdinov","F","current_roster",TRUE,"2026-10-08T18:58:59.685Z","2026-10-08_185709_37828221813_1_d821bc9479044132b0bd68121a5ce6af",2026020056,"2026-10-08","2026-10-08T23:00:00Z","FUT","Mammoth","2026-10-08T18:58:58.240Z","https://www.nhl.com/news/nhl-lineup-projections-2026-27-season","2026-10-08",1,"unexpected_lineup_structure",FALSE,NA,NA,NA,NA,NA,NA,NA
20262027,20262027,6,"BOS",8476374,"Sean","Kuraly","Sean Kuraly","F","current_roster",TRUE,"2026-10-08T18:58:59.688Z","2026-10-08_185709_37828221813_1_d821bc9479044132b0bd68121a5ce6af",2026020056,"2026-10-08","2026-10-08T23:00:00Z","FUT","Mammoth","2026-10-08T18:58:58.240Z","https://www.nhl.com/news/nhl-lineup-projections-2026-27-season","2026-10-08",1,"unexpected_lineup_structure",FALSE,NA,NA,NA,NA,NA,NA,NA
20262027,20262027,6,"BOS",8477496,"Elias","Lindholm","Elias Lindholm","F","current_roster",TRUE,"2026-10-08T18:58:59.690Z","2026-10-08_185709_37828221813_1_d821bc9479044132b0bd68121a5ce6af",2026020056,"2026-10-08","2026-10-08T23:00:00Z","FUT","Mammoth","2026-10-08T18:58:58.240Z","https://www.nhl.com/news/nhl-lineup-projections-2026-27-season","2026-10-08",1,"unexpected_lineup_structure",FALSE,NA,NA,NA,NA,NA,NA,NA
20262027,20262027,6,"BOS",8483489,"Fraser","Minten","Fraser Minten","F","current_roster",TRUE,"2026-10-08T18:58:59.692Z","2026-10-08_185709_37828221813_1_d821bc9479044132b0bd68121a5ce6af",2026020056,"2026-10-08","2026-10-08T23:00:00Z","FUT","Mammoth","2026-10-08T18:58:58.240Z","https://www.nhl.com/news/nhl-lineup-projections-2026-27-season","2026-10-08",1,"unexpected_lineup_structure",FALSE,NA,NA,NA,NA,NA,NA,NA
20262027,20262027,6,"BOS",8479999,"Casey","Mittelstadt","Casey Mittelstadt","F","current_roster",TRUE,"2026-10-08T18:58:59.694Z","2026-10-08_185709_37828221813_1_d821bc9479044132b0bd68121a5ce6af",2026020056,"2026-10-08","2026-10-08T23:00:00Z","FUT","Mammoth","2026-10-08T18:58:58.240Z","https://www.nhl.com/news/nhl-lineup-projections-2026-27-season","2026-10-08",1,"unexpected_lineup_structure",FALSE,NA,NA,NA,NA,NA,NA,NA
20262027,20262027,6,"BOS",8477956,"David","Pastrnak","David Pastrnak","F","current_roster",TRUE,"2026-10-08T18:58:59.696Z","2026-10-08_185709_37828221813_1_d821bc9479044132b0bd68121a5ce6af",2026020056,"2026-10-08","2026-10-08T23:00:00Z","FUT","Mammoth","2026-10-08T18:58:58.240Z","https://www.nhl.com/news/nhl-lineup-projections-2026-27-season","2026-10-08",1,"unexpected_lineup_structure",FALSE,NA,NA,NA,NA,NA,NA,NA
20262027,20262027,6,"BOS",8482175,"JJ","Peterka","JJ Peterka","F","current_roster",TRUE,"2026-10-08T18:58:59.701Z","2026-10-08_185709_37828221813_1_d821bc9479044132b0bd68121a5ce6af",2026020056,"2026-10-08","2026-10-08T23:00:00Z","FUT","Mammoth","2026-10-08T18:58:58.240Z","https://www.nhl.com/news/nhl-lineup-projections-2026-27-season","2026-10-08",1,"unexpected_lineup_structure",FALSE,NA,NA,NA,NA,NA,NA,NA
20262027,20262027,6,"BOS",8483505,"Matthew","Poitras","Matthew Poitras","F","current_roster",TRUE,"2026-10-08T18:58:59.703Z","2026-10-08_185709_37828221813_1_d821bc9479044132b0bd68121a5ce6af",2026020056,"2026-10-08","2026-10-08T23:00:00Z","FUT","Mammoth","2026-10-08T18:58:58.240Z","https://www.nhl.com/news/nhl-lineup-projections-2026-27-season","2026-10-08",1,"unexpected_lineup_structure",FALSE,NA,NA,NA,NA,NA,NA,NA
20262027,20262027,6,"BOS",8478401,"Pavel","Zacha","Pavel Zacha","F","current_roster",TRUE,"2026-10-08T18:58:59.705Z","2026-10-08_185709_37828221813_1_d821bc9479044132b0bd68121a5ce6af",2026020056,"2026-10-08","2026-10-08T23:00:00Z","FUT","Mammoth","2026-10-08T18:58:58.240Z","https://www.nhl.com/news/nhl-lineup-projections-2026-27-season","2026-10-08",1,"unexpected_lineup_structure",FALSE,NA,NA,NA,NA,NA,NA,NA
20262027,20262027,6,"BOS",8481219,"Jonathan","Aspirot","Jonathan Aspirot","D","current_roster",TRUE,"2026-10-08T18:58:59.708Z","2026-10-08_185709_37828221813_1_d821bc9479044132b0bd68121a5ce6af",2026020056,"2026-10-08","2026-10-08T23:00:00Z","FUT","Mammoth","2026-10-08T18:58:58.240Z","https://www.nhl.com/news/nhl-lineup-projections-2026-27-season","2026-10-08",1,"unexpected_lineup_structure",FALSE,NA,NA,NA,NA,NA,NA,NA
20262027,20262027,6,"BOS",8478840,"Will","Borgen","Will Borgen","D","current_roster",TRUE,"2026-10-08T18:58:59.710Z","2026-10-08_185709_37828221813_1_d821bc9479044132b0bd68121a5ce6af",2026020056,"2026-10-08","2026-10-08T23:00:00Z","FUT","Mammoth","2026-10-08T18:58:58.240Z","https://www.nhl.com/news/nhl-lineup-projections-2026-27-season","2026-10-08",1,"unexpected_lineup_structure",FALSE,NA,NA,NA,NA,NA,NA,NA
20262027,20262027,6,"BOS",8483017,"Frederic","Brunet","Frederic Brunet","D","current_roster",TRUE,"2026-10-08T18:58:59.712Z","2026-10-08_185709_37828221813_1_d821bc9479044132b0bd68121a5ce6af",2026020056,"2026-10-08","2026-10-08T23:00:00Z","FUT","Mammoth","2026-10-08T18:58:58.240Z","https://www.nhl.com/news/nhl-lineup-projections-2026-27-season","2026-10-08",1,"unexpected_lineup_structure",FALSE,NA,NA,NA,NA,NA,NA,NA
20262027,20262027,6,"BOS",8477365,"Connor","Clifton","Connor Clifton","D","current_roster",TRUE,"2026-10-08T18:58:59.714Z","2026-10-08_185709_37828221813_1_d821bc9479044132b0bd68121a5ce6af",2026020056,"2026-10-08","2026-10-08T23:00:00Z","FUT","Mammoth","2026-10-08T18:58:58.240Z","https://www.nhl.com/news/nhl-lineup-projections-2026-27-season","2026-10-08",1,"unexpected_lineup_structure",FALSE,NA,NA,NA,NA,NA,NA,NA
20262027,20262027,6,"BOS",8476854,"Hampus","Lindholm","Hampus Lindholm","D","current_roster",TRUE,"2026-10-08T18:58:59.716Z","2026-10-08_185709_37828221813_1_d821bc9479044132b0bd68121a5ce6af",2026020056,"2026-10-08","2026-10-08T23:00:00Z","FUT","Mammoth","2026-10-08T18:58:58.240Z","https://www.nhl.com/news/nhl-lineup-projections-2026-27-season","2026-10-08",1,"unexpected_lineup_structure",FALSE,NA,NA,NA,NA,NA,NA,NA
20262027,20262027,6,"BOS",8482511,"Mason","Lohrei","Mason Lohrei","D","current_roster",TRUE,"2026-10-08T18:58:59.718Z","2026-10-08_185709_37828221813_1_d821bc9479044132b0bd68121a5ce6af",2026020056,"2026-10-08","2026-10-08T23:00:00Z","FUT","Mammoth","2026-10-08T18:58:58.240Z","https://www.nhl.com/news/nhl-lineup-projections-2026-27-season","2026-10-08",1,"unexpected_lineup_structure",FALSE,NA,NA,NA,NA,NA,NA,NA
20262027,20262027,6,"BOS",8479325,"Charlie","McAvoy","Charlie McAvoy","D","current_roster",TRUE,"2026-10-08T18:58:59.720Z","2026-10-08_185709_37828221813_1_d821bc9479044132b0bd68121a5ce6af",2026020056,"2026-10-08","2026-10-08T23:00:00Z","FUT","Mammoth","2026-10-08T18:58:58.240Z","https://www.nhl.com/news/nhl-lineup-projections-2026-27-season","2026-10-08",1,"unexpected_lineup_structure",FALSE,NA,NA,NA,NA,NA,NA,NA
20262027,20262027,6,"BOS",8477507,"Nikita","Zadorov","Nikita Zadorov","D","current_roster",TRUE,"2026-10-08T18:58:59.722Z","2026-10-08_185709_37828221813_1_d821bc9479044132b0bd68121a5ce6af",2026020056,"2026-10-08","2026-10-08T23:00:00Z","FUT","Mammoth","2026-10-08T18:58:58.240Z","https://www.nhl.com/news/nhl-lineup-projections-2026-27-season","2026-10-08",1,"unexpected_lineup_structure",FALSE,NA,NA,NA,NA,NA,NA,NA
20262027,20262027,6,"BOS",8480022,"Michael","DiPietro","Michael DiPietro","G","current_roster",TRUE,"2026-10-08T18:58:59.725Z","2026-10-08_185709_37828221813_1_d821bc9479044132b0bd68121a5ce6af",2026020056,"2026-10-08","2026-10-08T23:00:00Z","FUT","Mammoth","2026-10-08T18:58:58.240Z","https://www.nhl.com/news/nhl-lineup-projections-2026-27-season","2026-10-08",1,"unexpected_lineup_structure",FALSE,NA,NA,NA,NA,NA,NA,NA
20262027,20262027,6,"BOS",8480280,"Jeremy","Swayman","Jeremy Swayman","G","current_roster",TRUE,"2026-10-08T18:58:59.727Z","2026-10-08_185709_37828221813_1_d821bc9479044132b0bd68121a5ce6af",2026020056,"2026-10-08","2026-10-08T23:00:00Z","FUT","Mammoth","2026-10-08T18:58:58.240Z","https://www.nhl.com/news/nhl-lineup-projections-2026-27-season","2026-10-08",1,"unexpected_lineup_structure",FALSE,NA,NA,NA,NA,NA,NA,NA
20262027,20262027,25,"DAL",8473994,"Jamie","Benn","Jamie Benn","F","current_roster",TRUE,"2026-10-08T18:58:59.730Z","2026-10-08_185709_37828221813_1_d821bc9479044132b0bd68121a5ce6af",2026020057,"2026-10-08","2026-10-08T23:00:00Z","FUT","Sabres","2026-10-08T18:58:58.240Z","https://www.nhl.com/news/nhl-lineup-projections-2026-27-season","2026-10-08",1,"matched",TRUE,1,1,NA,NA,0,0,NA
20262027,20262027,25,"DAL",8476278,"Colin","Blackwell","Colin Blackwell","F","current_roster",TRUE,"2026-10-08T18:58:59.732Z","2026-10-08_185709_37828221813_1_d821bc9479044132b0bd68121a5ce6af",2026020057,"2026-10-08","2026-10-08T23:00:00Z","FUT","Sabres","2026-10-08T18:58:58.240Z","https://www.nhl.com/news/nhl-lineup-projections-2026-27-season","2026-10-08",1,"matched",TRUE,1,4,NA,NA,0,0,NA
20262027,20262027,25,"DAL",8480840,"Oskar","Bäck","Oskar Bäck","F","current_roster",TRUE,"2026-10-08T18:58:59.734Z","2026-10-08_185709_37828221813_1_d821bc9479044132b0bd68121a5ce6af",2026020057,"2026-10-08","2026-10-08T23:00:00Z","FUT","Sabres","2026-10-08T18:58:58.240Z","https://www.nhl.com/news/nhl-lineup-projections-2026-27-season","2026-10-08",1,"matched",TRUE,1,4,NA,NA,0,0,NA
20262027,20262027,25,"DAL",8475168,"Matt","Duchene","Matt Duchene","F","current_roster",TRUE,"2026-10-08T18:58:59.736Z","2026-10-08_185709_37828221813_1_d821bc9479044132b0bd68121a5ce6af",2026020057,"2026-10-08","2026-10-08T23:00:00Z","FUT","Sabres","2026-10-08T18:58:58.240Z","https://www.nhl.com/news/nhl-lineup-projections-2026-27-season","2026-10-08",1,"matched",TRUE,0,NA,NA,NA,0,1,"lower body"
20262027,20262027,25,"DAL",8476889,"Radek","Faksa","Radek Faksa","F","current_roster",TRUE,"2026-10-08T18:58:59.738Z","2026-10-08_185709_37828221813_1_d821bc9479044132b0bd68121a5ce6af",2026020057,"2026-10-08","2026-10-08T23:00:00Z","FUT","Sabres","2026-10-08T18:58:58.240Z","https://www.nhl.com/news/nhl-lineup-projections-2026-27-season","2026-10-08",1,"matched",TRUE,1,4,NA,NA,0,0,NA
20262027,20262027,25,"DAL",8478449,"Roope","Hintz","Roope Hintz","F","current_roster",TRUE,"2026-10-08T18:58:59.740Z","2026-10-08_185709_37828221813_1_d821bc9479044132b0bd68121a5ce6af",2026020057,"2026-10-08","2026-10-08T23:00:00Z","FUT","Sabres","2026-10-08T18:58:58.240Z","https://www.nhl.com/news/nhl-lineup-projections-2026-27-season","2026-10-08",1,"matched",TRUE,1,1,NA,NA,0,0,NA
20262027,20262027,25,"DAL",8484829,"Justin","Hryckowian","Justin Hryckowian","F","current_roster",TRUE,"2026-10-08T18:58:59.742Z","2026-10-08_185709_37828221813_1_d821bc9479044132b0bd68121a5ce6af",2026020057,"2026-10-08","2026-10-08T23:00:00Z","FUT","Sabres","2026-10-08T18:58:58.240Z","https://www.nhl.com/news/nhl-lineup-projections-2026-27-season","2026-10-08",1,"matched",TRUE,1,3,NA,NA,0,0,NA
20262027,20262027,25,"DAL",8484938,"Arttu","Hyry","Arttu Hyry","F","current_roster",TRUE,"2026-10-08T18:58:59.744Z","2026-10-08_185709_37828221813_1_d821bc9479044132b0bd68121a5ce6af",2026020057,"2026-10-08","2026-10-08T23:00:00Z","FUT","Sabres","2026-10-08T18:58:58.240Z","https://www.nhl.com/news/nhl-lineup-projections-2026-27-season","2026-10-08",1,"matched",TRUE,1,3,NA,NA,0,0,NA
20262027,20262027,25,"DAL",8482740,"Wyatt","Johnston","Wyatt Johnston","F","current_roster",TRUE,"2026-10-08T18:58:59.746Z","2026-10-08_185709_37828221813_1_d821bc9479044132b0bd68121a5ce6af",2026020057,"2026-10-08","2026-10-08T23:00:00Z","FUT","Sabres","2026-10-08T18:58:58.240Z","https://www.nhl.com/news/nhl-lineup-projections-2026-27-season","2026-10-08",1,"matched",TRUE,1,2,NA,NA,0,0,NA
20262027,20262027,25,"DAL",8481641,"Joel","Kiviranta","Joel Kiviranta","F","current_roster",TRUE,"2026-10-08T18:58:59.748Z","2026-10-08_185709_37828221813_1_d821bc9479044132b0bd68121a5ce6af",2026020057,"2026-10-08","2026-10-08T23:00:00Z","FUT","Sabres","2026-10-08T18:58:58.240Z","https://www.nhl.com/news/nhl-lineup-projections-2026-27-season","2026-10-08",1,"matched",TRUE,0,NA,NA,NA,0,1,"lower body"
20262027,20262027,25,"DAL",8478420,"Mikko","Rantanen","Mikko Rantanen","F","current_roster",TRUE,"2026-10-08T18:58:59.750Z","2026-10-08_185709_37828221813_1_d821bc9479044132b0bd68121a5ce6af",2026020057,"2026-10-08","2026-10-08T23:00:00Z","FUT","Sabres","2026-10-08T18:58:58.240Z","https://www.nhl.com/news/nhl-lineup-projections-2026-27-season","2026-10-08",1,"matched",TRUE,1,2,NA,NA,0,0,NA
20262027,20262027,25,"DAL",8480027,"Jason","Robertson","Jason Robertson","F","current_roster",TRUE,"2026-10-08T18:58:59.753Z","2026-10-08_185709_37828221813_1_d821bc9479044132b0bd68121a5ce6af",2026020057,"2026-10-08","2026-10-08T23:00:00Z","FUT","Sabres","2026-10-08T18:58:58.240Z","https://www.nhl.com/news/nhl-lineup-projections-2026-27-season","2026-10-08",1,"matched",TRUE,1,1,NA,NA,0,0,NA
20262027,20262027,25,"DAL",8475794,"Tyler","Seguin","Tyler Seguin","F","current_roster",TRUE,"2026-10-08T18:58:59.755Z","2026-10-08_185709_37828221813_1_d821bc9479044132b0bd68121a5ce6af",2026020057,"2026-10-08","2026-10-08T23:00:00Z","FUT","Sabres","2026-10-08T18:58:58.240Z","https://www.nhl.com/news/nhl-lineup-projections-2026-27-season","2026-10-08",1,"matched",TRUE,1,3,NA,NA,0,0,NA
20262027,20262027,25,"DAL",8479351,"Sam","Steel","Sam Steel","F","current_roster",TRUE,"2026-10-08T18:58:59.757Z","2026-10-08_185709_37828221813_1_d821bc9479044132b0bd68121a5ce6af",2026020057,"2026-10-08","2026-10-08T23:00:00Z","FUT","Sabres","2026-10-08T18:58:58.240Z","https://www.nhl.com/news/nhl-lineup-projections-2026-27-season","2026-10-08",1,"matched",TRUE,1,2,NA,NA,0,0,NA
20262027,20262027,25,"DAL",8483425,"Lian","Bichsel","Lian Bichsel","D","current_roster",TRUE,"2026-10-08T18:58:59.759Z","2026-10-08_185709_37828221813_1_d821bc9479044132b0bd68121a5ce6af",2026020057,"2026-10-08","2026-10-08T23:00:00Z","FUT","Sabres","2026-10-08T18:58:58.240Z","https://www.nhl.com/news/nhl-lineup-projections-2026-27-season","2026-10-08",1,"matched",TRUE,1,NA,3,NA,0,0,NA
20262027,20262027,25,"DAL",8477335,"Kyle","Burroughs","Kyle Burroughs","D","current_roster",TRUE,"2026-10-08T18:58:59.765Z","2026-10-08_185709_37828221813_1_d821bc9479044132b0bd68121a5ce6af",2026020057,"2026-10-08","2026-10-08T23:00:00Z","FUT","Sabres","2026-10-08T18:58:58.240Z","https://www.nhl.com/news/nhl-lineup-projections-2026-27-season","2026-10-08",1,"matched",TRUE,0,NA,NA,NA,0,0,NA
20262027,20262027,25,"DAL",8478476,"Kyle","Capobianco","Kyle Capobianco","D","current_roster",TRUE,"2026-10-08T18:58:59.767Z","2026-10-08_185709_37828221813_1_d821bc9479044132b0bd68121a5ce6af",2026020057,"2026-10-08","2026-10-08T23:00:00Z","FUT","Sabres","2026-10-08T18:58:58.240Z","https://www.nhl.com/news/nhl-lineup-projections-2026-27-season","2026-10-08",1,"matched",TRUE,0,NA,NA,NA,1,0,NA
20262027,20262027,25,"DAL",8481581,"Thomas","Harley","Thomas Harley","D","current_roster",TRUE,"2026-10-08T18:58:59.769Z","2026-10-08_185709_37828221813_1_d821bc9479044132b0bd68121a5ce6af",2026020057,"2026-10-08","2026-10-08T23:00:00Z","FUT","Sabres","2026-10-08T18:58:58.240Z","https://www.nhl.com/news/nhl-lineup-projections-2026-27-season","2026-10-08",1,"matched",TRUE,1,NA,2,NA,0,0,NA
20262027,20262027,25,"DAL",8480036,"Miro","Heiskanen","Miro Heiskanen","D","current_roster",TRUE,"2026-10-08T18:58:59.771Z","2026-10-08_185709_37828221813_1_d821bc9479044132b0bd68121a5ce6af",2026020057,"2026-10-08","2026-10-08T23:00:00Z","FUT","Sabres","2026-10-08T18:58:58.240Z","https://www.nhl.com/news/nhl-lineup-projections-2026-27-season","2026-10-08",1,"matched",TRUE,1,NA,1,NA,0,0,NA
20262027,20262027,25,"DAL",8476902,"Esa","Lindell","Esa Lindell","D","current_roster",TRUE,"2026-10-08T18:58:59.773Z","2026-10-08_185709_37828221813_1_d821bc9479044132b0bd68121a5ce6af",2026020057,"2026-10-08","2026-10-08T23:00:00Z","FUT","Sabres","2026-10-08T18:58:58.240Z","https://www.nhl.com/news/nhl-lineup-projections-2026-27-season","2026-10-08",1,"matched",TRUE,1,NA,1,NA,0,0,NA
20262027,20262027,25,"DAL",8480878,"Nils","Lundkvist","Nils Lundkvist","D","current_roster",TRUE,"2026-10-08T18:58:59.775Z","2026-10-08_185709_37828221813_1_d821bc9479044132b0bd68121a5ce6af",2026020057,"2026-10-08","2026-10-08T23:00:00Z","FUT","Sabres","2026-10-08T18:58:58.240Z","https://www.nhl.com/news/nhl-lineup-projections-2026-27-season","2026-10-08",1,"matched",TRUE,1,NA,2,NA,0,0,NA
20262027,20262027,25,"DAL",8474574,"Tyler","Myers","Tyler Myers","D","current_roster",TRUE,"2026-10-08T18:58:59.778Z","2026-10-08_185709_37828221813_1_d821bc9479044132b0bd68121a5ce6af",2026020057,"2026-10-08","2026-10-08T23:00:00Z","FUT","Sabres","2026-10-08T18:58:58.240Z","https://www.nhl.com/news/nhl-lineup-projections-2026-27-season","2026-10-08",1,"matched",TRUE,1,NA,3,NA,0,0,NA
20262027,20262027,25,"DAL",8479193,"Casey","DeSmith","Casey DeSmith","G","current_roster",TRUE,"2026-10-08T18:58:59.780Z","2026-10-08_185709_37828221813_1_d821bc9479044132b0bd68121a5ce6af",2026020057,"2026-10-08","2026-10-08T23:00:00Z","FUT","Sabres","2026-10-08T18:58:58.240Z","https://www.nhl.com/news/nhl-lineup-projections-2026-27-season","2026-10-08",1,"matched",TRUE,1,NA,NA,"backup",0,0,NA
20262027,20262027,25,"DAL",8479979,"Jake","Oettinger","Jake Oettinger","G","current_roster",TRUE,"2026-10-08T18:58:59.782Z","2026-10-08_185709_37828221813_1_d821bc9479044132b0bd68121a5ce6af",2026020057,"2026-10-08","2026-10-08T23:00:00Z","FUT","Sabres","2026-10-08T18:58:58.240Z","https://www.nhl.com/news/nhl-lineup-projections-2026-27-season","2026-10-08",1,"matched",TRUE,1,NA,NA,"starter",0,0,NA
20262027,20262027,7,"BUF",8484145,"Zach","Benson","Zach Benson","F","current_roster",TRUE,"2026-10-08T18:58:58.748Z","2026-10-08_185709_37828221813_1_d821bc9479044132b0bd68121a5ce6af",2026020057,"2026-10-08","2026-10-08T23:00:00Z","FUT","Stars","2026-10-08T18:58:58.240Z","https://www.nhl.com/news/nhl-lineup-projections-2026-27-season","2026-10-08",1,"matched",TRUE,1,2,NA,NA,0,NA,NA
20262027,20262027,7,"BUF",8475842,"Sam","Carrick","Sam Carrick","F","current_roster",TRUE,"2026-10-08T18:58:58.750Z","2026-10-08_185709_37828221813_1_d821bc9479044132b0bd68121a5ce6af",2026020057,"2026-10-08","2026-10-08T23:00:00Z","FUT","Stars","2026-10-08T18:58:58.240Z","https://www.nhl.com/news/nhl-lineup-projections-2026-27-season","2026-10-08",1,"matched",TRUE,0,NA,NA,NA,1,NA,NA
20262027,20262027,7,"BUF",8479941,"Justin","Danforth","Justin Danforth","F","current_roster",TRUE,"2026-10-08T18:58:58.752Z","2026-10-08_185709_37828221813_1_d821bc9479044132b0bd68121a5ce6af",2026020057,"2026-10-08","2026-10-08T23:00:00Z","FUT","Stars","2026-10-08T18:58:58.240Z","https://www.nhl.com/news/nhl-lineup-projections-2026-27-season","2026-10-08",1,"matched",TRUE,1,4,NA,NA,0,NA,NA
20262027,20262027,7,"BUF",8482659,"Josh","Doan","Josh Doan","F","current_roster",TRUE,"2026-10-08T18:58:58.755Z","2026-10-08_185709_37828221813_1_d821bc9479044132b0bd68121a5ce6af",2026020057,"2026-10-08","2026-10-08T23:00:00Z","FUT","Stars","2026-10-08T18:58:58.240Z","https://www.nhl.com/news/nhl-lineup-projections-2026-27-season","2026-10-08",1,"matched",TRUE,1,3,NA,NA,0,NA,NA
20262027,20262027,7,"BUF",8484797,"Konsta","Helenius","Konsta Helenius","F","current_roster",TRUE,"2026-10-08T18:58:58.757Z","2026-10-08_185709_37828221813_1_d821bc9479044132b0bd68121a5ce6af",2026020057,"2026-10-08","2026-10-08T23:00:00Z","FUT","Stars","2026-10-08T18:58:58.240Z","https://www.nhl.com/news/nhl-lineup-projections-2026-27-season","2026-10-08",1,"matched",TRUE,1,3,NA,NA,0,NA,NA
20262027,20262027,7,"BUF",8482896,"Tyson","Kozak","Tyson Kozak","F","current_roster",TRUE,"2026-10-08T18:58:58.759Z","2026-10-08_185709_37828221813_1_d821bc9479044132b0bd68121a5ce6af",2026020057,"2026-10-08","2026-10-08T23:00:00Z","FUT","Stars","2026-10-08T18:58:58.240Z","https://www.nhl.com/news/nhl-lineup-projections-2026-27-season","2026-10-08",1,"matched",TRUE,0,NA,NA,NA,1,NA,NA
20262027,20262027,7,"BUF",8481522,"Peyton","Krebs","Peyton Krebs","F","current_roster",TRUE,"2026-10-08T18:58:58.761Z","2026-10-08_185709_37828221813_1_d821bc9479044132b0bd68121a5ce6af",2026020057,"2026-10-08","2026-10-08T23:00:00Z","FUT","Stars","2026-10-08T18:58:58.240Z","https://www.nhl.com/news/nhl-lineup-projections-2026-27-season","2026-10-08",1,"matched",TRUE,1,1,NA,NA,0,NA,NA
20262027,20262027,7,"BUF",8483468,"Jiri","Kulich","Jiri Kulich","F","current_roster",TRUE,"2026-10-08T18:58:58.763Z","2026-10-08_185709_37828221813_1_d821bc9479044132b0bd68121a5ce6af",2026020057,"2026-10-08","2026-10-08T23:00:00Z","FUT","Stars","2026-10-08T18:58:58.240Z","https://www.nhl.com/news/nhl-lineup-projections-2026-27-season","2026-10-08",1,"matched",TRUE,1,1,NA,NA,0,NA,NA
20262027,20262027,7,"BUF",8479359,"Beck","Malenstyn","Beck Malenstyn","F","current_roster",TRUE,"2026-10-08T18:58:58.765Z","2026-10-08_185709_37828221813_1_d821bc9479044132b0bd68121a5ce6af",2026020057,"2026-10-08","2026-10-08T23:00:00Z","FUT","Stars","2026-10-08T18:58:58.240Z","https://www.nhl.com/news/nhl-lineup-projections-2026-27-season","2026-10-08",1,"matched",TRUE,1,4,NA,NA,0,NA,NA
20262027,20262027,7,"BUF",8480802,"Ryan","McLeod","Ryan McLeod","F","current_roster",TRUE,"2026-10-08T18:58:58.767Z","2026-10-08_185709_37828221813_1_d821bc9479044132b0bd68121a5ce6af",2026020057,"2026-10-08","2026-10-08T23:00:00Z","FUT","Stars","2026-10-08T18:58:58.240Z","https://www.nhl.com/news/nhl-lineup-projections-2026-27-season","2026-10-08",1,"matched",TRUE,1,4,NA,NA,0,NA,NA
20262027,20262027,7,"BUF",8480064,"Josh","Norris","Josh Norris","F","current_roster",TRUE,"2026-10-08T18:58:58.769Z","2026-10-08_185709_37828221813_1_d821bc9479044132b0bd68121a5ce6af",2026020057,"2026-10-08","2026-10-08T23:00:00Z","FUT","Stars","2026-10-08T18:58:58.240Z","https://www.nhl.com/news/nhl-lineup-projections-2026-27-season","2026-10-08",1,"matched",TRUE,1,3,NA,NA,0,NA,NA
20262027,20262027,7,"BUF",8483500,"Noah","Ostlund","Noah Ostlund","F","current_roster",TRUE,"2026-10-08T18:58:58.771Z","2026-10-08_185709_37828221813_1_d821bc9479044132b0bd68121a5ce6af",2026020057,"2026-10-08","2026-10-08T23:00:00Z","FUT","Stars","2026-10-08T18:58:58.240Z","https://www.nhl.com/news/nhl-lineup-projections-2026-27-season","2026-10-08",1,"matched",TRUE,1,2,NA,NA,0,NA,NA
20262027,20262027,7,"BUF",8482097,"Jack","Quinn","Jack Quinn","F","current_roster",TRUE,"2026-10-08T18:58:58.773Z","2026-10-08_185709_37828221813_1_d821bc9479044132b0bd68121a5ce6af",2026020057,"2026-10-08","2026-10-08T23:00:00Z","FUT","Stars","2026-10-08T18:58:58.240Z","https://www.nhl.com/news/nhl-lineup-projections-2026-27-season","2026-10-08",1,"matched",TRUE,1,2,NA,NA,0,NA,NA
20262027,20262027,7,"BUF",8479420,"Tage","Thompson","Tage Thompson","F","current_roster",TRUE,"2026-10-08T18:58:58.775Z","2026-10-08_185709_37828221813_1_d821bc9479044132b0bd68121a5ce6af",2026020057,"2026-10-08","2026-10-08T23:00:00Z","FUT","Stars","2026-10-08T18:58:58.240Z","https://www.nhl.com/news/nhl-lineup-projections-2026-27-season","2026-10-08",1,"matched",TRUE,1,1,NA,NA,0,NA,NA
20262027,20262027,7,"BUF",8481806,"Louis","Crevier","Louis Crevier","D","current_roster",TRUE,"2026-10-08T18:58:58.777Z","2026-10-08_185709_37828221813_1_d821bc9479044132b0bd68121a5ce6af",2026020057,"2026-10-08","2026-10-08T23:00:00Z","FUT","Stars","2026-10-08T18:58:58.240Z","https://www.nhl.com/news/nhl-lineup-projections-2026-27-season","2026-10-08",1,"matched",TRUE,1,NA,3,NA,0,NA,NA
20262027,20262027,7,"BUF",8480839,"Rasmus","Dahlin","Rasmus Dahlin","D","current_roster",TRUE,"2026-10-08T18:58:58.779Z","2026-10-08_185709_37828221813_1_d821bc9479044132b0bd68121a5ce6af",2026020057,"2026-10-08","2026-10-08T23:00:00Z","FUT","Stars","2026-10-08T18:58:58.240Z","https://www.nhl.com/news/nhl-lineup-projections-2026-27-season","2026-10-08",1,"matched",TRUE,1,NA,1,NA,0,NA,NA
20262027,20262027,7,"BUF",8476891,"Matt","Grzelcyk","Matt Grzelcyk","D","current_roster",TRUE,"2026-10-08T18:58:58.781Z","2026-10-08_185709_37828221813_1_d821bc9479044132b0bd68121a5ce6af",2026020057,"2026-10-08","2026-10-08T23:00:00Z","FUT","Stars","2026-10-08T18:58:58.240Z","https://www.nhl.com/news/nhl-lineup-projections-2026-27-season","2026-10-08",1,"matched",TRUE,0,NA,NA,NA,1,NA,NA
20262027,20262027,7,"BUF",8484305,"Zach","Metsa","Zach Metsa","D","current_roster",TRUE,"2026-10-08T18:58:58.783Z","2026-10-08_185709_37828221813_1_d821bc9479044132b0bd68121a5ce6af",2026020057,"2026-10-08","2026-10-08T23:00:00Z","FUT","Stars","2026-10-08T18:58:58.240Z","https://www.nhl.com/news/nhl-lineup-projections-2026-27-season","2026-10-08",1,"matched",TRUE,1,NA,3,NA,0,NA,NA
20262027,20262027,7,"BUF",8482671,"Owen","Power","Owen Power","D","current_roster",TRUE,"2026-10-08T18:58:58.785Z","2026-10-08_185709_37828221813_1_d821bc9479044132b0bd68121a5ce6af",2026020057,"2026-10-08","2026-10-08T23:00:00Z","FUT","Stars","2026-10-08T18:58:58.240Z","https://www.nhl.com/news/nhl-lineup-projections-2026-27-season","2026-10-08",1,"matched",TRUE,1,NA,2,NA,0,NA,NA
20262027,20262027,7,"BUF",8480807,"Mattias","Samuelsson","Mattias Samuelsson","D","current_roster",TRUE,"2026-10-08T18:58:58.790Z","2026-10-08_185709_37828221813_1_d821bc9479044132b0bd68121a5ce6af",2026020057,"2026-10-08","2026-10-08T23:00:00Z","FUT","Stars","2026-10-08T18:58:58.240Z","https://www.nhl.com/news/nhl-lineup-projections-2026-27-season","2026-10-08",1,"matched",TRUE,1,NA,1,NA,0,NA,NA
20262027,20262027,7,"BUF",8479982,"Conor","Timmins","Conor Timmins","D","current_roster",TRUE,"2026-10-08T18:58:58.792Z","2026-10-08_185709_37828221813_1_d821bc9479044132b0bd68121a5ce6af",2026020057,"2026-10-08","2026-10-08T23:00:00Z","FUT","Stars","2026-10-08T18:58:58.240Z","https://www.nhl.com/news/nhl-lineup-projections-2026-27-season","2026-10-08",1,"matched",TRUE,0,NA,NA,NA,0,NA,"lower body"
20262027,20262027,7,"BUF",8482803,"Olen","Zellweger","Olen Zellweger","D","current_roster",TRUE,"2026-10-08T18:58:58.794Z","2026-10-08_185709_37828221813_1_d821bc9479044132b0bd68121a5ce6af",2026020057,"2026-10-08","2026-10-08T23:00:00Z","FUT","Stars","2026-10-08T18:58:58.240Z","https://www.nhl.com/news/nhl-lineup-projections-2026-27-season","2026-10-08",1,"matched",TRUE,1,NA,2,NA,0,NA,NA
20262027,20262027,7,"BUF",8481551,"Colten","Ellis","Colten Ellis","G","current_roster",TRUE,"2026-10-08T18:58:58.797Z","2026-10-08_185709_37828221813_1_d821bc9479044132b0bd68121a5ce6af",2026020057,"2026-10-08","2026-10-08T23:00:00Z","FUT","Stars","2026-10-08T18:58:58.240Z","https://www.nhl.com/news/nhl-lineup-projections-2026-27-season","2026-10-08",1,"matched",TRUE,1,NA,NA,"backup",0,NA,NA
20262027,20262027,7,"BUF",8480045,"Ukko-Pekka","Luukkonen","Ukko-Pekka Luukkonen","G","current_roster",TRUE,"2026-10-08T18:58:58.799Z","2026-10-08_185709_37828221813_1_d821bc9479044132b0bd68121a5ce6af",2026020057,"2026-10-08","2026-10-08T23:00:00Z","FUT","Stars","2026-10-08T18:58:58.240Z","https://www.nhl.com/news/nhl-lineup-projections-2026-27-season","2026-10-08",1,"matched",TRUE,1,NA,NA,"starter",0,NA,NA
20262027,20262027,7,"BUF",8479312,"Alex","Lyon","Alex Lyon","G","current_roster",TRUE,"2026-10-08T18:58:58.801Z","2026-10-08_185709_37828221813_1_d821bc9479044132b0bd68121a5ce6af",2026020057,"2026-10-08","2026-10-08T23:00:00Z","FUT","Stars","2026-10-08T18:58:58.240Z","https://www.nhl.com/news/nhl-lineup-projections-2026-27-season","2026-10-08",1,"matched",TRUE,0,NA,NA,NA,0,NA,"upper body"
20262027,20262027,18,"NSH",8482145,"Mavrik","Bourque","Mavrik Bourque","F","current_roster",TRUE,"2026-10-08T18:58:59.011Z","2026-10-08_185709_37828221813_1_d821bc9479044132b0bd68121a5ce6af",2026020058,"2026-10-08","2026-10-08T23:00:00Z","FUT","Canadiens","2026-10-08T18:58:58.240Z","https://www.nhl.com/news/nhl-lineup-projections-2026-27-season","2026-10-08",1,"matched",TRUE,1,3,NA,NA,0,0,NA
20262027,20262027,18,"NSH",8479525,"Ross","Colton","Ross Colton","F","current_roster",TRUE,"2026-10-08T18:58:59.014Z","2026-10-08_185709_37828221813_1_d821bc9479044132b0bd68121a5ce6af",2026020058,"2026-10-08","2026-10-08T23:00:00Z","FUT","Canadiens","2026-10-08T18:58:58.240Z","https://www.nhl.com/news/nhl-lineup-projections-2026-27-season","2026-10-08",1,"matched",TRUE,1,3,NA,NA,0,0,NA
20262027,20262027,18,"NSH",8480835,"Jack","Drury","Jack Drury","F","current_roster",TRUE,"2026-10-08T18:58:59.016Z","2026-10-08_185709_37828221813_1_d821bc9479044132b0bd68121a5ce6af",2026020058,"2026-10-08","2026-10-08T23:00:00Z","FUT","Canadiens","2026-10-08T18:58:58.240Z","https://www.nhl.com/news/nhl-lineup-projections-2026-27-season","2026-10-08",1,"matched",TRUE,1,4,NA,NA,0,0,NA
20262027,20262027,18,"NSH",8481726,"Adam","Edstrom","Adam Edstrom","F","current_roster",TRUE,"2026-10-08T18:58:59.018Z","2026-10-08_185709_37828221813_1_d821bc9479044132b0bd68121a5ce6af",2026020058,"2026-10-08","2026-10-08T23:00:00Z","FUT","Canadiens","2026-10-08T18:58:58.240Z","https://www.nhl.com/news/nhl-lineup-projections-2026-27-season","2026-10-08",1,"matched",TRUE,1,4,NA,NA,0,0,NA
20262027,20262027,18,"NSH",8476887,"Filip","Forsberg","Filip Forsberg","F","current_roster",TRUE,"2026-10-08T18:58:59.020Z","2026-10-08_185709_37828221813_1_d821bc9479044132b0bd68121a5ce6af",2026020058,"2026-10-08","2026-10-08T23:00:00Z","FUT","Canadiens","2026-10-08T18:58:58.240Z","https://www.nhl.com/news/nhl-lineup-projections-2026-27-season","2026-10-08",1,"matched",TRUE,1,2,NA,NA,0,0,NA
20262027,20262027,18,"NSH",8481535,"Nils","Hoglander","Nils Hoglander","F","current_roster",TRUE,"2026-10-08T18:58:59.022Z","2026-10-08_185709_37828221813_1_d821bc9479044132b0bd68121a5ce6af",2026020058,"2026-10-08","2026-10-08T23:00:00Z","FUT","Canadiens","2026-10-08T18:58:58.240Z","https://www.nhl.com/news/nhl-lineup-projections-2026-27-season","2026-10-08",1,"matched",TRUE,1,2,NA,NA,0,0,NA
20262027,20262027,18,"NSH",8477021,"Alexander","Kerfoot","Alexander Kerfoot","F","current_roster",TRUE,"2026-10-08T18:58:59.024Z","2026-10-08_185709_37828221813_1_d821bc9479044132b0bd68121a5ce6af",2026020058,"2026-10-08","2026-10-08T23:00:00Z","FUT","Canadiens","2026-10-08T18:58:58.240Z","https://www.nhl.com/news/nhl-lineup-projections-2026-27-season","2026-10-08",1,"matched",TRUE,1,1,NA,NA,0,0,NA
20262027,20262027,18,"NSH",8476539,"Jonathan","Marchessault","Jonathan Marchessault","F","current_roster",TRUE,"2026-10-08T18:58:59.026Z","2026-10-08_185709_37828221813_1_d821bc9479044132b0bd68121a5ce6af",2026020058,"2026-10-08","2026-10-08T23:00:00Z","FUT","Canadiens","2026-10-08T18:58:58.240Z","https://www.nhl.com/news/nhl-lineup-projections-2026-27-season","2026-10-08",1,"matched",TRUE,1,3,NA,NA,0,0,NA
20262027,20262027,18,"NSH",8475158,"Ryan","O'Reilly","Ryan O'Reilly","F","current_roster",TRUE,"2026-10-08T18:58:59.028Z","2026-10-08_185709_37828221813_1_d821bc9479044132b0bd68121a5ce6af",2026020058,"2026-10-08","2026-10-08T23:00:00Z","FUT","Canadiens","2026-10-08T18:58:58.240Z","https://www.nhl.com/news/nhl-lineup-projections-2026-27-season","2026-10-08",1,"matched",TRUE,1,1,NA,NA,0,0,NA
20262027,20262027,18,"NSH",8486189,"Vitali","Pinchuk","Vitali Pinchuk","F","current_roster",TRUE,"2026-10-08T18:58:59.030Z","2026-10-08_185709_37828221813_1_d821bc9479044132b0bd68121a5ce6af",2026020058,"2026-10-08","2026-10-08T23:00:00Z","FUT","Canadiens","2026-10-08T18:58:58.240Z","https://www.nhl.com/news/nhl-lineup-projections-2026-27-season","2026-10-08",1,"matched",TRUE,0,NA,NA,NA,1,0,NA
20262027,20262027,18,"NSH",8483513,"Reid","Schaefer","Reid Schaefer","F","current_roster",TRUE,"2026-10-08T18:58:59.032Z","2026-10-08_185709_37828221813_1_d821bc9479044132b0bd68121a5ce6af",2026020058,"2026-10-08","2026-10-08T23:00:00Z","FUT","Canadiens","2026-10-08T18:58:58.240Z","https://www.nhl.com/news/nhl-lineup-projections-2026-27-season","2026-10-08",1,"matched",TRUE,0,NA,NA,NA,1,0,NA
20262027,20262027,18,"NSH",8474564,"Steven","Stamkos","Steven Stamkos","F","current_roster",TRUE,"2026-10-08T18:58:59.034Z","2026-10-08_185709_37828221813_1_d821bc9479044132b0bd68121a5ce6af",2026020058,"2026-10-08","2026-10-08T23:00:00Z","FUT","Canadiens","2026-10-08T18:58:58.240Z","https://www.nhl.com/news/nhl-lineup-projections-2026-27-season","2026-10-08",1,"matched",TRUE,1,1,NA,NA,0,0,NA
20262027,20262027,18,"NSH",8484241,"Matthew","Wood","Matthew Wood","F","current_roster",TRUE,"2026-10-08T18:58:59.036Z","2026-10-08_185709_37828221813_1_d821bc9479044132b0bd68121a5ce6af",2026020058,"2026-10-08","2026-10-08T23:00:00Z","FUT","Canadiens","2026-10-08T18:58:58.240Z","https://www.nhl.com/news/nhl-lineup-projections-2026-27-season","2026-10-08",1,"matched",TRUE,1,2,NA,NA,0,0,NA
20262027,20262027,18,"NSH",8482072,"Jack","Ahcan","Jack Ahcan","D","current_roster",TRUE,"2026-10-08T18:58:59.038Z","2026-10-08_185709_37828221813_1_d821bc9479044132b0bd68121a5ce6af",2026020058,"2026-10-08","2026-10-08T23:00:00Z","FUT","Canadiens","2026-10-08T18:58:58.240Z","https://www.nhl.com/news/nhl-lineup-projections-2026-27-season","2026-10-08",1,"matched",TRUE,1,NA,4,NA,0,0,NA
20262027,20262027,18,"NSH",8479980,"Nicolas","Hague","Nicolas Hague","D","current_roster",TRUE,"2026-10-08T18:58:59.040Z","2026-10-08_185709_37828221813_1_d821bc9479044132b0bd68121a5ce6af",2026020058,"2026-10-08","2026-10-08T23:00:00Z","FUT","Canadiens","2026-10-08T18:58:58.240Z","https://www.nhl.com/news/nhl-lineup-projections-2026-27-season","2026-10-08",1,"matched",TRUE,1,NA,1,NA,0,0,NA
20262027,20262027,18,"NSH",8474600,"Roman","Josi","Roman Josi","D","current_roster",TRUE,"2026-10-08T18:58:59.042Z","2026-10-08_185709_37828221813_1_d821bc9479044132b0bd68121a5ce6af",2026020058,"2026-10-08","2026-10-08T23:00:00Z","FUT","Canadiens","2026-10-08T18:58:58.240Z","https://www.nhl.com/news/nhl-lineup-projections-2026-27-season","2026-10-08",1,"matched",TRUE,1,NA,1,NA,0,0,NA
20262027,20262027,18,"NSH",8480950,"Ilya","Lyubushkin","Ilya Lyubushkin","D","current_roster",TRUE,"2026-10-08T18:58:59.047Z","2026-10-08_185709_37828221813_1_d821bc9479044132b0bd68121a5ce6af",2026020058,"2026-10-08","2026-10-08T23:00:00Z","FUT","Canadiens","2026-10-08T18:58:58.240Z","https://www.nhl.com/news/nhl-lineup-projections-2026-27-season","2026-10-08",1,"matched",TRUE,0,NA,NA,NA,1,0,NA
20262027,20262027,18,"NSH",8480246,"Nick","Perbix","Nick Perbix","D","current_roster",TRUE,"2026-10-08T18:58:59.050Z","2026-10-08_185709_37828221813_1_d821bc9479044132b0bd68121a5ce6af",2026020058,"2026-10-08","2026-10-08T23:00:00Z","FUT","Canadiens","2026-10-08T18:58:58.240Z","https://www.nhl.com/news/nhl-lineup-projections-2026-27-season","2026-10-08",1,"matched",TRUE,1,NA,2,NA,0,0,NA
20262027,20262027,18,"NSH",8476869,"Brady","Skjei","Brady Skjei","D","current_roster",TRUE,"2026-10-08T18:58:59.052Z","2026-10-08_185709_37828221813_1_d821bc9479044132b0bd68121a5ce6af",2026020058,"2026-10-08","2026-10-08T23:00:00Z","FUT","Canadiens","2026-10-08T18:58:58.240Z","https://www.nhl.com/news/nhl-lineup-projections-2026-27-season","2026-10-08",1,"matched",TRUE,1,NA,2,NA,0,0,NA
20262027,20262027,18,"NSH",8482806,"William","Trudeau","William Trudeau","D","current_roster",TRUE,"2026-10-08T18:58:59.054Z","2026-10-08_185709_37828221813_1_d821bc9479044132b0bd68121a5ce6af",2026020058,"2026-10-08","2026-10-08T23:00:00Z","FUT","Canadiens","2026-10-08T18:58:58.240Z","https://www.nhl.com/news/nhl-lineup-projections-2026-27-season","2026-10-08",1,"matched",TRUE,1,NA,3,NA,0,0,NA
20262027,20262027,18,"NSH",8482482,"Adam","Wilsby","Adam Wilsby","D","current_roster",TRUE,"2026-10-08T18:58:59.056Z","2026-10-08_185709_37828221813_1_d821bc9479044132b0bd68121a5ce6af",2026020058,"2026-10-08","2026-10-08T23:00:00Z","FUT","Canadiens","2026-10-08T18:58:58.240Z","https://www.nhl.com/news/nhl-lineup-projections-2026-27-season","2026-10-08",1,"matched",TRUE,1,NA,3,NA,0,0,NA
20262027,20262027,18,"NSH",8481020,"Justus","Annunen","Justus Annunen","G","current_roster",TRUE,"2026-10-08T18:58:59.059Z","2026-10-08_185709_37828221813_1_d821bc9479044132b0bd68121a5ce6af",2026020058,"2026-10-08","2026-10-08T23:00:00Z","FUT","Canadiens","2026-10-08T18:58:58.240Z","https://www.nhl.com/news/nhl-lineup-projections-2026-27-season","2026-10-08",1,"matched",TRUE,0,NA,NA,NA,0,1,"undisclosed"
20262027,20262027,18,"NSH",8483575,"Matt","Murray","Matt Murray","G","current_roster",TRUE,"2026-10-08T18:58:59.061Z","2026-10-08_185709_37828221813_1_d821bc9479044132b0bd68121a5ce6af",2026020058,"2026-10-08","2026-10-08T23:00:00Z","FUT","Canadiens","2026-10-08T18:58:58.240Z","https://www.nhl.com/news/nhl-lineup-projections-2026-27-season","2026-10-08",1,"matched",TRUE,1,NA,NA,"backup",0,0,NA
20262027,20262027,18,"NSH",8477424,"Juuse","Saros","Juuse Saros","G","current_roster",TRUE,"2026-10-08T18:58:59.063Z","2026-10-08_185709_37828221813_1_d821bc9479044132b0bd68121a5ce6af",2026020058,"2026-10-08","2026-10-08T23:00:00Z","FUT","Canadiens","2026-10-08T18:58:58.240Z","https://www.nhl.com/news/nhl-lineup-projections-2026-27-season","2026-10-08",1,"matched",TRUE,1,NA,NA,"starter",0,0,NA
20262027,20262027,8,"MTL",8476981,"Josh","Anderson","Josh Anderson","F","current_roster",TRUE,"2026-10-08T18:58:58.694Z","2026-10-08_185709_37828221813_1_d821bc9479044132b0bd68121a5ce6af",2026020058,"2026-10-08","2026-10-08T23:00:00Z","FUT","Predators","2026-10-08T18:58:58.240Z","https://www.nhl.com/news/nhl-lineup-projections-2026-27-season","2026-10-08",1,"matched",TRUE,1,4,NA,NA,0,NA,NA
20262027,20262027,8,"MTL",8482737,"Zachary","Bolduc","Zachary Bolduc","F","current_roster",TRUE,"2026-10-08T18:58:58.696Z","2026-10-08_185709_37828221813_1_d821bc9479044132b0bd68121a5ce6af",2026020058,"2026-10-08","2026-10-08T23:00:00Z","FUT","Predators","2026-10-08T18:58:58.240Z","https://www.nhl.com/news/nhl-lineup-projections-2026-27-season","2026-10-08",1,"matched",TRUE,1,3,NA,NA,0,NA,NA
20262027,20262027,8,"MTL",8481540,"Cole","Caufield","Cole Caufield","F","current_roster",TRUE,"2026-10-08T18:58:58.698Z","2026-10-08_185709_37828221813_1_d821bc9479044132b0bd68121a5ce6af",2026020058,"2026-10-08","2026-10-08T23:00:00Z","FUT","Predators","2026-10-08T18:58:58.240Z","https://www.nhl.com/news/nhl-lineup-projections-2026-27-season","2026-10-08",1,"matched",TRUE,1,1,NA,NA,0,NA,NA
20262027,20262027,8,"MTL",8481523,"Kirby","Dach","Kirby Dach","F","current_roster",TRUE,"2026-10-08T18:58:58.700Z","2026-10-08_185709_37828221813_1_d821bc9479044132b0bd68121a5ce6af",2026020058,"2026-10-08","2026-10-08T23:00:00Z","FUT","Predators","2026-10-08T18:58:58.240Z","https://www.nhl.com/news/nhl-lineup-projections-2026-27-season","2026-10-08",1,"matched",TRUE,1,2,NA,NA,0,NA,NA
20262027,20262027,8,"MTL",8476479,"Phillip","Danault","Phillip Danault","F","current_roster",TRUE,"2026-10-08T18:58:58.702Z","2026-10-08_185709_37828221813_1_d821bc9479044132b0bd68121a5ce6af",2026020058,"2026-10-08","2026-10-08T23:00:00Z","FUT","Predators","2026-10-08T18:58:58.240Z","https://www.nhl.com/news/nhl-lineup-projections-2026-27-season","2026-10-08",1,"matched",TRUE,1,3,NA,NA,0,NA,NA
20262027,20262027,8,"MTL",8484984,"Ivan","Demidov","Ivan Demidov","F","current_roster",TRUE,"2026-10-08T18:58:58.704Z","2026-10-08_185709_37828221813_1_d821bc9479044132b0bd68121a5ce6af",2026020058,"2026-10-08","2026-10-08T23:00:00Z","FUT","Predators","2026-10-08T18:58:58.240Z","https://www.nhl.com/news/nhl-lineup-projections-2026-27-season","2026-10-08",1,"matched",TRUE,0,NA,NA,NA,0,NA,"lower body"
20262027,20262027,8,"MTL",8478133,"Jake","Evans","Jake Evans","F","current_roster",TRUE,"2026-10-08T18:58:58.706Z","2026-10-08_185709_37828221813_1_d821bc9479044132b0bd68121a5ce6af",2026020058,"2026-10-08","2026-10-08T23:00:00Z","FUT","Predators","2026-10-08T18:58:58.240Z","https://www.nhl.com/news/nhl-lineup-projections-2026-27-season","2026-10-08",1,"matched",TRUE,1,4,NA,NA,0,NA,NA
20262027,20262027,8,"MTL",8482775,"Oliver","Kapanen","Oliver Kapanen","F","current_roster",TRUE,"2026-10-08T18:58:58.708Z","2026-10-08_185709_37828221813_1_d821bc9479044132b0bd68121a5ce6af",2026020058,"2026-10-08","2026-10-08T23:00:00Z","FUT","Predators","2026-10-08T18:58:58.240Z","https://www.nhl.com/news/nhl-lineup-projections-2026-27-season","2026-10-08",1,"matched",TRUE,0,NA,NA,NA,0,NA,"lower body"
20262027,20262027,8,"MTL",8475184,"Chris","Kreider","Chris Kreider","F","current_roster",TRUE,"2026-10-08T18:58:58.710Z","2026-10-08_185709_37828221813_1_d821bc9479044132b0bd68121a5ce6af",2026020058,"2026-10-08","2026-10-08T23:00:00Z","FUT","Predators","2026-10-08T18:58:58.240Z","https://www.nhl.com/news/nhl-lineup-projections-2026-27-season","2026-10-08",1,"matched",TRUE,1,1,NA,NA,0,NA,NA
20262027,20262027,8,"MTL",8481618,"Alex","Newhook","Alex Newhook","F","current_roster",TRUE,"2026-10-08T18:58:58.712Z","2026-10-08_185709_37828221813_1_d821bc9479044132b0bd68121a5ce6af",2026020058,"2026-10-08","2026-10-08T23:00:00Z","FUT","Predators","2026-10-08T18:58:58.240Z","https://www.nhl.com/news/nhl-lineup-projections-2026-27-season","2026-10-08",1,"matched",TRUE,1,2,NA,NA,0,NA,NA
20262027,20262027,8,"MTL",8483515,"Juraj","Slafkovský","Juraj Slafkovský","F","current_roster",TRUE,"2026-10-08T18:58:58.714Z","2026-10-08_185709_37828221813_1_d821bc9479044132b0bd68121a5ce6af",2026020058,"2026-10-08","2026-10-08T23:00:00Z","FUT","Predators","2026-10-08T18:58:58.240Z","https://www.nhl.com/news/nhl-lineup-projections-2026-27-season","2026-10-08",1,"matched",TRUE,1,2,NA,NA,0,NA,NA
20262027,20262027,8,"MTL",8480018,"Nick","Suzuki","Nick Suzuki","F","current_roster",TRUE,"2026-10-08T18:58:58.716Z","2026-10-08_185709_37828221813_1_d821bc9479044132b0bd68121a5ce6af",2026020058,"2026-10-08","2026-10-08T23:00:00Z","FUT","Predators","2026-10-08T18:58:58.240Z","https://www.nhl.com/news/nhl-lineup-projections-2026-27-season","2026-10-08",1,"matched",TRUE,1,1,NA,NA,0,NA,NA
20262027,20262027,8,"MTL",8480074,"Alexandre","Texier","Alexandre Texier","F","current_roster",TRUE,"2026-10-08T18:58:58.718Z","2026-10-08_185709_37828221813_1_d821bc9479044132b0bd68121a5ce6af",2026020058,"2026-10-08","2026-10-08T23:00:00Z","FUT","Predators","2026-10-08T18:58:58.240Z","https://www.nhl.com/news/nhl-lineup-projections-2026-27-season","2026-10-08",1,"matched",TRUE,1,3,NA,NA,0,NA,NA
20262027,20262027,8,"MTL",8484403,"Florian","Xhekaj","Florian Xhekaj","F","current_roster",TRUE,"2026-10-08T18:58:58.723Z","2026-10-08_185709_37828221813_1_d821bc9479044132b0bd68121a5ce6af",2026020058,"2026-10-08","2026-10-08T23:00:00Z","FUT","Predators","2026-10-08T18:58:58.240Z","https://www.nhl.com/news/nhl-lineup-projections-2026-27-season","2026-10-08",1,"matched",TRUE,1,4,NA,NA,0,NA,NA
20262027,20262027,8,"MTL",8478851,"Alexandre","Carrier","Alexandre Carrier","D","current_roster",TRUE,"2026-10-08T18:58:58.726Z","2026-10-08_185709_37828221813_1_d821bc9479044132b0bd68121a5ce6af",2026020058,"2026-10-08","2026-10-08T23:00:00Z","FUT","Predators","2026-10-08T18:58:58.240Z","https://www.nhl.com/news/nhl-lineup-projections-2026-27-season","2026-10-08",1,"matched",TRUE,1,NA,2,NA,0,NA,NA
20262027,20262027,8,"MTL",8480865,"Noah","Dobson","Noah Dobson","D","current_roster",TRUE,"2026-10-08T18:58:58.728Z","2026-10-08_185709_37828221813_1_d821bc9479044132b0bd68121a5ce6af",2026020058,"2026-10-08","2026-10-08T23:00:00Z","FUT","Predators","2026-10-08T18:58:58.240Z","https://www.nhl.com/news/nhl-lineup-projections-2026-27-season","2026-10-08",1,"matched",TRUE,1,NA,1,NA,0,NA,NA
20262027,20262027,8,"MTL",8483686,"Adam","Engstrom","Adam Engstrom","D","current_roster",TRUE,"2026-10-08T18:58:58.730Z","2026-10-08_185709_37828221813_1_d821bc9479044132b0bd68121a5ce6af",2026020058,"2026-10-08","2026-10-08T23:00:00Z","FUT","Predators","2026-10-08T18:58:58.240Z","https://www.nhl.com/news/nhl-lineup-projections-2026-27-season","2026-10-08",1,"matched",TRUE,1,NA,3,NA,0,NA,NA
20262027,20262027,8,"MTL",8483457,"Lane","Hutson","Lane Hutson","D","current_roster",TRUE,"2026-10-08T18:58:58.732Z","2026-10-08_185709_37828221813_1_d821bc9479044132b0bd68121a5ce6af",2026020058,"2026-10-08","2026-10-08T23:00:00Z","FUT","Predators","2026-10-08T18:58:58.240Z","https://www.nhl.com/news/nhl-lineup-projections-2026-27-season","2026-10-08",1,"matched",TRUE,1,NA,2,NA,0,NA,NA
20262027,20262027,8,"MTL",8476875,"Mike","Matheson","Mike Matheson","D","current_roster",TRUE,"2026-10-08T18:58:58.735Z","2026-10-08_185709_37828221813_1_d821bc9479044132b0bd68121a5ce6af",2026020058,"2026-10-08","2026-10-08T23:00:00Z","FUT","Predators","2026-10-08T18:58:58.240Z","https://www.nhl.com/news/nhl-lineup-projections-2026-27-season","2026-10-08",1,"matched",TRUE,1,NA,1,NA,0,NA,NA
20262027,20262027,8,"MTL",8481593,"Jayden","Struble","Jayden Struble","D","current_roster",TRUE,"2026-10-08T18:58:58.737Z","2026-10-08_185709_37828221813_1_d821bc9479044132b0bd68121a5ce6af",2026020058,"2026-10-08","2026-10-08T23:00:00Z","FUT","Predators","2026-10-08T18:58:58.240Z","https://www.nhl.com/news/nhl-lineup-projections-2026-27-season","2026-10-08",1,"matched",TRUE,0,NA,NA,NA,1,NA,NA
20262027,20262027,8,"MTL",8482964,"Arber","Xhekaj","Arber Xhekaj","D","current_roster",TRUE,"2026-10-08T18:58:58.739Z","2026-10-08_185709_37828221813_1_d821bc9479044132b0bd68121a5ce6af",2026020058,"2026-10-08","2026-10-08T23:00:00Z","FUT","Predators","2026-10-08T18:58:58.240Z","https://www.nhl.com/news/nhl-lineup-projections-2026-27-season","2026-10-08",1,"matched",TRUE,1,NA,3,NA,0,NA,NA
20262027,20262027,8,"MTL",8482487,"Jakub","Dobes","Jakub Dobes","G","current_roster",TRUE,"2026-10-08T18:58:58.741Z","2026-10-08_185709_37828221813_1_d821bc9479044132b0bd68121a5ce6af",2026020058,"2026-10-08","2026-10-08T23:00:00Z","FUT","Predators","2026-10-08T18:58:58.240Z","https://www.nhl.com/news/nhl-lineup-projections-2026-27-season","2026-10-08",1,"matched",TRUE,1,NA,NA,"backup",0,NA,NA
20262027,20262027,8,"MTL",8484170,"Jacob","Fowler","Jacob Fowler","G","current_roster",TRUE,"2026-10-08T18:58:58.743Z","2026-10-08_185709_37828221813_1_d821bc9479044132b0bd68121a5ce6af",2026020058,"2026-10-08","2026-10-08T23:00:00Z","FUT","Predators","2026-10-08T18:58:58.240Z","https://www.nhl.com/news/nhl-lineup-projections-2026-27-season","2026-10-08",1,"matched",TRUE,1,NA,NA,"starter",0,NA,NA
20262027,20262027,8,"MTL",8478470,"Samuel","Montembeault","Samuel Montembeault","G","current_roster",TRUE,"2026-10-08T18:58:58.745Z","2026-10-08_185709_37828221813_1_d821bc9479044132b0bd68121a5ce6af",2026020058,"2026-10-08","2026-10-08T23:00:00Z","FUT","Predators","2026-10-08T18:58:58.240Z","https://www.nhl.com/news/nhl-lineup-projections-2026-27-season","2026-10-08",1,"matched",TRUE,0,NA,NA,NA,0,NA,"undisclosed"
20262027,20262027,4,"PHI",8478569,"Noel","Acciari","Noel Acciari","F","current_roster",TRUE,"2026-10-08T18:58:59.840Z","2026-10-08_185709_37828221813_1_d821bc9479044132b0bd68121a5ce6af",2026020059,"2026-10-08","2026-10-08T23:00:00Z","FUT","Senators","2026-10-08T18:58:58.240Z","https://www.nhl.com/news/nhl-lineup-projections-2026-27-season","2026-10-08",1,"matched",TRUE,1,4,NA,NA,0,0,NA
20262027,20262027,4,"PHI",8484142,"Denver","Barkey","Denver Barkey","F","current_roster",TRUE,"2026-10-08T18:58:59.843Z","2026-10-08_185709_37828221813_1_d821bc9479044132b0bd68121a5ce6af",2026020059,"2026-10-08","2026-10-08T23:00:00Z","FUT","Senators","2026-10-08T18:58:58.240Z","https://www.nhl.com/news/nhl-lineup-projections-2026-27-season","2026-10-08",1,"matched",TRUE,1,3,NA,NA,0,0,NA
20262027,20262027,4,"PHI",8478047,"Michael","Bunting","Michael Bunting","F","current_roster",TRUE,"2026-10-08T18:58:59.845Z","2026-10-08_185709_37828221813_1_d821bc9479044132b0bd68121a5ce6af",2026020059,"2026-10-08","2026-10-08T23:00:00Z","FUT","Senators","2026-10-08T18:58:58.240Z","https://www.nhl.com/news/nhl-lineup-projections-2026-27-season","2026-10-08",1,"matched",TRUE,1,4,NA,NA,0,0,NA
20262027,20262027,4,"PHI",8480220,"Noah","Cates","Noah Cates","F","current_roster",TRUE,"2026-10-08T18:58:59.847Z","2026-10-08_185709_37828221813_1_d821bc9479044132b0bd68121a5ce6af",2026020059,"2026-10-08","2026-10-08T23:00:00Z","FUT","Senators","2026-10-08T18:58:58.240Z","https://www.nhl.com/news/nhl-lineup-projections-2026-27-season","2026-10-08",1,"matched",TRUE,1,4,NA,NA,0,0,NA
20262027,20262027,4,"PHI",8476461,"Sean","Couturier","Sean Couturier","F","current_roster",TRUE,"2026-10-08T18:58:59.849Z","2026-10-08_185709_37828221813_1_d821bc9479044132b0bd68121a5ce6af",2026020059,"2026-10-08","2026-10-08T23:00:00Z","FUT","Senators","2026-10-08T18:58:58.240Z","https://www.nhl.com/news/nhl-lineup-projections-2026-27-season","2026-10-08",1,"matched",TRUE,1,1,NA,NA,0,0,NA
20262027,20262027,4,"PHI",8477989,"Christian","Dvorak","Christian Dvorak","F","current_roster",TRUE,"2026-10-08T18:58:59.851Z","2026-10-08_185709_37828221813_1_d821bc9479044132b0bd68121a5ce6af",2026020059,"2026-10-08","2026-10-08T23:00:00Z","FUT","Senators","2026-10-08T18:58:58.240Z","https://www.nhl.com/news/nhl-lineup-projections-2026-27-season","2026-10-08",1,"matched",TRUE,1,2,NA,NA,0,0,NA
20262027,20262027,4,"PHI",8482159,"Tyson","Foerster","Tyson Foerster","F","current_roster",TRUE,"2026-10-08T18:58:59.853Z","2026-10-08_185709_37828221813_1_d821bc9479044132b0bd68121a5ce6af",2026020059,"2026-10-08","2026-10-08T23:00:00Z","FUT","Senators","2026-10-08T18:58:58.240Z","https://www.nhl.com/news/nhl-lineup-projections-2026-27-season","2026-10-08",1,"matched",TRUE,1,3,NA,NA,0,0,NA
20262027,20262027,4,"PHI",8483733,"Nikita","Grebenkin","Nikita Grebenkin","F","current_roster",TRUE,"2026-10-08T18:58:59.855Z","2026-10-08_185709_37828221813_1_d821bc9479044132b0bd68121a5ce6af",2026020059,"2026-10-08","2026-10-08T23:00:00Z","FUT","Senators","2026-10-08T18:58:58.240Z","https://www.nhl.com/news/nhl-lineup-projections-2026-27-season","2026-10-08",1,"matched",TRUE,0,NA,NA,NA,0,1,"upper body"
20262027,20262027,4,"PHI",8479336,"Carl","Grundstrom","Carl Grundstrom","F","current_roster",TRUE,"2026-10-08T18:58:59.857Z","2026-10-08_185709_37828221813_1_d821bc9479044132b0bd68121a5ce6af",2026020059,"2026-10-08","2026-10-08T23:00:00Z","FUT","Senators","2026-10-08T18:58:58.240Z","https://www.nhl.com/news/nhl-lineup-projections-2026-27-season","2026-10-08",1,"matched",TRUE,0,NA,NA,NA,1,0,NA
20262027,20262027,4,"PHI",8478439,"Travis","Konecny","Travis Konecny","F","current_roster",TRUE,"2026-10-08T18:58:59.859Z","2026-10-08_185709_37828221813_1_d821bc9479044132b0bd68121a5ce6af",2026020059,"2026-10-08","2026-10-08T23:00:00Z","FUT","Senators","2026-10-08T18:58:58.240Z","https://www.nhl.com/news/nhl-lineup-projections-2026-27-season","2026-10-08",1,"matched",TRUE,1,1,NA,NA,0,0,NA
20262027,20262027,4,"PHI",8485406,"Porter","Martone","Porter Martone","F","current_roster",TRUE,"2026-10-08T18:58:59.861Z","2026-10-08_185709_37828221813_1_d821bc9479044132b0bd68121a5ce6af",2026020059,"2026-10-08","2026-10-08T23:00:00Z","FUT","Senators","2026-10-08T18:58:58.240Z","https://www.nhl.com/news/nhl-lineup-projections-2026-27-season","2026-10-08",1,"matched",TRUE,1,1,NA,NA,0,0,NA
20262027,20262027,4,"PHI",8484387,"Matvei","Michkov","Matvei Michkov","F","current_roster",TRUE,"2026-10-08T18:58:59.863Z","2026-10-08_185709_37828221813_1_d821bc9479044132b0bd68121a5ce6af",2026020059,"2026-10-08","2026-10-08T23:00:00Z","FUT","Senators","2026-10-08T18:58:58.240Z","https://www.nhl.com/news/nhl-lineup-projections-2026-27-season","2026-10-08",1,"matched",TRUE,1,3,NA,NA,0,0,NA
20262027,20262027,4,"PHI",8480015,"Owen","Tippett","Owen Tippett","F","current_roster",TRUE,"2026-10-08T18:58:59.865Z","2026-10-08_185709_37828221813_1_d821bc9479044132b0bd68121a5ce6af",2026020059,"2026-10-08","2026-10-08T23:00:00Z","FUT","Senators","2026-10-08T18:58:58.240Z","https://www.nhl.com/news/nhl-lineup-projections-2026-27-season","2026-10-08",1,"matched",TRUE,1,2,NA,NA,0,0,NA
20262027,20262027,4,"PHI",8475253,"Garrett","Wilson","Garrett Wilson","F","current_roster",TRUE,"2026-10-08T18:58:59.867Z","2026-10-08_185709_37828221813_1_d821bc9479044132b0bd68121a5ce6af",2026020059,"2026-10-08","2026-10-08T23:00:00Z","FUT","Senators","2026-10-08T18:58:58.240Z","https://www.nhl.com/news/nhl-lineup-projections-2026-27-season","2026-10-08",1,"matched",TRUE,0,NA,NA,NA,1,0,NA
20262027,20262027,4,"PHI",8481533,"Trevor","Zegras","Trevor Zegras","F","current_roster",TRUE,"2026-10-08T18:58:59.869Z","2026-10-08_185709_37828221813_1_d821bc9479044132b0bd68121a5ce6af",2026020059,"2026-10-08","2026-10-08T23:00:00Z","FUT","Senators","2026-10-08T18:58:58.240Z","https://www.nhl.com/news/nhl-lineup-projections-2026-27-season","2026-10-08",1,"matched",TRUE,1,2,NA,NA,0,0,NA
20262027,20262027,4,"PHI",8481122,"Simon","Benoit","Simon Benoit","D","current_roster",TRUE,"2026-10-08T18:58:59.872Z","2026-10-08_185709_37828221813_1_d821bc9479044132b0bd68121a5ce6af",2026020059,"2026-10-08","2026-10-08T23:00:00Z","FUT","Senators","2026-10-08T18:58:58.240Z","https://www.nhl.com/news/nhl-lineup-projections-2026-27-season","2026-10-08",1,"matched",TRUE,1,NA,3,NA,0,0,NA
20262027,20262027,4,"PHI",8482142,"Jamie","Drysdale","Jamie Drysdale","D","current_roster",TRUE,"2026-10-08T18:58:59.874Z","2026-10-08_185709_37828221813_1_d821bc9479044132b0bd68121a5ce6af",2026020059,"2026-10-08","2026-10-08T23:00:00Z","FUT","Senators","2026-10-08T18:58:58.240Z","https://www.nhl.com/news/nhl-lineup-projections-2026-27-season","2026-10-08",1,"matched",TRUE,1,NA,1,NA,0,0,NA
20262027,20262027,4,"PHI",8483460,"David","Jiricek","David Jiricek","D","current_roster",TRUE,"2026-10-08T18:58:59.876Z","2026-10-08_185709_37828221813_1_d821bc9479044132b0bd68121a5ce6af",2026020059,"2026-10-08","2026-10-08T23:00:00Z","FUT","Senators","2026-10-08T18:58:58.240Z","https://www.nhl.com/news/nhl-lineup-projections-2026-27-season","2026-10-08",1,"matched",TRUE,1,NA,2,NA,0,0,NA
20262027,20262027,4,"PHI",8477499,"Rasmus","Ristolainen","Rasmus Ristolainen","D","current_roster",TRUE,"2026-10-08T18:58:59.878Z","2026-10-08_185709_37828221813_1_d821bc9479044132b0bd68121a5ce6af",2026020059,"2026-10-08","2026-10-08T23:00:00Z","FUT","Senators","2026-10-08T18:58:58.240Z","https://www.nhl.com/news/nhl-lineup-projections-2026-27-season","2026-10-08",1,"matched",TRUE,0,NA,NA,NA,0,1,"undisclosed"
20262027,20262027,4,"PHI",8477948,"Travis","Sanheim","Travis Sanheim","D","current_roster",TRUE,"2026-10-08T18:58:59.880Z","2026-10-08_185709_37828221813_1_d821bc9479044132b0bd68121a5ce6af",2026020059,"2026-10-08","2026-10-08T23:00:00Z","FUT","Senators","2026-10-08T18:58:58.240Z","https://www.nhl.com/news/nhl-lineup-projections-2026-27-season","2026-10-08",1,"matched",TRUE,1,NA,1,NA,0,0,NA
20262027,20262027,4,"PHI",8476372,"Nick","Seeler","Nick Seeler","D","current_roster",TRUE,"2026-10-08T18:58:59.882Z","2026-10-08_185709_37828221813_1_d821bc9479044132b0bd68121a5ce6af",2026020059,"2026-10-08","2026-10-08T23:00:00Z","FUT","Senators","2026-10-08T18:58:58.240Z","https://www.nhl.com/news/nhl-lineup-projections-2026-27-season","2026-10-08",1,"matched",TRUE,1,NA,3,NA,0,0,NA
20262027,20262027,4,"PHI",8481546,"Cam","York","Cam York","D","current_roster",TRUE,"2026-10-08T18:58:59.884Z","2026-10-08_185709_37828221813_1_d821bc9479044132b0bd68121a5ce6af",2026020059,"2026-10-08","2026-10-08T23:00:00Z","FUT","Senators","2026-10-08T18:58:58.240Z","https://www.nhl.com/news/nhl-lineup-projections-2026-27-season","2026-10-08",1,"matched",TRUE,1,NA,2,NA,0,0,NA
20262027,20262027,4,"PHI",8478435,"Dan","Vladar","Dan Vladar","G","current_roster",TRUE,"2026-10-08T18:58:59.886Z","2026-10-08_185709_37828221813_1_d821bc9479044132b0bd68121a5ce6af",2026020059,"2026-10-08","2026-10-08T23:00:00Z","FUT","Senators","2026-10-08T18:58:58.240Z","https://www.nhl.com/news/nhl-lineup-projections-2026-27-season","2026-10-08",1,"matched",TRUE,1,NA,NA,"backup",0,0,NA
20262027,20262027,4,"PHI",8479361,"Joseph","Woll","Joseph Woll","G","current_roster",TRUE,"2026-10-08T18:58:59.901Z","2026-10-08_185709_37828221813_1_d821bc9479044132b0bd68121a5ce6af",2026020059,"2026-10-08","2026-10-08T23:00:00Z","FUT","Senators","2026-10-08T18:58:58.240Z","https://www.nhl.com/news/nhl-lineup-projections-2026-27-season","2026-10-08",1,"matched",TRUE,1,NA,NA,"starter",0,0,NA
20262027,20262027,9,"OTT",8478020,"Michael","Amadio","Michael Amadio","F","current_roster",TRUE,"2026-10-08T18:58:59.120Z","2026-10-08_185709_37828221813_1_d821bc9479044132b0bd68121a5ce6af",2026020059,"2026-10-08","2026-10-08T23:00:00Z","FUT","Flyers","2026-10-08T18:58:58.240Z","https://www.nhl.com/news/nhl-lineup-projections-2026-27-season","2026-10-08",1,"matched",TRUE,1,3,NA,NA,0,NA,NA
20262027,20262027,9,"OTT",8480208,"Drake","Batherson","Drake Batherson","F","current_roster",TRUE,"2026-10-08T18:58:59.122Z","2026-10-08_185709_37828221813_1_d821bc9479044132b0bd68121a5ce6af",2026020059,"2026-10-08","2026-10-08T23:00:00Z","FUT","Flyers","2026-10-08T18:58:58.240Z","https://www.nhl.com/news/nhl-lineup-projections-2026-27-season","2026-10-08",1,"matched",TRUE,1,1,NA,NA,0,NA,NA
20262027,20262027,9,"OTT",8477444,"Andre","Burakovsky","Andre Burakovsky","F","current_roster",TRUE,"2026-10-08T18:58:59.124Z","2026-10-08_185709_37828221813_1_d821bc9479044132b0bd68121a5ce6af",2026020059,"2026-10-08","2026-10-08T23:00:00Z","FUT","Flyers","2026-10-08T18:58:58.240Z","https://www.nhl.com/news/nhl-lineup-projections-2026-27-season","2026-10-08",1,"matched",TRUE,0,NA,NA,NA,0,NA,"upper body"
20262027,20262027,9,"OTT",8476393,"Nick","Cousins","Nick Cousins","F","current_roster",TRUE,"2026-10-08T18:58:59.127Z","2026-10-08_185709_37828221813_1_d821bc9479044132b0bd68121a5ce6af",2026020059,"2026-10-08","2026-10-08T23:00:00Z","FUT","Flyers","2026-10-08T18:58:58.240Z","https://www.nhl.com/news/nhl-lineup-projections-2026-27-season","2026-10-08",1,"matched",TRUE,1,4,NA,NA,0,NA,NA
20262027,20262027,9,"OTT",8481528,"Dylan","Cozens","Dylan Cozens","F","current_roster",TRUE,"2026-10-08T18:58:59.129Z","2026-10-08_185709_37828221813_1_d821bc9479044132b0bd68121a5ce6af",2026020059,"2026-10-08","2026-10-08T23:00:00Z","FUT","Flyers","2026-10-08T18:58:58.240Z","https://www.nhl.com/news/nhl-lineup-projections-2026-27-season","2026-10-08",1,"matched",TRUE,1,2,NA,NA,0,NA,NA
20262027,20262027,9,"OTT",8482667,"William","Eklund","William Eklund","F","current_roster",TRUE,"2026-10-08T18:58:59.131Z","2026-10-08_185709_37828221813_1_d821bc9479044132b0bd68121a5ce6af",2026020059,"2026-10-08","2026-10-08T23:00:00Z","FUT","Flyers","2026-10-08T18:58:58.240Z","https://www.nhl.com/news/nhl-lineup-projections-2026-27-season","2026-10-08",1,"matched",TRUE,1,1,NA,NA,0,NA,NA
20262027,20262027,9,"OTT",8477998,"Warren","Foegele","Warren Foegele","F","current_roster",TRUE,"2026-10-08T18:58:59.133Z","2026-10-08_185709_37828221813_1_d821bc9479044132b0bd68121a5ce6af",2026020059,"2026-10-08","2026-10-08T23:00:00Z","FUT","Flyers","2026-10-08T18:58:58.240Z","https://www.nhl.com/news/nhl-lineup-projections-2026-27-season","2026-10-08",1,"matched",TRUE,1,4,NA,NA,0,NA,NA
20262027,20262027,9,"OTT",8473512,"Claude","Giroux","Claude Giroux","F","current_roster",TRUE,"2026-10-08T18:58:59.135Z","2026-10-08_185709_37828221813_1_d821bc9479044132b0bd68121a5ce6af",2026020059,"2026-10-08","2026-10-08T23:00:00Z","FUT","Flyers","2026-10-08T18:58:58.240Z","https://www.nhl.com/news/nhl-lineup-projections-2026-27-season","2026-10-08",1,"matched",TRUE,1,3,NA,NA,0,NA,NA
20262027,20262027,9,"OTT",8482092,"Ridly","Greig","Ridly Greig","F","current_roster",TRUE,"2026-10-08T18:58:59.137Z","2026-10-08_185709_37828221813_1_d821bc9479044132b0bd68121a5ce6af",2026020059,"2026-10-08","2026-10-08T23:00:00Z","FUT","Flyers","2026-10-08T18:58:58.240Z","https://www.nhl.com/news/nhl-lineup-projections-2026-27-season","2026-10-08",1,"matched",TRUE,1,2,NA,NA,0,NA,NA
20262027,20262027,9,"OTT",8483676,"Stephen","Halliday","Stephen Halliday","F","current_roster",TRUE,"2026-10-08T18:58:59.139Z","2026-10-08_185709_37828221813_1_d821bc9479044132b0bd68121a5ce6af",2026020059,"2026-10-08","2026-10-08T23:00:00Z","FUT","Flyers","2026-10-08T18:58:58.240Z","https://www.nhl.com/news/nhl-lineup-projections-2026-27-season","2026-10-08",1,"matched",TRUE,1,4,NA,NA,0,NA,NA
20262027,20262027,9,"OTT",8478173,"Hayden","Hodgson","Hayden Hodgson","F","current_roster",TRUE,"2026-10-08T18:58:59.141Z","2026-10-08_185709_37828221813_1_d821bc9479044132b0bd68121a5ce6af",2026020059,"2026-10-08","2026-10-08T23:00:00Z","FUT","Flyers","2026-10-08T18:58:58.240Z","https://www.nhl.com/news/nhl-lineup-projections-2026-27-season","2026-10-08",1,"matched",TRUE,0,NA,NA,NA,1,NA,NA
20262027,20262027,9,"OTT",8481596,"Shane","Pinto","Shane Pinto","F","current_roster",TRUE,"2026-10-08T18:58:59.143Z","2026-10-08_185709_37828221813_1_d821bc9479044132b0bd68121a5ce6af",2026020059,"2026-10-08","2026-10-08T23:00:00Z","FUT","Flyers","2026-10-08T18:58:58.240Z","https://www.nhl.com/news/nhl-lineup-projections-2026-27-season","2026-10-08",1,"matched",TRUE,1,3,NA,NA,0,NA,NA
20262027,20262027,9,"OTT",8482116,"Tim","Stützle","Tim Stützle","F","current_roster",TRUE,"2026-10-08T18:58:59.145Z","2026-10-08_185709_37828221813_1_d821bc9479044132b0bd68121a5ce6af",2026020059,"2026-10-08","2026-10-08T23:00:00Z","FUT","Flyers","2026-10-08T18:58:58.240Z","https://www.nhl.com/news/nhl-lineup-projections-2026-27-season","2026-10-08",1,"matched",TRUE,1,1,NA,NA,0,NA,NA
20262027,20262027,9,"OTT",8480188,"Fabian","Zetterlund","Fabian Zetterlund","F","current_roster",TRUE,"2026-10-08T18:58:59.147Z","2026-10-08_185709_37828221813_1_d821bc9479044132b0bd68121a5ce6af",2026020059,"2026-10-08","2026-10-08T23:00:00Z","FUT","Flyers","2026-10-08T18:58:58.240Z","https://www.nhl.com/news/nhl-lineup-projections-2026-27-season","2026-10-08",1,"matched",TRUE,1,2,NA,NA,0,NA,NA
20262027,20262027,9,"OTT",8478469,"Thomas","Chabot","Thomas Chabot","D","current_roster",TRUE,"2026-10-08T18:58:59.149Z","2026-10-08_185709_37828221813_1_d821bc9479044132b0bd68121a5ce6af",2026020059,"2026-10-08","2026-10-08T23:00:00Z","FUT","Flyers","2026-10-08T18:58:58.240Z","https://www.nhl.com/news/nhl-lineup-projections-2026-27-season","2026-10-08",1,"matched",TRUE,1,NA,1,NA,0,NA,NA
20262027,20262027,9,"OTT",8480075,"Cameron","Crotty","Cameron Crotty","D","current_roster",TRUE,"2026-10-08T18:58:59.151Z","2026-10-08_185709_37828221813_1_d821bc9479044132b0bd68121a5ce6af",2026020059,"2026-10-08","2026-10-08T23:00:00Z","FUT","Flyers","2026-10-08T18:58:58.240Z","https://www.nhl.com/news/nhl-lineup-projections-2026-27-season","2026-10-08",1,"matched",TRUE,1,NA,3,NA,0,NA,NA
20262027,20262027,9,"OTT",8482095,"Tyler","Kleven","Tyler Kleven","D","current_roster",TRUE,"2026-10-08T18:58:59.153Z","2026-10-08_185709_37828221813_1_d821bc9479044132b0bd68121a5ce6af",2026020059,"2026-10-08","2026-10-08T23:00:00Z","FUT","Flyers","2026-10-08T18:58:58.240Z","https://www.nhl.com/news/nhl-lineup-projections-2026-27-season","2026-10-08",1,"matched",TRUE,1,NA,2,NA,0,NA,NA
20262027,20262027,9,"OTT",8484321,"Nikolas","Matinpalo","Nikolas Matinpalo","D","current_roster",TRUE,"2026-10-08T18:58:59.155Z","2026-10-08_185709_37828221813_1_d821bc9479044132b0bd68121a5ce6af",2026020059,"2026-10-08","2026-10-08T23:00:00Z","FUT","Flyers","2026-10-08T18:58:58.240Z","https://www.nhl.com/news/nhl-lineup-projections-2026-27-season","2026-10-08",1,"matched",TRUE,1,NA,3,NA,0,NA,NA
20262027,20262027,9,"OTT",8482105,"Jake","Sanderson","Jake Sanderson","D","current_roster",TRUE,"2026-10-08T18:58:59.158Z","2026-10-08_185709_37828221813_1_d821bc9479044132b0bd68121a5ce6af",2026020059,"2026-10-08","2026-10-08T23:00:00Z","FUT","Flyers","2026-10-08T18:58:58.240Z","https://www.nhl.com/news/nhl-lineup-projections-2026-27-season","2026-10-08",1,"matched",TRUE,0,NA,NA,NA,0,NA,"undisclosed"
20262027,20262027,9,"OTT",8481606,"Jordan","Spence","Jordan Spence","D","current_roster",TRUE,"2026-10-08T18:58:59.160Z","2026-10-08_185709_37828221813_1_d821bc9479044132b0bd68121a5ce6af",2026020059,"2026-10-08","2026-10-08T23:00:00Z","FUT","Flyers","2026-10-08T18:58:58.240Z","https://www.nhl.com/news/nhl-lineup-projections-2026-27-season","2026-10-08",1,"matched",TRUE,1,NA,1,NA,0,NA,NA
20262027,20262027,9,"OTT",8484759,"Carter","Yakemchuk","Carter Yakemchuk","D","current_roster",TRUE,"2026-10-08T18:58:59.162Z","2026-10-08_185709_37828221813_1_d821bc9479044132b0bd68121a5ce6af",2026020059,"2026-10-08","2026-10-08T23:00:00Z","FUT","Flyers","2026-10-08T18:58:58.240Z","https://www.nhl.com/news/nhl-lineup-projections-2026-27-season","2026-10-08",1,"matched",TRUE,1,NA,2,NA,0,NA,NA
20262027,20262027,9,"OTT",8481035,"Samuel","Ersson","Samuel Ersson","G","current_roster",TRUE,"2026-10-08T18:58:59.164Z","2026-10-08_185709_37828221813_1_d821bc9479044132b0bd68121a5ce6af",2026020059,"2026-10-08","2026-10-08T23:00:00Z","FUT","Flyers","2026-10-08T18:58:58.240Z","https://www.nhl.com/news/nhl-lineup-projections-2026-27-season","2026-10-08",1,"matched",TRUE,1,NA,NA,"backup",0,NA,NA
20262027,20262027,9,"OTT",8476999,"Linus","Ullmark","Linus Ullmark","G","current_roster",TRUE,"2026-10-08T18:58:59.166Z","2026-10-08_185709_37828221813_1_d821bc9479044132b0bd68121a5ce6af",2026020059,"2026-10-08","2026-10-08T23:00:00Z","FUT","Flyers","2026-10-08T18:58:58.240Z","https://www.nhl.com/news/nhl-lineup-projections-2026-27-season","2026-10-08",1,"matched",TRUE,1,NA,NA,"starter",0,NA,NA
20262027,20262027,30,"MIN",8481557,"Matt","Boldy","Matt Boldy","F","current_roster",TRUE,"2026-10-08T18:58:59.905Z","2026-10-08_185709_37828221813_1_d821bc9479044132b0bd68121a5ce6af",2026020060,"2026-10-08","2026-10-08T23:00:00Z","FUT","Lightning","2026-10-08T18:58:58.240Z","https://www.nhl.com/news/nhl-lineup-projections-2026-27-season","2026-10-08",1,"missing_or_duplicate_team_block",FALSE,NA,NA,NA,NA,NA,NA,NA
20262027,20262027,30,"MIN",8481553,"Bobby","Brink","Bobby Brink","F","current_roster",TRUE,"2026-10-08T18:58:59.907Z","2026-10-08_185709_37828221813_1_d821bc9479044132b0bd68121a5ce6af",2026020060,"2026-10-08","2026-10-08T23:00:00Z","FUT","Lightning","2026-10-08T18:58:58.240Z","https://www.nhl.com/news/nhl-lineup-projections-2026-27-season","2026-10-08",1,"missing_or_duplicate_team_block",FALSE,NA,NA,NA,NA,NA,NA,NA
20262027,20262027,30,"MIN",8476399,"Blake","Coleman","Blake Coleman","F","current_roster",TRUE,"2026-10-08T18:58:59.909Z","2026-10-08_185709_37828221813_1_d821bc9479044132b0bd68121a5ce6af",2026020060,"2026-10-08","2026-10-08T23:00:00Z","FUT","Lightning","2026-10-08T18:58:58.240Z","https://www.nhl.com/news/nhl-lineup-projections-2026-27-season","2026-10-08",1,"missing_or_duplicate_team_block",FALSE,NA,NA,NA,NA,NA,NA,NA
20262027,20262027,30,"MIN",8478493,"Joel","Eriksson Ek","Joel Eriksson Ek","F","current_roster",TRUE,"2026-10-08T18:58:59.911Z","2026-10-08_185709_37828221813_1_d821bc9479044132b0bd68121a5ce6af",2026020060,"2026-10-08","2026-10-08T23:00:00Z","FUT","Lightning","2026-10-08T18:58:58.240Z","https://www.nhl.com/news/nhl-lineup-projections-2026-27-season","2026-10-08",1,"missing_or_duplicate_team_block",FALSE,NA,NA,NA,NA,NA,NA,NA
20262027,20262027,30,"MIN",8475220,"Marcus","Foligno","Marcus Foligno","F","current_roster",TRUE,"2026-10-08T18:58:59.913Z","2026-10-08_185709_37828221813_1_d821bc9479044132b0bd68121a5ce6af",2026020060,"2026-10-08","2026-10-08T23:00:00Z","FUT","Lightning","2026-10-08T18:58:58.240Z","https://www.nhl.com/news/nhl-lineup-projections-2026-27-season","2026-10-08",1,"missing_or_duplicate_team_block",FALSE,NA,NA,NA,NA,NA,NA,NA
20262027,20262027,30,"MIN",8473422,"Nick","Foligno","Nick Foligno","F","current_roster",TRUE,"2026-10-08T18:58:59.915Z","2026-10-08_185709_37828221813_1_d821bc9479044132b0bd68121a5ce6af",2026020060,"2026-10-08","2026-10-08T23:00:00Z","FUT","Lightning","2026-10-08T18:58:58.240Z","https://www.nhl.com/news/nhl-lineup-projections-2026-27-season","2026-10-08",1,"missing_or_duplicate_team_block",FALSE,NA,NA,NA,NA,NA,NA,NA
20262027,20262027,30,"MIN",8477451,"Ryan","Hartman","Ryan Hartman","F","current_roster",TRUE,"2026-10-08T18:58:59.918Z","2026-10-08_185709_37828221813_1_d821bc9479044132b0bd68121a5ce6af",2026020060,"2026-10-08","2026-10-08T23:00:00Z","FUT","Lightning","2026-10-08T18:58:58.240Z","https://www.nhl.com/news/nhl-lineup-projections-2026-27-season","2026-10-08",1,"missing_or_duplicate_team_block",FALSE,NA,NA,NA,NA,NA,NA,NA
20262027,20262027,30,"MIN",8478864,"Kirill","Kaprizov","Kirill Kaprizov","F","current_roster",TRUE,"2026-10-08T18:58:59.920Z","2026-10-08_185709_37828221813_1_d821bc9479044132b0bd68121a5ce6af",2026020060,"2026-10-08","2026-10-08T23:00:00Z","FUT","Lightning","2026-10-08T18:58:58.240Z","https://www.nhl.com/news/nhl-lineup-projections-2026-27-season","2026-10-08",1,"missing_or_duplicate_team_block",FALSE,NA,NA,NA,NA,NA,NA,NA
20262027,20262027,30,"MIN",8477446,"Michael","McCarron","Michael McCarron","F","current_roster",TRUE,"2026-10-08T18:58:59.922Z","2026-10-08_185709_37828221813_1_d821bc9479044132b0bd68121a5ce6af",2026020060,"2026-10-08","2026-10-08T23:00:00Z","FUT","Lightning","2026-10-08T18:58:58.240Z","https://www.nhl.com/news/nhl-lineup-projections-2026-27-season","2026-10-08",1,"missing_or_duplicate_team_block",FALSE,NA,NA,NA,NA,NA,NA,NA
20262027,20262027,30,"MIN",8475752,"Tyler","Pitlick","Tyler Pitlick","F","current_roster",TRUE,"2026-10-08T18:58:59.924Z","2026-10-08_185709_37828221813_1_d821bc9479044132b0bd68121a5ce6af",2026020060,"2026-10-08","2026-10-08T23:00:00Z","FUT","Lightning","2026-10-08T18:58:58.240Z","https://www.nhl.com/news/nhl-lineup-projections-2026-27-season","2026-10-08",1,"missing_or_duplicate_team_block",FALSE,NA,NA,NA,NA,NA,NA,NA
20262027,20262027,30,"MIN",8485702,"Maxim","Shabanov","Maxim Shabanov","F","current_roster",TRUE,"2026-10-08T18:58:59.926Z","2026-10-08_185709_37828221813_1_d821bc9479044132b0bd68121a5ce6af",2026020060,"2026-10-08","2026-10-08T23:00:00Z","FUT","Lightning","2026-10-08T18:58:58.240Z","https://www.nhl.com/news/nhl-lineup-projections-2026-27-season","2026-10-08",1,"missing_or_duplicate_team_block",FALSE,NA,NA,NA,NA,NA,NA,NA
20262027,20262027,30,"MIN",8481477,"Nico","Sturm","Nico Sturm","F","current_roster",TRUE,"2026-10-08T18:58:59.928Z","2026-10-08_185709_37828221813_1_d821bc9479044132b0bd68121a5ce6af",2026020060,"2026-10-08","2026-10-08T23:00:00Z","FUT","Lightning","2026-10-08T18:58:58.240Z","https://www.nhl.com/news/nhl-lineup-projections-2026-27-season","2026-10-08",1,"missing_or_duplicate_team_block",FALSE,NA,NA,NA,NA,NA,NA,NA
20262027,20262027,30,"MIN",8478508,"Yakov","Trenin","Yakov Trenin","F","current_roster",TRUE,"2026-10-08T18:58:59.930Z","2026-10-08_185709_37828221813_1_d821bc9479044132b0bd68121a5ce6af",2026020060,"2026-10-08","2026-10-08T23:00:00Z","FUT","Lightning","2026-10-08T18:58:58.240Z","https://www.nhl.com/news/nhl-lineup-projections-2026-27-season","2026-10-08",1,"missing_or_duplicate_team_block",FALSE,NA,NA,NA,NA,NA,NA,NA
20262027,20262027,30,"MIN",8483525,"Danila","Yurov","Danila Yurov","F","current_roster",TRUE,"2026-10-08T18:58:59.932Z","2026-10-08_185709_37828221813_1_d821bc9479044132b0bd68121a5ce6af",2026020060,"2026-10-08","2026-10-08T23:00:00Z","FUT","Lightning","2026-10-08T18:58:58.240Z","https://www.nhl.com/news/nhl-lineup-projections-2026-27-season","2026-10-08",1,"missing_or_duplicate_team_block",FALSE,NA,NA,NA,NA,NA,NA,NA
20262027,20262027,30,"MIN",8474567,"Zach","Bogosian","Zach Bogosian","D","current_roster",TRUE,"2026-10-08T18:58:59.935Z","2026-10-08_185709_37828221813_1_d821bc9479044132b0bd68121a5ce6af",2026020060,"2026-10-08","2026-10-08T23:00:00Z","FUT","Lightning","2026-10-08T18:58:58.240Z","https://www.nhl.com/news/nhl-lineup-projections-2026-27-season","2026-10-08",1,"missing_or_duplicate_team_block",FALSE,NA,NA,NA,NA,NA,NA,NA
20262027,20262027,30,"MIN",8476463,"Jonas","Brodin","Jonas Brodin","D","current_roster",TRUE,"2026-10-08T18:58:59.937Z","2026-10-08_185709_37828221813_1_d821bc9479044132b0bd68121a5ce6af",2026020060,"2026-10-08","2026-10-08T23:00:00Z","FUT","Lightning","2026-10-08T18:58:58.240Z","https://www.nhl.com/news/nhl-lineup-projections-2026-27-season","2026-10-08",1,"missing_or_duplicate_team_block",FALSE,NA,NA,NA,NA,NA,NA,NA
20262027,20262027,30,"MIN",8482122,"Brock","Faber","Brock Faber","D","current_roster",TRUE,"2026-10-08T18:58:59.939Z","2026-10-08_185709_37828221813_1_d821bc9479044132b0bd68121a5ce6af",2026020060,"2026-10-08","2026-10-08T23:00:00Z","FUT","Lightning","2026-10-08T18:58:58.240Z","https://www.nhl.com/news/nhl-lineup-projections-2026-27-season","2026-10-08",1,"missing_or_duplicate_team_block",FALSE,NA,NA,NA,NA,NA,NA,NA
20262027,20262027,30,"MIN",8486166,"Viking","Gustafsson Nyberg","Viking Gustafsson Nyberg","D","current_roster",TRUE,"2026-10-08T18:58:59.941Z","2026-10-08_185709_37828221813_1_d821bc9479044132b0bd68121a5ce6af",2026020060,"2026-10-08","2026-10-08T23:00:00Z","FUT","Lightning","2026-10-08T18:58:58.240Z","https://www.nhl.com/news/nhl-lineup-projections-2026-27-season","2026-10-08",1,"missing_or_duplicate_team_block",FALSE,NA,NA,NA,NA,NA,NA,NA
20262027,20262027,30,"MIN",8480800,"Quinn","Hughes","Quinn Hughes","D","current_roster",TRUE,"2026-10-08T18:58:59.944Z","2026-10-08_185709_37828221813_1_d821bc9479044132b0bd68121a5ce6af",2026020060,"2026-10-08","2026-10-08T23:00:00Z","FUT","Lightning","2026-10-08T18:58:58.240Z","https://www.nhl.com/news/nhl-lineup-projections-2026-27-season","2026-10-08",1,"missing_or_duplicate_team_block",FALSE,NA,NA,NA,NA,NA,NA,NA
20262027,20262027,30,"MIN",8482094,"Daemon","Hunt","Daemon Hunt","D","current_roster",TRUE,"2026-10-08T18:58:59.946Z","2026-10-08_185709_37828221813_1_d821bc9479044132b0bd68121a5ce6af",2026020060,"2026-10-08","2026-10-08T23:00:00Z","FUT","Lightning","2026-10-08T18:58:58.240Z","https://www.nhl.com/news/nhl-lineup-projections-2026-27-season","2026-10-08",1,"missing_or_duplicate_team_block",FALSE,NA,NA,NA,NA,NA,NA,NA
20262027,20262027,30,"MIN",8476874,"Olli","Maatta","Olli Maatta","D","current_roster",TRUE,"2026-10-08T18:58:59.948Z","2026-10-08_185709_37828221813_1_d821bc9479044132b0bd68121a5ce6af",2026020060,"2026-10-08","2026-10-08T23:00:00Z","FUT","Lightning","2026-10-08T18:58:58.240Z","https://www.nhl.com/news/nhl-lineup-projections-2026-27-season","2026-10-08",1,"missing_or_duplicate_team_block",FALSE,NA,NA,NA,NA,NA,NA,NA
20262027,20262027,30,"MIN",8483766,"David","Spacek","David Spacek","D","current_roster",TRUE,"2026-10-08T18:58:59.950Z","2026-10-08_185709_37828221813_1_d821bc9479044132b0bd68121a5ce6af",2026020060,"2026-10-08","2026-10-08T23:00:00Z","FUT","Lightning","2026-10-08T18:58:58.240Z","https://www.nhl.com/news/nhl-lineup-projections-2026-27-season","2026-10-08",1,"missing_or_duplicate_team_block",FALSE,NA,NA,NA,NA,NA,NA,NA
20262027,20262027,30,"MIN",8474716,"Jared","Spurgeon","Jared Spurgeon","D","current_roster",TRUE,"2026-10-08T18:58:59.952Z","2026-10-08_185709_37828221813_1_d821bc9479044132b0bd68121a5ce6af",2026020060,"2026-10-08","2026-10-08T23:00:00Z","FUT","Lightning","2026-10-08T18:58:58.240Z","https://www.nhl.com/news/nhl-lineup-projections-2026-27-season","2026-10-08",1,"missing_or_duplicate_team_block",FALSE,NA,NA,NA,NA,NA,NA,NA
20262027,20262027,30,"MIN",8475717,"Calvin","Pickard","Calvin Pickard","G","current_roster",TRUE,"2026-10-08T18:58:59.954Z","2026-10-08_185709_37828221813_1_d821bc9479044132b0bd68121a5ce6af",2026020060,"2026-10-08","2026-10-08T23:00:00Z","FUT","Lightning","2026-10-08T18:58:58.240Z","https://www.nhl.com/news/nhl-lineup-projections-2026-27-season","2026-10-08",1,"missing_or_duplicate_team_block",FALSE,NA,NA,NA,NA,NA,NA,NA
20262027,20262027,30,"MIN",8482661,"Jesper","Wallstedt","Jesper Wallstedt","G","current_roster",TRUE,"2026-10-08T18:58:59.956Z","2026-10-08_185709_37828221813_1_d821bc9479044132b0bd68121a5ce6af",2026020060,"2026-10-08","2026-10-08T23:00:00Z","FUT","Lightning","2026-10-08T18:58:58.240Z","https://www.nhl.com/news/nhl-lineup-projections-2026-27-season","2026-10-08",1,"missing_or_duplicate_team_block",FALSE,NA,NA,NA,NA,NA,NA,NA
20262027,20262027,14,"TBL",8478519,"Anthony","Cirelli","Anthony Cirelli","F","current_roster",TRUE,"2026-10-08T18:58:59.786Z","2026-10-08_185709_37828221813_1_d821bc9479044132b0bd68121a5ce6af",2026020060,"2026-10-08","2026-10-08T23:00:00Z","FUT","Wild","2026-10-08T18:58:58.240Z","https://www.nhl.com/news/nhl-lineup-projections-2026-27-season","2026-10-08",1,"missing_or_duplicate_team_block",FALSE,NA,NA,NA,NA,NA,NA,NA
20262027,20262027,14,"TBL",8483447,"Conor","Geekie","Conor Geekie","F","current_roster",TRUE,"2026-10-08T18:58:59.788Z","2026-10-08_185709_37828221813_1_d821bc9479044132b0bd68121a5ce6af",2026020060,"2026-10-08","2026-10-08T23:00:00Z","FUT","Wild","2026-10-08T18:58:58.240Z","https://www.nhl.com/news/nhl-lineup-projections-2026-27-season","2026-10-08",1,"missing_or_duplicate_team_block",FALSE,NA,NA,NA,NA,NA,NA,NA
20262027,20262027,14,"TBL",8476878,"Zemgus","Girgensons","Zemgus Girgensons","F","current_roster",TRUE,"2026-10-08T18:58:59.790Z","2026-10-08_185709_37828221813_1_d821bc9479044132b0bd68121a5ce6af",2026020060,"2026-10-08","2026-10-08T23:00:00Z","FUT","Wild","2026-10-08T18:58:58.240Z","https://www.nhl.com/news/nhl-lineup-projections-2026-27-season","2026-10-08",1,"missing_or_duplicate_team_block",FALSE,NA,NA,NA,NA,NA,NA,NA
20262027,20262027,14,"TBL",8482201,"Gage","Goncalves","Gage Goncalves","F","current_roster",TRUE,"2026-10-08T18:58:59.792Z","2026-10-08_185709_37828221813_1_d821bc9479044132b0bd68121a5ce6af",2026020060,"2026-10-08","2026-10-08T23:00:00Z","FUT","Wild","2026-10-08T18:58:58.240Z","https://www.nhl.com/news/nhl-lineup-projections-2026-27-season","2026-10-08",1,"missing_or_duplicate_team_block",FALSE,NA,NA,NA,NA,NA,NA,NA
20262027,20262027,14,"TBL",8476826,"Yanni","Gourde","Yanni Gourde","F","current_roster",TRUE,"2026-10-08T18:58:59.794Z","2026-10-08_185709_37828221813_1_d821bc9479044132b0bd68121a5ce6af",2026020060,"2026-10-08","2026-10-08T23:00:00Z","FUT","Wild","2026-10-08T18:58:58.240Z","https://www.nhl.com/news/nhl-lineup-projections-2026-27-season","2026-10-08",1,"missing_or_duplicate_team_block",FALSE,NA,NA,NA,NA,NA,NA,NA
20262027,20262027,14,"TBL",8477404,"Jake","Guentzel","Jake Guentzel","F","current_roster",TRUE,"2026-10-08T18:58:59.796Z","2026-10-08_185709_37828221813_1_d821bc9479044132b0bd68121a5ce6af",2026020060,"2026-10-08","2026-10-08T23:00:00Z","FUT","Wild","2026-10-08T18:58:58.240Z","https://www.nhl.com/news/nhl-lineup-projections-2026-27-season","2026-10-08",1,"missing_or_duplicate_team_block",FALSE,NA,NA,NA,NA,NA,NA,NA
20262027,20262027,14,"TBL",8479542,"Brandon","Hagel","Brandon Hagel","F","current_roster",TRUE,"2026-10-08T18:58:59.798Z","2026-10-08_185709_37828221813_1_d821bc9479044132b0bd68121a5ce6af",2026020060,"2026-10-08","2026-10-08T23:00:00Z","FUT","Wild","2026-10-08T18:58:58.240Z","https://www.nhl.com/news/nhl-lineup-projections-2026-27-season","2026-10-08",1,"missing_or_duplicate_team_block",FALSE,NA,NA,NA,NA,NA,NA,NA
20262027,20262027,14,"TBL",8480995,"Pontus","Holmberg","Pontus Holmberg","F","current_roster",TRUE,"2026-10-08T18:58:59.800Z","2026-10-08_185709_37828221813_1_d821bc9479044132b0bd68121a5ce6af",2026020060,"2026-10-08","2026-10-08T23:00:00Z","FUT","Wild","2026-10-08T18:58:58.240Z","https://www.nhl.com/news/nhl-lineup-projections-2026-27-season","2026-10-08",1,"missing_or_duplicate_team_block",FALSE,NA,NA,NA,NA,NA,NA,NA
20262027,20262027,14,"TBL",8483752,"Dominic","James","Dominic James","F","current_roster",TRUE,"2026-10-08T18:58:59.802Z","2026-10-08_185709_37828221813_1_d821bc9479044132b0bd68121a5ce6af",2026020060,"2026-10-08","2026-10-08T23:00:00Z","FUT","Wild","2026-10-08T18:58:58.240Z","https://www.nhl.com/news/nhl-lineup-projections-2026-27-season","2026-10-08",1,"missing_or_duplicate_team_block",FALSE,NA,NA,NA,NA,NA,NA,NA
20262027,20262027,14,"TBL",8476453,"Nikita","Kucherov","Nikita Kucherov","F","current_roster",TRUE,"2026-10-08T18:58:59.804Z","2026-10-08_185709_37828221813_1_d821bc9479044132b0bd68121a5ce6af",2026020060,"2026-10-08","2026-10-08T23:00:00Z","FUT","Wild","2026-10-08T18:58:58.240Z","https://www.nhl.com/news/nhl-lineup-projections-2026-27-season","2026-10-08",1,"missing_or_duplicate_team_block",FALSE,NA,NA,NA,NA,NA,NA,NA
20262027,20262027,14,"TBL",8481624,"Ilya","Mikheyev","Ilya Mikheyev","F","current_roster",TRUE,"2026-10-08T18:58:59.806Z","2026-10-08_185709_37828221813_1_d821bc9479044132b0bd68121a5ce6af",2026020060,"2026-10-08","2026-10-08T23:00:00Z","FUT","Wild","2026-10-08T18:58:58.240Z","https://www.nhl.com/news/nhl-lineup-projections-2026-27-season","2026-10-08",1,"missing_or_duplicate_team_block",FALSE,NA,NA,NA,NA,NA,NA,NA
20262027,20262027,14,"TBL",8478010,"Brayden","Point","Brayden Point","F","current_roster",TRUE,"2026-10-08T18:58:59.808Z","2026-10-08_185709_37828221813_1_d821bc9479044132b0bd68121a5ce6af",2026020060,"2026-10-08","2026-10-08T23:00:00Z","FUT","Wild","2026-10-08T18:58:58.240Z","https://www.nhl.com/news/nhl-lineup-projections-2026-27-season","2026-10-08",1,"missing_or_duplicate_team_block",FALSE,NA,NA,NA,NA,NA,NA,NA
20262027,20262027,14,"TBL",8477149,"Scott","Sabourin","Scott Sabourin","F","current_roster",TRUE,"2026-10-08T18:58:59.810Z","2026-10-08_185709_37828221813_1_d821bc9479044132b0bd68121a5ce6af",2026020060,"2026-10-08","2026-10-08T23:00:00Z","FUT","Wild","2026-10-08T18:58:58.240Z","https://www.nhl.com/news/nhl-lineup-projections-2026-27-season","2026-10-08",1,"missing_or_duplicate_team_block",FALSE,NA,NA,NA,NA,NA,NA,NA
20262027,20262027,14,"TBL",8479705,"Jeffrey","Viel","Jeffrey Viel","F","current_roster",TRUE,"2026-10-08T18:58:59.813Z","2026-10-08_185709_37828221813_1_d821bc9479044132b0bd68121a5ce6af",2026020060,"2026-10-08","2026-10-08T23:00:00Z","FUT","Wild","2026-10-08T18:58:58.240Z","https://www.nhl.com/news/nhl-lineup-projections-2026-27-season","2026-10-08",1,"missing_or_duplicate_team_block",FALSE,NA,NA,NA,NA,NA,NA,NA
20262027,20262027,14,"TBL",8474590,"John","Carlson","John Carlson","D","current_roster",TRUE,"2026-10-08T18:58:59.815Z","2026-10-08_185709_37828221813_1_d821bc9479044132b0bd68121a5ce6af",2026020060,"2026-10-08","2026-10-08T23:00:00Z","FUT","Wild","2026-10-08T18:58:58.240Z","https://www.nhl.com/news/nhl-lineup-projections-2026-27-season","2026-10-08",1,"missing_or_duplicate_team_block",FALSE,NA,NA,NA,NA,NA,NA,NA
20262027,20262027,14,"TBL",8478416,"Erik","Cernak","Erik Cernak","D","current_roster",TRUE,"2026-10-08T18:58:59.817Z","2026-10-08_185709_37828221813_1_d821bc9479044132b0bd68121a5ce6af",2026020060,"2026-10-08","2026-10-08T23:00:00Z","FUT","Wild","2026-10-08T18:58:58.240Z","https://www.nhl.com/news/nhl-lineup-projections-2026-27-season","2026-10-08",1,"missing_or_duplicate_team_block",FALSE,NA,NA,NA,NA,NA,NA,NA
20262027,20262027,14,"TBL",8481719,"Max","Crozier","Max Crozier","D","current_roster",TRUE,"2026-10-08T18:58:59.819Z","2026-10-08_185709_37828221813_1_d821bc9479044132b0bd68121a5ce6af",2026020060,"2026-10-08","2026-10-08T23:00:00Z","FUT","Wild","2026-10-08T18:58:58.240Z","https://www.nhl.com/news/nhl-lineup-projections-2026-27-season","2026-10-08",1,"missing_or_duplicate_team_block",FALSE,NA,NA,NA,NA,NA,NA,NA
20262027,20262027,14,"TBL",8480426,"Charle-Edouard","D'Astous","Charle-Edouard D'Astous","D","current_roster",TRUE,"2026-10-08T18:58:59.821Z","2026-10-08_185709_37828221813_1_d821bc9479044132b0bd68121a5ce6af",2026020060,"2026-10-08","2026-10-08T23:00:00Z","FUT","Wild","2026-10-08T18:58:58.240Z","https://www.nhl.com/news/nhl-lineup-projections-2026-27-season","2026-10-08",1,"missing_or_duplicate_team_block",FALSE,NA,NA,NA,NA,NA,NA,NA
20262027,20262027,14,"TBL",8475167,"Victor","Hedman","Victor Hedman","D","current_roster",TRUE,"2026-10-08T18:58:59.823Z","2026-10-08_185709_37828221813_1_d821bc9479044132b0bd68121a5ce6af",2026020060,"2026-10-08","2026-10-08T23:00:00Z","FUT","Wild","2026-10-08T18:58:58.240Z","https://www.nhl.com/news/nhl-lineup-projections-2026-27-season","2026-10-08",1,"missing_or_duplicate_team_block",FALSE,NA,NA,NA,NA,NA,NA,NA
20262027,20262027,14,"TBL",8482929,"Emil","Lilleberg","Emil Lilleberg","D","current_roster",TRUE,"2026-10-08T18:58:59.829Z","2026-10-08_185709_37828221813_1_d821bc9479044132b0bd68121a5ce6af",2026020060,"2026-10-08","2026-10-08T23:00:00Z","FUT","Wild","2026-10-08T18:58:58.240Z","https://www.nhl.com/news/nhl-lineup-projections-2026-27-season","2026-10-08",1,"missing_or_duplicate_team_block",FALSE,NA,NA,NA,NA,NA,NA,NA
20262027,20262027,14,"TBL",8474151,"Ryan","McDonagh","Ryan McDonagh","D","current_roster",TRUE,"2026-10-08T18:58:59.831Z","2026-10-08_185709_37828221813_1_d821bc9479044132b0bd68121a5ce6af",2026020060,"2026-10-08","2026-10-08T23:00:00Z","FUT","Wild","2026-10-08T18:58:58.240Z","https://www.nhl.com/news/nhl-lineup-projections-2026-27-season","2026-10-08",1,"missing_or_duplicate_team_block",FALSE,NA,NA,NA,NA,NA,NA,NA
20262027,20262027,14,"TBL",8482655,"J.J.","Moser","J.J. Moser","D","current_roster",TRUE,"2026-10-08T18:58:59.833Z","2026-10-08_185709_37828221813_1_d821bc9479044132b0bd68121a5ce6af",2026020060,"2026-10-08","2026-10-08T23:00:00Z","FUT","Wild","2026-10-08T18:58:58.240Z","https://www.nhl.com/news/nhl-lineup-projections-2026-27-season","2026-10-08",1,"missing_or_duplicate_team_block",FALSE,NA,NA,NA,NA,NA,NA,NA
20262027,20262027,14,"TBL",8483710,"Dennis","Hildeby","Dennis Hildeby","G","current_roster",TRUE,"2026-10-08T18:58:59.835Z","2026-10-08_185709_37828221813_1_d821bc9479044132b0bd68121a5ce6af",2026020060,"2026-10-08","2026-10-08T23:00:00Z","FUT","Wild","2026-10-08T18:58:58.240Z","https://www.nhl.com/news/nhl-lineup-projections-2026-27-season","2026-10-08",1,"missing_or_duplicate_team_block",FALSE,NA,NA,NA,NA,NA,NA,NA
20262027,20262027,14,"TBL",8476883,"Andrei","Vasilevskiy","Andrei Vasilevskiy","G","current_roster",TRUE,"2026-10-08T18:58:59.837Z","2026-10-08_185709_37828221813_1_d821bc9479044132b0bd68121a5ce6af",2026020060,"2026-10-08","2026-10-08T23:00:00Z","FUT","Wild","2026-10-08T18:58:58.240Z","https://www.nhl.com/news/nhl-lineup-projections-2026-27-season","2026-10-08",1,"missing_or_duplicate_team_block",FALSE,NA,NA,NA,NA,NA,NA,NA
20262027,20262027,23,"VAN",8483395,"Arshdeep","Bains","Arshdeep Bains","F","current_roster",TRUE,"2026-10-08T18:59:00.066Z","2026-10-08_185709_37828221813_1_d821bc9479044132b0bd68121a5ce6af",2026020061,"2026-10-08","2026-10-08T23:00:00Z","FUT","Hurricanes","2026-10-08T18:58:58.240Z","https://www.nhl.com/news/nhl-lineup-projections-2026-27-season","2026-10-08",1,"participant_unresolved",FALSE,NA,NA,NA,NA,NA,NA,NA
20262027,20262027,23,"VAN",8478444,"Brock","Boeser","Brock Boeser","F","current_roster",TRUE,"2026-10-08T18:59:00.068Z","2026-10-08_185709_37828221813_1_d821bc9479044132b0bd68121a5ce6af",2026020061,"2026-10-08","2026-10-08T23:00:00Z","FUT","Hurricanes","2026-10-08T18:58:58.240Z","https://www.nhl.com/news/nhl-lineup-projections-2026-27-season","2026-10-08",1,"participant_unresolved",FALSE,NA,NA,NA,NA,NA,NA,NA
20262027,20262027,23,"VAN",8480078,"Filip","Chytil","Filip Chytil","F","current_roster",TRUE,"2026-10-08T18:59:00.070Z","2026-10-08_185709_37828221813_1_d821bc9479044132b0bd68121a5ce6af",2026020061,"2026-10-08","2026-10-08T23:00:00Z","FUT","Hurricanes","2026-10-08T18:58:58.240Z","https://www.nhl.com/news/nhl-lineup-projections-2026-27-season","2026-10-08",1,"participant_unresolved",FALSE,NA,NA,NA,NA,NA,NA,NA
20262027,20262027,23,"VAN",8481032,"Paul","Cotter","Paul Cotter","F","current_roster",TRUE,"2026-10-08T18:59:00.072Z","2026-10-08_185709_37828221813_1_d821bc9479044132b0bd68121a5ce6af",2026020061,"2026-10-08","2026-10-08T23:00:00Z","FUT","Hurricanes","2026-10-08T18:58:58.240Z","https://www.nhl.com/news/nhl-lineup-projections-2026-27-season","2026-10-08",1,"participant_unresolved",FALSE,NA,NA,NA,NA,NA,NA,NA
20262027,20262027,23,"VAN",8478498,"Jake","DeBrusk","Jake DeBrusk","F","current_roster",TRUE,"2026-10-08T18:59:00.074Z","2026-10-08_185709_37828221813_1_d821bc9479044132b0bd68121a5ce6af",2026020061,"2026-10-08","2026-10-08T23:00:00Z","FUT","Hurricanes","2026-10-08T18:58:58.240Z","https://www.nhl.com/news/nhl-lineup-projections-2026-27-season","2026-10-08",1,"participant_unresolved",FALSE,NA,NA,NA,NA,NA,NA,NA
20262027,20262027,23,"VAN",8475848,"Brendan","Gallagher","Brendan Gallagher","F","current_roster",TRUE,"2026-10-08T18:59:00.076Z","2026-10-08_185709_37828221813_1_d821bc9479044132b0bd68121a5ce6af",2026020061,"2026-10-08","2026-10-08T23:00:00Z","FUT","Hurricanes","2026-10-08T18:58:58.240Z","https://www.nhl.com/news/nhl-lineup-projections-2026-27-season","2026-10-08",1,"participant_unresolved",FALSE,NA,NA,NA,NA,NA,NA,NA
20262027,20262027,23,"VAN",8481024,"Linus","Karlsson","Linus Karlsson","F","current_roster",TRUE,"2026-10-08T18:59:00.078Z","2026-10-08_185709_37828221813_1_d821bc9479044132b0bd68121a5ce6af",2026020061,"2026-10-08","2026-10-08T23:00:00Z","FUT","Hurricanes","2026-10-08T18:58:58.240Z","https://www.nhl.com/news/nhl-lineup-projections-2026-27-season","2026-10-08",1,"participant_unresolved",FALSE,NA,NA,NA,NA,NA,NA,NA
20262027,20262027,23,"VAN",8483476,"Jonathan","Lekkerimäki","Jonathan Lekkerimäki","F","current_roster",TRUE,"2026-10-08T18:59:00.080Z","2026-10-08_185709_37828221813_1_d821bc9479044132b0bd68121a5ce6af",2026020061,"2026-10-08","2026-10-08T23:00:00Z","FUT","Hurricanes","2026-10-08T18:58:58.240Z","https://www.nhl.com/news/nhl-lineup-projections-2026-27-season","2026-10-08",1,"participant_unresolved",FALSE,NA,NA,NA,NA,NA,NA,NA
20262027,20262027,23,"VAN",8482055,"Drew","O'Connor","Drew O'Connor","F","current_roster",TRUE,"2026-10-08T18:59:00.082Z","2026-10-08_185709_37828221813_1_d821bc9479044132b0bd68121a5ce6af",2026020061,"2026-10-08","2026-10-08T23:00:00Z","FUT","Hurricanes","2026-10-08T18:58:58.240Z","https://www.nhl.com/news/nhl-lineup-projections-2026-27-season","2026-10-08",1,"participant_unresolved",FALSE,NA,NA,NA,NA,NA,NA,NA
20262027,20262027,23,"VAN",8483499,"Liam","Ohgren","Liam Ohgren","F","current_roster",TRUE,"2026-10-08T18:59:00.084Z","2026-10-08_185709_37828221813_1_d821bc9479044132b0bd68121a5ce6af",2026020061,"2026-10-08","2026-10-08T23:00:00Z","FUT","Hurricanes","2026-10-08T18:58:58.240Z","https://www.nhl.com/news/nhl-lineup-projections-2026-27-season","2026-10-08",1,"participant_unresolved",FALSE,NA,NA,NA,NA,NA,NA,NA
20262027,20262027,23,"VAN",8480012,"Elias","Pettersson","Elias Pettersson","F","current_roster",TRUE,"2026-10-08T18:59:00.086Z","2026-10-08_185709_37828221813_1_d821bc9479044132b0bd68121a5ce6af",2026020061,"2026-10-08","2026-10-08T23:00:00Z","FUT","Hurricanes","2026-10-08T18:58:58.240Z","https://www.nhl.com/news/nhl-lineup-projections-2026-27-season","2026-10-08",1,"participant_unresolved",FALSE,NA,NA,NA,NA,NA,NA,NA
20262027,20262027,23,"VAN",8482691,"Aatu","Räty","Aatu Räty","F","current_roster",TRUE,"2026-10-08T18:59:00.088Z","2026-10-08_185709_37828221813_1_d821bc9479044132b0bd68121a5ce6af",2026020061,"2026-10-08","2026-10-08T23:00:00Z","FUT","Hurricanes","2026-10-08T18:58:58.240Z","https://www.nhl.com/news/nhl-lineup-projections-2026-27-season","2026-10-08",1,"participant_unresolved",FALSE,NA,NA,NA,NA,NA,NA,NA
20262027,20262027,23,"VAN",8482079,"Marco","Rossi","Marco Rossi","F","current_roster",TRUE,"2026-10-08T18:59:00.090Z","2026-10-08_185709_37828221813_1_d821bc9479044132b0bd68121a5ce6af",2026020061,"2026-10-08","2026-10-08T23:00:00Z","FUT","Hurricanes","2026-10-08T18:58:58.240Z","https://www.nhl.com/news/nhl-lineup-projections-2026-27-season","2026-10-08",1,"participant_unresolved",FALSE,NA,NA,NA,NA,NA,NA,NA
20262027,20262027,23,"VAN",8484136,"Max","Sasson","Max Sasson","F","current_roster",TRUE,"2026-10-08T18:59:00.092Z","2026-10-08_185709_37828221813_1_d821bc9479044132b0bd68121a5ce6af",2026020061,"2026-10-08","2026-10-08T23:00:00Z","FUT","Hurricanes","2026-10-08T18:58:58.240Z","https://www.nhl.com/news/nhl-lineup-projections-2026-27-season","2026-10-08",1,"participant_unresolved",FALSE,NA,NA,NA,NA,NA,NA,NA
20262027,20262027,23,"VAN",8478465,"Guillaume","Brisebois","Guillaume Brisebois","D","current_roster",TRUE,"2026-10-08T18:59:00.095Z","2026-10-08_185709_37828221813_1_d821bc9479044132b0bd68121a5ce6af",2026020061,"2026-10-08","2026-10-08T23:00:00Z","FUT","Hurricanes","2026-10-08T18:58:58.240Z","https://www.nhl.com/news/nhl-lineup-projections-2026-27-season","2026-10-08",1,"participant_unresolved",FALSE,NA,NA,NA,NA,NA,NA,NA
20262027,20262027,23,"VAN",8484798,"Zeev","Buium","Zeev Buium","D","current_roster",TRUE,"2026-10-08T18:59:00.100Z","2026-10-08_185709_37828221813_1_d821bc9479044132b0bd68121a5ce6af",2026020061,"2026-10-08","2026-10-08T23:00:00Z","FUT","Hurricanes","2026-10-08T18:58:58.240Z","https://www.nhl.com/news/nhl-lineup-projections-2026-27-season","2026-10-08",1,"participant_unresolved",FALSE,NA,NA,NA,NA,NA,NA,NA
20262027,20262027,23,"VAN",8479425,"Filip","Hronek","Filip Hronek","D","current_roster",TRUE,"2026-10-08T18:59:00.102Z","2026-10-08_185709_37828221813_1_d821bc9479044132b0bd68121a5ce6af",2026020061,"2026-10-08","2026-10-08T23:00:00Z","FUT","Hurricanes","2026-10-08T18:58:58.240Z","https://www.nhl.com/news/nhl-lineup-projections-2026-27-season","2026-10-08",1,"participant_unresolved",FALSE,NA,NA,NA,NA,NA,NA,NA
20262027,20262027,23,"VAN",8483768,"Victor","Mancini","Victor Mancini","D","current_roster",TRUE,"2026-10-08T18:59:00.104Z","2026-10-08_185709_37828221813_1_d821bc9479044132b0bd68121a5ce6af",2026020061,"2026-10-08","2026-10-08T23:00:00Z","FUT","Hurricanes","2026-10-08T18:58:58.240Z","https://www.nhl.com/news/nhl-lineup-projections-2026-27-season","2026-10-08",1,"participant_unresolved",FALSE,NA,NA,NA,NA,NA,NA,NA
20262027,20262027,23,"VAN",8476467,"Jamie","Oleksiak","Jamie Oleksiak","D","current_roster",TRUE,"2026-10-08T18:59:00.106Z","2026-10-08_185709_37828221813_1_d821bc9479044132b0bd68121a5ce6af",2026020061,"2026-10-08","2026-10-08T23:00:00Z","FUT","Hurricanes","2026-10-08T18:58:58.240Z","https://www.nhl.com/news/nhl-lineup-projections-2026-27-season","2026-10-08",1,"participant_unresolved",FALSE,NA,NA,NA,NA,NA,NA,NA
20262027,20262027,23,"VAN",8483678,"Elias","Pettersson","Elias Pettersson","D","current_roster",TRUE,"2026-10-08T18:59:00.108Z","2026-10-08_185709_37828221813_1_d821bc9479044132b0bd68121a5ce6af",2026020061,"2026-10-08","2026-10-08T23:00:00Z","FUT","Hurricanes","2026-10-08T18:58:58.240Z","https://www.nhl.com/news/nhl-lineup-projections-2026-27-season","2026-10-08",1,"participant_unresolved",FALSE,NA,NA,NA,NA,NA,NA,NA
20262027,20262027,23,"VAN",8474568,"Luke","Schenn","Luke Schenn","D","current_roster",TRUE,"2026-10-08T18:59:00.110Z","2026-10-08_185709_37828221813_1_d821bc9479044132b0bd68121a5ce6af",2026020061,"2026-10-08","2026-10-08T23:00:00Z","FUT","Hurricanes","2026-10-08T18:58:58.240Z","https://www.nhl.com/news/nhl-lineup-projections-2026-27-season","2026-10-08",1,"participant_unresolved",FALSE,NA,NA,NA,NA,NA,NA,NA
20262027,20262027,23,"VAN",8484240,"Tom","Willander","Tom Willander","D","current_roster",TRUE,"2026-10-08T18:59:00.112Z","2026-10-08_185709_37828221813_1_d821bc9479044132b0bd68121a5ce6af",2026020061,"2026-10-08","2026-10-08T23:00:00Z","FUT","Hurricanes","2026-10-08T18:58:58.240Z","https://www.nhl.com/news/nhl-lineup-projections-2026-27-season","2026-10-08",1,"participant_unresolved",FALSE,NA,NA,NA,NA,NA,NA,NA
20262027,20262027,23,"VAN",8477967,"Thatcher","Demko","Thatcher Demko","G","current_roster",TRUE,"2026-10-08T18:59:00.114Z","2026-10-08_185709_37828221813_1_d821bc9479044132b0bd68121a5ce6af",2026020061,"2026-10-08","2026-10-08T23:00:00Z","FUT","Hurricanes","2026-10-08T18:58:58.240Z","https://www.nhl.com/news/nhl-lineup-projections-2026-27-season","2026-10-08",1,"participant_unresolved",FALSE,NA,NA,NA,NA,NA,NA,NA
20262027,20262027,23,"VAN",8480947,"Kevin","Lankinen","Kevin Lankinen","G","current_roster",TRUE,"2026-10-08T18:59:00.116Z","2026-10-08_185709_37828221813_1_d821bc9479044132b0bd68121a5ce6af",2026020061,"2026-10-08","2026-10-08T23:00:00Z","FUT","Hurricanes","2026-10-08T18:58:58.240Z","https://www.nhl.com/news/nhl-lineup-projections-2026-27-season","2026-10-08",1,"participant_unresolved",FALSE,NA,NA,NA,NA,NA,NA,NA
20262027,20262027,23,"VAN",8482447,"Leevi","Meriläinen","Leevi Meriläinen","G","current_roster",TRUE,"2026-10-08T18:59:00.118Z","2026-10-08_185709_37828221813_1_d821bc9479044132b0bd68121a5ce6af",2026020061,"2026-10-08","2026-10-08T23:00:00Z","FUT","Hurricanes","2026-10-08T18:58:58.240Z","https://www.nhl.com/news/nhl-lineup-projections-2026-27-season","2026-10-08",1,"participant_unresolved",FALSE,NA,NA,NA,NA,NA,NA,NA
20262027,20262027,12,"CAR",8478427,"Sebastian","Aho","Sebastian Aho","F","current_roster",TRUE,"2026-10-08T18:58:58.908Z","2026-10-08_185709_37828221813_1_d821bc9479044132b0bd68121a5ce6af",2026020061,"2026-10-08","2026-10-08T23:00:00Z","FUT","Canucks","2026-10-08T18:58:58.240Z","https://www.nhl.com/news/nhl-lineup-projections-2026-27-season","2026-10-08",1,"participant_unresolved",FALSE,NA,NA,NA,NA,NA,NA,NA
20262027,20262027,12,"CAR",8482809,"Jackson","Blake","Jackson Blake","F","current_roster",TRUE,"2026-10-08T18:58:58.910Z","2026-10-08_185709_37828221813_1_d821bc9479044132b0bd68121a5ce6af",2026020061,"2026-10-08","2026-10-08T23:00:00Z","FUT","Canucks","2026-10-08T18:58:58.240Z","https://www.nhl.com/news/nhl-lineup-projections-2026-27-season","2026-10-08",1,"participant_unresolved",FALSE,NA,NA,NA,NA,NA,NA,NA
20262027,20262027,12,"CAR",8477478,"William","Carrier","William Carrier","F","current_roster",TRUE,"2026-10-08T18:58:58.912Z","2026-10-08_185709_37828221813_1_d821bc9479044132b0bd68121a5ce6af",2026020061,"2026-10-08","2026-10-08T23:00:00Z","FUT","Canucks","2026-10-08T18:58:58.240Z","https://www.nhl.com/news/nhl-lineup-projections-2026-27-season","2026-10-08",1,"participant_unresolved",FALSE,NA,NA,NA,NA,NA,NA,NA
20262027,20262027,12,"CAR",8475235,"Nicolas","Deslauriers","Nicolas Deslauriers","F","current_roster",TRUE,"2026-10-08T18:58:58.914Z","2026-10-08_185709_37828221813_1_d821bc9479044132b0bd68121a5ce6af",2026020061,"2026-10-08","2026-10-08T23:00:00Z","FUT","Canucks","2026-10-08T18:58:58.240Z","https://www.nhl.com/news/nhl-lineup-projections-2026-27-season","2026-10-08",1,"participant_unresolved",FALSE,NA,NA,NA,NA,NA,NA,NA
20262027,20262027,12,"CAR",8477940,"Nikolaj","Ehlers","Nikolaj Ehlers","F","current_roster",TRUE,"2026-10-08T18:58:58.919Z","2026-10-08_185709_37828221813_1_d821bc9479044132b0bd68121a5ce6af",2026020061,"2026-10-08","2026-10-08T23:00:00Z","FUT","Canucks","2026-10-08T18:58:58.240Z","https://www.nhl.com/news/nhl-lineup-projections-2026-27-season","2026-10-08",1,"participant_unresolved",FALSE,NA,NA,NA,NA,NA,NA,NA
20262027,20262027,12,"CAR",8475791,"Taylor","Hall","Taylor Hall","F","current_roster",TRUE,"2026-10-08T18:58:58.921Z","2026-10-08_185709_37828221813_1_d821bc9479044132b0bd68121a5ce6af",2026020061,"2026-10-08","2026-10-08T23:00:00Z","FUT","Canucks","2026-10-08T18:58:58.240Z","https://www.nhl.com/news/nhl-lineup-projections-2026-27-season","2026-10-08",1,"participant_unresolved",FALSE,NA,NA,NA,NA,NA,NA,NA
20262027,20262027,12,"CAR",8476873,"Mark","Jankowski","Mark Jankowski","F","current_roster",TRUE,"2026-10-08T18:58:58.923Z","2026-10-08_185709_37828221813_1_d821bc9479044132b0bd68121a5ce6af",2026020061,"2026-10-08","2026-10-08T23:00:00Z","FUT","Canucks","2026-10-08T18:58:58.240Z","https://www.nhl.com/news/nhl-lineup-projections-2026-27-season","2026-10-08",1,"participant_unresolved",FALSE,NA,NA,NA,NA,NA,NA,NA
20262027,20262027,12,"CAR",8480829,"Jesperi","Kotkaniemi","Jesperi Kotkaniemi","F","current_roster",TRUE,"2026-10-08T18:58:58.925Z","2026-10-08_185709_37828221813_1_d821bc9479044132b0bd68121a5ce6af",2026020061,"2026-10-08","2026-10-08T23:00:00Z","FUT","Canucks","2026-10-08T18:58:58.240Z","https://www.nhl.com/news/nhl-lineup-projections-2026-27-season","2026-10-08",1,"participant_unresolved",FALSE,NA,NA,NA,NA,NA,NA,NA
20262027,20262027,12,"CAR",8476921,"Jordan","Martinook","Jordan Martinook","F","current_roster",TRUE,"2026-10-08T18:58:58.927Z","2026-10-08_185709_37828221813_1_d821bc9479044132b0bd68121a5ce6af",2026020061,"2026-10-08","2026-10-08T23:00:00Z","FUT","Canucks","2026-10-08T18:58:58.240Z","https://www.nhl.com/news/nhl-lineup-projections-2026-27-season","2026-10-08",1,"participant_unresolved",FALSE,NA,NA,NA,NA,NA,NA,NA
20262027,20262027,12,"CAR",8480762,"Eric","Robinson","Eric Robinson","F","current_roster",TRUE,"2026-10-08T18:58:58.929Z","2026-10-08_185709_37828221813_1_d821bc9479044132b0bd68121a5ce6af",2026020061,"2026-10-08","2026-10-08T23:00:00Z","FUT","Canucks","2026-10-08T18:58:58.240Z","https://www.nhl.com/news/nhl-lineup-projections-2026-27-season","2026-10-08",1,"participant_unresolved",FALSE,NA,NA,NA,NA,NA,NA,NA
20262027,20262027,12,"CAR",8473533,"Jordan","Staal","Jordan Staal","F","current_roster",TRUE,"2026-10-08T18:58:58.931Z","2026-10-08_185709_37828221813_1_d821bc9479044132b0bd68121a5ce6af",2026020061,"2026-10-08","2026-10-08T23:00:00Z","FUT","Canucks","2026-10-08T18:58:58.240Z","https://www.nhl.com/news/nhl-lineup-projections-2026-27-season","2026-10-08",1,"participant_unresolved",FALSE,NA,NA,NA,NA,NA,NA,NA
20262027,20262027,12,"CAR",8482702,"Logan","Stankoven","Logan Stankoven","F","current_roster",TRUE,"2026-10-08T18:58:58.933Z","2026-10-08_185709_37828221813_1_d821bc9479044132b0bd68121a5ce6af",2026020061,"2026-10-08","2026-10-08T23:00:00Z","FUT","Canucks","2026-10-08T18:58:58.240Z","https://www.nhl.com/news/nhl-lineup-projections-2026-27-season","2026-10-08",1,"participant_unresolved",FALSE,NA,NA,NA,NA,NA,NA,NA
20262027,20262027,12,"CAR",8480830,"Andrei","Svechnikov","Andrei Svechnikov","F","current_roster",TRUE,"2026-10-08T18:58:58.935Z","2026-10-08_185709_37828221813_1_d821bc9479044132b0bd68121a5ce6af",2026020061,"2026-10-08","2026-10-08T23:00:00Z","FUT","Canucks","2026-10-08T18:58:58.240Z","https://www.nhl.com/news/nhl-lineup-projections-2026-27-season","2026-10-08",1,"participant_unresolved",FALSE,NA,NA,NA,NA,NA,NA,NA
20262027,20262027,12,"CAR",8478970,"Jalen","Chatfield","Jalen Chatfield","D","current_roster",TRUE,"2026-10-08T18:58:58.938Z","2026-10-08_185709_37828221813_1_d821bc9479044132b0bd68121a5ce6af",2026020061,"2026-10-08","2026-10-08T23:00:00Z","FUT","Canucks","2026-10-08T18:58:58.240Z","https://www.nhl.com/news/nhl-lineup-projections-2026-27-season","2026-10-08",1,"participant_unresolved",FALSE,NA,NA,NA,NA,NA,NA,NA
20262027,20262027,12,"CAR",8476906,"Shayne","Gostisbehere","Shayne Gostisbehere","D","current_roster",TRUE,"2026-10-08T18:58:58.940Z","2026-10-08_185709_37828221813_1_d821bc9479044132b0bd68121a5ce6af",2026020061,"2026-10-08","2026-10-08T23:00:00Z","FUT","Canucks","2026-10-08T18:58:58.240Z","https://www.nhl.com/news/nhl-lineup-projections-2026-27-season","2026-10-08",1,"participant_unresolved",FALSE,NA,NA,NA,NA,NA,NA,NA
20262027,20262027,12,"CAR",8480817,"K'Andre","Miller","K'Andre Miller","D","current_roster",TRUE,"2026-10-08T18:58:58.942Z","2026-10-08_185709_37828221813_1_d821bc9479044132b0bd68121a5ce6af",2026020061,"2026-10-08","2026-10-08T23:00:00Z","FUT","Canucks","2026-10-08T18:58:58.240Z","https://www.nhl.com/news/nhl-lineup-projections-2026-27-season","2026-10-08",1,"participant_unresolved",FALSE,NA,NA,NA,NA,NA,NA,NA
20262027,20262027,12,"CAR",8476422,"Mike","Reilly","Mike Reilly","D","current_roster",TRUE,"2026-10-08T18:58:58.944Z","2026-10-08_185709_37828221813_1_d821bc9479044132b0bd68121a5ce6af",2026020061,"2026-10-08","2026-10-08T23:00:00Z","FUT","Canucks","2026-10-08T18:58:58.240Z","https://www.nhl.com/news/nhl-lineup-projections-2026-27-season","2026-10-08",1,"participant_unresolved",FALSE,NA,NA,NA,NA,NA,NA,NA
20262027,20262027,12,"CAR",8476958,"Jaccob","Slavin","Jaccob Slavin","D","current_roster",TRUE,"2026-10-08T18:58:58.946Z","2026-10-08_185709_37828221813_1_d821bc9479044132b0bd68121a5ce6af",2026020061,"2026-10-08","2026-10-08T23:00:00Z","FUT","Canucks","2026-10-08T18:58:58.240Z","https://www.nhl.com/news/nhl-lineup-projections-2026-27-season","2026-10-08",1,"participant_unresolved",FALSE,NA,NA,NA,NA,NA,NA,NA
20262027,20262027,12,"CAR",8479976,"Juuso","Välimäki","Juuso Välimäki","D","current_roster",TRUE,"2026-10-08T18:58:58.948Z","2026-10-08_185709_37828221813_1_d821bc9479044132b0bd68121a5ce6af",2026020061,"2026-10-08","2026-10-08T23:00:00Z","FUT","Canucks","2026-10-08T18:58:58.240Z","https://www.nhl.com/news/nhl-lineup-projections-2026-27-season","2026-10-08",1,"participant_unresolved",FALSE,NA,NA,NA,NA,NA,NA,NA
20262027,20262027,12,"CAR",8480336,"Sean","Walker","Sean Walker","D","current_roster",TRUE,"2026-10-08T18:58:58.950Z","2026-10-08_185709_37828221813_1_d821bc9479044132b0bd68121a5ce6af",2026020061,"2026-10-08","2026-10-08T23:00:00Z","FUT","Canucks","2026-10-08T18:58:58.240Z","https://www.nhl.com/news/nhl-lineup-projections-2026-27-season","2026-10-08",1,"participant_unresolved",FALSE,NA,NA,NA,NA,NA,NA,NA
20262027,20262027,12,"CAR",8483548,"Brandon","Bussi","Brandon Bussi","G","current_roster",TRUE,"2026-10-08T18:58:58.952Z","2026-10-08_185709_37828221813_1_d821bc9479044132b0bd68121a5ce6af",2026020061,"2026-10-08","2026-10-08T23:00:00Z","FUT","Canucks","2026-10-08T18:58:58.240Z","https://www.nhl.com/news/nhl-lineup-projections-2026-27-season","2026-10-08",1,"participant_unresolved",FALSE,NA,NA,NA,NA,NA,NA,NA
20262027,20262027,12,"CAR",8481611,"Pyotr","Kochetkov","Pyotr Kochetkov","G","current_roster",TRUE,"2026-10-08T18:58:58.954Z","2026-10-08_185709_37828221813_1_d821bc9479044132b0bd68121a5ce6af",2026020061,"2026-10-08","2026-10-08T23:00:00Z","FUT","Canucks","2026-10-08T18:58:58.240Z","https://www.nhl.com/news/nhl-lineup-projections-2026-27-season","2026-10-08",1,"participant_unresolved",FALSE,NA,NA,NA,NA,NA,NA,NA
20262027,20262027,16,"CHI",8484144,"Connor","Bedard","Connor Bedard","F","current_roster",TRUE,"2026-10-08T18:58:59.510Z","2026-10-08_185709_37828221813_1_d821bc9479044132b0bd68121a5ce6af",2026020062,"2026-10-08","2026-10-08T23:30:00Z","FUT","Islanders","2026-10-08T18:58:58.240Z","https://www.nhl.com/news/nhl-lineup-projections-2026-27-season","2026-10-08",1,"participant_unresolved",FALSE,NA,NA,NA,NA,NA,NA,NA
20262027,20262027,16,"CHI",8477479,"Tyler","Bertuzzi","Tyler Bertuzzi","F","current_roster",TRUE,"2026-10-08T18:58:59.513Z","2026-10-08_185709_37828221813_1_d821bc9479044132b0bd68121a5ce6af",2026020062,"2026-10-08","2026-10-08T23:30:00Z","FUT","Islanders","2026-10-08T18:58:58.240Z","https://www.nhl.com/news/nhl-lineup-projections-2026-27-season","2026-10-08",1,"participant_unresolved",FALSE,NA,NA,NA,NA,NA,NA,NA
20262027,20262027,16,"CHI",8477987,"Ryan","Donato","Ryan Donato","F","current_roster",TRUE,"2026-10-08T18:58:59.515Z","2026-10-08_185709_37828221813_1_d821bc9479044132b0bd68121a5ce6af",2026020062,"2026-10-08","2026-10-08T23:30:00Z","FUT","Islanders","2026-10-08T18:58:58.240Z","https://www.nhl.com/news/nhl-lineup-projections-2026-27-season","2026-10-08",1,"participant_unresolved",FALSE,NA,NA,NA,NA,NA,NA,NA
20262027,20262027,16,"CHI",8485391,"Anton","Frondell","Anton Frondell","F","current_roster",TRUE,"2026-10-08T18:58:59.517Z","2026-10-08_185709_37828221813_1_d821bc9479044132b0bd68121a5ce6af",2026020062,"2026-10-08","2026-10-08T23:30:00Z","FUT","Islanders","2026-10-08T18:58:58.240Z","https://www.nhl.com/news/nhl-lineup-projections-2026-27-season","2026-10-08",1,"participant_unresolved",FALSE,NA,NA,NA,NA,NA,NA,NA
20262027,20262027,16,"CHI",8483450,"Ryan","Greene","Ryan Greene","F","current_roster",TRUE,"2026-10-08T18:58:59.519Z","2026-10-08_185709_37828221813_1_d821bc9479044132b0bd68121a5ce6af",2026020062,"2026-10-08","2026-10-08T23:30:00Z","FUT","Islanders","2026-10-08T18:58:58.240Z","https://www.nhl.com/news/nhl-lineup-projections-2026-27-season","2026-10-08",1,"participant_unresolved",FALSE,NA,NA,NA,NA,NA,NA,NA
20262027,20262027,16,"CHI",8478413,"Jordan","Greenway","Jordan Greenway","F","current_roster",TRUE,"2026-10-08T18:58:59.521Z","2026-10-08_185709_37828221813_1_d821bc9479044132b0bd68121a5ce6af",2026020062,"2026-10-08","2026-10-08T23:30:00Z","FUT","Islanders","2026-10-08T18:58:58.240Z","https://www.nhl.com/news/nhl-lineup-projections-2026-27-season","2026-10-08",1,"participant_unresolved",FALSE,NA,NA,NA,NA,NA,NA,NA
20262027,20262027,16,"CHI",8474141,"Patrick","Kane","Patrick Kane","F","current_roster",TRUE,"2026-10-08T18:58:59.523Z","2026-10-08_185709_37828221813_1_d821bc9479044132b0bd68121a5ce6af",2026020062,"2026-10-08","2026-10-08T23:30:00Z","FUT","Islanders","2026-10-08T18:58:58.240Z","https://www.nhl.com/news/nhl-lineup-projections-2026-27-season","2026-10-08",1,"participant_unresolved",FALSE,NA,NA,NA,NA,NA,NA,NA
20262027,20262027,16,"CHI",8484390,"Roman","Kantserov","Roman Kantserov","F","current_roster",TRUE,"2026-10-08T18:58:59.525Z","2026-10-08_185709_37828221813_1_d821bc9479044132b0bd68121a5ce6af",2026020062,"2026-10-08","2026-10-08T23:30:00Z","FUT","Islanders","2026-10-08T18:58:58.240Z","https://www.nhl.com/news/nhl-lineup-projections-2026-27-season","2026-10-08",1,"participant_unresolved",FALSE,NA,NA,NA,NA,NA,NA,NA
20262027,20262027,16,"CHI",8484185,"Nick","Lardis","Nick Lardis","F","current_roster",TRUE,"2026-10-08T18:58:59.527Z","2026-10-08_185709_37828221813_1_d821bc9479044132b0bd68121a5ce6af",2026020062,"2026-10-08","2026-10-08T23:30:00Z","FUT","Islanders","2026-10-08T18:58:58.240Z","https://www.nhl.com/news/nhl-lineup-projections-2026-27-season","2026-10-08",1,"participant_unresolved",FALSE,NA,NA,NA,NA,NA,NA,NA
20262027,20262027,16,"CHI",8478233,"Andrew","Mangiapane","Andrew Mangiapane","F","current_roster",TRUE,"2026-10-08T18:58:59.529Z","2026-10-08_185709_37828221813_1_d821bc9479044132b0bd68121a5ce6af",2026020062,"2026-10-08","2026-10-08T23:30:00Z","FUT","Islanders","2026-10-08T18:58:58.240Z","https://www.nhl.com/news/nhl-lineup-projections-2026-27-season","2026-10-08",1,"participant_unresolved",FALSE,NA,NA,NA,NA,NA,NA,NA
20262027,20262027,16,"CHI",8484197,"Oliver","Moore","Oliver Moore","F","current_roster",TRUE,"2026-10-08T18:58:59.531Z","2026-10-08_185709_37828221813_1_d821bc9479044132b0bd68121a5ce6af",2026020062,"2026-10-08","2026-10-08T23:30:00Z","FUT","Islanders","2026-10-08T18:58:58.240Z","https://www.nhl.com/news/nhl-lineup-projections-2026-27-season","2026-10-08",1,"participant_unresolved",FALSE,NA,NA,NA,NA,NA,NA,NA
20262027,20262027,16,"CHI",8483493,"Frank","Nazar","Frank Nazar","F","current_roster",TRUE,"2026-10-08T18:58:59.533Z","2026-10-08_185709_37828221813_1_d821bc9479044132b0bd68121a5ce6af",2026020062,"2026-10-08","2026-10-08T23:30:00Z","FUT","Islanders","2026-10-08T18:58:58.240Z","https://www.nhl.com/news/nhl-lineup-projections-2026-27-season","2026-10-08",1,"participant_unresolved",FALSE,NA,NA,NA,NA,NA,NA,NA
20262027,20262027,16,"CHI",8482062,"Cole","Smith","Cole Smith","F","current_roster",TRUE,"2026-10-08T18:58:59.535Z","2026-10-08_185709_37828221813_1_d821bc9479044132b0bd68121a5ce6af",2026020062,"2026-10-08","2026-10-08T23:30:00Z","FUT","Islanders","2026-10-08T18:58:58.240Z","https://www.nhl.com/news/nhl-lineup-projections-2026-27-season","2026-10-08",1,"participant_unresolved",FALSE,NA,NA,NA,NA,NA,NA,NA
20262027,20262027,16,"CHI",8476882,"Teuvo","Teravainen","Teuvo Teravainen","F","current_roster",TRUE,"2026-10-08T18:58:59.537Z","2026-10-08_185709_37828221813_1_d821bc9479044132b0bd68121a5ce6af",2026020062,"2026-10-08","2026-10-08T23:30:00Z","FUT","Islanders","2026-10-08T18:58:58.240Z","https://www.nhl.com/news/nhl-lineup-projections-2026-27-season","2026-10-08",1,"participant_unresolved",FALSE,NA,NA,NA,NA,NA,NA,NA
20262027,20262027,16,"CHI",8481524,"Bowen","Byram","Bowen Byram","D","current_roster",TRUE,"2026-10-08T18:58:59.539Z","2026-10-08_185709_37828221813_1_d821bc9479044132b0bd68121a5ce6af",2026020062,"2026-10-08","2026-10-08T23:30:00Z","FUT","Islanders","2026-10-08T18:58:58.240Z","https://www.nhl.com/news/nhl-lineup-projections-2026-27-season","2026-10-08",1,"participant_unresolved",FALSE,NA,NA,NA,NA,NA,NA,NA
20262027,20262027,16,"CHI",8474013,"Ian","Cole","Ian Cole","D","current_roster",TRUE,"2026-10-08T18:58:59.541Z","2026-10-08_185709_37828221813_1_d821bc9479044132b0bd68121a5ce6af",2026020062,"2026-10-08","2026-10-08T23:30:00Z","FUT","Islanders","2026-10-08T18:58:58.240Z","https://www.nhl.com/news/nhl-lineup-projections-2026-27-season","2026-10-08",1,"participant_unresolved",FALSE,NA,NA,NA,NA,NA,NA,NA
20262027,20262027,16,"CHI",8482807,"Ethan","Del Mastro","Ethan Del Mastro","D","current_roster",TRUE,"2026-10-08T18:58:59.543Z","2026-10-08_185709_37828221813_1_d821bc9479044132b0bd68121a5ce6af",2026020062,"2026-10-08","2026-10-08T23:30:00Z","FUT","Islanders","2026-10-08T18:58:58.240Z","https://www.nhl.com/news/nhl-lineup-projections-2026-27-season","2026-10-08",1,"participant_unresolved",FALSE,NA,NA,NA,NA,NA,NA,NA
20262027,20262027,16,"CHI",8482176,"Wyatt","Kaiser","Wyatt Kaiser","D","current_roster",TRUE,"2026-10-08T18:58:59.546Z","2026-10-08_185709_37828221813_1_d821bc9479044132b0bd68121a5ce6af",2026020062,"2026-10-08","2026-10-08T23:30:00Z","FUT","Islanders","2026-10-08T18:58:58.240Z","https://www.nhl.com/news/nhl-lineup-projections-2026-27-season","2026-10-08",1,"participant_unresolved",FALSE,NA,NA,NA,NA,NA,NA,NA
20262027,20262027,16,"CHI",8483466,"Kevin","Korchinski","Kevin Korchinski","D","current_roster",TRUE,"2026-10-08T18:58:59.548Z","2026-10-08_185709_37828221813_1_d821bc9479044132b0bd68121a5ce6af",2026020062,"2026-10-08","2026-10-08T23:30:00Z","FUT","Islanders","2026-10-08T18:58:58.240Z","https://www.nhl.com/news/nhl-lineup-projections-2026-27-season","2026-10-08",1,"participant_unresolved",FALSE,NA,NA,NA,NA,NA,NA,NA
20262027,20262027,16,"CHI",8484783,"Artyom","Levshunov","Artyom Levshunov","D","current_roster",TRUE,"2026-10-08T18:58:59.550Z","2026-10-08_185709_37828221813_1_d821bc9479044132b0bd68121a5ce6af",2026020062,"2026-10-08","2026-10-08T23:30:00Z","FUT","Islanders","2026-10-08T18:58:58.240Z","https://www.nhl.com/news/nhl-lineup-projections-2026-27-season","2026-10-08",1,"participant_unresolved",FALSE,NA,NA,NA,NA,NA,NA,NA
20262027,20262027,16,"CHI",8483506,"Sam","Rinzel","Sam Rinzel","D","current_roster",TRUE,"2026-10-08T18:58:59.552Z","2026-10-08_185709_37828221813_1_d821bc9479044132b0bd68121a5ce6af",2026020062,"2026-10-08","2026-10-08T23:30:00Z","FUT","Islanders","2026-10-08T18:58:58.240Z","https://www.nhl.com/news/nhl-lineup-projections-2026-27-season","2026-10-08",1,"participant_unresolved",FALSE,NA,NA,NA,NA,NA,NA,NA
20262027,20262027,16,"CHI",8481568,"Alex","Vlasic","Alex Vlasic","D","current_roster",TRUE,"2026-10-08T18:58:59.554Z","2026-10-08_185709_37828221813_1_d821bc9479044132b0bd68121a5ce6af",2026020062,"2026-10-08","2026-10-08T23:30:00Z","FUT","Islanders","2026-10-08T18:58:58.240Z","https://www.nhl.com/news/nhl-lineup-projections-2026-27-season","2026-10-08",1,"participant_unresolved",FALSE,NA,NA,NA,NA,NA,NA,NA
20262027,20262027,16,"CHI",8481519,"Spencer","Knight","Spencer Knight","G","current_roster",TRUE,"2026-10-08T18:58:59.557Z","2026-10-08_185709_37828221813_1_d821bc9479044132b0bd68121a5ce6af",2026020062,"2026-10-08","2026-10-08T23:30:00Z","FUT","Islanders","2026-10-08T18:58:58.240Z","https://www.nhl.com/news/nhl-lineup-projections-2026-27-season","2026-10-08",1,"participant_unresolved",FALSE,NA,NA,NA,NA,NA,NA,NA
20262027,20262027,16,"CHI",8482821,"Arvid","Soderblom","Arvid Soderblom","G","current_roster",TRUE,"2026-10-08T18:58:59.559Z","2026-10-08_185709_37828221813_1_d821bc9479044132b0bd68121a5ce6af",2026020062,"2026-10-08","2026-10-08T23:30:00Z","FUT","Islanders","2026-10-08T18:58:58.240Z","https://www.nhl.com/news/nhl-lineup-projections-2026-27-season","2026-10-08",1,"participant_unresolved",FALSE,NA,NA,NA,NA,NA,NA,NA
20262027,20262027,2,"NYI",8475231,"Casey","Cizikas","Casey Cizikas","F","current_roster",TRUE,"2026-10-08T18:59:00.012Z","2026-10-08_185709_37828221813_1_d821bc9479044132b0bd68121a5ce6af",2026020062,"2026-10-08","2026-10-08T23:30:00Z","FUT","Blackhawks","2026-10-08T18:58:58.240Z","https://www.nhl.com/news/nhl-lineup-projections-2026-27-season","2026-10-08",1,"participant_unresolved",FALSE,NA,NA,NA,NA,NA,NA,NA
20262027,20262027,2,"NYI",8477407,"Anthony","Duclair","Anthony Duclair","F","current_roster",TRUE,"2026-10-08T18:59:00.014Z","2026-10-08_185709_37828221813_1_d821bc9479044132b0bd68121a5ce6af",2026020062,"2026-10-08","2026-10-08T23:30:00Z","FUT","Blackhawks","2026-10-08T18:58:58.240Z","https://www.nhl.com/news/nhl-lineup-projections-2026-27-season","2026-10-08",1,"participant_unresolved",FALSE,NA,NA,NA,NA,NA,NA,NA
20262027,20262027,2,"NYI",8485388,"Victor","Eklund","Victor Eklund","F","current_roster",TRUE,"2026-10-08T18:59:00.016Z","2026-10-08_185709_37828221813_1_d821bc9479044132b0bd68121a5ce6af",2026020062,"2026-10-08","2026-10-08T23:30:00Z","FUT","Blackhawks","2026-10-08T18:58:58.240Z","https://www.nhl.com/news/nhl-lineup-projections-2026-27-season","2026-10-08",1,"participant_unresolved",FALSE,NA,NA,NA,NA,NA,NA,NA
20262027,20262027,2,"NYI",8482476,"Emil","Heineman","Emil Heineman","F","current_roster",TRUE,"2026-10-08T18:59:00.018Z","2026-10-08_185709_37828221813_1_d821bc9479044132b0bd68121a5ce6af",2026020062,"2026-10-08","2026-10-08T23:30:00Z","FUT","Blackhawks","2026-10-08T18:58:58.240Z","https://www.nhl.com/news/nhl-lineup-projections-2026-27-season","2026-10-08",1,"participant_unresolved",FALSE,NA,NA,NA,NA,NA,NA,NA
20262027,20262027,2,"NYI",8481601,"Simon","Holmstrom","Simon Holmstrom","F","current_roster",TRUE,"2026-10-08T18:59:00.020Z","2026-10-08_185709_37828221813_1_d821bc9479044132b0bd68121a5ce6af",2026020062,"2026-10-08","2026-10-08T23:30:00Z","FUT","Blackhawks","2026-10-08T18:58:58.240Z","https://www.nhl.com/news/nhl-lineup-projections-2026-27-season","2026-10-08",1,"participant_unresolved",FALSE,NA,NA,NA,NA,NA,NA,NA
20262027,20262027,2,"NYI",8477500,"Bo","Horvat","Bo Horvat","F","current_roster",TRUE,"2026-10-08T18:59:00.022Z","2026-10-08_185709_37828221813_1_d821bc9479044132b0bd68121a5ce6af",2026020062,"2026-10-08","2026-10-08T23:30:00Z","FUT","Blackhawks","2026-10-08T18:58:58.240Z","https://www.nhl.com/news/nhl-lineup-projections-2026-27-season","2026-10-08",1,"participant_unresolved",FALSE,NA,NA,NA,NA,NA,NA,NA
20262027,20262027,2,"NYI",8481711,"Matias","Maccelli","Matias Maccelli","F","current_roster",TRUE,"2026-10-08T18:59:00.024Z","2026-10-08_185709_37828221813_1_d821bc9479044132b0bd68121a5ce6af",2026020062,"2026-10-08","2026-10-08T23:30:00Z","FUT","Blackhawks","2026-10-08T18:58:58.240Z","https://www.nhl.com/news/nhl-lineup-projections-2026-27-season","2026-10-08",1,"participant_unresolved",FALSE,NA,NA,NA,NA,NA,NA,NA
20262027,20262027,2,"NYI",8481237,"Kyle","MacLean","Kyle MacLean","F","current_roster",TRUE,"2026-10-08T18:59:00.026Z","2026-10-08_185709_37828221813_1_d821bc9479044132b0bd68121a5ce6af",2026020062,"2026-10-08","2026-10-08T23:30:00Z","FUT","Blackhawks","2026-10-08T18:58:58.240Z","https://www.nhl.com/news/nhl-lineup-projections-2026-27-season","2026-10-08",1,"participant_unresolved",FALSE,NA,NA,NA,NA,NA,NA,NA
20262027,20262027,2,"NYI",8476419,"Jean-Gabriel","Pageau","Jean-Gabriel Pageau","F","current_roster",TRUE,"2026-10-08T18:59:00.028Z","2026-10-08_185709_37828221813_1_d821bc9479044132b0bd68121a5ce6af",2026020062,"2026-10-08","2026-10-08T23:30:00Z","FUT","Blackhawks","2026-10-08T18:58:58.240Z","https://www.nhl.com/news/nhl-lineup-projections-2026-27-season","2026-10-08",1,"participant_unresolved",FALSE,NA,NA,NA,NA,NA,NA,NA
20262027,20262027,2,"NYI",8476292,"Ondrej","Palat","Ondrej Palat","F","current_roster",TRUE,"2026-10-08T18:59:00.034Z","2026-10-08_185709_37828221813_1_d821bc9479044132b0bd68121a5ce6af",2026020062,"2026-10-08","2026-10-08T23:30:00Z","FUT","Blackhawks","2026-10-08T18:58:58.240Z","https://www.nhl.com/news/nhl-lineup-projections-2026-27-season","2026-10-08",1,"participant_unresolved",FALSE,NA,NA,NA,NA,NA,NA,NA
20262027,20262027,2,"NYI",8475151,"Kyle","Palmieri","Kyle Palmieri","F","current_roster",TRUE,"2026-10-08T18:59:00.036Z","2026-10-08_185709_37828221813_1_d821bc9479044132b0bd68121a5ce6af",2026020062,"2026-10-08","2026-10-08T23:30:00Z","FUT","Blackhawks","2026-10-08T18:58:58.240Z","https://www.nhl.com/news/nhl-lineup-projections-2026-27-season","2026-10-08",1,"participant_unresolved",FALSE,NA,NA,NA,NA,NA,NA,NA
20262027,20262027,2,"NYI",8484221,"Calum","Ritchie","Calum Ritchie","F","current_roster",TRUE,"2026-10-08T18:59:00.038Z","2026-10-08_185709_37828221813_1_d821bc9479044132b0bd68121a5ce6af",2026020062,"2026-10-08","2026-10-08T23:30:00Z","FUT","Blackhawks","2026-10-08T18:58:58.240Z","https://www.nhl.com/news/nhl-lineup-projections-2026-27-season","2026-10-08",1,"participant_unresolved",FALSE,NA,NA,NA,NA,NA,NA,NA
20262027,20262027,2,"NYI",8475170,"Brayden","Schenn","Brayden Schenn","F","current_roster",TRUE,"2026-10-08T18:59:00.040Z","2026-10-08_185709_37828221813_1_d821bc9479044132b0bd68121a5ce6af",2026020062,"2026-10-08","2026-10-08T23:30:00Z","FUT","Blackhawks","2026-10-08T18:58:58.240Z","https://www.nhl.com/news/nhl-lineup-projections-2026-27-season","2026-10-08",1,"participant_unresolved",FALSE,NA,NA,NA,NA,NA,NA,NA
20262027,20262027,2,"NYI",8477950,"Tony","DeAngelo","Tony DeAngelo","D","current_roster",TRUE,"2026-10-08T18:59:00.043Z","2026-10-08_185709_37828221813_1_d821bc9479044132b0bd68121a5ce6af",2026020062,"2026-10-08","2026-10-08T23:30:00Z","FUT","Blackhawks","2026-10-08T18:58:58.240Z","https://www.nhl.com/news/nhl-lineup-projections-2026-27-season","2026-10-08",1,"participant_unresolved",FALSE,NA,NA,NA,NA,NA,NA,NA
20262027,20262027,2,"NYI",8482516,"Matthew","Kessel","Matthew Kessel","D","current_roster",TRUE,"2026-10-08T18:59:00.045Z","2026-10-08_185709_37828221813_1_d821bc9479044132b0bd68121a5ce6af",2026020062,"2026-10-08","2026-10-08T23:30:00Z","FUT","Blackhawks","2026-10-08T18:58:58.240Z","https://www.nhl.com/news/nhl-lineup-projections-2026-27-season","2026-10-08",1,"participant_unresolved",FALSE,NA,NA,NA,NA,NA,NA,NA
20262027,20262027,2,"NYI",8476429,"Scott","Mayfield","Scott Mayfield","D","current_roster",TRUE,"2026-10-08T18:59:00.047Z","2026-10-08_185709_37828221813_1_d821bc9479044132b0bd68121a5ce6af",2026020062,"2026-10-08","2026-10-08T23:30:00Z","FUT","Blackhawks","2026-10-08T18:58:58.240Z","https://www.nhl.com/news/nhl-lineup-projections-2026-27-season","2026-10-08",1,"participant_unresolved",FALSE,NA,NA,NA,NA,NA,NA,NA
20262027,20262027,2,"NYI",8476917,"Adam","Pelech","Adam Pelech","D","current_roster",TRUE,"2026-10-08T18:59:00.049Z","2026-10-08_185709_37828221813_1_d821bc9479044132b0bd68121a5ce6af",2026020062,"2026-10-08","2026-10-08T23:30:00Z","FUT","Blackhawks","2026-10-08T18:58:58.240Z","https://www.nhl.com/news/nhl-lineup-projections-2026-27-season","2026-10-08",1,"participant_unresolved",FALSE,NA,NA,NA,NA,NA,NA,NA
20262027,20262027,2,"NYI",8477506,"Ryan","Pulock","Ryan Pulock","D","current_roster",TRUE,"2026-10-08T18:59:00.051Z","2026-10-08_185709_37828221813_1_d821bc9479044132b0bd68121a5ce6af",2026020062,"2026-10-08","2026-10-08T23:30:00Z","FUT","Blackhawks","2026-10-08T18:58:58.240Z","https://www.nhl.com/news/nhl-lineup-projections-2026-27-season","2026-10-08",1,"participant_unresolved",FALSE,NA,NA,NA,NA,NA,NA,NA
20262027,20262027,2,"NYI",8481014,"Alexander","Romanov","Alexander Romanov","D","current_roster",TRUE,"2026-10-08T18:59:00.053Z","2026-10-08_185709_37828221813_1_d821bc9479044132b0bd68121a5ce6af",2026020062,"2026-10-08","2026-10-08T23:30:00Z","FUT","Blackhawks","2026-10-08T18:58:58.240Z","https://www.nhl.com/news/nhl-lineup-projections-2026-27-season","2026-10-08",1,"participant_unresolved",FALSE,NA,NA,NA,NA,NA,NA,NA
20262027,20262027,2,"NYI",8485366,"Matthew","Schaefer","Matthew Schaefer","D","current_roster",TRUE,"2026-10-08T18:59:00.055Z","2026-10-08_185709_37828221813_1_d821bc9479044132b0bd68121a5ce6af",2026020062,"2026-10-08","2026-10-08T23:30:00Z","FUT","Blackhawks","2026-10-08T18:58:58.240Z","https://www.nhl.com/news/nhl-lineup-projections-2026-27-season","2026-10-08",1,"participant_unresolved",FALSE,NA,NA,NA,NA,NA,NA,NA
20262027,20262027,2,"NYI",8479378,"Logan","Stanley","Logan Stanley","D","current_roster",TRUE,"2026-10-08T18:59:00.058Z","2026-10-08_185709_37828221813_1_d821bc9479044132b0bd68121a5ce6af",2026020062,"2026-10-08","2026-10-08T23:30:00Z","FUT","Blackhawks","2026-10-08T18:58:58.240Z","https://www.nhl.com/news/nhl-lineup-projections-2026-27-season","2026-10-08",1,"participant_unresolved",FALSE,NA,NA,NA,NA,NA,NA,NA
20262027,20262027,2,"NYI",8478009,"Ilya","Sorokin","Ilya Sorokin","G","current_roster",TRUE,"2026-10-08T18:59:00.060Z","2026-10-08_185709_37828221813_1_d821bc9479044132b0bd68121a5ce6af",2026020062,"2026-10-08","2026-10-08T23:30:00Z","FUT","Blackhawks","2026-10-08T18:58:58.240Z","https://www.nhl.com/news/nhl-lineup-projections-2026-27-season","2026-10-08",1,"participant_unresolved",FALSE,NA,NA,NA,NA,NA,NA,NA
20262027,20262027,2,"NYI",8473575,"Semyon","Varlamov","Semyon Varlamov","G","current_roster",TRUE,"2026-10-08T18:59:00.063Z","2026-10-08_185709_37828221813_1_d821bc9479044132b0bd68121a5ce6af",2026020062,"2026-10-08","2026-10-08T23:30:00Z","FUT","Blackhawks","2026-10-08T18:58:58.240Z","https://www.nhl.com/news/nhl-lineup-projections-2026-27-season","2026-10-08",1,"participant_unresolved",FALSE,NA,NA,NA,NA,NA,NA,NA
20262027,20262027,28,"SJS",8479718,"Alex","Barré-Boulet","Alex Barré-Boulet","F","current_roster",TRUE,"2026-10-08T18:58:58.804Z","2026-10-08_185709_37828221813_1_d821bc9479044132b0bd68121a5ce6af",2026020063,"2026-10-08","2026-10-09T00:00:00Z","FUT","Blues","2026-10-08T18:58:58.240Z","https://www.nhl.com/news/nhl-lineup-projections-2026-27-season","2026-10-08",1,"participant_unresolved",FALSE,NA,NA,NA,NA,NA,NA,NA
20262027,20262027,28,"SJS",8484801,"Macklin","Celebrini","Macklin Celebrini","F","current_roster",TRUE,"2026-10-08T18:58:58.806Z","2026-10-08_185709_37828221813_1_d821bc9479044132b0bd68121a5ce6af",2026020063,"2026-10-08","2026-10-09T00:00:00Z","FUT","Blues","2026-10-08T18:58:58.240Z","https://www.nhl.com/news/nhl-lineup-projections-2026-27-season","2026-10-08",1,"participant_unresolved",FALSE,NA,NA,NA,NA,NA,NA,NA
20262027,20262027,28,"SJS",8484994,"Igor","Chernyshov","Igor Chernyshov","F","current_roster",TRUE,"2026-10-08T18:58:58.808Z","2026-10-08_185709_37828221813_1_d821bc9479044132b0bd68121a5ce6af",2026020063,"2026-10-08","2026-10-09T00:00:00Z","FUT","Blues","2026-10-08T18:58:58.240Z","https://www.nhl.com/news/nhl-lineup-projections-2026-27-season","2026-10-08",1,"participant_unresolved",FALSE,NA,NA,NA,NA,NA,NA,NA
20262027,20262027,28,"SJS",8480848,"Ty","Dellandrea","Ty Dellandrea","F","current_roster",TRUE,"2026-10-08T18:58:58.810Z","2026-10-08_185709_37828221813_1_d821bc9479044132b0bd68121a5ce6af",2026020063,"2026-10-08","2026-10-09T00:00:00Z","FUT","Blues","2026-10-08T18:58:58.240Z","https://www.nhl.com/news/nhl-lineup-projections-2026-27-season","2026-10-08",1,"participant_unresolved",FALSE,NA,NA,NA,NA,NA,NA,NA
20262027,20262027,28,"SJS",8478874,"Adam","Gaudette","Adam Gaudette","F","current_roster",TRUE,"2026-10-08T18:58:58.812Z","2026-10-08_185709_37828221813_1_d821bc9479044132b0bd68121a5ce6af",2026020063,"2026-10-08","2026-10-09T00:00:00Z","FUT","Blues","2026-10-08T18:58:58.240Z","https://www.nhl.com/news/nhl-lineup-projections-2026-27-season","2026-10-08",1,"participant_unresolved",FALSE,NA,NA,NA,NA,NA,NA,NA
20262027,20262027,28,"SJS",8476624,"Barclay","Goodrow","Barclay Goodrow","F","current_roster",TRUE,"2026-10-08T18:58:58.814Z","2026-10-08_185709_37828221813_1_d821bc9479044132b0bd68121a5ce6af",2026020063,"2026-10-08","2026-10-09T00:00:00Z","FUT","Blues","2026-10-08T18:58:58.240Z","https://www.nhl.com/news/nhl-lineup-projections-2026-27-season","2026-10-08",1,"participant_unresolved",FALSE,NA,NA,NA,NA,NA,NA,NA
20262027,20262027,28,"SJS",8484911,"Collin","Graf","Collin Graf","F","current_roster",TRUE,"2026-10-08T18:58:58.816Z","2026-10-08_185709_37828221813_1_d821bc9479044132b0bd68121a5ce6af",2026020063,"2026-10-08","2026-10-09T00:00:00Z","FUT","Blues","2026-10-08T18:58:58.240Z","https://www.nhl.com/news/nhl-lineup-projections-2026-27-season","2026-10-08",1,"participant_unresolved",FALSE,NA,NA,NA,NA,NA,NA,NA
20262027,20262027,28,"SJS",8481517,"Brett","Leason","Brett Leason","F","current_roster",TRUE,"2026-10-08T18:58:58.818Z","2026-10-08_185709_37828221813_1_d821bc9479044132b0bd68121a5ce6af",2026020063,"2026-10-08","2026-10-09T00:00:00Z","FUT","Blues","2026-10-08T18:58:58.240Z","https://www.nhl.com/news/nhl-lineup-projections-2026-27-season","2026-10-08",1,"participant_unresolved",FALSE,NA,NA,NA,NA,NA,NA,NA
20262027,20262027,28,"SJS",8478975,"Mason","Marchment","Mason Marchment","F","current_roster",TRUE,"2026-10-08T18:58:58.820Z","2026-10-08_185709_37828221813_1_d821bc9479044132b0bd68121a5ce6af",2026020063,"2026-10-08","2026-10-09T00:00:00Z","FUT","Blues","2026-10-08T18:58:58.240Z","https://www.nhl.com/news/nhl-lineup-projections-2026-27-season","2026-10-08",1,"participant_unresolved",FALSE,NA,NA,NA,NA,NA,NA,NA
20262027,20262027,28,"SJS",8485402,"Michael","Misa","Michael Misa","F","current_roster",TRUE,"2026-10-08T18:58:58.822Z","2026-10-08_185709_37828221813_1_d821bc9479044132b0bd68121a5ce6af",2026020063,"2026-10-08","2026-10-09T00:00:00Z","FUT","Blues","2026-10-08T18:58:58.240Z","https://www.nhl.com/news/nhl-lineup-projections-2026-27-season","2026-10-08",1,"participant_unresolved",FALSE,NA,NA,NA,NA,NA,NA,NA
20262027,20262027,28,"SJS",8482859,"Zack","Ostapchuk","Zack Ostapchuk","F","current_roster",TRUE,"2026-10-08T18:58:58.824Z","2026-10-08_185709_37828221813_1_d821bc9479044132b0bd68121a5ce6af",2026020063,"2026-10-08","2026-10-09T00:00:00Z","FUT","Blues","2026-10-08T18:58:58.240Z","https://www.nhl.com/news/nhl-lineup-projections-2026-27-season","2026-10-08",1,"participant_unresolved",FALSE,NA,NA,NA,NA,NA,NA,NA
20262027,20262027,28,"SJS",8480748,"Kiefer","Sherwood","Kiefer Sherwood","F","current_roster",TRUE,"2026-10-08T18:58:58.826Z","2026-10-08_185709_37828221813_1_d821bc9479044132b0bd68121a5ce6af",2026020063,"2026-10-08","2026-10-09T00:00:00Z","FUT","Blues","2026-10-08T18:58:58.240Z","https://www.nhl.com/news/nhl-lineup-projections-2026-27-season","2026-10-08",1,"participant_unresolved",FALSE,NA,NA,NA,NA,NA,NA,NA
20262027,20262027,28,"SJS",8484227,"Will","Smith","Will Smith","F","current_roster",TRUE,"2026-10-08T18:58:58.828Z","2026-10-08_185709_37828221813_1_d821bc9479044132b0bd68121a5ce6af",2026020063,"2026-10-08","2026-10-09T00:00:00Z","FUT","Blues","2026-10-08T18:58:58.240Z","https://www.nhl.com/news/nhl-lineup-projections-2026-27-season","2026-10-08",1,"participant_unresolved",FALSE,NA,NA,NA,NA,NA,NA,NA
20262027,20262027,28,"SJS",8486103,"Ivar","Stenberg","Ivar Stenberg","F","current_roster",TRUE,"2026-10-08T18:58:58.830Z","2026-10-08_185709_37828221813_1_d821bc9479044132b0bd68121a5ce6af",2026020063,"2026-10-08","2026-10-09T00:00:00Z","FUT","Blues","2026-10-08T18:58:58.240Z","https://www.nhl.com/news/nhl-lineup-projections-2026-27-season","2026-10-08",1,"participant_unresolved",FALSE,NA,NA,NA,NA,NA,NA,NA
20262027,20262027,28,"SJS",8475726,"Tyler","Toffoli","Tyler Toffoli","F","current_roster",TRUE,"2026-10-08T18:58:58.832Z","2026-10-08_185709_37828221813_1_d821bc9479044132b0bd68121a5ce6af",2026020063,"2026-10-08","2026-10-09T00:00:00Z","FUT","Blues","2026-10-08T18:58:58.240Z","https://www.nhl.com/news/nhl-lineup-projections-2026-27-season","2026-10-08",1,"participant_unresolved",FALSE,NA,NA,NA,NA,NA,NA,NA
20262027,20262027,28,"SJS",8477505,"Alexander","Wennberg","Alexander Wennberg","F","current_roster",TRUE,"2026-10-08T18:58:58.834Z","2026-10-08_185709_37828221813_1_d821bc9479044132b0bd68121a5ce6af",2026020063,"2026-10-08","2026-10-09T00:00:00Z","FUT","Blues","2026-10-08T18:58:58.240Z","https://www.nhl.com/news/nhl-lineup-projections-2026-27-season","2026-10-08",1,"participant_unresolved",FALSE,NA,NA,NA,NA,NA,NA,NA
20262027,20262027,28,"SJS",8482700,"Nolan","Allan","Nolan Allan","D","current_roster",TRUE,"2026-10-08T18:58:58.836Z","2026-10-08_185709_37828221813_1_d821bc9479044132b0bd68121a5ce6af",2026020063,"2026-10-08","2026-10-09T00:00:00Z","FUT","Blues","2026-10-08T18:58:58.240Z","https://www.nhl.com/news/nhl-lineup-projections-2026-27-season","2026-10-08",1,"participant_unresolved",FALSE,NA,NA,NA,NA,NA,NA,NA
20262027,20262027,28,"SJS",8484152,"Luca","Cagnoni","Luca Cagnoni","D","current_roster",TRUE,"2026-10-08T18:58:58.838Z","2026-10-08_185709_37828221813_1_d821bc9479044132b0bd68121a5ce6af",2026020063,"2026-10-08","2026-10-09T00:00:00Z","FUT","Blues","2026-10-08T18:58:58.240Z","https://www.nhl.com/news/nhl-lineup-projections-2026-27-season","2026-10-08",1,"participant_unresolved",FALSE,NA,NA,NA,NA,NA,NA,NA
20262027,20262027,28,"SJS",8484806,"Sam","Dickinson","Sam Dickinson","D","current_roster",TRUE,"2026-10-08T18:58:58.840Z","2026-10-08_185709_37828221813_1_d821bc9479044132b0bd68121a5ce6af",2026020063,"2026-10-08","2026-10-09T00:00:00Z","FUT","Blues","2026-10-08T18:58:58.240Z","https://www.nhl.com/news/nhl-lineup-projections-2026-27-season","2026-10-08",1,"participant_unresolved",FALSE,NA,NA,NA,NA,NA,NA,NA
20262027,20262027,28,"SJS",8480891,"Michael","Kesselring","Michael Kesselring","D","current_roster",TRUE,"2026-10-08T18:58:58.842Z","2026-10-08_185709_37828221813_1_d821bc9479044132b0bd68121a5ce6af",2026020063,"2026-10-08","2026-10-09T00:00:00Z","FUT","Blues","2026-10-08T18:58:58.240Z","https://www.nhl.com/news/nhl-lineup-projections-2026-27-season","2026-10-08",1,"participant_unresolved",FALSE,NA,NA,NA,NA,NA,NA,NA
20262027,20262027,28,"SJS",8477498,"Darnell","Nurse","Darnell Nurse","D","current_roster",TRUE,"2026-10-08T18:58:58.844Z","2026-10-08_185709_37828221813_1_d821bc9479044132b0bd68121a5ce6af",2026020063,"2026-10-08","2026-10-09T00:00:00Z","FUT","Blues","2026-10-08T18:58:58.240Z","https://www.nhl.com/news/nhl-lineup-projections-2026-27-season","2026-10-08",1,"participant_unresolved",FALSE,NA,NA,NA,NA,NA,NA,NA
20262027,20262027,28,"SJS",8475200,"Dmitry","Orlov","Dmitry Orlov","D","current_roster",TRUE,"2026-10-08T18:58:58.846Z","2026-10-08_185709_37828221813_1_d821bc9479044132b0bd68121a5ce6af",2026020063,"2026-10-08","2026-10-09T00:00:00Z","FUT","Blues","2026-10-08T18:58:58.240Z","https://www.nhl.com/news/nhl-lineup-projections-2026-27-season","2026-10-08",1,"participant_unresolved",FALSE,NA,NA,NA,NA,NA,NA,NA
20262027,20262027,28,"SJS",8476885,"Jacob","Trouba","Jacob Trouba","D","current_roster",TRUE,"2026-10-08T18:58:58.848Z","2026-10-08_185709_37828221813_1_d821bc9479044132b0bd68121a5ce6af",2026020063,"2026-10-08","2026-10-09T00:00:00Z","FUT","Blues","2026-10-08T18:58:58.240Z","https://www.nhl.com/news/nhl-lineup-projections-2026-27-season","2026-10-08",1,"participant_unresolved",FALSE,NA,NA,NA,NA,NA,NA,NA
20262027,20262027,28,"SJS",8482137,"Yaroslav","Askarov","Yaroslav Askarov","G","current_roster",TRUE,"2026-10-08T18:58:58.854Z","2026-10-08_185709_37828221813_1_d821bc9479044132b0bd68121a5ce6af",2026020063,"2026-10-08","2026-10-09T00:00:00Z","FUT","Blues","2026-10-08T18:58:58.240Z","https://www.nhl.com/news/nhl-lineup-projections-2026-27-season","2026-10-08",1,"participant_unresolved",FALSE,NA,NA,NA,NA,NA,NA,NA
20262027,20262027,28,"SJS",8477968,"Alex","Nedeljkovic","Alex Nedeljkovic","G","current_roster",TRUE,"2026-10-08T18:58:58.856Z","2026-10-08_185709_37828221813_1_d821bc9479044132b0bd68121a5ce6af",2026020063,"2026-10-08","2026-10-09T00:00:00Z","FUT","Blues","2026-10-08T18:58:58.240Z","https://www.nhl.com/news/nhl-lineup-projections-2026-27-season","2026-10-08",1,"participant_unresolved",FALSE,NA,NA,NA,NA,NA,NA,NA
20262027,20262027,19,"STL",8481013,"Jonatan","Berggren","Jonatan Berggren","F","current_roster",TRUE,"2026-10-08T18:58:59.273Z","2026-10-08_185709_37828221813_1_d821bc9479044132b0bd68121a5ce6af",2026020063,"2026-10-08","2026-10-09T00:00:00Z","FUT","Sharks","2026-10-08T18:58:58.240Z","https://www.nhl.com/news/nhl-lineup-projections-2026-27-season","2026-10-08",1,"matched",TRUE,1,2,NA,NA,0,0,NA
20262027,20262027,19,"STL",8477402,"Pavel","Buchnevich","Pavel Buchnevich","F","current_roster",TRUE,"2026-10-08T18:58:59.276Z","2026-10-08_185709_37828221813_1_d821bc9479044132b0bd68121a5ce6af",2026020063,"2026-10-08","2026-10-09T00:00:00Z","FUT","Sharks","2026-10-08T18:58:58.240Z","https://www.nhl.com/news/nhl-lineup-projections-2026-27-season","2026-10-08",1,"matched",TRUE,1,3,NA,NA,0,0,NA
20262027,20262027,19,"STL",8482784,"Zach","Dean","Zach Dean","F","current_roster",TRUE,"2026-10-08T18:58:59.278Z","2026-10-08_185709_37828221813_1_d821bc9479044132b0bd68121a5ce6af",2026020063,"2026-10-08","2026-10-09T00:00:00Z","FUT","Sharks","2026-10-08T18:58:58.240Z","https://www.nhl.com/news/nhl-lineup-projections-2026-27-season","2026-10-08",1,"matched",TRUE,0,NA,NA,NA,1,0,NA
20262027,20262027,19,"STL",8479346,"Dillon","Dube","Dillon Dube","F","current_roster",TRUE,"2026-10-08T18:58:59.280Z","2026-10-08_185709_37828221813_1_d821bc9479044132b0bd68121a5ce6af",2026020063,"2026-10-08","2026-10-09T00:00:00Z","FUT","Sharks","2026-10-08T18:58:58.240Z","https://www.nhl.com/news/nhl-lineup-projections-2026-27-season","2026-10-08",1,"matched",TRUE,1,4,NA,NA,0,0,NA
20262027,20262027,19,"STL",8484164,"Dalibor","Dvorsky","Dalibor Dvorsky","F","current_roster",TRUE,"2026-10-08T18:58:59.282Z","2026-10-08_185709_37828221813_1_d821bc9479044132b0bd68121a5ce6af",2026020063,"2026-10-08","2026-10-09T00:00:00Z","FUT","Sharks","2026-10-08T18:58:58.240Z","https://www.nhl.com/news/nhl-lineup-projections-2026-27-season","2026-10-08",1,"matched",TRUE,1,3,NA,NA,0,0,NA
20262027,20262027,19,"STL",8482077,"Dylan","Holloway","Dylan Holloway","F","current_roster",TRUE,"2026-10-08T18:58:59.284Z","2026-10-08_185709_37828221813_1_d821bc9479044132b0bd68121a5ce6af",2026020063,"2026-10-08","2026-10-09T00:00:00Z","FUT","Sharks","2026-10-08T18:58:58.240Z","https://www.nhl.com/news/nhl-lineup-projections-2026-27-season","2026-10-08",1,"matched",TRUE,1,1,NA,NA,0,0,NA
20262027,20262027,19,"STL",8477527,"Ross","Johnston","Ross Johnston","F","current_roster",TRUE,"2026-10-08T18:58:59.286Z","2026-10-08_185709_37828221813_1_d821bc9479044132b0bd68121a5ce6af",2026020063,"2026-10-08","2026-10-09T00:00:00Z","FUT","Sharks","2026-10-08T18:58:58.240Z","https://www.nhl.com/news/nhl-lineup-projections-2026-27-season","2026-10-08",1,"matched",TRUE,1,4,NA,NA,0,0,NA
20262027,20262027,19,"STL",8481580,"Connor","McMichael","Connor McMichael","F","current_roster",TRUE,"2026-10-08T18:58:59.288Z","2026-10-08_185709_37828221813_1_d821bc9479044132b0bd68121a5ce6af",2026020063,"2026-10-08","2026-10-09T00:00:00Z","FUT","Sharks","2026-10-08T18:58:58.240Z","https://www.nhl.com/news/nhl-lineup-projections-2026-27-season","2026-10-08",1,"matched",TRUE,1,2,NA,NA,0,0,NA
20262027,20262027,19,"STL",8482745,"Mason","McTavish","Mason McTavish","F","current_roster",TRUE,"2026-10-08T18:58:59.290Z","2026-10-08_185709_37828221813_1_d821bc9479044132b0bd68121a5ce6af",2026020063,"2026-10-08","2026-10-09T00:00:00Z","FUT","Sharks","2026-10-08T18:58:58.240Z","https://www.nhl.com/news/nhl-lineup-projections-2026-27-season","2026-10-08",1,"matched",TRUE,1,2,NA,NA,0,0,NA
20262027,20262027,19,"STL",8482089,"Jake","Neighbours","Jake Neighbours","F","current_roster",TRUE,"2026-10-08T18:58:59.292Z","2026-10-08_185709_37828221813_1_d821bc9479044132b0bd68121a5ce6af",2026020063,"2026-10-08","2026-10-09T00:00:00Z","FUT","Sharks","2026-10-08T18:58:58.240Z","https://www.nhl.com/news/nhl-lineup-projections-2026-27-season","2026-10-08",1,"matched",TRUE,1,3,NA,NA,0,0,NA
20262027,20262027,19,"STL",8483516,"Jimmy","Snuggerud","Jimmy Snuggerud","F","current_roster",TRUE,"2026-10-08T18:58:59.294Z","2026-10-08_185709_37828221813_1_d821bc9479044132b0bd68121a5ce6af",2026020063,"2026-10-08","2026-10-09T00:00:00Z","FUT","Sharks","2026-10-08T18:58:58.240Z","https://www.nhl.com/news/nhl-lineup-projections-2026-27-season","2026-10-08",1,"matched",TRUE,1,1,NA,NA,0,0,NA
20262027,20262027,19,"STL",8480459,"Pius","Suter","Pius Suter","F","current_roster",TRUE,"2026-10-08T18:58:59.296Z","2026-10-08_185709_37828221813_1_d821bc9479044132b0bd68121a5ce6af",2026020063,"2026-10-08","2026-10-09T00:00:00Z","FUT","Sharks","2026-10-08T18:58:58.240Z","https://www.nhl.com/news/nhl-lineup-projections-2026-27-season","2026-10-08",1,"matched",TRUE,1,4,NA,NA,0,0,NA
20262027,20262027,19,"STL",8480023,"Robert","Thomas","Robert Thomas","F","current_roster",TRUE,"2026-10-08T18:58:59.298Z","2026-10-08_185709_37828221813_1_d821bc9479044132b0bd68121a5ce6af",2026020063,"2026-10-08","2026-10-09T00:00:00Z","FUT","Sharks","2026-10-08T18:58:58.240Z","https://www.nhl.com/news/nhl-lineup-projections-2026-27-season","2026-10-08",1,"matched",TRUE,1,1,NA,NA,0,0,NA
20262027,20262027,19,"STL",8480281,"Alexey","Toropchenko","Alexey Toropchenko","F","current_roster",TRUE,"2026-10-08T18:58:59.300Z","2026-10-08_185709_37828221813_1_d821bc9479044132b0bd68121a5ce6af",2026020063,"2026-10-08","2026-10-09T00:00:00Z","FUT","Sharks","2026-10-08T18:58:58.240Z","https://www.nhl.com/news/nhl-lineup-projections-2026-27-season","2026-10-08",1,"matched",TRUE,0,NA,NA,NA,0,1,"upper body"
20262027,20262027,19,"STL",8482111,"Justin","Barron","Justin Barron","D","current_roster",TRUE,"2026-10-08T18:58:59.303Z","2026-10-08_185709_37828221813_1_d821bc9479044132b0bd68121a5ce6af",2026020063,"2026-10-08","2026-10-09T00:00:00Z","FUT","Sharks","2026-10-08T18:58:58.240Z","https://www.nhl.com/news/nhl-lineup-projections-2026-27-season","2026-10-08",1,"matched",TRUE,1,NA,2,NA,0,0,NA
20262027,20262027,19,"STL",8481598,"Philip","Broberg","Philip Broberg","D","current_roster",TRUE,"2026-10-08T18:58:59.308Z","2026-10-08_185709_37828221813_1_d821bc9479044132b0bd68121a5ce6af",2026020063,"2026-10-08","2026-10-09T00:00:00Z","FUT","Sharks","2026-10-08T18:58:58.240Z","https://www.nhl.com/news/nhl-lineup-projections-2026-27-season","2026-10-08",1,"matched",TRUE,1,NA,1,NA,0,0,NA
20262027,20262027,19,"STL",8478443,"Brandon","Carlo","Brandon Carlo","D","current_roster",TRUE,"2026-10-08T18:58:59.310Z","2026-10-08_185709_37828221813_1_d821bc9479044132b0bd68121a5ce6af",2026020063,"2026-10-08","2026-10-09T00:00:00Z","FUT","Sharks","2026-10-08T18:58:58.240Z","https://www.nhl.com/news/nhl-lineup-projections-2026-27-season","2026-10-08",1,"matched",TRUE,1,NA,3,NA,0,0,NA
20262027,20262027,19,"STL",8475764,"Cam","Fowler","Cam Fowler","D","current_roster",TRUE,"2026-10-08T18:58:59.313Z","2026-10-08_185709_37828221813_1_d821bc9479044132b0bd68121a5ce6af",2026020063,"2026-10-08","2026-10-09T00:00:00Z","FUT","Sharks","2026-10-08T18:58:58.240Z","https://www.nhl.com/news/nhl-lineup-projections-2026-27-season","2026-10-08",1,"matched",TRUE,1,NA,3,NA,0,0,NA
20262027,20262027,19,"STL",8484790,"Adam","Jiricek","Adam Jiricek","D","current_roster",TRUE,"2026-10-08T18:58:59.315Z","2026-10-08_185709_37828221813_1_d821bc9479044132b0bd68121a5ce6af",2026020063,"2026-10-08","2026-10-09T00:00:00Z","FUT","Sharks","2026-10-08T18:58:58.240Z","https://www.nhl.com/news/nhl-lineup-projections-2026-27-season","2026-10-08",1,"matched",TRUE,1,NA,1,NA,0,0,NA
20262027,20262027,19,"STL",8484188,"Theo","Lindstein","Theo Lindstein","D","current_roster",TRUE,"2026-10-08T18:58:59.317Z","2026-10-08_185709_37828221813_1_d821bc9479044132b0bd68121a5ce6af",2026020063,"2026-10-08","2026-10-09T00:00:00Z","FUT","Sharks","2026-10-08T18:58:58.240Z","https://www.nhl.com/news/nhl-lineup-projections-2026-27-season","2026-10-08",1,"matched",TRUE,0,NA,NA,NA,1,0,NA
20262027,20262027,19,"STL",8482733,"Logan","Mailloux","Logan Mailloux","D","current_roster",TRUE,"2026-10-08T18:58:59.319Z","2026-10-08_185709_37828221813_1_d821bc9479044132b0bd68121a5ce6af",2026020063,"2026-10-08","2026-10-09T00:00:00Z","FUT","Sharks","2026-10-08T18:58:58.240Z","https://www.nhl.com/news/nhl-lineup-projections-2026-27-season","2026-10-08",1,"matched",TRUE,0,NA,NA,NA,0,1,"hand"
20262027,20262027,19,"STL",8476892,"Colton","Parayko","Colton Parayko","D","current_roster",TRUE,"2026-10-08T18:58:59.321Z","2026-10-08_185709_37828221813_1_d821bc9479044132b0bd68121a5ce6af",2026020063,"2026-10-08","2026-10-09T00:00:00Z","FUT","Sharks","2026-10-08T18:58:58.240Z","https://www.nhl.com/news/nhl-lineup-projections-2026-27-season","2026-10-08",1,"matched",TRUE,1,NA,2,NA,0,0,NA
20262027,20262027,19,"STL",8481006,"Tyler","Tucker","Tyler Tucker","D","current_roster",TRUE,"2026-10-08T18:58:59.323Z","2026-10-08_185709_37828221813_1_d821bc9479044132b0bd68121a5ce6af",2026020063,"2026-10-08","2026-10-09T00:00:00Z","FUT","Sharks","2026-10-08T18:58:58.240Z","https://www.nhl.com/news/nhl-lineup-projections-2026-27-season","2026-10-08",1,"matched",TRUE,0,NA,NA,NA,0,1,"knee"
20262027,20262027,19,"STL",8476412,"Jordan","Binnington","Jordan Binnington","G","current_roster",TRUE,"2026-10-08T18:58:59.326Z","2026-10-08_185709_37828221813_1_d821bc9479044132b0bd68121a5ce6af",2026020063,"2026-10-08","2026-10-09T00:00:00Z","FUT","Sharks","2026-10-08T18:58:58.240Z","https://www.nhl.com/news/nhl-lineup-projections-2026-27-season","2026-10-08",1,"matched",TRUE,1,NA,NA,"backup",0,0,NA
20262027,20262027,19,"STL",8480981,"Joel","Hofer","Joel Hofer","G","current_roster",TRUE,"2026-10-08T18:58:59.328Z","2026-10-08_185709_37828221813_1_d821bc9479044132b0bd68121a5ce6af",2026020063,"2026-10-08","2026-10-09T00:00:00Z","FUT","Sharks","2026-10-08T18:58:58.240Z","https://www.nhl.com/news/nhl-lineup-projections-2026-27-season","2026-10-08",1,"matched",TRUE,1,NA,NA,"starter",0,0,NA
20262027,20262027,21,"COL",8486171,"T.J.","Hughes","T.J. Hughes","F","current_roster",TRUE,"2026-10-08T18:58:59.169Z","2026-10-08_185709_37828221813_1_d821bc9479044132b0bd68121a5ce6af",2026020064,"2026-10-08","2026-10-09T01:00:00Z","FUT","Flames","2026-10-08T18:58:58.240Z","https://www.nhl.com/news/nhl-lineup-projections-2026-27-season","2026-10-08",1,"matched",TRUE,1,3,NA,NA,0,0,NA
20262027,20262027,21,"COL",8475172,"Nazem","Kadri","Nazem Kadri","F","current_roster",TRUE,"2026-10-08T18:58:59.171Z","2026-10-08_185709_37828221813_1_d821bc9479044132b0bd68121a5ce6af",2026020064,"2026-10-08","2026-10-09T01:00:00Z","FUT","Flames","2026-10-08T18:58:58.240Z","https://www.nhl.com/news/nhl-lineup-projections-2026-27-season","2026-10-08",1,"matched",TRUE,1,2,NA,NA,0,0,NA
20262027,20262027,21,"COL",8480448,"Parker","Kelly","Parker Kelly","F","current_roster",TRUE,"2026-10-08T18:58:59.173Z","2026-10-08_185709_37828221813_1_d821bc9479044132b0bd68121a5ce6af",2026020064,"2026-10-08","2026-10-09T01:00:00Z","FUT","Flames","2026-10-08T18:58:58.240Z","https://www.nhl.com/news/nhl-lineup-projections-2026-27-season","2026-10-08",1,"matched",TRUE,1,4,NA,NA,0,0,NA
20262027,20262027,21,"COL",8482742,"Zachary","L'Heureux","Zachary L'Heureux","F","current_roster",TRUE,"2026-10-08T18:58:59.179Z","2026-10-08_185709_37828221813_1_d821bc9479044132b0bd68121a5ce6af",2026020064,"2026-10-08","2026-10-09T01:00:00Z","FUT","Flames","2026-10-08T18:58:58.240Z","https://www.nhl.com/news/nhl-lineup-projections-2026-27-season","2026-10-08",1,"matched",TRUE,1,4,NA,NA,0,0,NA
20262027,20262027,21,"COL",8476455,"Gabriel","Landeskog","Gabriel Landeskog","F","current_roster",TRUE,"2026-10-08T18:58:59.181Z","2026-10-08_185709_37828221813_1_d821bc9479044132b0bd68121a5ce6af",2026020064,"2026-10-08","2026-10-09T01:00:00Z","FUT","Flames","2026-10-08T18:58:58.240Z","https://www.nhl.com/news/nhl-lineup-projections-2026-27-season","2026-10-08",1,"matched",TRUE,1,2,NA,NA,0,0,NA
20262027,20262027,21,"COL",8477476,"Artturi","Lehkonen","Artturi Lehkonen","F","current_roster",TRUE,"2026-10-08T18:58:59.183Z","2026-10-08_185709_37828221813_1_d821bc9479044132b0bd68121a5ce6af",2026020064,"2026-10-08","2026-10-09T01:00:00Z","FUT","Flames","2026-10-08T18:58:58.240Z","https://www.nhl.com/news/nhl-lineup-projections-2026-27-season","2026-10-08",1,"matched",TRUE,1,1,NA,NA,0,0,NA
20262027,20262027,21,"COL",8477492,"Nathan","MacKinnon","Nathan MacKinnon","F","current_roster",TRUE,"2026-10-08T18:58:59.185Z","2026-10-08_185709_37828221813_1_d821bc9479044132b0bd68121a5ce6af",2026020064,"2026-10-08","2026-10-09T01:00:00Z","FUT","Flames","2026-10-08T18:58:58.240Z","https://www.nhl.com/news/nhl-lineup-projections-2026-27-season","2026-10-08",1,"matched",TRUE,1,1,NA,NA,0,0,NA
20262027,20262027,21,"COL",8480039,"Martin","Necas","Martin Necas","F","current_roster",TRUE,"2026-10-08T18:58:59.187Z","2026-10-08_185709_37828221813_1_d821bc9479044132b0bd68121a5ce6af",2026020064,"2026-10-08","2026-10-09T01:00:00Z","FUT","Flames","2026-10-08T18:58:58.240Z","https://www.nhl.com/news/nhl-lineup-projections-2026-27-season","2026-10-08",1,"matched",TRUE,1,1,NA,NA,0,0,NA
20262027,20262027,21,"COL",8475754,"Brock","Nelson","Brock Nelson","F","current_roster",TRUE,"2026-10-08T18:58:59.189Z","2026-10-08_185709_37828221813_1_d821bc9479044132b0bd68121a5ce6af",2026020064,"2026-10-08","2026-10-09T01:00:00Z","FUT","Flames","2026-10-08T18:58:58.240Z","https://www.nhl.com/news/nhl-lineup-projections-2026-27-season","2026-10-08",1,"matched",TRUE,1,2,NA,NA,0,0,NA
20262027,20262027,21,"COL",8481186,"Logan","O'Connor","Logan O'Connor","F","current_roster",TRUE,"2026-10-08T18:58:59.191Z","2026-10-08_185709_37828221813_1_d821bc9479044132b0bd68121a5ce6af",2026020064,"2026-10-08","2026-10-09T01:00:00Z","FUT","Flames","2026-10-08T18:58:58.240Z","https://www.nhl.com/news/nhl-lineup-projections-2026-27-season","2026-10-08",1,"matched",TRUE,0,NA,NA,NA,0,1,"lower body"
20262027,20262027,21,"COL",8478462,"Nicolas","Roy","Nicolas Roy","F","current_roster",TRUE,"2026-10-08T18:58:59.193Z","2026-10-08_185709_37828221813_1_d821bc9479044132b0bd68121a5ce6af",2026020064,"2026-10-08","2026-10-09T01:00:00Z","FUT","Flames","2026-10-08T18:58:58.240Z","https://www.nhl.com/news/nhl-lineup-projections-2026-27-season","2026-10-08",1,"matched",TRUE,1,4,NA,NA,0,0,NA
20262027,20262027,21,"COL",8475768,"Jaden","Schwartz","Jaden Schwartz","F","current_roster",TRUE,"2026-10-08T18:58:59.195Z","2026-10-08_185709_37828221813_1_d821bc9479044132b0bd68121a5ce6af",2026020064,"2026-10-08","2026-10-09T01:00:00Z","FUT","Flames","2026-10-08T18:58:58.240Z","https://www.nhl.com/news/nhl-lineup-projections-2026-27-season","2026-10-08",1,"matched",TRUE,1,3,NA,NA,0,0,NA
20262027,20262027,21,"COL",8482768,"Fedor","Svechkov","Fedor Svechkov","F","current_roster",TRUE,"2026-10-08T18:58:59.197Z","2026-10-08_185709_37828221813_1_d821bc9479044132b0bd68121a5ce6af",2026020064,"2026-10-08","2026-10-09T01:00:00Z","FUT","Flames","2026-10-08T18:58:58.240Z","https://www.nhl.com/news/nhl-lineup-projections-2026-27-season","2026-10-08",1,"matched",TRUE,1,3,NA,NA,0,0,NA
20262027,20262027,21,"COL",8470613,"Brent","Burns","Brent Burns","D","current_roster",TRUE,"2026-10-08T18:58:59.200Z","2026-10-08_185709_37828221813_1_d821bc9479044132b0bd68121a5ce6af",2026020064,"2026-10-08","2026-10-09T01:00:00Z","FUT","Flames","2026-10-08T18:58:58.240Z","https://www.nhl.com/news/nhl-lineup-projections-2026-27-season","2026-10-08",1,"matched",TRUE,1,NA,3,NA,0,0,NA
20262027,20262027,21,"COL",8478454,"Noah","Juulsen","Noah Juulsen","D","current_roster",TRUE,"2026-10-08T18:58:59.202Z","2026-10-08_185709_37828221813_1_d821bc9479044132b0bd68121a5ce6af",2026020064,"2026-10-08","2026-10-09T01:00:00Z","FUT","Flames","2026-10-08T18:58:58.240Z","https://www.nhl.com/news/nhl-lineup-projections-2026-27-season","2026-10-08",1,"matched",TRUE,0,NA,NA,NA,1,0,NA
20262027,20262027,21,"COL",8476967,"Brett","Kulak","Brett Kulak","D","current_roster",TRUE,"2026-10-08T18:58:59.204Z","2026-10-08_185709_37828221813_1_d821bc9479044132b0bd68121a5ce6af",2026020064,"2026-10-08","2026-10-09T01:00:00Z","FUT","Flames","2026-10-08T18:58:58.240Z","https://www.nhl.com/news/nhl-lineup-projections-2026-27-season","2026-10-08",1,"matched",TRUE,1,NA,2,NA,0,0,NA
20262027,20262027,21,"COL",8480069,"Cale","Makar","Cale Makar","D","current_roster",TRUE,"2026-10-08T18:58:59.206Z","2026-10-08_185709_37828221813_1_d821bc9479044132b0bd68121a5ce6af",2026020064,"2026-10-08","2026-10-09T01:00:00Z","FUT","Flames","2026-10-08T18:58:58.240Z","https://www.nhl.com/news/nhl-lineup-projections-2026-27-season","2026-10-08",1,"matched",TRUE,1,NA,1,NA,0,0,NA
20262027,20262027,21,"COL",8484258,"Sam","Malinski","Sam Malinski","D","current_roster",TRUE,"2026-10-08T18:58:59.208Z","2026-10-08_185709_37828221813_1_d821bc9479044132b0bd68121a5ce6af",2026020064,"2026-10-08","2026-10-09T01:00:00Z","FUT","Flames","2026-10-08T18:58:58.240Z","https://www.nhl.com/news/nhl-lineup-projections-2026-27-season","2026-10-08",1,"matched",TRUE,1,NA,2,NA,0,0,NA
20262027,20262027,21,"COL",8476312,"Josh","Manson","Josh Manson","D","current_roster",TRUE,"2026-10-08T18:58:59.210Z","2026-10-08_185709_37828221813_1_d821bc9479044132b0bd68121a5ce6af",2026020064,"2026-10-08","2026-10-09T01:00:00Z","FUT","Flames","2026-10-08T18:58:58.240Z","https://www.nhl.com/news/nhl-lineup-projections-2026-27-season","2026-10-08",1,"matched",TRUE,1,NA,3,NA,0,0,NA
20262027,20262027,21,"COL",8478038,"Devon","Toews","Devon Toews","D","current_roster",TRUE,"2026-10-08T18:58:59.212Z","2026-10-08_185709_37828221813_1_d821bc9479044132b0bd68121a5ce6af",2026020064,"2026-10-08","2026-10-09T01:00:00Z","FUT","Flames","2026-10-08T18:58:58.240Z","https://www.nhl.com/news/nhl-lineup-projections-2026-27-season","2026-10-08",1,"matched",TRUE,1,NA,1,NA,0,0,NA
20262027,20262027,21,"COL",8478406,"Mackenzie","Blackwood","Mackenzie Blackwood","G","current_roster",TRUE,"2026-10-08T18:58:59.215Z","2026-10-08_185709_37828221813_1_d821bc9479044132b0bd68121a5ce6af",2026020064,"2026-10-08","2026-10-09T01:00:00Z","FUT","Flames","2026-10-08T18:58:58.240Z","https://www.nhl.com/news/nhl-lineup-projections-2026-27-season","2026-10-08",1,"matched",TRUE,1,NA,NA,"backup",0,0,NA
20262027,20262027,21,"COL",8475809,"Scott","Wedgewood","Scott Wedgewood","G","current_roster",TRUE,"2026-10-08T18:58:59.217Z","2026-10-08_185709_37828221813_1_d821bc9479044132b0bd68121a5ce6af",2026020064,"2026-10-08","2026-10-09T01:00:00Z","FUT","Flames","2026-10-08T18:58:58.240Z","https://www.nhl.com/news/nhl-lineup-projections-2026-27-season","2026-10-08",1,"matched",TRUE,1,NA,NA,"starter",0,0,NA
20262027,20262027,20,"CGY",8474150,"Mikael","Backlund","Mikael Backlund","F","current_roster",TRUE,"2026-10-08T18:59:00.386Z","2026-10-08_185709_37828221813_1_d821bc9479044132b0bd68121a5ce6af",2026020064,"2026-10-08","2026-10-09T01:00:00Z","FUT","Avalanche","2026-10-08T18:58:58.240Z","https://www.nhl.com/news/nhl-lineup-projections-2026-27-season","2026-10-08",1,"matched",TRUE,1,2,NA,NA,NA,0,NA
20262027,20262027,20,"CGY",8484154,"Jonathan","Castagna","Jonathan Castagna","F","current_roster",TRUE,"2026-10-08T18:59:00.388Z","2026-10-08_185709_37828221813_1_d821bc9479044132b0bd68121a5ce6af",2026020064,"2026-10-08","2026-10-09T01:00:00Z","FUT","Avalanche","2026-10-08T18:58:58.240Z","https://www.nhl.com/news/nhl-lineup-projections-2026-27-season","2026-10-08",1,"matched",TRUE,1,4,NA,NA,NA,0,NA
20262027,20262027,20,"CGY",8482679,"Matt","Coronato","Matt Coronato","F","current_roster",TRUE,"2026-10-08T18:59:00.390Z","2026-10-08_185709_37828221813_1_d821bc9479044132b0bd68121a5ce6af",2026020064,"2026-10-08","2026-10-09T01:00:00Z","FUT","Avalanche","2026-10-08T18:58:58.240Z","https://www.nhl.com/news/nhl-lineup-projections-2026-27-season","2026-10-08",1,"matched",TRUE,1,1,NA,NA,NA,0,NA
20262027,20262027,20,"CGY",8480797,"Joel","Farabee","Joel Farabee","F","current_roster",TRUE,"2026-10-08T18:59:00.392Z","2026-10-08_185709_37828221813_1_d821bc9479044132b0bd68121a5ce6af",2026020064,"2026-10-08","2026-10-09T01:00:00Z","FUT","Avalanche","2026-10-08T18:58:58.240Z","https://www.nhl.com/news/nhl-lineup-projections-2026-27-season","2026-10-08",1,"matched",TRUE,1,2,NA,NA,NA,0,NA
20262027,20262027,20,"CGY",8480028,"Morgan","Frost","Morgan Frost","F","current_roster",TRUE,"2026-10-08T18:59:00.394Z","2026-10-08_185709_37828221813_1_d821bc9479044132b0bd68121a5ce6af",2026020064,"2026-10-08","2026-10-09T01:00:00Z","FUT","Avalanche","2026-10-08T18:58:58.240Z","https://www.nhl.com/news/nhl-lineup-projections-2026-27-season","2026-10-08",1,"matched",TRUE,1,1,NA,NA,NA,0,NA
20262027,20262027,20,"CGY",8484860,"Matvei","Gridin","Matvei Gridin","F","current_roster",TRUE,"2026-10-08T18:59:00.396Z","2026-10-08_185709_37828221813_1_d821bc9479044132b0bd68121a5ce6af",2026020064,"2026-10-08","2026-10-09T01:00:00Z","FUT","Avalanche","2026-10-08T18:58:58.240Z","https://www.nhl.com/news/nhl-lineup-projections-2026-27-season","2026-10-08",1,"matched",TRUE,1,1,NA,NA,NA,0,NA
20262027,20262027,20,"CGY",8484180,"Samuel","Honzek","Samuel Honzek","F","current_roster",TRUE,"2026-10-08T18:59:00.398Z","2026-10-08_185709_37828221813_1_d821bc9479044132b0bd68121a5ce6af",2026020064,"2026-10-08","2026-10-09T01:00:00Z","FUT","Avalanche","2026-10-08T18:58:58.240Z","https://www.nhl.com/news/nhl-lineup-projections-2026-27-season","2026-10-08",1,"matched",TRUE,1,3,NA,NA,NA,0,NA
20262027,20262027,20,"CGY",8476456,"Jonathan","Huberdeau","Jonathan Huberdeau","F","current_roster",TRUE,"2026-10-08T18:59:00.400Z","2026-10-08_185709_37828221813_1_d821bc9479044132b0bd68121a5ce6af",2026020064,"2026-10-08","2026-10-09T01:00:00Z","FUT","Avalanche","2026-10-08T18:58:58.240Z","https://www.nhl.com/news/nhl-lineup-projections-2026-27-season","2026-10-08",1,"matched",TRUE,0,NA,NA,NA,NA,1,"hip"
20262027,20262027,20,"CGY",8483609,"Adam","Klapka","Adam Klapka","F","current_roster",TRUE,"2026-10-08T18:59:00.402Z","2026-10-08_185709_37828221813_1_d821bc9479044132b0bd68121a5ce6af",2026020064,"2026-10-08","2026-10-09T01:00:00Z","FUT","Avalanche","2026-10-08T18:58:58.240Z","https://www.nhl.com/news/nhl-lineup-projections-2026-27-season","2026-10-08",1,"matched",TRUE,1,4,NA,NA,NA,0,NA
20262027,20262027,20,"CGY",8482747,"Brennan","Othmann","Brennan Othmann","F","current_roster",TRUE,"2026-10-08T18:59:00.404Z","2026-10-08_185709_37828221813_1_d821bc9479044132b0bd68121a5ce6af",2026020064,"2026-10-08","2026-10-09T01:00:00Z","FUT","Avalanche","2026-10-08T18:58:58.240Z","https://www.nhl.com/news/nhl-lineup-projections-2026-27-season","2026-10-08",1,"matched",TRUE,0,NA,NA,NA,NA,0,NA
20262027,20262027,20,"CGY",8481028,"Martin","Pospisil","Martin Pospisil","F","current_roster",TRUE,"2026-10-08T18:59:00.406Z","2026-10-08_185709_37828221813_1_d821bc9479044132b0bd68121a5ce6af",2026020064,"2026-10-08","2026-10-09T01:00:00Z","FUT","Avalanche","2026-10-08T18:58:58.240Z","https://www.nhl.com/news/nhl-lineup-projections-2026-27-season","2026-10-08",1,"matched",TRUE,1,3,NA,NA,NA,0,NA
20262027,20262027,20,"CGY",8481068,"Yegor","Sharangovich","Yegor Sharangovich","F","current_roster",TRUE,"2026-10-08T18:59:00.408Z","2026-10-08_185709_37828221813_1_d821bc9479044132b0bd68121a5ce6af",2026020064,"2026-10-08","2026-10-09T01:00:00Z","FUT","Avalanche","2026-10-08T18:58:58.240Z","https://www.nhl.com/news/nhl-lineup-projections-2026-27-season","2026-10-08",1,"matched",TRUE,1,2,NA,NA,NA,0,NA
20262027,20262027,20,"CGY",8476458,"Ryan","Strome","Ryan Strome","F","current_roster",TRUE,"2026-10-08T18:59:00.410Z","2026-10-08_185709_37828221813_1_d821bc9479044132b0bd68121a5ce6af",2026020064,"2026-10-08","2026-10-09T01:00:00Z","FUT","Avalanche","2026-10-08T18:58:58.240Z","https://www.nhl.com/news/nhl-lineup-projections-2026-27-season","2026-10-08",1,"matched",TRUE,1,3,NA,NA,NA,0,NA
20262027,20262027,20,"CGY",8484234,"Aydar","Suniev","Aydar Suniev","F","current_roster",TRUE,"2026-10-08T18:59:00.412Z","2026-10-08_185709_37828221813_1_d821bc9479044132b0bd68121a5ce6af",2026020064,"2026-10-08","2026-10-09T01:00:00Z","FUT","Avalanche","2026-10-08T18:58:58.240Z","https://www.nhl.com/news/nhl-lineup-projections-2026-27-season","2026-10-08",1,"matched",TRUE,1,4,NA,NA,NA,0,NA
20262027,20262027,20,"CGY",8484958,"Maxim","Tsyplakov","Maxim Tsyplakov","F","current_roster",TRUE,"2026-10-08T18:59:00.418Z","2026-10-08_185709_37828221813_1_d821bc9479044132b0bd68121a5ce6af",2026020064,"2026-10-08","2026-10-09T01:00:00Z","FUT","Avalanche","2026-10-08T18:58:58.240Z","https://www.nhl.com/news/nhl-lineup-projections-2026-27-season","2026-10-08",1,"matched",TRUE,0,NA,NA,NA,NA,0,NA
20262027,20262027,20,"CGY",8480860,"Kevin","Bahl","Kevin Bahl","D","current_roster",TRUE,"2026-10-08T18:59:00.420Z","2026-10-08_185709_37828221813_1_d821bc9479044132b0bd68121a5ce6af",2026020064,"2026-10-08","2026-10-09T01:00:00Z","FUT","Avalanche","2026-10-08T18:58:58.240Z","https://www.nhl.com/news/nhl-lineup-projections-2026-27-season","2026-10-08",1,"matched",TRUE,1,NA,1,NA,NA,0,NA
20262027,20262027,20,"CGY",8477810,"Joel","Hanley","Joel Hanley","D","current_roster",TRUE,"2026-10-08T18:59:00.422Z","2026-10-08_185709_37828221813_1_d821bc9479044132b0bd68121a5ce6af",2026020064,"2026-10-08","2026-10-09T01:00:00Z","FUT","Avalanche","2026-10-08T18:58:58.240Z","https://www.nhl.com/news/nhl-lineup-projections-2026-27-season","2026-10-08",1,"matched",TRUE,0,NA,NA,NA,NA,0,NA
20262027,20262027,20,"CGY",8482165,"Yan","Kuznetsov","Yan Kuznetsov","D","current_roster",TRUE,"2026-10-08T18:59:00.425Z","2026-10-08_185709_37828221813_1_d821bc9479044132b0bd68121a5ce6af",2026020064,"2026-10-08","2026-10-09T01:00:00Z","FUT","Avalanche","2026-10-08T18:58:58.240Z","https://www.nhl.com/news/nhl-lineup-projections-2026-27-season","2026-10-08",1,"matched",TRUE,1,NA,2,NA,NA,0,NA
20262027,20262027,20,"CGY",8478136,"Jake","Middleton","Jake Middleton","D","current_roster",TRUE,"2026-10-08T18:59:00.427Z","2026-10-08_185709_37828221813_1_d821bc9479044132b0bd68121a5ce6af",2026020064,"2026-10-08","2026-10-09T01:00:00Z","FUT","Avalanche","2026-10-08T18:58:58.240Z","https://www.nhl.com/news/nhl-lineup-projections-2026-27-season","2026-10-08",1,"matched",TRUE,1,NA,3,NA,NA,0,NA
20262027,20262027,20,"CGY",8483495,"Simon","Nemec","Simon Nemec","D","current_roster",TRUE,"2026-10-08T18:59:00.429Z","2026-10-08_185709_37828221813_1_d821bc9479044132b0bd68121a5ce6af",2026020064,"2026-10-08","2026-10-09T01:00:00Z","FUT","Avalanche","2026-10-08T18:58:58.240Z","https://www.nhl.com/news/nhl-lineup-projections-2026-27-season","2026-10-08",1,"matched",TRUE,1,NA,2,NA,NA,0,NA
20262027,20262027,20,"CGY",8484768,"Zayne","Parekh","Zayne Parekh","D","current_roster",TRUE,"2026-10-08T18:59:00.431Z","2026-10-08_185709_37828221813_1_d821bc9479044132b0bd68121a5ce6af",2026020064,"2026-10-08","2026-10-09T01:00:00Z","FUT","Avalanche","2026-10-08T18:58:58.240Z","https://www.nhl.com/news/nhl-lineup-projections-2026-27-season","2026-10-08",1,"matched",TRUE,1,NA,3,NA,NA,0,NA
20262027,20262027,20,"CGY",8480727,"Zach","Whitecloud","Zach Whitecloud","D","current_roster",TRUE,"2026-10-08T18:59:00.433Z","2026-10-08_185709_37828221813_1_d821bc9479044132b0bd68121a5ce6af",2026020064,"2026-10-08","2026-10-09T01:00:00Z","FUT","Avalanche","2026-10-08T18:58:58.240Z","https://www.nhl.com/news/nhl-lineup-projections-2026-27-season","2026-10-08",1,"matched",TRUE,1,NA,1,NA,NA,0,NA
20262027,20262027,20,"CGY",8482445,"Devin","Cooley","Devin Cooley","G","current_roster",TRUE,"2026-10-08T18:59:00.435Z","2026-10-08_185709_37828221813_1_d821bc9479044132b0bd68121a5ce6af",2026020064,"2026-10-08","2026-10-09T01:00:00Z","FUT","Avalanche","2026-10-08T18:58:58.240Z","https://www.nhl.com/news/nhl-lineup-projections-2026-27-season","2026-10-08",1,"matched",TRUE,1,NA,NA,"starter",NA,0,NA
20262027,20262027,20,"CGY",8481692,"Dustin","Wolf","Dustin Wolf","G","current_roster",TRUE,"2026-10-08T18:59:00.437Z","2026-10-08_185709_37828221813_1_d821bc9479044132b0bd68121a5ce6af",2026020064,"2026-10-08","2026-10-09T01:00:00Z","FUT","Avalanche","2026-10-08T18:58:58.240Z","https://www.nhl.com/news/nhl-lineup-projections-2026-27-season","2026-10-08",1,"matched",TRUE,1,NA,NA,"backup",NA,0,NA
20262027,20262027,10,"TOR",8476927,"Teddy","Blueger","Teddy Blueger","F","current_roster",TRUE,"2026-10-08T18:59:00.223Z","2026-10-08_185709_37828221813_1_d821bc9479044132b0bd68121a5ce6af",2026020065,"2026-10-08","2026-10-09T02:00:00Z","FUT","Golden Knights","2026-10-08T18:58:58.240Z","https://www.nhl.com/news/nhl-lineup-projections-2026-27-season","2026-10-08",1,"missing_or_duplicate_team_block",FALSE,NA,NA,NA,NA,NA,NA,NA
20262027,20262027,10,"TOR",8484158,"Easton","Cowan","Easton Cowan","F","current_roster",TRUE,"2026-10-08T18:59:00.228Z","2026-10-08_185709_37828221813_1_d821bc9479044132b0bd68121a5ce6af",2026020065,"2026-10-08","2026-10-09T02:00:00Z","FUT","Golden Knights","2026-10-08T18:58:58.240Z","https://www.nhl.com/news/nhl-lineup-projections-2026-27-season","2026-10-08",1,"missing_or_duplicate_team_block",FALSE,NA,NA,NA,NA,NA,NA,NA
20262027,20262027,10,"TOR",8479520,"Brandon","Duhaime","Brandon Duhaime","F","current_roster",TRUE,"2026-10-08T18:59:00.230Z","2026-10-08_185709_37828221813_1_d821bc9479044132b0bd68121a5ce6af",2026020065,"2026-10-08","2026-10-09T02:00:00Z","FUT","Golden Knights","2026-10-08T18:58:58.240Z","https://www.nhl.com/news/nhl-lineup-projections-2026-27-season","2026-10-08",1,"missing_or_duplicate_team_block",FALSE,NA,NA,NA,NA,NA,NA,NA
20262027,20262027,10,"TOR",8480870,"Bo","Groulx","Bo Groulx","F","current_roster",TRUE,"2026-10-08T18:59:00.232Z","2026-10-08_185709_37828221813_1_d821bc9479044132b0bd68121a5ce6af",2026020065,"2026-10-08","2026-10-09T02:00:00Z","FUT","Golden Knights","2026-10-08T18:58:58.240Z","https://www.nhl.com/news/nhl-lineup-projections-2026-27-season","2026-10-08",1,"missing_or_duplicate_team_block",FALSE,NA,NA,NA,NA,NA,NA,NA
20262027,20262027,10,"TOR",8485467,"Luke","Haymes","Luke Haymes","F","current_roster",TRUE,"2026-10-08T18:59:00.234Z","2026-10-08_185709_37828221813_1_d821bc9479044132b0bd68121a5ce6af",2026020065,"2026-10-08","2026-10-09T02:00:00Z","FUT","Golden Knights","2026-10-08T18:58:58.240Z","https://www.nhl.com/news/nhl-lineup-projections-2026-27-season","2026-10-08",1,"missing_or_duplicate_team_block",FALSE,NA,NA,NA,NA,NA,NA,NA
20262027,20262027,10,"TOR",8479772,"Zack","MacEwen","Zack MacEwen","F","current_roster",TRUE,"2026-10-08T18:59:00.236Z","2026-10-08_185709_37828221813_1_d821bc9479044132b0bd68121a5ce6af",2026020065,"2026-10-08","2026-10-09T02:00:00Z","FUT","Golden Knights","2026-10-08T18:58:58.240Z","https://www.nhl.com/news/nhl-lineup-projections-2026-27-season","2026-10-08",1,"missing_or_duplicate_team_block",FALSE,NA,NA,NA,NA,NA,NA,NA
20262027,20262027,10,"TOR",8480893,"Kirill","Marchenko","Kirill Marchenko","F","current_roster",TRUE,"2026-10-08T18:59:00.238Z","2026-10-08_185709_37828221813_1_d821bc9479044132b0bd68121a5ce6af",2026020065,"2026-10-08","2026-10-09T02:00:00Z","FUT","Golden Knights","2026-10-08T18:58:58.240Z","https://www.nhl.com/news/nhl-lineup-projections-2026-27-season","2026-10-08",1,"missing_or_duplicate_team_block",FALSE,NA,NA,NA,NA,NA,NA,NA
20262027,20262027,10,"TOR",8479318,"Auston","Matthews","Auston Matthews","F","current_roster",TRUE,"2026-10-08T18:59:00.240Z","2026-10-08_185709_37828221813_1_d821bc9479044132b0bd68121a5ce6af",2026020065,"2026-10-08","2026-10-09T02:00:00Z","FUT","Golden Knights","2026-10-08T18:58:58.240Z","https://www.nhl.com/news/nhl-lineup-projections-2026-27-season","2026-10-08",1,"missing_or_duplicate_team_block",FALSE,NA,NA,NA,NA,NA,NA,NA
20262027,20262027,10,"TOR",8486067,"Gavin","McKenna","Gavin McKenna","F","current_roster",TRUE,"2026-10-08T18:59:00.242Z","2026-10-08_185709_37828221813_1_d821bc9479044132b0bd68121a5ce6af",2026020065,"2026-10-08","2026-10-09T02:00:00Z","FUT","Golden Knights","2026-10-08T18:58:58.240Z","https://www.nhl.com/news/nhl-lineup-projections-2026-27-season","2026-10-08",1,"missing_or_duplicate_team_block",FALSE,NA,NA,NA,NA,NA,NA,NA
20262027,20262027,10,"TOR",8477939,"William","Nylander","William Nylander","F","current_roster",TRUE,"2026-10-08T18:59:00.244Z","2026-10-08_185709_37828221813_1_d821bc9479044132b0bd68121a5ce6af",2026020065,"2026-10-08","2026-10-09T02:00:00Z","FUT","Golden Knights","2026-10-08T18:58:58.240Z","https://www.nhl.com/news/nhl-lineup-projections-2026-27-season","2026-10-08",1,"missing_or_duplicate_team_block",FALSE,NA,NA,NA,NA,NA,NA,NA
20262027,20262027,10,"TOR",8477426,"Nick","Paul","Nick Paul","F","current_roster",TRUE,"2026-10-08T18:59:00.246Z","2026-10-08_185709_37828221813_1_d821bc9479044132b0bd68121a5ce6af",2026020065,"2026-10-08","2026-10-09T02:00:00Z","FUT","Golden Knights","2026-10-08T18:58:58.240Z","https://www.nhl.com/news/nhl-lineup-projections-2026-27-season","2026-10-08",1,"missing_or_duplicate_team_block",FALSE,NA,NA,NA,NA,NA,NA,NA
20262027,20262027,10,"TOR",8478458,"Jack","Roslovic","Jack Roslovic","F","current_roster",TRUE,"2026-10-08T18:59:00.248Z","2026-10-08_185709_37828221813_1_d821bc9479044132b0bd68121a5ce6af",2026020065,"2026-10-08","2026-10-09T02:00:00Z","FUT","Golden Knights","2026-10-08T18:58:58.240Z","https://www.nhl.com/news/nhl-lineup-projections-2026-27-season","2026-10-08",1,"missing_or_duplicate_team_block",FALSE,NA,NA,NA,NA,NA,NA,NA
20262027,20262027,10,"TOR",8476925,"Colton","Sissons","Colton Sissons","F","current_roster",TRUE,"2026-10-08T18:59:00.250Z","2026-10-08_185709_37828221813_1_d821bc9479044132b0bd68121a5ce6af",2026020065,"2026-10-08","2026-10-09T02:00:00Z","FUT","Golden Knights","2026-10-08T18:58:58.240Z","https://www.nhl.com/news/nhl-lineup-projections-2026-27-season","2026-10-08",1,"missing_or_duplicate_team_block",FALSE,NA,NA,NA,NA,NA,NA,NA
20262027,20262027,10,"TOR",8475166,"John","Tavares","John Tavares","F","current_roster",TRUE,"2026-10-08T18:59:00.252Z","2026-10-08_185709_37828221813_1_d821bc9479044132b0bd68121a5ce6af",2026020065,"2026-10-08","2026-10-09T02:00:00Z","FUT","Golden Knights","2026-10-08T18:58:58.240Z","https://www.nhl.com/news/nhl-lineup-projections-2026-27-season","2026-10-08",1,"missing_or_duplicate_team_block",FALSE,NA,NA,NA,NA,NA,NA,NA
20262027,20262027,10,"TOR",8483565,"Nick","Blankenburg","Nick Blankenburg","D","current_roster",TRUE,"2026-10-08T18:59:00.255Z","2026-10-08_185709_37828221813_1_d821bc9479044132b0bd68121a5ce6af",2026020065,"2026-10-08","2026-10-09T02:00:00Z","FUT","Golden Knights","2026-10-08T18:58:58.240Z","https://www.nhl.com/news/nhl-lineup-projections-2026-27-season","2026-10-08",1,"missing_or_duplicate_team_block",FALSE,NA,NA,NA,NA,NA,NA,NA
20262027,20262027,10,"TOR",8475171,"Oliver","Ekman-Larsson","Oliver Ekman-Larsson","D","current_roster",TRUE,"2026-10-08T18:59:00.257Z","2026-10-08_185709_37828221813_1_d821bc9479044132b0bd68121a5ce6af",2026020065,"2026-10-08","2026-10-09T02:00:00Z","FUT","Golden Knights","2026-10-08T18:58:58.240Z","https://www.nhl.com/news/nhl-lineup-projections-2026-27-season","2026-10-08",1,"missing_or_duplicate_team_block",FALSE,NA,NA,NA,NA,NA,NA,NA
20262027,20262027,10,"TOR",8476931,"Jake","McCabe","Jake McCabe","D","current_roster",TRUE,"2026-10-08T18:59:00.259Z","2026-10-08_185709_37828221813_1_d821bc9479044132b0bd68121a5ce6af",2026020065,"2026-10-08","2026-10-09T02:00:00Z","FUT","Golden Knights","2026-10-08T18:58:58.240Z","https://www.nhl.com/news/nhl-lineup-projections-2026-27-season","2026-10-08",1,"missing_or_duplicate_team_block",FALSE,NA,NA,NA,NA,NA,NA,NA
20262027,20262027,10,"TOR",8478178,"Darren","Raddysh","Darren Raddysh","D","current_roster",TRUE,"2026-10-08T18:59:00.261Z","2026-10-08_185709_37828221813_1_d821bc9479044132b0bd68121a5ce6af",2026020065,"2026-10-08","2026-10-09T02:00:00Z","FUT","Golden Knights","2026-10-08T18:58:58.240Z","https://www.nhl.com/news/nhl-lineup-projections-2026-27-season","2026-10-08",1,"missing_or_duplicate_team_block",FALSE,NA,NA,NA,NA,NA,NA,NA
20262027,20262027,10,"TOR",8476853,"Morgan","Rielly","Morgan Rielly","D","current_roster",TRUE,"2026-10-08T18:59:00.263Z","2026-10-08_185709_37828221813_1_d821bc9479044132b0bd68121a5ce6af",2026020065,"2026-10-08","2026-10-09T02:00:00Z","FUT","Golden Knights","2026-10-08T18:58:58.240Z","https://www.nhl.com/news/nhl-lineup-projections-2026-27-season","2026-10-08",1,"missing_or_duplicate_team_block",FALSE,NA,NA,NA,NA,NA,NA,NA
20262027,20262027,10,"TOR",8479442,"Troy","Stecher","Troy Stecher","D","current_roster",TRUE,"2026-10-08T18:59:00.265Z","2026-10-08_185709_37828221813_1_d821bc9479044132b0bd68121a5ce6af",2026020065,"2026-10-08","2026-10-09T02:00:00Z","FUT","Golden Knights","2026-10-08T18:58:58.240Z","https://www.nhl.com/news/nhl-lineup-projections-2026-27-season","2026-10-08",1,"missing_or_duplicate_team_block",FALSE,NA,NA,NA,NA,NA,NA,NA
20262027,20262027,10,"TOR",8475690,"Chris","Tanev","Chris Tanev","D","current_roster",TRUE,"2026-10-08T18:59:00.267Z","2026-10-08_185709_37828221813_1_d821bc9479044132b0bd68121a5ce6af",2026020065,"2026-10-08","2026-10-09T02:00:00Z","FUT","Golden Knights","2026-10-08T18:58:58.240Z","https://www.nhl.com/news/nhl-lineup-projections-2026-27-season","2026-10-08",1,"missing_or_duplicate_team_block",FALSE,NA,NA,NA,NA,NA,NA,NA
20262027,20262027,10,"TOR",8475683,"Sergei","Bobrovsky","Sergei Bobrovsky","G","current_roster",TRUE,"2026-10-08T18:59:00.270Z","2026-10-08_185709_37828221813_1_d821bc9479044132b0bd68121a5ce6af",2026020065,"2026-10-08","2026-10-09T02:00:00Z","FUT","Golden Knights","2026-10-08T18:58:58.240Z","https://www.nhl.com/news/nhl-lineup-projections-2026-27-season","2026-10-08",1,"missing_or_duplicate_team_block",FALSE,NA,NA,NA,NA,NA,NA,NA
20262027,20262027,10,"TOR",8476932,"Anthony","Stolarz","Anthony Stolarz","G","current_roster",TRUE,"2026-10-08T18:59:00.272Z","2026-10-08_185709_37828221813_1_d821bc9479044132b0bd68121a5ce6af",2026020065,"2026-10-08","2026-10-09T02:00:00Z","FUT","Golden Knights","2026-10-08T18:58:58.240Z","https://www.nhl.com/news/nhl-lineup-projections-2026-27-season","2026-10-08",1,"missing_or_duplicate_team_block",FALSE,NA,NA,NA,NA,NA,NA,NA
20262027,20262027,54,"VGK",8477964,"Ivan","Barbashev","Ivan Barbashev","F","current_roster",TRUE,"2026-10-08T18:59:00.337Z","2026-10-08_185709_37828221813_1_d821bc9479044132b0bd68121a5ce6af",2026020065,"2026-10-08","2026-10-09T02:00:00Z","FUT","Maple Leafs","2026-10-08T18:58:58.240Z","https://www.nhl.com/news/nhl-lineup-projections-2026-27-season","2026-10-08",1,"missing_or_duplicate_team_block",FALSE,NA,NA,NA,NA,NA,NA,NA
20262027,20262027,54,"VGK",8483890,"Braeden","Bowman","Braeden Bowman","F","current_roster",TRUE,"2026-10-08T18:59:00.339Z","2026-10-08_185709_37828221813_1_d821bc9479044132b0bd68121a5ce6af",2026020065,"2026-10-08","2026-10-09T02:00:00Z","FUT","Maple Leafs","2026-10-08T18:58:58.240Z","https://www.nhl.com/news/nhl-lineup-projections-2026-27-season","2026-10-08",1,"missing_or_duplicate_team_block",FALSE,NA,NA,NA,NA,NA,NA,NA
20262027,20262027,54,"VGK",8484803,"Trevor","Connelly","Trevor Connelly","F","current_roster",TRUE,"2026-10-08T18:59:00.341Z","2026-10-08_185709_37828221813_1_d821bc9479044132b0bd68121a5ce6af",2026020065,"2026-10-08","2026-10-09T02:00:00Z","FUT","Maple Leafs","2026-10-08T18:58:58.240Z","https://www.nhl.com/news/nhl-lineup-projections-2026-27-season","2026-10-08",1,"missing_or_duplicate_team_block",FALSE,NA,NA,NA,NA,NA,NA,NA
20262027,20262027,54,"VGK",8475343,"Nic","Dowd","Nic Dowd","F","current_roster",TRUE,"2026-10-08T18:59:00.343Z","2026-10-08_185709_37828221813_1_d821bc9479044132b0bd68121a5ce6af",2026020065,"2026-10-08","2026-10-09T02:00:00Z","FUT","Maple Leafs","2026-10-08T18:58:58.240Z","https://www.nhl.com/news/nhl-lineup-projections-2026-27-season","2026-10-08",1,"missing_or_duplicate_team_block",FALSE,NA,NA,NA,NA,NA,NA,NA
20262027,20262027,54,"VGK",8478403,"Jack","Eichel","Jack Eichel","F","current_roster",TRUE,"2026-10-08T18:59:00.345Z","2026-10-08_185709_37828221813_1_d821bc9479044132b0bd68121a5ce6af",2026020065,"2026-10-08","2026-10-09T02:00:00Z","FUT","Maple Leafs","2026-10-08T18:58:58.240Z","https://www.nhl.com/news/nhl-lineup-projections-2026-27-season","2026-10-08",1,"missing_or_duplicate_team_block",FALSE,NA,NA,NA,NA,NA,NA,NA
20262027,20262027,54,"VGK",8483553,"Marc","Gatcomb","Marc Gatcomb","F","current_roster",TRUE,"2026-10-08T18:59:00.347Z","2026-10-08_185709_37828221813_1_d821bc9479044132b0bd68121a5ce6af",2026020065,"2026-10-08","2026-10-09T02:00:00Z","FUT","Maple Leafs","2026-10-08T18:58:58.240Z","https://www.nhl.com/news/nhl-lineup-projections-2026-27-season","2026-10-08",1,"missing_or_duplicate_team_block",FALSE,NA,NA,NA,NA,NA,NA,NA
20262027,20262027,54,"VGK",8476881,"Tomas","Hertl","Tomas Hertl","F","current_roster",TRUE,"2026-10-08T18:59:00.349Z","2026-10-08_185709_37828221813_1_d821bc9479044132b0bd68121a5ce6af",2026020065,"2026-10-08","2026-10-09T02:00:00Z","FUT","Maple Leafs","2026-10-08T18:58:58.240Z","https://www.nhl.com/news/nhl-lineup-projections-2026-27-season","2026-10-08",1,"missing_or_duplicate_team_block",FALSE,NA,NA,NA,NA,NA,NA,NA
20262027,20262027,54,"VGK",8479353,"Brett","Howden","Brett Howden","F","current_roster",TRUE,"2026-10-08T18:59:00.354Z","2026-10-08_185709_37828221813_1_d821bc9479044132b0bd68121a5ce6af",2026020065,"2026-10-08","2026-10-09T02:00:00Z","FUT","Maple Leafs","2026-10-08T18:58:58.240Z","https://www.nhl.com/news/nhl-lineup-projections-2026-27-season","2026-10-08",1,"missing_or_duplicate_team_block",FALSE,NA,NA,NA,NA,NA,NA,NA
20262027,20262027,54,"VGK",8476448,"William","Karlsson","William Karlsson","F","current_roster",TRUE,"2026-10-08T18:59:00.356Z","2026-10-08_185709_37828221813_1_d821bc9479044132b0bd68121a5ce6af",2026020065,"2026-10-08","2026-10-09T02:00:00Z","FUT","Maple Leafs","2026-10-08T18:58:58.240Z","https://www.nhl.com/news/nhl-lineup-projections-2026-27-season","2026-10-08",1,"missing_or_duplicate_team_block",FALSE,NA,NA,NA,NA,NA,NA,NA
20262027,20262027,54,"VGK",8481534,"Raphael","Lavoie","Raphael Lavoie","F","current_roster",TRUE,"2026-10-08T18:59:00.358Z","2026-10-08_185709_37828221813_1_d821bc9479044132b0bd68121a5ce6af",2026020065,"2026-10-08","2026-10-09T02:00:00Z","FUT","Maple Leafs","2026-10-08T18:58:58.240Z","https://www.nhl.com/news/nhl-lineup-projections-2026-27-season","2026-10-08",1,"missing_or_duplicate_team_block",FALSE,NA,NA,NA,NA,NA,NA,NA
20262027,20262027,54,"VGK",8478483,"Mitch","Marner","Mitch Marner","F","current_roster",TRUE,"2026-10-08T18:59:00.360Z","2026-10-08_185709_37828221813_1_d821bc9479044132b0bd68121a5ce6af",2026020065,"2026-10-08","2026-10-09T02:00:00Z","FUT","Maple Leafs","2026-10-08T18:58:58.240Z","https://www.nhl.com/news/nhl-lineup-projections-2026-27-season","2026-10-08",1,"missing_or_duplicate_team_block",FALSE,NA,NA,NA,NA,NA,NA,NA
20262027,20262027,54,"VGK",8478109,"Victor","Olofsson","Victor Olofsson","F","current_roster",TRUE,"2026-10-08T18:59:00.362Z","2026-10-08_185709_37828221813_1_d821bc9479044132b0bd68121a5ce6af",2026020065,"2026-10-08","2026-10-09T02:00:00Z","FUT","Maple Leafs","2026-10-08T18:58:58.240Z","https://www.nhl.com/news/nhl-lineup-projections-2026-27-season","2026-10-08",1,"missing_or_duplicate_team_block",FALSE,NA,NA,NA,NA,NA,NA,NA
20262027,20262027,54,"VGK",8475913,"Mark","Stone","Mark Stone","F","current_roster",TRUE,"2026-10-08T18:59:00.364Z","2026-10-08_185709_37828221813_1_d821bc9479044132b0bd68121a5ce6af",2026020065,"2026-10-08","2026-10-09T02:00:00Z","FUT","Maple Leafs","2026-10-08T18:58:58.240Z","https://www.nhl.com/news/nhl-lineup-projections-2026-27-season","2026-10-08",1,"missing_or_duplicate_team_block",FALSE,NA,NA,NA,NA,NA,NA,NA
20262027,20262027,54,"VGK",8478397,"Rasmus","Andersson","Rasmus Andersson","D","current_roster",TRUE,"2026-10-08T18:59:00.366Z","2026-10-08_185709_37828221813_1_d821bc9479044132b0bd68121a5ce6af",2026020065,"2026-10-08","2026-10-09T02:00:00Z","FUT","Maple Leafs","2026-10-08T18:58:58.240Z","https://www.nhl.com/news/nhl-lineup-projections-2026-27-season","2026-10-08",1,"missing_or_duplicate_team_block",FALSE,NA,NA,NA,NA,NA,NA,NA
20262027,20262027,54,"VGK",8479639,"Dylan","Coghlan","Dylan Coghlan","D","current_roster",TRUE,"2026-10-08T18:59:00.368Z","2026-10-08_185709_37828221813_1_d821bc9479044132b0bd68121a5ce6af",2026020065,"2026-10-08","2026-10-09T02:00:00Z","FUT","Maple Leafs","2026-10-08T18:58:58.240Z","https://www.nhl.com/news/nhl-lineup-projections-2026-27-season","2026-10-08",1,"missing_or_duplicate_team_block",FALSE,NA,NA,NA,NA,NA,NA,NA
20262027,20262027,54,"VGK",8478396,"Noah","Hanifin","Noah Hanifin","D","current_roster",TRUE,"2026-10-08T18:59:00.370Z","2026-10-08_185709_37828221813_1_d821bc9479044132b0bd68121a5ce6af",2026020065,"2026-10-08","2026-10-09T02:00:00Z","FUT","Maple Leafs","2026-10-08T18:58:58.240Z","https://www.nhl.com/news/nhl-lineup-projections-2026-27-season","2026-10-08",1,"missing_or_duplicate_team_block",FALSE,NA,NA,NA,NA,NA,NA,NA
20262027,20262027,54,"VGK",8478468,"Jeremy","Lauzon","Jeremy Lauzon","D","current_roster",TRUE,"2026-10-08T18:59:00.373Z","2026-10-08_185709_37828221813_1_d821bc9479044132b0bd68121a5ce6af",2026020065,"2026-10-08","2026-10-09T02:00:00Z","FUT","Maple Leafs","2026-10-08T18:58:58.240Z","https://www.nhl.com/news/nhl-lineup-projections-2026-27-season","2026-10-08",1,"missing_or_duplicate_team_block",FALSE,NA,NA,NA,NA,NA,NA,NA
20262027,20262027,54,"VGK",8475188,"Brayden","McNabb","Brayden McNabb","D","current_roster",TRUE,"2026-10-08T18:59:00.374Z","2026-10-08_185709_37828221813_1_d821bc9479044132b0bd68121a5ce6af",2026020065,"2026-10-08","2026-10-09T02:00:00Z","FUT","Maple Leafs","2026-10-08T18:58:58.240Z","https://www.nhl.com/news/nhl-lineup-projections-2026-27-season","2026-10-08",1,"missing_or_duplicate_team_block",FALSE,NA,NA,NA,NA,NA,NA,NA
20262027,20262027,54,"VGK",8477447,"Shea","Theodore","Shea Theodore","D","current_roster",TRUE,"2026-10-08T18:59:00.377Z","2026-10-08_185709_37828221813_1_d821bc9479044132b0bd68121a5ce6af",2026020065,"2026-10-08","2026-10-09T02:00:00Z","FUT","Maple Leafs","2026-10-08T18:58:58.240Z","https://www.nhl.com/news/nhl-lineup-projections-2026-27-season","2026-10-08",1,"missing_or_duplicate_team_block",FALSE,NA,NA,NA,NA,NA,NA,NA
20262027,20262027,54,"VGK",8478450,"Parker","Wotherspoon","Parker Wotherspoon","D","current_roster",TRUE,"2026-10-08T18:59:00.379Z","2026-10-08_185709_37828221813_1_d821bc9479044132b0bd68121a5ce6af",2026020065,"2026-10-08","2026-10-09T02:00:00Z","FUT","Maple Leafs","2026-10-08T18:58:58.240Z","https://www.nhl.com/news/nhl-lineup-projections-2026-27-season","2026-10-08",1,"missing_or_duplicate_team_block",FALSE,NA,NA,NA,NA,NA,NA,NA
20262027,20262027,54,"VGK",8479394,"Carter","Hart","Carter Hart","G","current_roster",TRUE,"2026-10-08T18:59:00.381Z","2026-10-08_185709_37828221813_1_d821bc9479044132b0bd68121a5ce6af",2026020065,"2026-10-08","2026-10-09T02:00:00Z","FUT","Maple Leafs","2026-10-08T18:58:58.240Z","https://www.nhl.com/news/nhl-lineup-projections-2026-27-season","2026-10-08",1,"missing_or_duplicate_team_block",FALSE,NA,NA,NA,NA,NA,NA,NA
20262027,20262027,54,"VGK",8478499,"Adin","Hill","Adin Hill","G","current_roster",TRUE,"2026-10-08T18:59:00.383Z","2026-10-08_185709_37828221813_1_d821bc9479044132b0bd68121a5ce6af",2026020065,"2026-10-08","2026-10-09T02:00:00Z","FUT","Maple Leafs","2026-10-08T18:58:58.240Z","https://www.nhl.com/news/nhl-lineup-projections-2026-27-season","2026-10-08",1,"missing_or_duplicate_team_block",FALSE,NA,NA,NA,NA,NA,NA,NA
20262027,20262027,13,"FLA",8477493,"Aleksander","Barkov","Aleksander Barkov","F","current_roster",TRUE,"2026-10-08T18:58:58.859Z","2026-10-08_185709_37828221813_1_d821bc9479044132b0bd68121a5ce6af",NA,"2026-10-08",NA,NA,NA,"2026-10-08T18:58:58.240Z","https://www.nhl.com/news/nhl-lineup-projections-2026-27-season","2026-10-08",1,"no_game_today",FALSE,NA,NA,NA,NA,NA,NA,NA
20262027,20262027,13,"FLA",8477935,"Sam","Bennett","Sam Bennett","F","current_roster",TRUE,"2026-10-08T18:58:58.861Z","2026-10-08_185709_37828221813_1_d821bc9479044132b0bd68121a5ce6af",NA,"2026-10-08",NA,NA,NA,"2026-10-08T18:58:58.240Z","https://www.nhl.com/news/nhl-lineup-projections-2026-27-season","2026-10-08",1,"no_game_today",FALSE,NA,NA,NA,NA,NA,NA,NA
20262027,20262027,13,"FLA",8474189,"Lars","Eller","Lars Eller","F","current_roster",TRUE,"2026-10-08T18:58:58.863Z","2026-10-08_185709_37828221813_1_d821bc9479044132b0bd68121a5ce6af",NA,"2026-10-08",NA,NA,NA,"2026-10-08T18:58:58.240Z","https://www.nhl.com/news/nhl-lineup-projections-2026-27-season","2026-10-08",1,"no_game_today",FALSE,NA,NA,NA,NA,NA,NA,NA
20262027,20262027,13,"FLA",8479981,"Jonah","Gadjovich","Jonah Gadjovich","F","current_roster",TRUE,"2026-10-08T18:58:58.865Z","2026-10-08_185709_37828221813_1_d821bc9479044132b0bd68121a5ce6af",NA,"2026-10-08",NA,NA,NA,"2026-10-08T18:58:58.240Z","https://www.nhl.com/news/nhl-lineup-projections-2026-27-season","2026-10-08",1,"no_game_today",FALSE,NA,NA,NA,NA,NA,NA,NA
20262027,20262027,13,"FLA",8477903,"Garnet","Hathaway","Garnet Hathaway","F","current_roster",TRUE,"2026-10-08T18:58:58.867Z","2026-10-08_185709_37828221813_1_d821bc9479044132b0bd68121a5ce6af",NA,"2026-10-08",NA,NA,NA,"2026-10-08T18:58:58.240Z","https://www.nhl.com/news/nhl-lineup-projections-2026-27-season","2026-10-08",1,"no_game_today",FALSE,NA,NA,NA,NA,NA,NA,NA
20262027,20262027,13,"FLA",8478147,"Bokondji","Imama","Bokondji Imama","F","current_roster",TRUE,"2026-10-08T18:58:58.869Z","2026-10-08_185709_37828221813_1_d821bc9479044132b0bd68121a5ce6af",NA,"2026-10-08",NA,NA,NA,"2026-10-08T18:58:58.240Z","https://www.nhl.com/news/nhl-lineup-projections-2026-27-season","2026-10-08",1,"no_game_today",FALSE,NA,NA,NA,NA,NA,NA,NA
20262027,20262027,13,"FLA",8482113,"Anton","Lundell","Anton Lundell","F","current_roster",TRUE,"2026-10-08T18:58:58.871Z","2026-10-08_185709_37828221813_1_d821bc9479044132b0bd68121a5ce6af",NA,"2026-10-08",NA,NA,NA,"2026-10-08T18:58:58.240Z","https://www.nhl.com/news/nhl-lineup-projections-2026-27-season","2026-10-08",1,"no_game_today",FALSE,NA,NA,NA,NA,NA,NA,NA
20262027,20262027,13,"FLA",8480185,"Eetu","Luostarinen","Eetu Luostarinen","F","current_roster",TRUE,"2026-10-08T18:58:58.873Z","2026-10-08_185709_37828221813_1_d821bc9479044132b0bd68121a5ce6af",NA,"2026-10-08",NA,NA,NA,"2026-10-08T18:58:58.240Z","https://www.nhl.com/news/nhl-lineup-projections-2026-27-season","2026-10-08",1,"no_game_today",FALSE,NA,NA,NA,NA,NA,NA,NA
20262027,20262027,13,"FLA",8473419,"Brad","Marchand","Brad Marchand","F","current_roster",TRUE,"2026-10-08T18:58:58.875Z","2026-10-08_185709_37828221813_1_d821bc9479044132b0bd68121a5ce6af",NA,"2026-10-08",NA,NA,NA,"2026-10-08T18:58:58.240Z","https://www.nhl.com/news/nhl-lineup-projections-2026-27-season","2026-10-08",1,"no_game_today",FALSE,NA,NA,NA,NA,NA,NA,NA
20262027,20262027,13,"FLA",8477933,"Sam","Reinhart","Sam Reinhart","F","current_roster",TRUE,"2026-10-08T18:58:58.877Z","2026-10-08_185709_37828221813_1_d821bc9479044132b0bd68121a5ce6af",NA,"2026-10-08",NA,NA,NA,"2026-10-08T18:58:58.240Z","https://www.nhl.com/news/nhl-lineup-projections-2026-27-season","2026-10-08",1,"no_game_today",FALSE,NA,NA,NA,NA,NA,NA,NA
20262027,20262027,13,"FLA",8480801,"Brady","Tkachuk","Brady Tkachuk","F","current_roster",TRUE,"2026-10-08T18:58:58.879Z","2026-10-08_185709_37828221813_1_d821bc9479044132b0bd68121a5ce6af",NA,"2026-10-08",NA,NA,NA,"2026-10-08T18:58:58.240Z","https://www.nhl.com/news/nhl-lineup-projections-2026-27-season","2026-10-08",1,"no_game_today",FALSE,NA,NA,NA,NA,NA,NA,NA
20262027,20262027,13,"FLA",8479314,"Matthew","Tkachuk","Matthew Tkachuk","F","current_roster",TRUE,"2026-10-08T18:58:58.881Z","2026-10-08_185709_37828221813_1_d821bc9479044132b0bd68121a5ce6af",NA,"2026-10-08",NA,NA,NA,"2026-10-08T18:58:58.240Z","https://www.nhl.com/news/nhl-lineup-projections-2026-27-season","2026-10-08",1,"no_game_today",FALSE,NA,NA,NA,NA,NA,NA,NA
20262027,20262027,13,"FLA",8477409,"Carter","Verhaeghe","Carter Verhaeghe","F","current_roster",TRUE,"2026-10-08T18:58:58.884Z","2026-10-08_185709_37828221813_1_d821bc9479044132b0bd68121a5ce6af",NA,"2026-10-08",NA,NA,NA,"2026-10-08T18:58:58.240Z","https://www.nhl.com/news/nhl-lineup-projections-2026-27-season","2026-10-08",1,"no_game_today",FALSE,NA,NA,NA,NA,NA,NA,NA
20262027,20262027,13,"FLA",8483771,"Sandis","Vilmanis","Sandis Vilmanis","F","current_roster",TRUE,"2026-10-08T18:58:58.886Z","2026-10-08_185709_37828221813_1_d821bc9479044132b0bd68121a5ce6af",NA,"2026-10-08",NA,NA,NA,"2026-10-08T18:58:58.240Z","https://www.nhl.com/news/nhl-lineup-projections-2026-27-season","2026-10-08",1,"no_game_today",FALSE,NA,NA,NA,NA,NA,NA,NA
20262027,20262027,13,"FLA",8484304,"Uvis","Balinskis","Uvis Balinskis","D","current_roster",TRUE,"2026-10-08T18:58:58.888Z","2026-10-08_185709_37828221813_1_d821bc9479044132b0bd68121a5ce6af",NA,"2026-10-08",NA,NA,NA,"2026-10-08T18:58:58.240Z","https://www.nhl.com/news/nhl-lineup-projections-2026-27-season","2026-10-08",1,"no_game_today",FALSE,NA,NA,NA,NA,NA,NA,NA
20262027,20262027,13,"FLA",8477932,"Aaron","Ekblad","Aaron Ekblad","D","current_roster",TRUE,"2026-10-08T18:58:58.890Z","2026-10-08_185709_37828221813_1_d821bc9479044132b0bd68121a5ce6af",NA,"2026-10-08",NA,NA,NA,"2026-10-08T18:58:58.240Z","https://www.nhl.com/news/nhl-lineup-projections-2026-27-season","2026-10-08",1,"no_game_today",FALSE,NA,NA,NA,NA,NA,NA,NA
20262027,20262027,13,"FLA",8478055,"Gustav","Forsling","Gustav Forsling","D","current_roster",TRUE,"2026-10-08T18:58:58.892Z","2026-10-08_185709_37828221813_1_d821bc9479044132b0bd68121a5ce6af",NA,"2026-10-08",NA,NA,NA,"2026-10-08T18:58:58.240Z","https://www.nhl.com/news/nhl-lineup-projections-2026-27-season","2026-10-08",1,"no_game_today",FALSE,NA,NA,NA,NA,NA,NA,NA
20262027,20262027,13,"FLA",8475462,"Radko","Gudas","Radko Gudas","D","current_roster",TRUE,"2026-10-08T18:58:58.894Z","2026-10-08_185709_37828221813_1_d821bc9479044132b0bd68121a5ce6af",NA,"2026-10-08",NA,NA,NA,"2026-10-08T18:58:58.240Z","https://www.nhl.com/news/nhl-lineup-projections-2026-27-season","2026-10-08",1,"no_game_today",FALSE,NA,NA,NA,NA,NA,NA,NA
20262027,20262027,13,"FLA",8477495,"Seth","Jones","Seth Jones","D","current_roster",TRUE,"2026-10-08T18:58:58.896Z","2026-10-08_185709_37828221813_1_d821bc9479044132b0bd68121a5ce6af",NA,"2026-10-08",NA,NA,NA,"2026-10-08T18:58:58.240Z","https://www.nhl.com/news/nhl-lineup-projections-2026-27-season","2026-10-08",1,"no_game_today",FALSE,NA,NA,NA,NA,NA,NA,NA
20262027,20262027,13,"FLA",8475179,"Dmitry","Kulikov","Dmitry Kulikov","D","current_roster",TRUE,"2026-10-08T18:58:58.898Z","2026-10-08_185709_37828221813_1_d821bc9479044132b0bd68121a5ce6af",NA,"2026-10-08",NA,NA,NA,"2026-10-08T18:58:58.240Z","https://www.nhl.com/news/nhl-lineup-projections-2026-27-season","2026-10-08",1,"no_game_today",FALSE,NA,NA,NA,NA,NA,NA,NA
20262027,20262027,13,"FLA",8478859,"Niko","Mikkola","Niko Mikkola","D","current_roster",TRUE,"2026-10-08T18:58:58.900Z","2026-10-08_185709_37828221813_1_d821bc9479044132b0bd68121a5ce6af",NA,"2026-10-08",NA,NA,NA,"2026-10-08T18:58:58.240Z","https://www.nhl.com/news/nhl-lineup-projections-2026-27-season","2026-10-08",1,"no_game_today",FALSE,NA,NA,NA,NA,NA,NA,NA
20262027,20262027,13,"FLA",8474593,"Jacob","Markstrom","Jacob Markstrom","G","current_roster",TRUE,"2026-10-08T18:58:58.903Z","2026-10-08_185709_37828221813_1_d821bc9479044132b0bd68121a5ce6af",NA,"2026-10-08",NA,NA,NA,"2026-10-08T18:58:58.240Z","https://www.nhl.com/news/nhl-lineup-projections-2026-27-season","2026-10-08",1,"no_game_today",FALSE,NA,NA,NA,NA,NA,NA,NA
20262027,20262027,13,"FLA",8481033,"Akira","Schmid","Akira Schmid","G","current_roster",TRUE,"2026-10-08T18:58:58.905Z","2026-10-08_185709_37828221813_1_d821bc9479044132b0bd68121a5ce6af",NA,"2026-10-08",NA,NA,NA,"2026-10-08T18:58:58.240Z","https://www.nhl.com/news/nhl-lineup-projections-2026-27-season","2026-10-08",1,"no_game_today",FALSE,NA,NA,NA,NA,NA,NA,NA
20262027,20262027,52,"WPG",8480289,"Morgan","Barron","Morgan Barron","F","current_roster",TRUE,"2026-10-08T18:58:58.958Z","2026-10-08_185709_37828221813_1_d821bc9479044132b0bd68121a5ce6af",NA,"2026-10-08",NA,NA,NA,"2026-10-08T18:58:58.240Z","https://www.nhl.com/news/nhl-lineup-projections-2026-27-season","2026-10-08",1,"no_game_today",FALSE,NA,NA,NA,NA,NA,NA,NA
20262027,20262027,52,"WPG",8486025,"Viggo","Björck","Viggo Björck","F","current_roster",TRUE,"2026-10-08T18:58:58.960Z","2026-10-08_185709_37828221813_1_d821bc9479044132b0bd68121a5ce6af",NA,"2026-10-08",NA,NA,NA,"2026-10-08T18:58:58.240Z","https://www.nhl.com/news/nhl-lineup-projections-2026-27-season","2026-10-08",1,"no_game_today",FALSE,NA,NA,NA,NA,NA,NA,NA
20262027,20262027,52,"WPG",8478398,"Kyle","Connor","Kyle Connor","F","current_roster",TRUE,"2026-10-08T18:58:58.962Z","2026-10-08_185709_37828221813_1_d821bc9479044132b0bd68121a5ce6af",NA,"2026-10-08",NA,NA,NA,"2026-10-08T18:58:58.240Z","https://www.nhl.com/news/nhl-lineup-projections-2026-27-season","2026-10-08",1,"no_game_today",FALSE,NA,NA,NA,NA,NA,NA,NA
20262027,20262027,52,"WPG",8480113,"Alex","Iafallo","Alex Iafallo","F","current_roster",TRUE,"2026-10-08T18:58:58.964Z","2026-10-08_185709_37828221813_1_d821bc9479044132b0bd68121a5ce6af",NA,"2026-10-08",NA,NA,NA,"2026-10-08T18:58:58.240Z","https://www.nhl.com/news/nhl-lineup-projections-2026-27-season","2026-10-08",1,"no_game_today",FALSE,NA,NA,NA,NA,NA,NA,NA
20262027,20262027,52,"WPG",8481043,"Cole","Koepke","Cole Koepke","F","current_roster",TRUE,"2026-10-08T18:58:58.966Z","2026-10-08_185709_37828221813_1_d821bc9479044132b0bd68121a5ce6af",NA,"2026-10-08",NA,NA,NA,"2026-10-08T18:58:58.240Z","https://www.nhl.com/news/nhl-lineup-projections-2026-27-season","2026-10-08",1,"no_game_today",FALSE,NA,NA,NA,NA,NA,NA,NA
20262027,20262027,52,"WPG",8483471,"Brad","Lambert","Brad Lambert","F","current_roster",TRUE,"2026-10-08T18:58:58.968Z","2026-10-08_185709_37828221813_1_d821bc9479044132b0bd68121a5ce6af",NA,"2026-10-08",NA,NA,NA,"2026-10-08T18:58:58.240Z","https://www.nhl.com/news/nhl-lineup-projections-2026-27-season","2026-10-08",1,"no_game_today",FALSE,NA,NA,NA,NA,NA,NA,NA
20262027,20262027,52,"WPG",8476392,"Adam","Lowry","Adam Lowry","F","current_roster",TRUE,"2026-10-08T18:58:58.970Z","2026-10-08_185709_37828221813_1_d821bc9479044132b0bd68121a5ce6af",NA,"2026-10-08",NA,NA,NA,"2026-10-08T18:58:58.240Z","https://www.nhl.com/news/nhl-lineup-projections-2026-27-season","2026-10-08",1,"no_game_today",FALSE,NA,NA,NA,NA,NA,NA,NA
20262027,20262027,52,"WPG",8476480,"Vladislav","Namestnikov","Vladislav Namestnikov","F","current_roster",TRUE,"2026-10-08T18:58:58.972Z","2026-10-08_185709_37828221813_1_d821bc9479044132b0bd68121a5ce6af",NA,"2026-10-08",NA,NA,NA,"2026-10-08T18:58:58.240Z","https://www.nhl.com/news/nhl-lineup-projections-2026-27-season","2026-10-08",1,"no_game_today",FALSE,NA,NA,NA,NA,NA,NA,NA
20262027,20262027,52,"WPG",8475799,"Nino","Niederreiter","Nino Niederreiter","F","current_roster",TRUE,"2026-10-08T18:58:58.974Z","2026-10-08_185709_37828221813_1_d821bc9479044132b0bd68121a5ce6af",NA,"2026-10-08",NA,NA,NA,"2026-10-08T18:58:58.240Z","https://www.nhl.com/news/nhl-lineup-projections-2026-27-season","2026-10-08",1,"no_game_today",FALSE,NA,NA,NA,NA,NA,NA,NA
20262027,20262027,52,"WPG",8482149,"Cole","Perfetti","Cole Perfetti","F","current_roster",TRUE,"2026-10-08T18:58:58.976Z","2026-10-08_185709_37828221813_1_d821bc9479044132b0bd68121a5ce6af",NA,"2026-10-08",NA,NA,NA,"2026-10-08T18:58:58.240Z","https://www.nhl.com/news/nhl-lineup-projections-2026-27-season","2026-10-08",1,"no_game_today",FALSE,NA,NA,NA,NA,NA,NA,NA
20262027,20262027,52,"WPG",8482765,"Isak","Rosen","Isak Rosen","F","current_roster",TRUE,"2026-10-08T18:58:58.978Z","2026-10-08_185709_37828221813_1_d821bc9479044132b0bd68121a5ce6af",NA,"2026-10-08",NA,NA,NA,"2026-10-08T18:58:58.240Z","https://www.nhl.com/news/nhl-lineup-projections-2026-27-season","2026-10-08",1,"no_game_today",FALSE,NA,NA,NA,NA,NA,NA,NA
20262027,20262027,52,"WPG",8476460,"Mark","Scheifele","Mark Scheifele","F","current_roster",TRUE,"2026-10-08T18:58:58.983Z","2026-10-08_185709_37828221813_1_d821bc9479044132b0bd68121a5ce6af",NA,"2026-10-08",NA,NA,NA,"2026-10-08T18:58:58.240Z","https://www.nhl.com/news/nhl-lineup-projections-2026-27-season","2026-10-08",1,"no_game_today",FALSE,NA,NA,NA,NA,NA,NA,NA
20262027,20262027,52,"WPG",8480014,"Gabriel","Vilardi","Gabriel Vilardi","F","current_roster",TRUE,"2026-10-08T18:58:58.985Z","2026-10-08_185709_37828221813_1_d821bc9479044132b0bd68121a5ce6af",NA,"2026-10-08",NA,NA,NA,"2026-10-08T18:58:58.240Z","https://www.nhl.com/news/nhl-lineup-projections-2026-27-season","2026-10-08",1,"no_game_today",FALSE,NA,NA,NA,NA,NA,NA,NA
20262027,20262027,52,"WPG",8482459,"Tyrel","Bauer","Tyrel Bauer","D","current_roster",TRUE,"2026-10-08T18:58:58.988Z","2026-10-08_185709_37828221813_1_d821bc9479044132b0bd68121a5ce6af",NA,"2026-10-08",NA,NA,NA,"2026-10-08T18:58:58.240Z","https://www.nhl.com/news/nhl-lineup-projections-2026-27-season","2026-10-08",1,"no_game_today",FALSE,NA,NA,NA,NA,NA,NA,NA
20262027,20262027,52,"WPG",8476331,"Dylan","DeMelo","Dylan DeMelo","D","current_roster",TRUE,"2026-10-08T18:58:58.990Z","2026-10-08_185709_37828221813_1_d821bc9479044132b0bd68121a5ce6af",NA,"2026-10-08",NA,NA,NA,"2026-10-08T18:58:58.240Z","https://www.nhl.com/news/nhl-lineup-projections-2026-27-season","2026-10-08",1,"no_game_today",FALSE,NA,NA,NA,NA,NA,NA,NA
20262027,20262027,52,"WPG",8479983,"Mario","Ferraro","Mario Ferraro","D","current_roster",TRUE,"2026-10-08T18:58:58.992Z","2026-10-08_185709_37828221813_1_d821bc9479044132b0bd68121a5ce6af",NA,"2026-10-08",NA,NA,NA,"2026-10-08T18:58:58.240Z","https://www.nhl.com/news/nhl-lineup-projections-2026-27-season","2026-10-08",1,"no_game_today",FALSE,NA,NA,NA,NA,NA,NA,NA
20262027,20262027,52,"WPG",8477938,"Haydn","Fleury","Haydn Fleury","D","current_roster",TRUE,"2026-10-08T18:58:58.994Z","2026-10-08_185709_37828221813_1_d821bc9479044132b0bd68121a5ce6af",NA,"2026-10-08",NA,NA,NA,"2026-10-08T18:58:58.240Z","https://www.nhl.com/news/nhl-lineup-projections-2026-27-season","2026-10-08",1,"no_game_today",FALSE,NA,NA,NA,NA,NA,NA,NA
20262027,20262027,52,"WPG",8477504,"Josh","Morrissey","Josh Morrissey","D","current_roster",TRUE,"2026-10-08T18:58:58.996Z","2026-10-08_185709_37828221813_1_d821bc9479044132b0bd68121a5ce6af",NA,"2026-10-08",NA,NA,NA,"2026-10-08T18:58:58.240Z","https://www.nhl.com/news/nhl-lineup-projections-2026-27-season","2026-10-08",1,"no_game_today",FALSE,NA,NA,NA,NA,NA,NA,NA
20262027,20262027,52,"WPG",8480145,"Neal","Pionk","Neal Pionk","D","current_roster",TRUE,"2026-10-08T18:58:58.998Z","2026-10-08_185709_37828221813_1_d821bc9479044132b0bd68121a5ce6af",NA,"2026-10-08",NA,NA,NA,"2026-10-08T18:58:58.240Z","https://www.nhl.com/news/nhl-lineup-projections-2026-27-season","2026-10-08",1,"no_game_today",FALSE,NA,NA,NA,NA,NA,NA,NA
20262027,20262027,52,"WPG",8480049,"Dylan","Samberg","Dylan Samberg","D","current_roster",TRUE,"2026-10-08T18:58:59.000Z","2026-10-08_185709_37828221813_1_d821bc9479044132b0bd68121a5ce6af",NA,"2026-10-08",NA,NA,NA,"2026-10-08T18:58:58.240Z","https://www.nhl.com/news/nhl-lineup-projections-2026-27-season","2026-10-08",1,"no_game_today",FALSE,NA,NA,NA,NA,NA,NA,NA
20262027,20262027,52,"WPG",8481030,"Jack","St. Ivany","Jack St. Ivany","D","current_roster",TRUE,"2026-10-08T18:58:59.002Z","2026-10-08_185709_37828221813_1_d821bc9479044132b0bd68121a5ce6af",NA,"2026-10-08",NA,NA,NA,"2026-10-08T18:58:58.240Z","https://www.nhl.com/news/nhl-lineup-projections-2026-27-season","2026-10-08",1,"no_game_today",FALSE,NA,NA,NA,NA,NA,NA,NA
20262027,20262027,52,"WPG",8476945,"Connor","Hellebuyck","Connor Hellebuyck","G","current_roster",TRUE,"2026-10-08T18:58:59.004Z","2026-10-08_185709_37828221813_1_d821bc9479044132b0bd68121a5ce6af",NA,"2026-10-08",NA,NA,NA,"2026-10-08T18:58:58.240Z","https://www.nhl.com/news/nhl-lineup-projections-2026-27-season","2026-10-08",1,"no_game_today",FALSE,NA,NA,NA,NA,NA,NA,NA
20262027,20262027,52,"WPG",8479973,"Stuart","Skinner","Stuart Skinner","G","current_roster",TRUE,"2026-10-08T18:58:59.006Z","2026-10-08_185709_37828221813_1_d821bc9479044132b0bd68121a5ce6af",NA,"2026-10-08",NA,NA,NA,"2026-10-08T18:58:58.240Z","https://www.nhl.com/news/nhl-lineup-projections-2026-27-season","2026-10-08",1,"no_game_today",FALSE,NA,NA,NA,NA,NA,NA,NA
20262027,20262027,52,"WPG",8483532,"Clay","Stevenson","Clay Stevenson","G","current_roster",TRUE,"2026-10-08T18:58:59.008Z","2026-10-08_185709_37828221813_1_d821bc9479044132b0bd68121a5ce6af",NA,"2026-10-08",NA,NA,NA,"2026-10-08T18:58:58.240Z","https://www.nhl.com/news/nhl-lineup-projections-2026-27-season","2026-10-08",1,"no_game_today",FALSE,NA,NA,NA,NA,NA,NA,NA
20262027,20262027,1,"NJD",8480003,"Jesper","Boqvist","Jesper Boqvist","F","current_roster",TRUE,"2026-10-08T18:58:59.066Z","2026-10-08_185709_37828221813_1_d821bc9479044132b0bd68121a5ce6af",NA,"2026-10-08",NA,NA,NA,"2026-10-08T18:58:58.240Z","https://www.nhl.com/news/nhl-lineup-projections-2026-27-season","2026-10-08",1,"no_game_today",FALSE,NA,NA,NA,NA,NA,NA,NA
20262027,20262027,1,"NJD",8479407,"Jesper","Bratt","Jesper Bratt","F","current_roster",TRUE,"2026-10-08T18:58:59.068Z","2026-10-08_185709_37828221813_1_d821bc9479044132b0bd68121a5ce6af",NA,"2026-10-08",NA,NA,NA,"2026-10-08T18:58:58.240Z","https://www.nhl.com/news/nhl-lineup-projections-2026-27-season","2026-10-08",1,"no_game_today",FALSE,NA,NA,NA,NA,NA,NA,NA
20262027,20262027,1,"NJD",8477015,"Connor","Brown","Connor Brown","F","current_roster",TRUE,"2026-10-08T18:58:59.071Z","2026-10-08_185709_37828221813_1_d821bc9479044132b0bd68121a5ce6af",NA,"2026-10-08",NA,NA,NA,"2026-10-08T18:58:58.240Z","https://www.nhl.com/news/nhl-lineup-projections-2026-27-season","2026-10-08",1,"no_game_today",FALSE,NA,NA,NA,NA,NA,NA,NA
20262027,20262027,1,"NJD",8482146,"Luke","Evangelista","Luke Evangelista","F","current_roster",TRUE,"2026-10-08T18:58:59.073Z","2026-10-08_185709_37828221813_1_d821bc9479044132b0bd68121a5ce6af",NA,"2026-10-08",NA,NA,NA,"2026-10-08T18:58:58.240Z","https://www.nhl.com/news/nhl-lineup-projections-2026-27-season","2026-10-08",1,"no_game_today",FALSE,NA,NA,NA,NA,NA,NA,NA
20262027,20262027,1,"NJD",8479996,"Cody","Glass","Cody Glass","F","current_roster",TRUE,"2026-10-08T18:58:59.075Z","2026-10-08_185709_37828221813_1_d821bc9479044132b0bd68121a5ce6af",NA,"2026-10-08",NA,NA,NA,"2026-10-08T18:58:58.240Z","https://www.nhl.com/news/nhl-lineup-projections-2026-27-season","2026-10-08",1,"no_game_today",FALSE,NA,NA,NA,NA,NA,NA,NA
20262027,20262027,1,"NJD",8481721,"Arseny","Gritsyuk","Arseny Gritsyuk","F","current_roster",TRUE,"2026-10-08T18:58:59.077Z","2026-10-08_185709_37828221813_1_d821bc9479044132b0bd68121a5ce6af",NA,"2026-10-08",NA,NA,NA,"2026-10-08T18:58:58.240Z","https://www.nhl.com/news/nhl-lineup-projections-2026-27-season","2026-10-08",1,"no_game_today",FALSE,NA,NA,NA,NA,NA,NA,NA
20262027,20262027,1,"NJD",8480002,"Nico","Hischier","Nico Hischier","F","current_roster",TRUE,"2026-10-08T18:58:59.079Z","2026-10-08_185709_37828221813_1_d821bc9479044132b0bd68121a5ce6af",NA,"2026-10-08",NA,NA,NA,"2026-10-08T18:58:58.240Z","https://www.nhl.com/news/nhl-lineup-projections-2026-27-season","2026-10-08",1,"no_game_today",FALSE,NA,NA,NA,NA,NA,NA,NA
20262027,20262027,1,"NJD",8481559,"Jack","Hughes","Jack Hughes","F","current_roster",TRUE,"2026-10-08T18:58:59.081Z","2026-10-08_185709_37828221813_1_d821bc9479044132b0bd68121a5ce6af",NA,"2026-10-08",NA,NA,NA,"2026-10-08T18:58:58.240Z","https://www.nhl.com/news/nhl-lineup-projections-2026-27-season","2026-10-08",1,"no_game_today",FALSE,NA,NA,NA,NA,NA,NA,NA
20262027,20262027,1,"NJD",8483695,"Amadeus","Lombardi","Amadeus Lombardi","F","current_roster",TRUE,"2026-10-08T18:58:59.083Z","2026-10-08_185709_37828221813_1_d821bc9479044132b0bd68121a5ce6af",NA,"2026-10-08",NA,NA,NA,"2026-10-08T18:58:58.240Z","https://www.nhl.com/news/nhl-lineup-projections-2026-27-season","2026-10-08",1,"no_game_today",FALSE,NA,NA,NA,NA,NA,NA,NA
20262027,20262027,1,"NJD",8477511,"Anthony","Mantha","Anthony Mantha","F","current_roster",TRUE,"2026-10-08T18:58:59.085Z","2026-10-08_185709_37828221813_1_d821bc9479044132b0bd68121a5ce6af",NA,"2026-10-08",NA,NA,NA,"2026-10-08T18:58:58.240Z","https://www.nhl.com/news/nhl-lineup-projections-2026-27-season","2026-10-08",1,"no_game_today",FALSE,NA,NA,NA,NA,NA,NA,NA
20262027,20262027,1,"NJD",8478414,"Timo","Meier","Timo Meier","F","current_roster",TRUE,"2026-10-08T18:58:59.087Z","2026-10-08_185709_37828221813_1_d821bc9479044132b0bd68121a5ce6af",NA,"2026-10-08",NA,NA,NA,"2026-10-08T18:58:58.240Z","https://www.nhl.com/news/nhl-lineup-projections-2026-27-season","2026-10-08",1,"no_game_today",FALSE,NA,NA,NA,NA,NA,NA,NA
20262027,20262027,1,"NJD",8482110,"Dawson","Mercer","Dawson Mercer","F","current_roster",TRUE,"2026-10-08T18:58:59.089Z","2026-10-08_185709_37828221813_1_d821bc9479044132b0bd68121a5ce6af",NA,"2026-10-08",NA,NA,NA,"2026-10-08T18:58:58.240Z","https://www.nhl.com/news/nhl-lineup-projections-2026-27-season","2026-10-08",1,"no_game_today",FALSE,NA,NA,NA,NA,NA,NA,NA
20262027,20262027,1,"NJD",8476474,"Stefan","Noesen","Stefan Noesen","F","current_roster",TRUE,"2026-10-08T18:58:59.091Z","2026-10-08_185709_37828221813_1_d821bc9479044132b0bd68121a5ce6af",NA,"2026-10-08",NA,NA,NA,"2026-10-08T18:58:58.240Z","https://www.nhl.com/news/nhl-lineup-projections-2026-27-season","2026-10-08",1,"no_game_today",FALSE,NA,NA,NA,NA,NA,NA,NA
20262027,20262027,1,"NJD",8478542,"Evan","Rodrigues","Evan Rodrigues","F","current_roster",TRUE,"2026-10-08T18:58:59.093Z","2026-10-08_185709_37828221813_1_d821bc9479044132b0bd68121a5ce6af",NA,"2026-10-08",NA,NA,NA,"2026-10-08T18:58:58.240Z","https://www.nhl.com/news/nhl-lineup-projections-2026-27-season","2026-10-08",1,"no_game_today",FALSE,NA,NA,NA,NA,NA,NA,NA
20262027,20262027,1,"NJD",8480990,"Declan","Chisholm","Declan Chisholm","D","current_roster",TRUE,"2026-10-08T18:58:59.096Z","2026-10-08_185709_37828221813_1_d821bc9479044132b0bd68121a5ce6af",NA,"2026-10-08",NA,NA,NA,"2026-10-08T18:58:58.240Z","https://www.nhl.com/news/nhl-lineup-projections-2026-27-season","2026-10-08",1,"no_game_today",FALSE,NA,NA,NA,NA,NA,NA,NA
20262027,20262027,1,"NJD",8475455,"Brenden","Dillon","Brenden Dillon","D","current_roster",TRUE,"2026-10-08T18:58:59.098Z","2026-10-08_185709_37828221813_1_d821bc9479044132b0bd68121a5ce6af",NA,"2026-10-08",NA,NA,NA,"2026-10-08T18:58:58.240Z","https://www.nhl.com/news/nhl-lineup-projections-2026-27-season","2026-10-08",1,"no_game_today",FALSE,NA,NA,NA,NA,NA,NA,NA
20262027,20262027,1,"NJD",8476462,"Dougie","Hamilton","Dougie Hamilton","D","current_roster",TRUE,"2026-10-08T18:58:59.100Z","2026-10-08_185709_37828221813_1_d821bc9479044132b0bd68121a5ce6af",NA,"2026-10-08",NA,NA,NA,"2026-10-08T18:58:58.240Z","https://www.nhl.com/news/nhl-lineup-projections-2026-27-season","2026-10-08",1,"no_game_today",FALSE,NA,NA,NA,NA,NA,NA,NA
20262027,20262027,1,"NJD",8482684,"Luke","Hughes","Luke Hughes","D","current_roster",TRUE,"2026-10-08T18:58:59.102Z","2026-10-08_185709_37828221813_1_d821bc9479044132b0bd68121a5ce6af",NA,"2026-10-08",NA,NA,NA,"2026-10-08T18:58:58.240Z","https://www.nhl.com/news/nhl-lineup-projections-2026-27-season","2026-10-08",1,"no_game_today",FALSE,NA,NA,NA,NA,NA,NA,NA
20262027,20262027,1,"NJD",8477488,"Brett","Pesce","Brett Pesce","D","current_roster",TRUE,"2026-10-08T18:58:59.105Z","2026-10-08_185709_37828221813_1_d821bc9479044132b0bd68121a5ce6af",NA,"2026-10-08",NA,NA,NA,"2026-10-08T18:58:58.240Z","https://www.nhl.com/news/nhl-lineup-projections-2026-27-season","2026-10-08",1,"no_game_today",FALSE,NA,NA,NA,NA,NA,NA,NA
20262027,20262027,1,"NJD",8478399,"Jonas","Siegenthaler","Jonas Siegenthaler","D","current_roster",TRUE,"2026-10-08T18:58:59.107Z","2026-10-08_185709_37828221813_1_d821bc9479044132b0bd68121a5ce6af",NA,"2026-10-08",NA,NA,NA,"2026-10-08T18:58:58.240Z","https://www.nhl.com/news/nhl-lineup-projections-2026-27-season","2026-10-08",1,"no_game_today",FALSE,NA,NA,NA,NA,NA,NA,NA
20262027,20262027,1,"NJD",8474596,"Jake","Allen","Jake Allen","G","current_roster",TRUE,"2026-10-08T18:58:59.112Z","2026-10-08_185709_37828221813_1_d821bc9479044132b0bd68121a5ce6af",NA,"2026-10-08",NA,NA,NA,"2026-10-08T18:58:58.240Z","https://www.nhl.com/news/nhl-lineup-projections-2026-27-season","2026-10-08",1,"no_game_today",FALSE,NA,NA,NA,NA,NA,NA,NA
20262027,20262027,1,"NJD",8482076,"Nico","Daws","Nico Daws","G","current_roster",TRUE,"2026-10-08T18:58:59.115Z","2026-10-08_185709_37828221813_1_d821bc9479044132b0bd68121a5ce6af",NA,"2026-10-08",NA,NA,NA,"2026-10-08T18:58:58.240Z","https://www.nhl.com/news/nhl-lineup-projections-2026-27-season","2026-10-08",1,"no_game_today",FALSE,NA,NA,NA,NA,NA,NA,NA
20262027,20262027,1,"NJD",8482465,"Rémi","Poirier","Rémi Poirier","G","current_roster",TRUE,"2026-10-08T18:58:59.117Z","2026-10-08_185709_37828221813_1_d821bc9479044132b0bd68121a5ce6af",NA,"2026-10-08",NA,NA,NA,"2026-10-08T18:58:58.240Z","https://www.nhl.com/news/nhl-lineup-projections-2026-27-season","2026-10-08",1,"no_game_today",FALSE,NA,NA,NA,NA,NA,NA,NA
20262027,20262027,15,"WSH",8478463,"Anthony","Beauvillier","Anthony Beauvillier","F","current_roster",TRUE,"2026-10-08T18:58:59.220Z","2026-10-08_185709_37828221813_1_d821bc9479044132b0bd68121a5ce6af",NA,"2026-10-08",NA,NA,NA,"2026-10-08T18:58:58.240Z","https://www.nhl.com/news/nhl-lineup-projections-2026-27-season","2026-10-08",1,"no_game_today",FALSE,NA,NA,NA,NA,NA,NA,NA
20262027,20262027,15,"WSH",8479400,"Pierre-Luc","Dubois","Pierre-Luc Dubois","F","current_roster",TRUE,"2026-10-08T18:58:59.222Z","2026-10-08_185709_37828221813_1_d821bc9479044132b0bd68121a5ce6af",NA,"2026-10-08",NA,NA,NA,"2026-10-08T18:58:58.240Z","https://www.nhl.com/news/nhl-lineup-projections-2026-27-season","2026-10-08",1,"no_game_today",FALSE,NA,NA,NA,NA,NA,NA,NA
20262027,20262027,15,"WSH",8483573,"Ethen","Frank","Ethen Frank","F","current_roster",TRUE,"2026-10-08T18:58:59.225Z","2026-10-08_185709_37828221813_1_d821bc9479044132b0bd68121a5ce6af",NA,"2026-10-08",NA,NA,NA,"2026-10-08T18:58:58.240Z","https://www.nhl.com/news/nhl-lineup-projections-2026-27-season","2026-10-08",1,"no_game_today",FALSE,NA,NA,NA,NA,NA,NA,NA
20262027,20262027,15,"WSH",8476432,"Boone","Jenner","Boone Jenner","F","current_roster",TRUE,"2026-10-08T18:58:59.227Z","2026-10-08_185709_37828221813_1_d821bc9479044132b0bd68121a5ce6af",NA,"2026-10-08",NA,NA,NA,"2026-10-08T18:58:58.240Z","https://www.nhl.com/news/nhl-lineup-projections-2026-27-season","2026-10-08",1,"no_game_today",FALSE,NA,NA,NA,NA,NA,NA,NA
20262027,20262027,15,"WSH",8479385,"Jordan","Kyrou","Jordan Kyrou","F","current_roster",TRUE,"2026-10-08T18:58:59.229Z","2026-10-08_185709_37828221813_1_d821bc9479044132b0bd68121a5ce6af",NA,"2026-10-08",NA,NA,NA,"2026-10-08T18:58:58.240Z","https://www.nhl.com/news/nhl-lineup-projections-2026-27-season","2026-10-08",1,"no_game_today",FALSE,NA,NA,NA,NA,NA,NA,NA
20262027,20262027,15,"WSH",8484186,"Ryan","Leonard","Ryan Leonard","F","current_roster",TRUE,"2026-10-08T18:58:59.231Z","2026-10-08_185709_37828221813_1_d821bc9479044132b0bd68121a5ce6af",NA,"2026-10-08",NA,NA,NA,"2026-10-08T18:58:58.240Z","https://www.nhl.com/news/nhl-lineup-projections-2026-27-season","2026-10-08",1,"no_game_today",FALSE,NA,NA,NA,NA,NA,NA,NA
20262027,20262027,15,"WSH",8483491,"Ivan","Miroshnichenko","Ivan Miroshnichenko","F","current_roster",TRUE,"2026-10-08T18:58:59.233Z","2026-10-08_185709_37828221813_1_d821bc9479044132b0bd68121a5ce6af",NA,"2026-10-08",NA,NA,NA,"2026-10-08T18:58:58.240Z","https://www.nhl.com/news/nhl-lineup-projections-2026-27-season","2026-10-08",1,"no_game_today",FALSE,NA,NA,NA,NA,NA,NA,NA
20262027,20262027,15,"WSH",8471214,"Alex","Ovechkin","Alex Ovechkin","F","current_roster",TRUE,"2026-10-08T18:58:59.235Z","2026-10-08_185709_37828221813_1_d821bc9479044132b0bd68121a5ce6af",NA,"2026-10-08",NA,NA,NA,"2026-10-08T18:58:58.240Z","https://www.nhl.com/news/nhl-lineup-projections-2026-27-season","2026-10-08",1,"no_game_today",FALSE,NA,NA,NA,NA,NA,NA,NA
20262027,20262027,15,"WSH",8481656,"Aliaksei","Protas","Aliaksei Protas","F","current_roster",TRUE,"2026-10-08T18:58:59.237Z","2026-10-08_185709_37828221813_1_d821bc9479044132b0bd68121a5ce6af",NA,"2026-10-08",NA,NA,NA,"2026-10-08T18:58:58.240Z","https://www.nhl.com/news/nhl-lineup-projections-2026-27-season","2026-10-08",1,"no_game_today",FALSE,NA,NA,NA,NA,NA,NA,NA
20262027,20262027,15,"WSH",8484999,"Ilya","Protas","Ilya Protas","F","current_roster",TRUE,"2026-10-08T18:58:59.239Z","2026-10-08_185709_37828221813_1_d821bc9479044132b0bd68121a5ce6af",NA,"2026-10-08",NA,NA,NA,"2026-10-08T18:58:58.240Z","https://www.nhl.com/news/nhl-lineup-projections-2026-27-season","2026-10-08",1,"no_game_today",FALSE,NA,NA,NA,NA,NA,NA,NA
20262027,20262027,15,"WSH",8482088,"Justin","Sourdif","Justin Sourdif","F","current_roster",TRUE,"2026-10-08T18:58:59.244Z","2026-10-08_185709_37828221813_1_d821bc9479044132b0bd68121a5ce6af",NA,"2026-10-08",NA,NA,NA,"2026-10-08T18:58:58.240Z","https://www.nhl.com/news/nhl-lineup-projections-2026-27-season","2026-10-08",1,"no_game_today",FALSE,NA,NA,NA,NA,NA,NA,NA
20262027,20262027,15,"WSH",8478440,"Dylan","Strome","Dylan Strome","F","current_roster",TRUE,"2026-10-08T18:58:59.246Z","2026-10-08_185709_37828221813_1_d821bc9479044132b0bd68121a5ce6af",NA,"2026-10-08",NA,NA,NA,"2026-10-08T18:58:58.240Z","https://www.nhl.com/news/nhl-lineup-projections-2026-27-season","2026-10-08",1,"no_game_today",FALSE,NA,NA,NA,NA,NA,NA,NA
20262027,20262027,15,"WSH",8477949,"Alex","Tuch","Alex Tuch","F","current_roster",TRUE,"2026-10-08T18:58:59.248Z","2026-10-08_185709_37828221813_1_d821bc9479044132b0bd68121a5ce6af",NA,"2026-10-08",NA,NA,NA,"2026-10-08T18:58:58.240Z","https://www.nhl.com/news/nhl-lineup-projections-2026-27-season","2026-10-08",1,"no_game_today",FALSE,NA,NA,NA,NA,NA,NA,NA
20262027,20262027,15,"WSH",8476880,"Tom","Wilson","Tom Wilson","F","current_roster",TRUE,"2026-10-08T18:58:59.250Z","2026-10-08_185709_37828221813_1_d821bc9479044132b0bd68121a5ce6af",NA,"2026-10-08",NA,NA,NA,"2026-10-08T18:58:58.240Z","https://www.nhl.com/news/nhl-lineup-projections-2026-27-season","2026-10-08",1,"no_game_today",FALSE,NA,NA,NA,NA,NA,NA,NA
20262027,20262027,15,"WSH",8479345,"Jakob","Chychrun","Jakob Chychrun","D","current_roster",TRUE,"2026-10-08T18:58:59.253Z","2026-10-08_185709_37828221813_1_d821bc9479044132b0bd68121a5ce6af",NA,"2026-10-08",NA,NA,NA,"2026-10-08T18:58:58.240Z","https://www.nhl.com/news/nhl-lineup-projections-2026-27-season","2026-10-08",1,"no_game_today",FALSE,NA,NA,NA,NA,NA,NA,NA
20262027,20262027,15,"WSH",8479576,"Vincent","Desharnais","Vincent Desharnais","D","current_roster",TRUE,"2026-10-08T18:58:59.255Z","2026-10-08_185709_37828221813_1_d821bc9479044132b0bd68121a5ce6af",NA,"2026-10-08",NA,NA,NA,"2026-10-08T18:58:58.240Z","https://www.nhl.com/news/nhl-lineup-projections-2026-27-season","2026-10-08",1,"no_game_today",FALSE,NA,NA,NA,NA,NA,NA,NA
20262027,20262027,15,"WSH",8480796,"Martin","Fehérváry","Martin Fehérváry","D","current_roster",TRUE,"2026-10-08T18:58:59.257Z","2026-10-08_185709_37828221813_1_d821bc9479044132b0bd68121a5ce6af",NA,"2026-10-08",NA,NA,NA,"2026-10-08T18:58:58.240Z","https://www.nhl.com/news/nhl-lineup-projections-2026-27-season","2026-10-08",1,"no_game_today",FALSE,NA,NA,NA,NA,NA,NA,NA
20262027,20262027,15,"WSH",8484873,"Cole","Hutson","Cole Hutson","D","current_roster",TRUE,"2026-10-08T18:58:59.259Z","2026-10-08_185709_37828221813_1_d821bc9479044132b0bd68121a5ce6af",NA,"2026-10-08",NA,NA,NA,"2026-10-08T18:58:58.240Z","https://www.nhl.com/news/nhl-lineup-projections-2026-27-season","2026-10-08",1,"no_game_today",FALSE,NA,NA,NA,NA,NA,NA,NA
20262027,20262027,15,"WSH",8480043,"Timothy","Liljegren","Timothy Liljegren","D","current_roster",TRUE,"2026-10-08T18:58:59.261Z","2026-10-08_185709_37828221813_1_d821bc9479044132b0bd68121a5ce6af",NA,"2026-10-08",NA,NA,NA,"2026-10-08T18:58:58.240Z","https://www.nhl.com/news/nhl-lineup-projections-2026-27-season","2026-10-08",1,"no_game_today",FALSE,NA,NA,NA,NA,NA,NA,NA
20262027,20262027,15,"WSH",8475795,"Dylan","McIlrath","Dylan McIlrath","D","current_roster",TRUE,"2026-10-08T18:58:59.264Z","2026-10-08_185709_37828221813_1_d821bc9479044132b0bd68121a5ce6af",NA,"2026-10-08",NA,NA,NA,"2026-10-08T18:58:58.240Z","https://www.nhl.com/news/nhl-lineup-projections-2026-27-season","2026-10-08",1,"no_game_today",FALSE,NA,NA,NA,NA,NA,NA,NA
20262027,20262027,15,"WSH",8478911,"Matt","Roy","Matt Roy","D","current_roster",TRUE,"2026-10-08T18:58:59.266Z","2026-10-08_185709_37828221813_1_d821bc9479044132b0bd68121a5ce6af",NA,"2026-10-08",NA,NA,NA,"2026-10-08T18:58:58.240Z","https://www.nhl.com/news/nhl-lineup-projections-2026-27-season","2026-10-08",1,"no_game_today",FALSE,NA,NA,NA,NA,NA,NA,NA
20262027,20262027,15,"WSH",8479292,"Charlie","Lindgren","Charlie Lindgren","G","current_roster",TRUE,"2026-10-08T18:58:59.268Z","2026-10-08_185709_37828221813_1_d821bc9479044132b0bd68121a5ce6af",NA,"2026-10-08",NA,NA,NA,"2026-10-08T18:58:58.240Z","https://www.nhl.com/news/nhl-lineup-projections-2026-27-season","2026-10-08",1,"no_game_today",FALSE,NA,NA,NA,NA,NA,NA,NA
20262027,20262027,15,"WSH",8480313,"Logan","Thompson","Logan Thompson","G","current_roster",TRUE,"2026-10-08T18:58:59.270Z","2026-10-08_185709_37828221813_1_d821bc9479044132b0bd68121a5ce6af",NA,"2026-10-08",NA,NA,NA,"2026-10-08T18:58:58.240Z","https://www.nhl.com/news/nhl-lineup-projections-2026-27-season","2026-10-08",1,"no_game_today",FALSE,NA,NA,NA,NA,NA,NA,NA
20262027,20262027,17,"DET",8478891,"Mason","Appleton","Mason Appleton","F","current_roster",TRUE,"2026-10-08T18:58:59.331Z","2026-10-08_185709_37828221813_1_d821bc9479044132b0bd68121a5ce6af",NA,"2026-10-08",NA,NA,NA,"2026-10-08T18:58:58.240Z","https://www.nhl.com/news/nhl-lineup-projections-2026-27-season","2026-10-08",1,"no_game_today",FALSE,NA,NA,NA,NA,NA,NA,NA
20262027,20262027,17,"DET",8478042,"Viktor","Arvidsson","Viktor Arvidsson","F","current_roster",TRUE,"2026-10-08T18:58:59.333Z","2026-10-08_185709_37828221813_1_d821bc9479044132b0bd68121a5ce6af",NA,"2026-10-08",NA,NA,NA,"2026-10-08T18:58:58.240Z","https://www.nhl.com/news/nhl-lineup-projections-2026-27-season","2026-10-08",1,"no_game_today",FALSE,NA,NA,NA,NA,NA,NA,NA
20262027,20262027,17,"DET",8484794,"Michael","Brandsegg-Nygård","Michael Brandsegg-Nygård","F","current_roster",TRUE,"2026-10-08T18:58:59.335Z","2026-10-08_185709_37828221813_1_d821bc9479044132b0bd68121a5ce6af",NA,"2026-10-08",NA,NA,NA,"2026-10-08T18:58:58.240Z","https://www.nhl.com/news/nhl-lineup-projections-2026-27-season","2026-10-08",1,"no_game_today",FALSE,NA,NA,NA,NA,NA,NA,NA
20262027,20262027,17,"DET",8477456,"J.T.","Compher","J.T. Compher","F","current_roster",TRUE,"2026-10-08T18:58:59.337Z","2026-10-08_185709_37828221813_1_d821bc9479044132b0bd68121a5ce6af",NA,"2026-10-08",NA,NA,NA,"2026-10-08T18:58:58.240Z","https://www.nhl.com/news/nhl-lineup-projections-2026-27-season","2026-10-08",1,"no_game_today",FALSE,NA,NA,NA,NA,NA,NA,NA
20262027,20262027,17,"DET",8477429,"Andrew","Copp","Andrew Copp","F","current_roster",TRUE,"2026-10-08T18:58:59.339Z","2026-10-08_185709_37828221813_1_d821bc9479044132b0bd68121a5ce6af",NA,"2026-10-08",NA,NA,NA,"2026-10-08T18:58:58.240Z","https://www.nhl.com/news/nhl-lineup-projections-2026-27-season","2026-10-08",1,"no_game_today",FALSE,NA,NA,NA,NA,NA,NA,NA
20262027,20262027,17,"DET",8484160,"Nate","Danielson","Nate Danielson","F","current_roster",TRUE,"2026-10-08T18:58:59.341Z","2026-10-08_185709_37828221813_1_d821bc9479044132b0bd68121a5ce6af",NA,"2026-10-08",NA,NA,NA,"2026-10-08T18:58:58.240Z","https://www.nhl.com/news/nhl-lineup-projections-2026-27-season","2026-10-08",1,"no_game_today",FALSE,NA,NA,NA,NA,NA,NA,NA
20262027,20262027,17,"DET",8479337,"Alex","DeBrincat","Alex DeBrincat","F","current_roster",TRUE,"2026-10-08T18:58:59.343Z","2026-10-08_185709_37828221813_1_d821bc9479044132b0bd68121a5ce6af",NA,"2026-10-08",NA,NA,NA,"2026-10-08T18:58:58.240Z","https://www.nhl.com/news/nhl-lineup-projections-2026-27-season","2026-10-08",1,"no_game_today",FALSE,NA,NA,NA,NA,NA,NA,NA
20262027,20262027,17,"DET",8480326,"Sheldon","Dries","Sheldon Dries","F","current_roster",TRUE,"2026-10-08T18:58:59.346Z","2026-10-08_185709_37828221813_1_d821bc9479044132b0bd68121a5ce6af",NA,"2026-10-08",NA,NA,NA,"2026-10-08T18:58:58.240Z","https://www.nhl.com/news/nhl-lineup-projections-2026-27-season","2026-10-08",1,"no_game_today",FALSE,NA,NA,NA,NA,NA,NA,NA
20262027,20262027,17,"DET",8484471,"Emmitt","Finnie","Emmitt Finnie","F","current_roster",TRUE,"2026-10-08T18:58:59.348Z","2026-10-08_185709_37828221813_1_d821bc9479044132b0bd68121a5ce6af",NA,"2026-10-08",NA,NA,NA,"2026-10-08T18:58:58.240Z","https://www.nhl.com/news/nhl-lineup-projections-2026-27-season","2026-10-08",1,"no_game_today",FALSE,NA,NA,NA,NA,NA,NA,NA
20262027,20262027,17,"DET",8483464,"Marco","Kasper","Marco Kasper","F","current_roster",TRUE,"2026-10-08T18:58:59.350Z","2026-10-08_185709_37828221813_1_d821bc9479044132b0bd68121a5ce6af",NA,"2026-10-08",NA,NA,NA,"2026-10-08T18:58:58.240Z","https://www.nhl.com/news/nhl-lineup-projections-2026-27-season","2026-10-08",1,"no_game_today",FALSE,NA,NA,NA,NA,NA,NA,NA
20262027,20262027,17,"DET",8478434,"Keegan","Kolesar","Keegan Kolesar","F","current_roster",TRUE,"2026-10-08T18:58:59.352Z","2026-10-08_185709_37828221813_1_d821bc9479044132b0bd68121a5ce6af",NA,"2026-10-08",NA,NA,NA,"2026-10-08T18:58:58.240Z","https://www.nhl.com/news/nhl-lineup-projections-2026-27-season","2026-10-08",1,"no_game_today",FALSE,NA,NA,NA,NA,NA,NA,NA
20262027,20262027,17,"DET",8477946,"Dylan","Larkin","Dylan Larkin","F","current_roster",TRUE,"2026-10-08T18:58:59.354Z","2026-10-08_185709_37828221813_1_d821bc9479044132b0bd68121a5ce6af",NA,"2026-10-08",NA,NA,NA,"2026-10-08T18:58:58.240Z","https://www.nhl.com/news/nhl-lineup-projections-2026-27-season","2026-10-08",1,"no_game_today",FALSE,NA,NA,NA,NA,NA,NA,NA
20262027,20262027,17,"DET",8482802,"Carter","Mazur","Carter Mazur","F","current_roster",TRUE,"2026-10-08T18:58:59.356Z","2026-10-08_185709_37828221813_1_d821bc9479044132b0bd68121a5ce6af",NA,"2026-10-08",NA,NA,NA,"2026-10-08T18:58:58.240Z","https://www.nhl.com/news/nhl-lineup-projections-2026-27-season","2026-10-08",1,"no_game_today",FALSE,NA,NA,NA,NA,NA,NA,NA
20262027,20262027,17,"DET",8479992,"Michael","Rasmussen","Michael Rasmussen","F","current_roster",TRUE,"2026-10-08T18:58:59.358Z","2026-10-08_185709_37828221813_1_d821bc9479044132b0bd68121a5ce6af",NA,"2026-10-08",NA,NA,NA,"2026-10-08T18:58:58.240Z","https://www.nhl.com/news/nhl-lineup-projections-2026-27-season","2026-10-08",1,"no_game_today",FALSE,NA,NA,NA,NA,NA,NA,NA
20262027,20262027,17,"DET",8482078,"Lucas","Raymond","Lucas Raymond","F","current_roster",TRUE,"2026-10-08T18:58:59.360Z","2026-10-08_185709_37828221813_1_d821bc9479044132b0bd68121a5ce6af",NA,"2026-10-08",NA,NA,NA,"2026-10-08T18:58:58.240Z","https://www.nhl.com/news/nhl-lineup-projections-2026-27-season","2026-10-08",1,"no_game_today",FALSE,NA,NA,NA,NA,NA,NA,NA
20262027,20262027,17,"DET",8480879,"Jacob","Bernard-Docker","Jacob Bernard-Docker","D","current_roster",TRUE,"2026-10-08T18:58:59.362Z","2026-10-08_185709_37828221813_1_d821bc9479044132b0bd68121a5ce6af",NA,"2026-10-08",NA,NA,NA,"2026-10-08T18:58:58.240Z","https://www.nhl.com/news/nhl-lineup-projections-2026-27-season","2026-10-08",1,"no_game_today",FALSE,NA,NA,NA,NA,NA,NA,NA
20262027,20262027,17,"DET",8475279,"Ben","Chiarot","Ben Chiarot","D","current_roster",TRUE,"2026-10-08T18:58:59.365Z","2026-10-08_185709_37828221813_1_d821bc9479044132b0bd68121a5ce6af",NA,"2026-10-08",NA,NA,NA,"2026-10-08T18:58:58.240Z","https://www.nhl.com/news/nhl-lineup-projections-2026-27-season","2026-10-08",1,"no_game_today",FALSE,NA,NA,NA,NA,NA,NA,NA
20262027,20262027,17,"DET",8477971,"Andreas","Englund","Andreas Englund","D","current_roster",TRUE,"2026-10-08T18:58:59.367Z","2026-10-08_185709_37828221813_1_d821bc9479044132b0bd68121a5ce6af",NA,"2026-10-08",NA,NA,NA,"2026-10-08T18:58:58.240Z","https://www.nhl.com/news/nhl-lineup-projections-2026-27-season","2026-10-08",1,"no_game_today",FALSE,NA,NA,NA,NA,NA,NA,NA
20262027,20262027,17,"DET",8475753,"Justin","Faulk","Justin Faulk","D","current_roster",TRUE,"2026-10-08T18:58:59.369Z","2026-10-08_185709_37828221813_1_d821bc9479044132b0bd68121a5ce6af",NA,"2026-10-08",NA,NA,NA,"2026-10-08T18:58:58.240Z","https://www.nhl.com/news/nhl-lineup-projections-2026-27-season","2026-10-08",1,"no_game_today",FALSE,NA,NA,NA,NA,NA,NA,NA
20262027,20262027,17,"DET",8481607,"Albert","Johansson","Albert Johansson","D","current_roster",TRUE,"2026-10-08T18:58:59.374Z","2026-10-08_185709_37828221813_1_d821bc9479044132b0bd68121a5ce6af",NA,"2026-10-08",NA,NA,NA,"2026-10-08T18:58:58.240Z","https://www.nhl.com/news/nhl-lineup-projections-2026-27-season","2026-10-08",1,"no_game_today",FALSE,NA,NA,NA,NA,NA,NA,NA
20262027,20262027,17,"DET",8483679,"Anton","Johansson","Anton Johansson","D","current_roster",TRUE,"2026-10-08T18:58:59.376Z","2026-10-08_185709_37828221813_1_d821bc9479044132b0bd68121a5ce6af",NA,"2026-10-08",NA,NA,NA,"2026-10-08T18:58:58.240Z","https://www.nhl.com/news/nhl-lineup-projections-2026-27-season","2026-10-08",1,"no_game_today",FALSE,NA,NA,NA,NA,NA,NA,NA
20262027,20262027,17,"DET",8484223,"Axel","Sandin-Pellikka","Axel Sandin-Pellikka","D","current_roster",TRUE,"2026-10-08T18:58:59.379Z","2026-10-08_185709_37828221813_1_d821bc9479044132b0bd68121a5ce6af",NA,"2026-10-08",NA,NA,NA,"2026-10-08T18:58:58.240Z","https://www.nhl.com/news/nhl-lineup-projections-2026-27-season","2026-10-08",1,"no_game_today",FALSE,NA,NA,NA,NA,NA,NA,NA
20262027,20262027,17,"DET",8481542,"Moritz","Seider","Moritz Seider","D","current_roster",TRUE,"2026-10-08T18:58:59.381Z","2026-10-08_185709_37828221813_1_d821bc9479044132b0bd68121a5ce6af",NA,"2026-10-08",NA,NA,NA,"2026-10-08T18:58:58.240Z","https://www.nhl.com/news/nhl-lineup-projections-2026-27-season","2026-10-08",1,"no_game_today",FALSE,NA,NA,NA,NA,NA,NA,NA
20262027,20262027,17,"DET",8482171,"William","Wallinder","William Wallinder","D","current_roster",TRUE,"2026-10-08T18:58:59.383Z","2026-10-08_185709_37828221813_1_d821bc9479044132b0bd68121a5ce6af",NA,"2026-10-08",NA,NA,NA,"2026-10-08T18:58:58.240Z","https://www.nhl.com/news/nhl-lineup-projections-2026-27-season","2026-10-08",1,"no_game_today",FALSE,NA,NA,NA,NA,NA,NA,NA
20262027,20262027,17,"DET",8476434,"John","Gibson","John Gibson","G","current_roster",TRUE,"2026-10-08T18:58:59.386Z","2026-10-08_185709_37828221813_1_d821bc9479044132b0bd68121a5ce6af",NA,"2026-10-08",NA,NA,NA,"2026-10-08T18:58:58.240Z","https://www.nhl.com/news/nhl-lineup-projections-2026-27-season","2026-10-08",1,"no_game_today",FALSE,NA,NA,NA,NA,NA,NA,NA
20262027,20262027,17,"DET",8480193,"Daniil","Tarasov","Daniil Tarasov","G","current_roster",TRUE,"2026-10-08T18:58:59.388Z","2026-10-08_185709_37828221813_1_d821bc9479044132b0bd68121a5ce6af",NA,"2026-10-08",NA,NA,NA,"2026-10-08T18:58:58.240Z","https://www.nhl.com/news/nhl-lineup-projections-2026-27-season","2026-10-08",1,"no_game_today",FALSE,NA,NA,NA,NA,NA,NA,NA
20262027,20262027,3,"NYR",8484786,"Cole","Beaudoin","Cole Beaudoin","F","current_roster",TRUE,"2026-10-08T18:58:59.391Z","2026-10-08_185709_37828221813_1_d821bc9479044132b0bd68121a5ce6af",NA,"2026-10-08",NA,NA,NA,"2026-10-08T18:58:58.240Z","https://www.nhl.com/news/nhl-lineup-projections-2026-27-season","2026-10-08",1,"no_game_today",FALSE,NA,NA,NA,NA,NA,NA,NA
20262027,20262027,3,"NYR",8477416,"Oliver","Bjorkstrand","Oliver Bjorkstrand","F","current_roster",TRUE,"2026-10-08T18:58:59.393Z","2026-10-08_185709_37828221813_1_d821bc9479044132b0bd68121a5ce6af",NA,"2026-10-08",NA,NA,NA,"2026-10-08T18:58:58.240Z","https://www.nhl.com/news/nhl-lineup-projections-2026-27-season","2026-10-08",1,"no_game_today",FALSE,NA,NA,NA,NA,NA,NA,NA
20262027,20262027,3,"NYR",8482877,"Jaroslav","Chmelar","Jaroslav Chmelar","F","current_roster",TRUE,"2026-10-08T18:58:59.395Z","2026-10-08_185709_37828221813_1_d821bc9479044132b0bd68121a5ce6af",NA,"2026-10-08",NA,NA,NA,"2026-10-08T18:58:58.240Z","https://www.nhl.com/news/nhl-lineup-projections-2026-27-season","2026-10-08",1,"no_game_today",FALSE,NA,NA,NA,NA,NA,NA,NA
20262027,20262027,3,"NYR",8482157,"Will","Cuylle","Will Cuylle","F","current_roster",TRUE,"2026-10-08T18:58:59.397Z","2026-10-08_185709_37828221813_1_d821bc9479044132b0bd68121a5ce6af",NA,"2026-10-08",NA,NA,NA,"2026-10-08T18:58:58.240Z","https://www.nhl.com/news/nhl-lineup-projections-2026-27-season","2026-10-08",1,"no_game_today",FALSE,NA,NA,NA,NA,NA,NA,NA
20262027,20262027,3,"NYR",8481604,"Pavel","Dorofeyev","Pavel Dorofeyev","F","current_roster",TRUE,"2026-10-08T18:58:59.399Z","2026-10-08_185709_37828221813_1_d821bc9479044132b0bd68121a5ce6af",NA,"2026-10-08",NA,NA,NA,"2026-10-08T18:58:58.240Z","https://www.nhl.com/news/nhl-lineup-projections-2026-27-season","2026-10-08",1,"no_game_today",FALSE,NA,NA,NA,NA,NA,NA,NA
20262027,20262027,3,"NYR",8481789,"Tye","Kartye","Tye Kartye","F","current_roster",TRUE,"2026-10-08T18:58:59.401Z","2026-10-08_185709_37828221813_1_d821bc9479044132b0bd68121a5ce6af",NA,"2026-10-08",NA,NA,NA,"2026-10-08T18:58:58.240Z","https://www.nhl.com/news/nhl-lineup-projections-2026-27-season","2026-10-08",1,"no_game_today",FALSE,NA,NA,NA,NA,NA,NA,NA
20262027,20262027,3,"NYR",8483690,"Noah","Laba","Noah Laba","F","current_roster",TRUE,"2026-10-08T18:58:59.404Z","2026-10-08_185709_37828221813_1_d821bc9479044132b0bd68121a5ce6af",NA,"2026-10-08",NA,NA,NA,"2026-10-08T18:58:58.240Z","https://www.nhl.com/news/nhl-lineup-projections-2026-27-season","2026-10-08",1,"no_game_today",FALSE,NA,NA,NA,NA,NA,NA,NA
20262027,20262027,3,"NYR",8482109,"Alexis","Lafrenière","Alexis Lafrenière","F","current_roster",TRUE,"2026-10-08T18:58:59.406Z","2026-10-08_185709_37828221813_1_d821bc9479044132b0bd68121a5ce6af",NA,"2026-10-08",NA,NA,NA,"2026-10-08T18:58:58.240Z","https://www.nhl.com/news/nhl-lineup-projections-2026-27-season","2026-10-08",1,"no_game_today",FALSE,NA,NA,NA,NA,NA,NA,NA
20262027,20262027,3,"NYR",8476468,"J.T.","Miller","J.T. Miller","F","current_roster",TRUE,"2026-10-08T18:58:59.408Z","2026-10-08_185709_37828221813_1_d821bc9479044132b0bd68121a5ce6af",NA,"2026-10-08",NA,NA,NA,"2026-10-08T18:58:58.240Z","https://www.nhl.com/news/nhl-lineup-projections-2026-27-season","2026-10-08",1,"no_game_today",FALSE,NA,NA,NA,NA,NA,NA,NA
20262027,20262027,3,"NYR",8484210,"Gabe","Perreault","Gabe Perreault","F","current_roster",TRUE,"2026-10-08T18:58:59.410Z","2026-10-08_185709_37828221813_1_d821bc9479044132b0bd68121a5ce6af",NA,"2026-10-08",NA,NA,NA,"2026-10-08T18:58:58.240Z","https://www.nhl.com/news/nhl-lineup-projections-2026-27-season","2026-10-08",1,"no_game_today",FALSE,NA,NA,NA,NA,NA,NA,NA
20262027,20262027,3,"NYR",8482460,"Matt","Rempe","Matt Rempe","F","current_roster",TRUE,"2026-10-08T18:58:59.412Z","2026-10-08_185709_37828221813_1_d821bc9479044132b0bd68121a5ce6af",NA,"2026-10-08",NA,NA,NA,"2026-10-08T18:58:58.240Z","https://www.nhl.com/news/nhl-lineup-projections-2026-27-season","2026-10-08",1,"no_game_today",FALSE,NA,NA,NA,NA,NA,NA,NA
20262027,20262027,3,"NYR",8483669,"Adam","Sykora","Adam Sykora","F","current_roster",TRUE,"2026-10-08T18:58:59.414Z","2026-10-08_185709_37828221813_1_d821bc9479044132b0bd68121a5ce6af",NA,"2026-10-08",NA,NA,NA,"2026-10-08T18:58:58.240Z","https://www.nhl.com/news/nhl-lineup-projections-2026-27-season","2026-10-08",1,"no_game_today",FALSE,NA,NA,NA,NA,NA,NA,NA
20262027,20262027,3,"NYR",8480009,"Eeli","Tolvanen","Eeli Tolvanen","F","current_roster",TRUE,"2026-10-08T18:58:59.416Z","2026-10-08_185709_37828221813_1_d821bc9479044132b0bd68121a5ce6af",NA,"2026-10-08",NA,NA,NA,"2026-10-08T18:58:58.240Z","https://www.nhl.com/news/nhl-lineup-projections-2026-27-season","2026-10-08",1,"no_game_today",FALSE,NA,NA,NA,NA,NA,NA,NA
20262027,20262027,3,"NYR",8480813,"Joseph","Veleno","Joseph Veleno","F","current_roster",TRUE,"2026-10-08T18:58:59.418Z","2026-10-08_185709_37828221813_1_d821bc9479044132b0bd68121a5ce6af",NA,"2026-10-08",NA,NA,NA,"2026-10-08T18:58:58.240Z","https://www.nhl.com/news/nhl-lineup-projections-2026-27-season","2026-10-08",1,"no_game_today",FALSE,NA,NA,NA,NA,NA,NA,NA
20262027,20262027,3,"NYR",8476459,"Mika","Zibanejad","Mika Zibanejad","F","current_roster",TRUE,"2026-10-08T18:58:59.420Z","2026-10-08_185709_37828221813_1_d821bc9479044132b0bd68121a5ce6af",NA,"2026-10-08",NA,NA,NA,"2026-10-08T18:58:58.240Z","https://www.nhl.com/news/nhl-lineup-projections-2026-27-season","2026-10-08",1,"no_game_today",FALSE,NA,NA,NA,NA,NA,NA,NA
20262027,20262027,3,"NYR",8480434,"Sean","Durzi","Sean Durzi","D","current_roster",TRUE,"2026-10-08T18:58:59.423Z","2026-10-08_185709_37828221813_1_d821bc9479044132b0bd68121a5ce6af",NA,"2026-10-08",NA,NA,NA,"2026-10-08T18:58:58.240Z","https://www.nhl.com/news/nhl-lineup-projections-2026-27-season","2026-10-08",1,"no_game_today",FALSE,NA,NA,NA,NA,NA,NA,NA
20262027,20262027,3,"NYR",8479323,"Adam","Fox","Adam Fox","D","current_roster",TRUE,"2026-10-08T18:58:59.426Z","2026-10-08_185709_37828221813_1_d821bc9479044132b0bd68121a5ce6af",NA,"2026-10-08",NA,NA,NA,"2026-10-08T18:58:58.240Z","https://www.nhl.com/news/nhl-lineup-projections-2026-27-season","2026-10-08",1,"no_game_today",FALSE,NA,NA,NA,NA,NA,NA,NA
20262027,20262027,3,"NYR",8478882,"Vladislav","Gavrikov","Vladislav Gavrikov","D","current_roster",TRUE,"2026-10-08T18:58:59.428Z","2026-10-08_185709_37828221813_1_d821bc9479044132b0bd68121a5ce6af",NA,"2026-10-08",NA,NA,NA,"2026-10-08T18:58:58.240Z","https://www.nhl.com/news/nhl-lineup-projections-2026-27-season","2026-10-08",1,"no_game_today",FALSE,NA,NA,NA,NA,NA,NA,NA
20262027,20262027,3,"NYR",8482861,"Vincent","Iorio","Vincent Iorio","D","current_roster",TRUE,"2026-10-08T18:58:59.430Z","2026-10-08_185709_37828221813_1_d821bc9479044132b0bd68121a5ce6af",NA,"2026-10-08",NA,NA,NA,"2026-10-08T18:58:58.240Z","https://www.nhl.com/news/nhl-lineup-projections-2026-27-season","2026-10-08",1,"no_game_today",FALSE,NA,NA,NA,NA,NA,NA,NA
20262027,20262027,3,"NYR",8482666,"Scott","Morrow","Scott Morrow","D","current_roster",TRUE,"2026-10-08T18:58:59.432Z","2026-10-08_185709_37828221813_1_d821bc9479044132b0bd68121a5ce6af",NA,"2026-10-08",NA,NA,NA,"2026-10-08T18:58:58.240Z","https://www.nhl.com/news/nhl-lineup-projections-2026-27-season","2026-10-08",1,"no_game_today",FALSE,NA,NA,NA,NA,NA,NA,NA
20262027,20262027,3,"NYR",8477969,"Marcus","Pettersson","Marcus Pettersson","D","current_roster",TRUE,"2026-10-08T18:58:59.434Z","2026-10-08_185709_37828221813_1_d821bc9479044132b0bd68121a5ce6af",NA,"2026-10-08",NA,NA,NA,"2026-10-08T18:58:58.240Z","https://www.nhl.com/news/nhl-lineup-projections-2026-27-season","2026-10-08",1,"no_game_today",FALSE,NA,NA,NA,NA,NA,NA,NA
20262027,20262027,3,"NYR",8482073,"Braden","Schneider","Braden Schneider","D","current_roster",TRUE,"2026-10-08T18:58:59.436Z","2026-10-08_185709_37828221813_1_d821bc9479044132b0bd68121a5ce6af",NA,"2026-10-08",NA,NA,NA,"2026-10-08T18:58:58.240Z","https://www.nhl.com/news/nhl-lineup-projections-2026-27-season","2026-10-08",1,"no_game_today",FALSE,NA,NA,NA,NA,NA,NA,NA
20262027,20262027,3,"NYR",8485957,"Alberts","Smits","Alberts Smits","D","current_roster",TRUE,"2026-10-08T18:58:59.442Z","2026-10-08_185709_37828221813_1_d821bc9479044132b0bd68121a5ce6af",NA,"2026-10-08",NA,NA,NA,"2026-10-08T18:58:58.240Z","https://www.nhl.com/news/nhl-lineup-projections-2026-27-season","2026-10-08",1,"no_game_today",FALSE,NA,NA,NA,NA,NA,NA,NA
20262027,20262027,3,"NYR",8482193,"Dylan","Garand","Dylan Garand","G","current_roster",TRUE,"2026-10-08T18:58:59.445Z","2026-10-08_185709_37828221813_1_d821bc9479044132b0bd68121a5ce6af",NA,"2026-10-08",NA,NA,NA,"2026-10-08T18:58:58.240Z","https://www.nhl.com/news/nhl-lineup-projections-2026-27-season","2026-10-08",1,"no_game_today",FALSE,NA,NA,NA,NA,NA,NA,NA
20262027,20262027,3,"NYR",8476914,"Joonas","Korpisalo","Joonas Korpisalo","G","current_roster",TRUE,"2026-10-08T18:58:59.447Z","2026-10-08_185709_37828221813_1_d821bc9479044132b0bd68121a5ce6af",NA,"2026-10-08",NA,NA,NA,"2026-10-08T18:58:58.240Z","https://www.nhl.com/news/nhl-lineup-projections-2026-27-season","2026-10-08",1,"no_game_today",FALSE,NA,NA,NA,NA,NA,NA,NA
20262027,20262027,3,"NYR",8478048,"Igor","Shesterkin","Igor Shesterkin","G","current_roster",TRUE,"2026-10-08T18:58:59.449Z","2026-10-08_185709_37828221813_1_d821bc9479044132b0bd68121a5ce6af",NA,"2026-10-08",NA,NA,NA,"2026-10-08T18:58:58.240Z","https://www.nhl.com/news/nhl-lineup-projections-2026-27-season","2026-10-08",1,"no_game_today",FALSE,NA,NA,NA,NA,NA,NA,NA
20262027,20262027,24,"ANA",8484153,"Leo","Carlsson","Leo Carlsson","F","current_roster",TRUE,"2026-10-08T18:58:59.452Z","2026-10-08_185709_37828221813_1_d821bc9479044132b0bd68121a5ce6af",NA,"2026-10-08",NA,NA,NA,"2026-10-08T18:58:58.240Z","https://www.nhl.com/news/nhl-lineup-projections-2026-27-season","2026-10-08",1,"no_game_today",FALSE,NA,NA,NA,NA,NA,NA,NA
20262027,20262027,24,"ANA",8481538,"Judd","Caulfield","Judd Caulfield","F","current_roster",TRUE,"2026-10-08T18:58:59.455Z","2026-10-08_185709_37828221813_1_d821bc9479044132b0bd68121a5ce6af",NA,"2026-10-08",NA,NA,NA,"2026-10-08T18:58:58.240Z","https://www.nhl.com/news/nhl-lineup-projections-2026-27-season","2026-10-08",1,"no_game_today",FALSE,NA,NA,NA,NA,NA,NA,NA
20262027,20262027,24,"ANA",8482118,"Sam","Colangelo","Sam Colangelo","F","current_roster",TRUE,"2026-10-08T18:58:59.457Z","2026-10-08_185709_37828221813_1_d821bc9479044132b0bd68121a5ce6af",NA,"2026-10-08",NA,NA,NA,"2026-10-08T18:58:58.240Z","https://www.nhl.com/news/nhl-lineup-projections-2026-27-season","2026-10-08",1,"no_game_today",FALSE,NA,NA,NA,NA,NA,NA,NA
20262027,20262027,24,"ANA",8483445,"Cutter","Gauthier","Cutter Gauthier","F","current_roster",TRUE,"2026-10-08T18:58:59.459Z","2026-10-08_185709_37828221813_1_d821bc9479044132b0bd68121a5ce6af",NA,"2026-10-08",NA,NA,NA,"2026-10-08T18:58:58.240Z","https://www.nhl.com/news/nhl-lineup-projections-2026-27-season","2026-10-08",1,"no_game_today",FALSE,NA,NA,NA,NA,NA,NA,NA
20262027,20262027,24,"ANA",8475798,"Mikael","Granlund","Mikael Granlund","F","current_roster",TRUE,"2026-10-08T18:58:59.461Z","2026-10-08_185709_37828221813_1_d821bc9479044132b0bd68121a5ce6af",NA,"2026-10-08",NA,NA,NA,"2026-10-08T18:58:58.240Z","https://www.nhl.com/news/nhl-lineup-projections-2026-27-season","2026-10-08",1,"no_game_today",FALSE,NA,NA,NA,NA,NA,NA,NA
20262027,20262027,24,"ANA",8478421,"A.J.","Greer","A.J. Greer","F","current_roster",TRUE,"2026-10-08T18:58:59.463Z","2026-10-08_185709_37828221813_1_d821bc9479044132b0bd68121a5ce6af",NA,"2026-10-08",NA,NA,NA,"2026-10-08T18:58:58.240Z","https://www.nhl.com/news/nhl-lineup-projections-2026-27-season","2026-10-08",1,"no_game_today",FALSE,NA,NA,NA,NA,NA,NA,NA
20262027,20262027,24,"ANA",8473986,"Alex","Killorn","Alex Killorn","F","current_roster",TRUE,"2026-10-08T18:58:59.465Z","2026-10-08_185709_37828221813_1_d821bc9479044132b0bd68121a5ce6af",NA,"2026-10-08",NA,NA,NA,"2026-10-08T18:58:58.240Z","https://www.nhl.com/news/nhl-lineup-projections-2026-27-season","2026-10-08",1,"no_game_today",FALSE,NA,NA,NA,NA,NA,NA,NA
20262027,20262027,24,"ANA",8486052,"Nikita","Klepov","Nikita Klepov","F","current_roster",TRUE,"2026-10-08T18:58:59.467Z","2026-10-08_185709_37828221813_1_d821bc9479044132b0bd68121a5ce6af",NA,"2026-10-08",NA,NA,NA,"2026-10-08T18:58:58.240Z","https://www.nhl.com/news/nhl-lineup-projections-2026-27-season","2026-10-08",1,"no_game_today",FALSE,NA,NA,NA,NA,NA,NA,NA
20262027,20262027,24,"ANA",8482408,"Jeff","Malott","Jeff Malott","F","current_roster",TRUE,"2026-10-08T18:58:59.469Z","2026-10-08_185709_37828221813_1_d821bc9479044132b0bd68121a5ce6af",NA,"2026-10-08",NA,NA,NA,"2026-10-08T18:58:58.240Z","https://www.nhl.com/news/nhl-lineup-projections-2026-27-season","2026-10-08",1,"no_game_today",FALSE,NA,NA,NA,NA,NA,NA,NA
20262027,20262027,24,"ANA",8481754,"Nikita","Nesterenko","Nikita Nesterenko","F","current_roster",TRUE,"2026-10-08T18:58:59.471Z","2026-10-08_185709_37828221813_1_d821bc9479044132b0bd68121a5ce6af",NA,"2026-10-08",NA,NA,NA,"2026-10-08T18:58:58.240Z","https://www.nhl.com/news/nhl-lineup-projections-2026-27-season","2026-10-08",1,"no_game_today",FALSE,NA,NA,NA,NA,NA,NA,NA
20262027,20262027,24,"ANA",8480068,"Ryan","Poehling","Ryan Poehling","F","current_roster",TRUE,"2026-10-08T18:58:59.473Z","2026-10-08_185709_37828221813_1_d821bc9479044132b0bd68121a5ce6af",NA,"2026-10-08",NA,NA,NA,"2026-10-08T18:58:58.240Z","https://www.nhl.com/news/nhl-lineup-projections-2026-27-season","2026-10-08",1,"no_game_today",FALSE,NA,NA,NA,NA,NA,NA,NA
20262027,20262027,24,"ANA",8484762,"Beckett","Sennecke","Beckett Sennecke","F","current_roster",TRUE,"2026-10-08T18:58:59.476Z","2026-10-08_185709_37828221813_1_d821bc9479044132b0bd68121a5ce6af",NA,"2026-10-08",NA,NA,NA,"2026-10-08T18:58:58.240Z","https://www.nhl.com/news/nhl-lineup-projections-2026-27-season","2026-10-08",1,"no_game_today",FALSE,NA,NA,NA,NA,NA,NA,NA
20262027,20262027,24,"ANA",8478366,"Frank","Vatrano","Frank Vatrano","F","current_roster",TRUE,"2026-10-08T18:58:59.478Z","2026-10-08_185709_37828221813_1_d821bc9479044132b0bd68121a5ce6af",NA,"2026-10-08",NA,NA,NA,"2026-10-08T18:58:58.240Z","https://www.nhl.com/news/nhl-lineup-projections-2026-27-season","2026-10-08",1,"no_game_today",FALSE,NA,NA,NA,NA,NA,NA,NA
20262027,20262027,24,"ANA",8485512,"Tim","Washe","Tim Washe","F","current_roster",TRUE,"2026-10-08T18:58:59.480Z","2026-10-08_185709_37828221813_1_d821bc9479044132b0bd68121a5ce6af",NA,"2026-10-08",NA,NA,NA,"2026-10-08T18:58:58.240Z","https://www.nhl.com/news/nhl-lineup-projections-2026-27-season","2026-10-08",1,"no_game_today",FALSE,NA,NA,NA,NA,NA,NA,NA
20262027,20262027,24,"ANA",8481563,"Drew","Helleson","Drew Helleson","D","current_roster",TRUE,"2026-10-08T18:58:59.483Z","2026-10-08_185709_37828221813_1_d821bc9479044132b0bd68121a5ce6af",NA,"2026-10-08",NA,NA,NA,"2026-10-08T18:58:58.240Z","https://www.nhl.com/news/nhl-lineup-projections-2026-27-season","2026-10-08",1,"no_game_today",FALSE,NA,NA,NA,NA,NA,NA,NA
20262027,20262027,24,"ANA",8482731,"Tyson","Hinds","Tyson Hinds","D","current_roster",TRUE,"2026-10-08T18:58:59.485Z","2026-10-08_185709_37828221813_1_d821bc9479044132b0bd68121a5ce6af",NA,"2026-10-08",NA,NA,NA,"2026-10-08T18:58:58.240Z","https://www.nhl.com/news/nhl-lineup-projections-2026-27-season","2026-10-08",1,"no_game_today",FALSE,NA,NA,NA,NA,NA,NA,NA
20262027,20262027,24,"ANA",8475324,"Nick","Jensen","Nick Jensen","D","current_roster",TRUE,"2026-10-08T18:58:59.487Z","2026-10-08_185709_37828221813_1_d821bc9479044132b0bd68121a5ce6af",NA,"2026-10-08",NA,NA,NA,"2026-10-08T18:58:58.240Z","https://www.nhl.com/news/nhl-lineup-projections-2026-27-season","2026-10-08",1,"no_game_today",FALSE,NA,NA,NA,NA,NA,NA,NA
20262027,20262027,24,"ANA",8481605,"Jackson","LaCombe","Jackson LaCombe","D","current_roster",TRUE,"2026-10-08T18:58:59.489Z","2026-10-08_185709_37828221813_1_d821bc9479044132b0bd68121a5ce6af",NA,"2026-10-08",NA,NA,NA,"2026-10-08T18:58:58.240Z","https://www.nhl.com/news/nhl-lineup-projections-2026-27-season","2026-10-08",1,"no_game_today",FALSE,NA,NA,NA,NA,NA,NA,NA
20262027,20262027,24,"ANA",8483482,"Tristan","Luneau","Tristan Luneau","D","current_roster",TRUE,"2026-10-08T18:58:59.491Z","2026-10-08_185709_37828221813_1_d821bc9479044132b0bd68121a5ce6af",NA,"2026-10-08",NA,NA,NA,"2026-10-08T18:58:58.240Z","https://www.nhl.com/news/nhl-lineup-projections-2026-27-season","2026-10-08",1,"no_game_today",FALSE,NA,NA,NA,NA,NA,NA,NA
20262027,20262027,24,"ANA",8483490,"Pavel","Mintyukov","Pavel Mintyukov","D","current_roster",TRUE,"2026-10-08T18:58:59.493Z","2026-10-08_185709_37828221813_1_d821bc9479044132b0bd68121a5ce6af",NA,"2026-10-08",NA,NA,NA,"2026-10-08T18:58:58.240Z","https://www.nhl.com/news/nhl-lineup-projections-2026-27-season","2026-10-08",1,"no_game_today",FALSE,NA,NA,NA,NA,NA,NA,NA
20262027,20262027,24,"ANA",8484262,"Travis","Mitchell","Travis Mitchell","D","current_roster",TRUE,"2026-10-08T18:58:59.495Z","2026-10-08_185709_37828221813_1_d821bc9479044132b0bd68121a5ce6af",NA,"2026-10-08",NA,NA,NA,"2026-10-08T18:58:58.240Z","https://www.nhl.com/news/nhl-lineup-projections-2026-27-season","2026-10-08",1,"no_game_today",FALSE,NA,NA,NA,NA,NA,NA,NA
20262027,20262027,24,"ANA",8482178,"Ian","Moore","Ian Moore","D","current_roster",TRUE,"2026-10-08T18:58:59.497Z","2026-10-08_185709_37828221813_1_d821bc9479044132b0bd68121a5ce6af",NA,"2026-10-08",NA,NA,NA,"2026-10-08T18:58:58.240Z","https://www.nhl.com/news/nhl-lineup-projections-2026-27-season","2026-10-08",1,"no_game_today",FALSE,NA,NA,NA,NA,NA,NA,NA
20262027,20262027,24,"ANA",8483521,"Noah","Warren","Noah Warren","D","current_roster",TRUE,"2026-10-08T18:58:59.499Z","2026-10-08_185709_37828221813_1_d821bc9479044132b0bd68121a5ce6af",NA,"2026-10-08",NA,NA,NA,"2026-10-08T18:58:58.240Z","https://www.nhl.com/news/nhl-lineup-projections-2026-27-season","2026-10-08",1,"no_game_today",FALSE,NA,NA,NA,NA,NA,NA,NA
20262027,20262027,24,"ANA",8480843,"Lukas","Dostal","Lukas Dostal","G","current_roster",TRUE,"2026-10-08T18:58:59.502Z","2026-10-08_185709_37828221813_1_d821bc9479044132b0bd68121a5ce6af",NA,"2026-10-08",NA,NA,NA,"2026-10-08T18:58:58.240Z","https://www.nhl.com/news/nhl-lineup-projections-2026-27-season","2026-10-08",1,"no_game_today",FALSE,NA,NA,NA,NA,NA,NA,NA
20262027,20262027,24,"ANA",8478024,"Ville","Husso","Ville Husso","G","current_roster",TRUE,"2026-10-08T18:58:59.507Z","2026-10-08_185709_37828221813_1_d821bc9479044132b0bd68121a5ce6af",NA,"2026-10-08",NA,NA,NA,"2026-10-08T18:58:58.240Z","https://www.nhl.com/news/nhl-lineup-projections-2026-27-season","2026-10-08",1,"no_game_today",FALSE,NA,NA,NA,NA,NA,NA,NA
20262027,20262027,55,"SEA",8482665,"Matty","Beniers","Matty Beniers","F","current_roster",TRUE,"2026-10-08T18:58:59.562Z","2026-10-08_185709_37828221813_1_d821bc9479044132b0bd68121a5ce6af",NA,"2026-10-08",NA,NA,NA,"2026-10-08T18:58:58.240Z","https://www.nhl.com/news/nhl-lineup-projections-2026-27-season","2026-10-08",1,"no_game_today",FALSE,NA,NA,NA,NA,NA,NA,NA
20262027,20262027,55,"SEA",8484800,"Berkly","Catton","Berkly Catton","F","current_roster",TRUE,"2026-10-08T18:58:59.565Z","2026-10-08_185709_37828221813_1_d821bc9479044132b0bd68121a5ce6af",NA,"2026-10-08",NA,NA,NA,"2026-10-08T18:58:58.240Z","https://www.nhl.com/news/nhl-lineup-projections-2026-27-season","2026-10-08",1,"no_game_today",FALSE,NA,NA,NA,NA,NA,NA,NA
20262027,20262027,55,"SEA",8480876,"Curtis","Douglas","Curtis Douglas","F","current_roster",TRUE,"2026-10-08T18:58:59.567Z","2026-10-08_185709_37828221813_1_d821bc9479044132b0bd68121a5ce6af",NA,"2026-10-08",NA,NA,NA,"2026-10-08T18:58:58.240Z","https://www.nhl.com/news/nhl-lineup-projections-2026-27-season","2026-10-08",1,"no_game_today",FALSE,NA,NA,NA,NA,NA,NA,NA
20262027,20262027,55,"SEA",8474586,"Jordan","Eberle","Jordan Eberle","F","current_roster",TRUE,"2026-10-08T18:58:59.572Z","2026-10-08_185709_37828221813_1_d821bc9479044132b0bd68121a5ce6af",NA,"2026-10-08",NA,NA,NA,"2026-10-08T18:58:58.240Z","https://www.nhl.com/news/nhl-lineup-projections-2026-27-season","2026-10-08",1,"no_game_today",FALSE,NA,NA,NA,NA,NA,NA,NA
20262027,20262027,55,"SEA",8477919,"Frederick","Gaudreau","Frederick Gaudreau","F","current_roster",TRUE,"2026-10-08T18:58:59.574Z","2026-10-08_185709_37828221813_1_d821bc9479044132b0bd68121a5ce6af",NA,"2026-10-08",NA,NA,NA,"2026-10-08T18:58:58.240Z","https://www.nhl.com/news/nhl-lineup-projections-2026-27-season","2026-10-08",1,"no_game_today",FALSE,NA,NA,NA,NA,NA,NA,NA
20262027,20262027,55,"SEA",8481554,"Kaapo","Kakko","Kaapo Kakko","F","current_roster",TRUE,"2026-10-08T18:58:59.576Z","2026-10-08_185709_37828221813_1_d821bc9479044132b0bd68121a5ce6af",NA,"2026-10-08",NA,NA,NA,"2026-10-08T18:58:58.240Z","https://www.nhl.com/news/nhl-lineup-projections-2026-27-season","2026-10-08",1,"no_game_today",FALSE,NA,NA,NA,NA,NA,NA,NA
20262027,20262027,55,"SEA",8477955,"Jared","McCann","Jared McCann","F","current_roster",TRUE,"2026-10-08T18:58:59.578Z","2026-10-08_185709_37828221813_1_d821bc9479044132b0bd68121a5ce6af",NA,"2026-10-08",NA,NA,NA,"2026-10-08T18:58:58.240Z","https://www.nhl.com/news/nhl-lineup-projections-2026-27-season","2026-10-08",1,"no_game_today",FALSE,NA,NA,NA,NA,NA,NA,NA
20262027,20262027,55,"SEA",8482259,"Bobby","McMann","Bobby McMann","F","current_roster",TRUE,"2026-10-08T18:58:59.581Z","2026-10-08_185709_37828221813_1_d821bc9479044132b0bd68121a5ce6af",NA,"2026-10-08",NA,NA,NA,"2026-10-08T18:58:58.240Z","https://www.nhl.com/news/nhl-lineup-projections-2026-27-season","2026-10-08",1,"no_game_today",FALSE,NA,NA,NA,NA,NA,NA,NA
20262027,20262027,55,"SEA",8482874,"Jacob","Melanson","Jacob Melanson","F","current_roster",TRUE,"2026-10-08T18:58:59.583Z","2026-10-08_185709_37828221813_1_d821bc9479044132b0bd68121a5ce6af",NA,"2026-10-08",NA,NA,NA,"2026-10-08T18:58:58.240Z","https://www.nhl.com/news/nhl-lineup-projections-2026-27-season","2026-10-08",1,"no_game_today",FALSE,NA,NA,NA,NA,NA,NA,NA
20262027,20262027,55,"SEA",8483570,"Ben","Meyers","Ben Meyers","F","current_roster",TRUE,"2026-10-08T18:58:59.585Z","2026-10-08_185709_37828221813_1_d821bc9479044132b0bd68121a5ce6af",NA,"2026-10-08",NA,NA,NA,"2026-10-08T18:58:58.240Z","https://www.nhl.com/news/nhl-lineup-projections-2026-27-season","2026-10-08",1,"no_game_today",FALSE,NA,NA,NA,NA,NA,NA,NA
20262027,20262027,55,"SEA",8485383,"Jake","O'Brien","Jake O'Brien","F","current_roster",TRUE,"2026-10-08T18:58:59.587Z","2026-10-08_185709_37828221813_1_d821bc9479044132b0bd68121a5ce6af",NA,"2026-10-08",NA,NA,NA,"2026-10-08T18:58:58.240Z","https://www.nhl.com/news/nhl-lineup-projections-2026-27-season","2026-10-08",1,"no_game_today",FALSE,NA,NA,NA,NA,NA,NA,NA
20262027,20262027,55,"SEA",8482713,"Mackie","Samoskevich","Mackie Samoskevich","F","current_roster",TRUE,"2026-10-08T18:58:59.589Z","2026-10-08_185709_37828221813_1_d821bc9479044132b0bd68121a5ce6af",NA,"2026-10-08",NA,NA,NA,"2026-10-08T18:58:58.240Z","https://www.nhl.com/news/nhl-lineup-projections-2026-27-season","2026-10-08",1,"no_game_today",FALSE,NA,NA,NA,NA,NA,NA,NA
20262027,20262027,55,"SEA",8476905,"Chandler","Stephenson","Chandler Stephenson","F","current_roster",TRUE,"2026-10-08T18:58:59.591Z","2026-10-08_185709_37828221813_1_d821bc9479044132b0bd68121a5ce6af",NA,"2026-10-08",NA,NA,NA,"2026-10-08T18:58:58.240Z","https://www.nhl.com/news/nhl-lineup-projections-2026-27-season","2026-10-08",1,"no_game_today",FALSE,NA,NA,NA,NA,NA,NA,NA
20262027,20262027,55,"SEA",8482751,"Ryan","Winterton","Ryan Winterton","F","current_roster",TRUE,"2026-10-08T18:58:59.593Z","2026-10-08_185709_37828221813_1_d821bc9479044132b0bd68121a5ce6af",NA,"2026-10-08",NA,NA,NA,"2026-10-08T18:58:58.240Z","https://www.nhl.com/news/nhl-lineup-projections-2026-27-season","2026-10-08",1,"no_game_today",FALSE,NA,NA,NA,NA,NA,NA,NA
20262027,20262027,55,"SEA",8483524,"Shane","Wright","Shane Wright","F","current_roster",TRUE,"2026-10-08T18:58:59.595Z","2026-10-08_185709_37828221813_1_d821bc9479044132b0bd68121a5ce6af",NA,"2026-10-08",NA,NA,NA,"2026-10-08T18:58:58.240Z","https://www.nhl.com/news/nhl-lineup-projections-2026-27-season","2026-10-08",1,"no_game_today",FALSE,NA,NA,NA,NA,NA,NA,NA
20262027,20262027,55,"SEA",8478407,"Vince","Dunn","Vince Dunn","D","current_roster",TRUE,"2026-10-08T18:58:59.598Z","2026-10-08_185709_37828221813_1_d821bc9479044132b0bd68121a5ce6af",NA,"2026-10-08",NA,NA,NA,"2026-10-08T18:58:58.240Z","https://www.nhl.com/news/nhl-lineup-projections-2026-27-season","2026-10-08",1,"no_game_today",FALSE,NA,NA,NA,NA,NA,NA,NA
20262027,20262027,55,"SEA",8482858,"Ryker","Evans","Ryker Evans","D","current_roster",TRUE,"2026-10-08T18:58:59.600Z","2026-10-08_185709_37828221813_1_d821bc9479044132b0bd68121a5ce6af",NA,"2026-10-08",NA,NA,NA,"2026-10-08T18:58:58.240Z","https://www.nhl.com/news/nhl-lineup-projections-2026-27-season","2026-10-08",1,"no_game_today",FALSE,NA,NA,NA,NA,NA,NA,NA
20262027,20262027,55,"SEA",8479985,"Cale","Fleury","Cale Fleury","D","current_roster",TRUE,"2026-10-08T18:58:59.602Z","2026-10-08_185709_37828221813_1_d821bc9479044132b0bd68121a5ce6af",NA,"2026-10-08",NA,NA,NA,"2026-10-08T18:58:58.240Z","https://www.nhl.com/news/nhl-lineup-projections-2026-27-season","2026-10-08",1,"no_game_today",FALSE,NA,NA,NA,NA,NA,NA,NA
20262027,20262027,55,"SEA",8476457,"Adam","Larsson","Adam Larsson","D","current_roster",TRUE,"2026-10-08T18:58:59.604Z","2026-10-08_185709_37828221813_1_d821bc9479044132b0bd68121a5ce6af",NA,"2026-10-08",NA,NA,NA,"2026-10-08T18:58:58.240Z","https://www.nhl.com/news/nhl-lineup-projections-2026-27-season","2026-10-08",1,"no_game_today",FALSE,NA,NA,NA,NA,NA,NA,NA
20262027,20262027,55,"SEA",8479324,"Ryan","Lindgren","Ryan Lindgren","D","current_roster",TRUE,"2026-10-08T18:58:59.606Z","2026-10-08_185709_37828221813_1_d821bc9479044132b0bd68121a5ce6af",NA,"2026-10-08",NA,NA,NA,"2026-10-08T18:58:58.240Z","https://www.nhl.com/news/nhl-lineup-projections-2026-27-season","2026-10-08",1,"no_game_today",FALSE,NA,NA,NA,NA,NA,NA,NA
20262027,20262027,55,"SEA",8479372,"Josh","Mahura","Josh Mahura","D","current_roster",TRUE,"2026-10-08T18:58:59.608Z","2026-10-08_185709_37828221813_1_d821bc9479044132b0bd68121a5ce6af",NA,"2026-10-08",NA,NA,NA,"2026-10-08T18:58:58.240Z","https://www.nhl.com/news/nhl-lineup-projections-2026-27-season","2026-10-08",1,"no_game_today",FALSE,NA,NA,NA,NA,NA,NA,NA
20262027,20262027,55,"SEA",8477986,"Brandon","Montour","Brandon Montour","D","current_roster",TRUE,"2026-10-08T18:58:59.610Z","2026-10-08_185709_37828221813_1_d821bc9479044132b0bd68121a5ce6af",NA,"2026-10-08",NA,NA,NA,"2026-10-08T18:58:58.240Z","https://www.nhl.com/news/nhl-lineup-projections-2026-27-season","2026-10-08",1,"no_game_today",FALSE,NA,NA,NA,NA,NA,NA,NA
20262027,20262027,55,"SEA",8482866,"Ville","Ottavainen","Ville Ottavainen","D","current_roster",TRUE,"2026-10-08T18:58:59.612Z","2026-10-08_185709_37828221813_1_d821bc9479044132b0bd68121a5ce6af",NA,"2026-10-08",NA,NA,NA,"2026-10-08T18:58:58.240Z","https://www.nhl.com/news/nhl-lineup-projections-2026-27-season","2026-10-08",1,"no_game_today",FALSE,NA,NA,NA,NA,NA,NA,NA
20262027,20262027,55,"SEA",8478916,"Joey","Daccord","Joey Daccord","G","current_roster",TRUE,"2026-10-08T18:58:59.615Z","2026-10-08_185709_37828221813_1_d821bc9479044132b0bd68121a5ce6af",NA,"2026-10-08",NA,NA,NA,"2026-10-08T18:58:58.240Z","https://www.nhl.com/news/nhl-lineup-projections-2026-27-season","2026-10-08",1,"no_game_today",FALSE,NA,NA,NA,NA,NA,NA,NA
20262027,20262027,55,"SEA",8475831,"Philipp","Grubauer","Philipp Grubauer","G","current_roster",TRUE,"2026-10-08T18:58:59.617Z","2026-10-08_185709_37828221813_1_d821bc9479044132b0bd68121a5ce6af",NA,"2026-10-08",NA,NA,NA,"2026-10-08T18:58:58.240Z","https://www.nhl.com/news/nhl-lineup-projections-2026-27-season","2026-10-08",1,"no_game_today",FALSE,NA,NA,NA,NA,NA,NA,NA
20262027,20262027,5,"PIT",8479638,"Justin","Brazeau","Justin Brazeau","F","current_roster",TRUE,"2026-10-08T18:58:59.620Z","2026-10-08_185709_37828221813_1_d821bc9479044132b0bd68121a5ce6af",NA,"2026-10-08",NA,NA,NA,"2026-10-08T18:58:58.240Z","https://www.nhl.com/news/nhl-lineup-projections-2026-27-season","2026-10-08",1,"no_game_today",FALSE,NA,NA,NA,NA,NA,NA,NA
20262027,20262027,5,"PIT",8482475,"Egor","Chinakhov","Egor Chinakhov","F","current_roster",TRUE,"2026-10-08T18:58:59.623Z","2026-10-08_185709_37828221813_1_d821bc9479044132b0bd68121a5ce6af",NA,"2026-10-08",NA,NA,NA,"2026-10-08T18:58:58.240Z","https://www.nhl.com/news/nhl-lineup-projections-2026-27-season","2026-10-08",1,"no_game_today",FALSE,NA,NA,NA,NA,NA,NA,NA
20262027,20262027,5,"PIT",8471675,"Sidney","Crosby","Sidney Crosby","F","current_roster",TRUE,"2026-10-08T18:58:59.625Z","2026-10-08_185709_37828221813_1_d821bc9479044132b0bd68121a5ce6af",NA,"2026-10-08",NA,NA,NA,"2026-10-08T18:58:58.240Z","https://www.nhl.com/news/nhl-lineup-projections-2026-27-season","2026-10-08",1,"no_game_today",FALSE,NA,NA,NA,NA,NA,NA,NA
20262027,20262027,5,"PIT",8480980,"Connor","Dewar","Connor Dewar","F","current_roster",TRUE,"2026-10-08T18:58:59.627Z","2026-10-08_185709_37828221813_1_d821bc9479044132b0bd68121a5ce6af",NA,"2026-10-08",NA,NA,NA,"2026-10-08T18:58:58.240Z","https://www.nhl.com/news/nhl-lineup-projections-2026-27-season","2026-10-08",1,"no_game_today",FALSE,NA,NA,NA,NA,NA,NA,NA
20262027,20262027,5,"PIT",8485414,"Ben","Kindel","Ben Kindel","F","current_roster",TRUE,"2026-10-08T18:58:59.629Z","2026-10-08_185709_37828221813_1_d821bc9479044132b0bd68121a5ce6af",NA,"2026-10-08",NA,NA,NA,"2026-10-08T18:58:58.240Z","https://www.nhl.com/news/nhl-lineup-projections-2026-27-season","2026-10-08",1,"no_game_today",FALSE,NA,NA,NA,NA,NA,NA,NA
20262027,20262027,5,"PIT",8482758,"Ville","Koivunen","Ville Koivunen","F","current_roster",TRUE,"2026-10-08T18:58:59.631Z","2026-10-08_185709_37828221813_1_d821bc9479044132b0bd68121a5ce6af",NA,"2026-10-08",NA,NA,NA,"2026-10-08T18:58:58.240Z","https://www.nhl.com/news/nhl-lineup-projections-2026-27-season","2026-10-08",1,"no_game_today",FALSE,NA,NA,NA,NA,NA,NA,NA
20262027,20262027,5,"PIT",8483808,"Andrei","Kuzmenko","Andrei Kuzmenko","F","current_roster",TRUE,"2026-10-08T18:58:59.636Z","2026-10-08_185709_37828221813_1_d821bc9479044132b0bd68121a5ce6af",NA,"2026-10-08",NA,NA,NA,"2026-10-08T18:58:58.240Z","https://www.nhl.com/news/nhl-lineup-projections-2026-27-season","2026-10-08",1,"no_game_today",FALSE,NA,NA,NA,NA,NA,NA,NA
20262027,20262027,5,"PIT",8482148,"Hendrix","Lapierre","Hendrix Lapierre","F","current_roster",TRUE,"2026-10-08T18:58:59.638Z","2026-10-08_185709_37828221813_1_d821bc9479044132b0bd68121a5ce6af",NA,"2026-10-08",NA,NA,NA,"2026-10-08T18:58:58.240Z","https://www.nhl.com/news/nhl-lineup-projections-2026-27-season","2026-10-08",1,"no_game_today",FALSE,NA,NA,NA,NA,NA,NA,NA
20262027,20262027,5,"PIT",8481481,"Blake","Lizotte","Blake Lizotte","F","current_roster",TRUE,"2026-10-08T18:58:59.640Z","2026-10-08_185709_37828221813_1_d821bc9479044132b0bd68121a5ce6af",NA,"2026-10-08",NA,NA,NA,"2026-10-08T18:58:58.240Z","https://www.nhl.com/news/nhl-lineup-projections-2026-27-season","2026-10-08",1,"no_game_today",FALSE,NA,NA,NA,NA,NA,NA,NA
20262027,20262027,5,"PIT",8471215,"Evgeni","Malkin","Evgeni Malkin","F","current_roster",TRUE,"2026-10-08T18:58:59.642Z","2026-10-08_185709_37828221813_1_d821bc9479044132b0bd68121a5ce6af",NA,"2026-10-08",NA,NA,NA,"2026-10-08T18:58:58.240Z","https://www.nhl.com/news/nhl-lineup-projections-2026-27-season","2026-10-08",1,"no_game_today",FALSE,NA,NA,NA,NA,NA,NA,NA
20262027,20262027,5,"PIT",8478438,"Tommy","Novak","Tommy Novak","F","current_roster",TRUE,"2026-10-08T18:58:59.644Z","2026-10-08_185709_37828221813_1_d821bc9479044132b0bd68121a5ce6af",NA,"2026-10-08",NA,NA,NA,"2026-10-08T18:58:58.240Z","https://www.nhl.com/news/nhl-lineup-projections-2026-27-season","2026-10-08",1,"no_game_today",FALSE,NA,NA,NA,NA,NA,NA,NA
20262027,20262027,5,"PIT",8476483,"Rickard","Rakell","Rickard Rakell","F","current_roster",TRUE,"2026-10-08T18:58:59.646Z","2026-10-08_185709_37828221813_1_d821bc9479044132b0bd68121a5ce6af",NA,"2026-10-08",NA,NA,NA,"2026-10-08T18:58:58.240Z","https://www.nhl.com/news/nhl-lineup-projections-2026-27-season","2026-10-08",1,"no_game_today",FALSE,NA,NA,NA,NA,NA,NA,NA
20262027,20262027,5,"PIT",8481582,"Nick","Robertson","Nick Robertson","F","current_roster",TRUE,"2026-10-08T18:58:59.648Z","2026-10-08_185709_37828221813_1_d821bc9479044132b0bd68121a5ce6af",NA,"2026-10-08",NA,NA,NA,"2026-10-08T18:58:58.240Z","https://www.nhl.com/news/nhl-lineup-projections-2026-27-season","2026-10-08",1,"no_game_today",FALSE,NA,NA,NA,NA,NA,NA,NA
20262027,20262027,5,"PIT",8475810,"Bryan","Rust","Bryan Rust","F","current_roster",TRUE,"2026-10-08T18:58:59.651Z","2026-10-08_185709_37828221813_1_d821bc9479044132b0bd68121a5ce6af",NA,"2026-10-08",NA,NA,NA,"2026-10-08T18:58:58.240Z","https://www.nhl.com/news/nhl-lineup-projections-2026-27-season","2026-10-08",1,"no_game_today",FALSE,NA,NA,NA,NA,NA,NA,NA
20262027,20262027,5,"PIT",8481725,"Elmer","Soderblom","Elmer Soderblom","F","current_roster",TRUE,"2026-10-08T18:58:59.653Z","2026-10-08_185709_37828221813_1_d821bc9479044132b0bd68121a5ce6af",NA,"2026-10-08",NA,NA,NA,"2026-10-08T18:58:58.240Z","https://www.nhl.com/news/nhl-lineup-projections-2026-27-season","2026-10-08",1,"no_game_today",FALSE,NA,NA,NA,NA,NA,NA,NA
20262027,20262027,5,"PIT",8483398,"Declan","Carlile","Declan Carlile","D","current_roster",TRUE,"2026-10-08T18:58:59.655Z","2026-10-08_185709_37828221813_1_d821bc9479044132b0bd68121a5ce6af",NA,"2026-10-08",NA,NA,NA,"2026-10-08T18:58:58.240Z","https://www.nhl.com/news/nhl-lineup-projections-2026-27-season","2026-10-08",1,"no_game_today",FALSE,NA,NA,NA,NA,NA,NA,NA
20262027,20262027,5,"PIT",8479398,"Samuel","Girard","Samuel Girard","D","current_roster",TRUE,"2026-10-08T18:58:59.657Z","2026-10-08_185709_37828221813_1_d821bc9479044132b0bd68121a5ce6af",NA,"2026-10-08",NA,NA,NA,"2026-10-08T18:58:58.240Z","https://www.nhl.com/news/nhl-lineup-projections-2026-27-season","2026-10-08",1,"no_game_today",FALSE,NA,NA,NA,NA,NA,NA,NA
20262027,20262027,5,"PIT",8474578,"Erik","Karlsson","Erik Karlsson","D","current_roster",TRUE,"2026-10-08T18:58:59.659Z","2026-10-08_185709_37828221813_1_d821bc9479044132b0bd68121a5ce6af",NA,"2026-10-08",NA,NA,NA,"2026-10-08T18:58:58.240Z","https://www.nhl.com/news/nhl-lineup-projections-2026-27-season","2026-10-08",1,"no_game_today",FALSE,NA,NA,NA,NA,NA,NA,NA
20262027,20262027,5,"PIT",8481527,"Kaedan","Korczak","Kaedan Korczak","D","current_roster",TRUE,"2026-10-08T18:58:59.661Z","2026-10-08_185709_37828221813_1_d821bc9479044132b0bd68121a5ce6af",NA,"2026-10-08",NA,NA,NA,"2026-10-08T18:58:58.240Z","https://www.nhl.com/news/nhl-lineup-projections-2026-27-season","2026-10-08",1,"no_game_today",FALSE,NA,NA,NA,NA,NA,NA,NA
20262027,20262027,5,"PIT",8471724,"Kris","Letang","Kris Letang","D","current_roster",TRUE,"2026-10-08T18:58:59.663Z","2026-10-08_185709_37828221813_1_d821bc9479044132b0bd68121a5ce6af",NA,"2026-10-08",NA,NA,NA,"2026-10-08T18:58:58.240Z","https://www.nhl.com/news/nhl-lineup-projections-2026-27-season","2026-10-08",1,"no_game_today",FALSE,NA,NA,NA,NA,NA,NA,NA
20262027,20262027,5,"PIT",8482470,"Ilya","Solovyov","Ilya Solovyov","D","current_roster",TRUE,"2026-10-08T18:58:59.665Z","2026-10-08_185709_37828221813_1_d821bc9479044132b0bd68121a5ce6af",NA,"2026-10-08",NA,NA,NA,"2026-10-08T18:58:58.240Z","https://www.nhl.com/news/nhl-lineup-projections-2026-27-season","2026-10-08",1,"no_game_today",FALSE,NA,NA,NA,NA,NA,NA,NA
20262027,20262027,5,"PIT",8481056,"Spencer","Stastney","Spencer Stastney","D","current_roster",TRUE,"2026-10-08T18:58:59.667Z","2026-10-08_185709_37828221813_1_d821bc9479044132b0bd68121a5ce6af",NA,"2026-10-08",NA,NA,NA,"2026-10-08T18:58:58.240Z","https://www.nhl.com/news/nhl-lineup-projections-2026-27-season","2026-10-08",1,"no_game_today",FALSE,NA,NA,NA,NA,NA,NA,NA
20262027,20262027,5,"PIT",8477845,"Trevor","van Riemsdyk","Trevor van Riemsdyk","D","current_roster",TRUE,"2026-10-08T18:58:59.669Z","2026-10-08_185709_37828221813_1_d821bc9479044132b0bd68121a5ce6af",NA,"2026-10-08",NA,NA,NA,"2026-10-08T18:58:58.240Z","https://www.nhl.com/news/nhl-lineup-projections-2026-27-season","2026-10-08",1,"no_game_today",FALSE,NA,NA,NA,NA,NA,NA,NA
20262027,20262027,5,"PIT",8483703,"Sergei","Murashov","Sergei Murashov","G","current_roster",TRUE,"2026-10-08T18:58:59.672Z","2026-10-08_185709_37828221813_1_d821bc9479044132b0bd68121a5ce6af",NA,"2026-10-08",NA,NA,NA,"2026-10-08T18:58:58.240Z","https://www.nhl.com/news/nhl-lineup-projections-2026-27-season","2026-10-08",1,"no_game_today",FALSE,NA,NA,NA,NA,NA,NA,NA
20262027,20262027,5,"PIT",8481668,"Arturs","Silovs","Arturs Silovs","G","current_roster",TRUE,"2026-10-08T18:58:59.674Z","2026-10-08_185709_37828221813_1_d821bc9479044132b0bd68121a5ce6af",NA,"2026-10-08",NA,NA,NA,"2026-10-08T18:58:58.240Z","https://www.nhl.com/news/nhl-lineup-projections-2026-27-season","2026-10-08",1,"no_game_today",FALSE,NA,NA,NA,NA,NA,NA,NA
20262027,20262027,29,"CBJ",8475745,"Charlie","Coyle","Charlie Coyle","F","current_roster",TRUE,"2026-10-08T18:58:59.960Z","2026-10-08_185709_37828221813_1_d821bc9479044132b0bd68121a5ce6af",NA,"2026-10-08",NA,NA,NA,"2026-10-08T18:58:58.240Z","https://www.nhl.com/news/nhl-lineup-projections-2026-27-season","2026-10-08",1,"no_game_today",FALSE,NA,NA,NA,NA,NA,NA,NA
20262027,20262027,29,"CBJ",8483432,"Luca","Del Bel Belluz","Luca Del Bel Belluz","F","current_roster",TRUE,"2026-10-08T18:58:59.962Z","2026-10-08_185709_37828221813_1_d821bc9479044132b0bd68121a5ce6af",NA,"2026-10-08",NA,NA,NA,"2026-10-08T18:58:58.240Z","https://www.nhl.com/news/nhl-lineup-projections-2026-27-season","2026-10-08",1,"no_game_today",FALSE,NA,NA,NA,NA,NA,NA,NA
20262027,20262027,29,"CBJ",8484166,"Adam","Fantilli","Adam Fantilli","F","current_roster",TRUE,"2026-10-08T18:58:59.964Z","2026-10-08_185709_37828221813_1_d821bc9479044132b0bd68121a5ce6af",NA,"2026-10-08",NA,NA,NA,"2026-10-08T18:58:58.240Z","https://www.nhl.com/news/nhl-lineup-projections-2026-27-season","2026-10-08",1,"no_game_today",FALSE,NA,NA,NA,NA,NA,NA,NA
20262027,20262027,29,"CBJ",8478856,"Conor","Garland","Conor Garland","F","current_roster",TRUE,"2026-10-08T18:58:59.969Z","2026-10-08_185709_37828221813_1_d821bc9479044132b0bd68121a5ce6af",NA,"2026-10-08",NA,NA,NA,"2026-10-08T18:58:58.240Z","https://www.nhl.com/news/nhl-lineup-projections-2026-27-season","2026-10-08",1,"no_game_today",FALSE,NA,NA,NA,NA,NA,NA,NA
20262027,20262027,29,"CBJ",8478046,"Danton","Heinen","Danton Heinen","F","current_roster",TRUE,"2026-10-08T18:58:59.971Z","2026-10-08_185709_37828221813_1_d821bc9479044132b0bd68121a5ce6af",NA,"2026-10-08",NA,NA,NA,"2026-10-08T18:58:58.240Z","https://www.nhl.com/news/nhl-lineup-projections-2026-27-season","2026-10-08",1,"no_game_today",FALSE,NA,NA,NA,NA,NA,NA,NA
20262027,20262027,29,"CBJ",8482660,"Kent","Johnson","Kent Johnson","F","current_roster",TRUE,"2026-10-08T18:58:59.973Z","2026-10-08_185709_37828221813_1_d821bc9479044132b0bd68121a5ce6af",NA,"2026-10-08",NA,NA,NA,"2026-10-08T18:58:58.240Z","https://www.nhl.com/news/nhl-lineup-projections-2026-27-season","2026-10-08",1,"no_game_today",FALSE,NA,NA,NA,NA,NA,NA,NA
20262027,20262027,29,"CBJ",8482720,"Matthew","Knies","Matthew Knies","F","current_roster",TRUE,"2026-10-08T18:58:59.975Z","2026-10-08_185709_37828221813_1_d821bc9479044132b0bd68121a5ce6af",NA,"2026-10-08",NA,NA,NA,"2026-10-08T18:58:58.240Z","https://www.nhl.com/news/nhl-lineup-projections-2026-27-season","2026-10-08",1,"no_game_today",FALSE,NA,NA,NA,NA,NA,NA,NA
20262027,20262027,29,"CBJ",8479066,"Ryan","Lomberg","Ryan Lomberg","F","current_roster",TRUE,"2026-10-08T18:58:59.977Z","2026-10-08_185709_37828221813_1_d821bc9479044132b0bd68121a5ce6af",NA,"2026-10-08",NA,NA,NA,"2026-10-08T18:58:58.240Z","https://www.nhl.com/news/nhl-lineup-projections-2026-27-season","2026-10-08",1,"no_game_today",FALSE,NA,NA,NA,NA,NA,NA,NA
20262027,20262027,29,"CBJ",8477497,"Sean","Monahan","Sean Monahan","F","current_roster",TRUE,"2026-10-08T18:58:59.979Z","2026-10-08_185709_37828221813_1_d821bc9479044132b0bd68121a5ce6af",NA,"2026-10-08",NA,NA,NA,"2026-10-08T18:58:58.240Z","https://www.nhl.com/news/nhl-lineup-projections-2026-27-season","2026-10-08",1,"no_game_today",FALSE,NA,NA,NA,NA,NA,NA,NA
20262027,20262027,29,"CBJ",8477501,"Valeri","Nichushkin","Valeri Nichushkin","F","current_roster",TRUE,"2026-10-08T18:58:59.982Z","2026-10-08_185709_37828221813_1_d821bc9479044132b0bd68121a5ce6af",NA,"2026-10-08",NA,NA,NA,"2026-10-08T18:58:58.240Z","https://www.nhl.com/news/nhl-lineup-projections-2026-27-season","2026-10-08",1,"no_game_today",FALSE,NA,NA,NA,NA,NA,NA,NA
20262027,20262027,29,"CBJ",8479671,"Mathieu","Olivier","Mathieu Olivier","F","current_roster",TRUE,"2026-10-08T18:58:59.984Z","2026-10-08_185709_37828221813_1_d821bc9479044132b0bd68121a5ce6af",NA,"2026-10-08",NA,NA,NA,"2026-10-08T18:58:58.240Z","https://www.nhl.com/news/nhl-lineup-projections-2026-27-season","2026-10-08",1,"no_game_today",FALSE,NA,NA,NA,NA,NA,NA,NA
20262027,20262027,29,"CBJ",8482705,"Cole","Sillinger","Cole Sillinger","F","current_roster",TRUE,"2026-10-08T18:58:59.986Z","2026-10-08_185709_37828221813_1_d821bc9479044132b0bd68121a5ce6af",NA,"2026-10-08",NA,NA,NA,"2026-10-08T18:58:58.240Z","https://www.nhl.com/news/nhl-lineup-projections-2026-27-season","2026-10-08",1,"no_game_today",FALSE,NA,NA,NA,NA,NA,NA,NA
20262027,20262027,29,"CBJ",8481716,"Dmitri","Voronkov","Dmitri Voronkov","F","current_roster",TRUE,"2026-10-08T18:58:59.988Z","2026-10-08_185709_37828221813_1_d821bc9479044132b0bd68121a5ce6af",NA,"2026-10-08",NA,NA,NA,"2026-10-08T18:58:58.240Z","https://www.nhl.com/news/nhl-lineup-projections-2026-27-season","2026-10-08",1,"no_game_today",FALSE,NA,NA,NA,NA,NA,NA,NA
20262027,20262027,29,"CBJ",8482126,"Emil","Andrae","Emil Andrae","D","current_roster",TRUE,"2026-10-08T18:58:59.990Z","2026-10-08_185709_37828221813_1_d821bc9479044132b0bd68121a5ce6af",NA,"2026-10-08",NA,NA,NA,"2026-10-08T18:58:58.240Z","https://www.nhl.com/news/nhl-lineup-projections-2026-27-season","2026-10-08",1,"no_game_today",FALSE,NA,NA,NA,NA,NA,NA,NA
20262027,20262027,29,"CBJ",8481161,"Jake","Christiansen","Jake Christiansen","D","current_roster",TRUE,"2026-10-08T18:58:59.992Z","2026-10-08_185709_37828221813_1_d821bc9479044132b0bd68121a5ce6af",NA,"2026-10-08",NA,NA,NA,"2026-10-08T18:58:58.240Z","https://www.nhl.com/news/nhl-lineup-projections-2026-27-season","2026-10-08",1,"no_game_today",FALSE,NA,NA,NA,NA,NA,NA,NA
20262027,20262027,29,"CBJ",8479371,"Dante","Fabbro","Dante Fabbro","D","current_roster",TRUE,"2026-10-08T18:58:59.994Z","2026-10-08_185709_37828221813_1_d821bc9479044132b0bd68121a5ce6af",NA,"2026-10-08",NA,NA,NA,"2026-10-08T18:58:58.240Z","https://www.nhl.com/news/nhl-lineup-projections-2026-27-season","2026-10-08",1,"no_game_today",FALSE,NA,NA,NA,NA,NA,NA,NA
20262027,20262027,29,"CBJ",8475790,"Erik","Gudbranson","Erik Gudbranson","D","current_roster",TRUE,"2026-10-08T18:58:59.996Z","2026-10-08_185709_37828221813_1_d821bc9479044132b0bd68121a5ce6af",NA,"2026-10-08",NA,NA,NA,"2026-10-08T18:58:58.240Z","https://www.nhl.com/news/nhl-lineup-projections-2026-27-season","2026-10-08",1,"no_game_today",FALSE,NA,NA,NA,NA,NA,NA,NA
20262027,20262027,29,"CBJ",8483485,"Denton","Mateychuk","Denton Mateychuk","D","current_roster",TRUE,"2026-10-08T18:58:59.998Z","2026-10-08_185709_37828221813_1_d821bc9479044132b0bd68121a5ce6af",NA,"2026-10-08",NA,NA,NA,"2026-10-08T18:58:58.240Z","https://www.nhl.com/news/nhl-lineup-projections-2026-27-season","2026-10-08",1,"no_game_today",FALSE,NA,NA,NA,NA,NA,NA,NA
20262027,20262027,29,"CBJ",8478500,"Ivan","Provorov","Ivan Provorov","D","current_roster",TRUE,"2026-10-08T18:59:00.000Z","2026-10-08_185709_37828221813_1_d821bc9479044132b0bd68121a5ce6af",NA,"2026-10-08",NA,NA,NA,"2026-10-08T18:58:58.240Z","https://www.nhl.com/news/nhl-lineup-projections-2026-27-season","2026-10-08",1,"no_game_today",FALSE,NA,NA,NA,NA,NA,NA,NA
20262027,20262027,29,"CBJ",8477369,"Carson","Soucy","Carson Soucy","D","current_roster",TRUE,"2026-10-08T18:59:00.002Z","2026-10-08_185709_37828221813_1_d821bc9479044132b0bd68121a5ce6af",NA,"2026-10-08",NA,NA,NA,"2026-10-08T18:58:58.240Z","https://www.nhl.com/news/nhl-lineup-projections-2026-27-season","2026-10-08",1,"no_game_today",FALSE,NA,NA,NA,NA,NA,NA,NA
20262027,20262027,29,"CBJ",8478460,"Zach","Werenski","Zach Werenski","D","current_roster",TRUE,"2026-10-08T18:59:00.004Z","2026-10-08_185709_37828221813_1_d821bc9479044132b0bd68121a5ce6af",NA,"2026-10-08",NA,NA,NA,"2026-10-08T18:58:58.240Z","https://www.nhl.com/news/nhl-lineup-projections-2026-27-season","2026-10-08",1,"no_game_today",FALSE,NA,NA,NA,NA,NA,NA,NA
20262027,20262027,29,"CBJ",8482982,"Jet","Greaves","Jet Greaves","G","current_roster",TRUE,"2026-10-08T18:59:00.007Z","2026-10-08_185709_37828221813_1_d821bc9479044132b0bd68121a5ce6af",NA,"2026-10-08",NA,NA,NA,"2026-10-08T18:58:58.240Z","https://www.nhl.com/news/nhl-lineup-projections-2026-27-season","2026-10-08",1,"no_game_today",FALSE,NA,NA,NA,NA,NA,NA,NA
20262027,20262027,29,"CBJ",8475660,"Cam","Talbot","Cam Talbot","G","current_roster",TRUE,"2026-10-08T18:59:00.009Z","2026-10-08_185709_37828221813_1_d821bc9479044132b0bd68121a5ce6af",NA,"2026-10-08",NA,NA,NA,"2026-10-08T18:58:58.240Z","https://www.nhl.com/news/nhl-lineup-projections-2026-27-season","2026-10-08",1,"no_game_today",FALSE,NA,NA,NA,NA,NA,NA,NA
20262027,20262027,26,"LAK",8476469,"Joel","Armia","Joel Armia","F","current_roster",TRUE,"2026-10-08T18:59:00.121Z","2026-10-08_185709_37828221813_1_d821bc9479044132b0bd68121a5ce6af",NA,"2026-10-08",NA,NA,NA,"2026-10-08T18:58:58.240Z","https://www.nhl.com/news/nhl-lineup-projections-2026-27-season","2026-10-08",1,"no_game_today",FALSE,NA,NA,NA,NA,NA,NA,NA
20262027,20262027,26,"LAK",8482124,"Quinton","Byfield","Quinton Byfield","F","current_roster",TRUE,"2026-10-08T18:59:00.124Z","2026-10-08_185709_37828221813_1_d821bc9479044132b0bd68121a5ce6af",NA,"2026-10-08",NA,NA,NA,"2026-10-08T18:58:58.240Z","https://www.nhl.com/news/nhl-lineup-projections-2026-27-season","2026-10-08",1,"no_game_today",FALSE,NA,NA,NA,NA,NA,NA,NA
20262027,20262027,26,"LAK",8477942,"Kevin","Fiala","Kevin Fiala","F","current_roster",TRUE,"2026-10-08T18:59:00.126Z","2026-10-08_185709_37828221813_1_d821bc9479044132b0bd68121a5ce6af",NA,"2026-10-08",NA,NA,NA,"2026-10-08T18:58:58.240Z","https://www.nhl.com/news/nhl-lineup-projections-2026-27-season","2026-10-08",1,"no_game_today",FALSE,NA,NA,NA,NA,NA,NA,NA
20262027,20262027,26,"LAK",8475287,"Erik","Haula","Erik Haula","F","current_roster",TRUE,"2026-10-08T18:59:00.128Z","2026-10-08_185709_37828221813_1_d821bc9479044132b0bd68121a5ce6af",NA,"2026-10-08",NA,NA,NA,"2026-10-08T18:58:58.240Z","https://www.nhl.com/news/nhl-lineup-projections-2026-27-season","2026-10-08",1,"no_game_today",FALSE,NA,NA,NA,NA,NA,NA,NA
20262027,20262027,26,"LAK",8482726,"Samuel","Helenius","Samuel Helenius","F","current_roster",TRUE,"2026-10-08T18:59:00.130Z","2026-10-08_185709_37828221813_1_d821bc9479044132b0bd68121a5ce6af",NA,"2026-10-08",NA,NA,NA,"2026-10-08T18:58:58.240Z","https://www.nhl.com/news/nhl-lineup-projections-2026-27-season","2026-10-08",1,"no_game_today",FALSE,NA,NA,NA,NA,NA,NA,NA
20262027,20262027,26,"LAK",8477960,"Adrian","Kempe","Adrian Kempe","F","current_roster",TRUE,"2026-10-08T18:59:00.132Z","2026-10-08_185709_37828221813_1_d821bc9479044132b0bd68121a5ce6af",NA,"2026-10-08",NA,NA,NA,"2026-10-08T18:58:58.240Z","https://www.nhl.com/news/nhl-lineup-projections-2026-27-season","2026-10-08",1,"no_game_today",FALSE,NA,NA,NA,NA,NA,NA,NA
20262027,20262027,26,"LAK",8482155,"Alex","Laferriere","Alex Laferriere","F","current_roster",TRUE,"2026-10-08T18:59:00.134Z","2026-10-08_185709_37828221813_1_d821bc9479044132b0bd68121a5ce6af",NA,"2026-10-08",NA,NA,NA,"2026-10-08T18:58:58.240Z","https://www.nhl.com/news/nhl-lineup-projections-2026-27-season","2026-10-08",1,"no_game_today",FALSE,NA,NA,NA,NA,NA,NA,NA
20262027,20262027,26,"LAK",8476872,"Scott","Laughton","Scott Laughton","F","current_roster",TRUE,"2026-10-08T18:59:00.135Z","2026-10-08_185709_37828221813_1_d821bc9479044132b0bd68121a5ce6af",NA,"2026-10-08",NA,NA,NA,"2026-10-08T18:58:58.240Z","https://www.nhl.com/news/nhl-lineup-projections-2026-27-season","2026-10-08",1,"no_game_today",FALSE,NA,NA,NA,NA,NA,NA,NA
20262027,20262027,26,"LAK",8481732,"Andre","Lee","Andre Lee","F","current_roster",TRUE,"2026-10-08T18:59:00.137Z","2026-10-08_185709_37828221813_1_d821bc9479044132b0bd68121a5ce6af",NA,"2026-10-08",NA,NA,NA,"2026-10-08T18:58:58.240Z","https://www.nhl.com/news/nhl-lineup-projections-2026-27-season","2026-10-08",1,"no_game_today",FALSE,NA,NA,NA,NA,NA,NA,NA
20262027,20262027,26,"LAK",8479675,"Trevor","Moore","Trevor Moore","F","current_roster",TRUE,"2026-10-08T18:59:00.140Z","2026-10-08_185709_37828221813_1_d821bc9479044132b0bd68121a5ce6af",NA,"2026-10-08",NA,NA,NA,"2026-10-08T18:58:58.240Z","https://www.nhl.com/news/nhl-lineup-projections-2026-27-season","2026-10-08",1,"no_game_today",FALSE,NA,NA,NA,NA,NA,NA,NA
20262027,20262027,26,"LAK",8478550,"Artemi","Panarin","Artemi Panarin","F","current_roster",TRUE,"2026-10-08T18:59:00.141Z","2026-10-08_185709_37828221813_1_d821bc9479044132b0bd68121a5ce6af",NA,"2026-10-08",NA,NA,NA,"2026-10-08T18:58:58.240Z","https://www.nhl.com/news/nhl-lineup-projections-2026-27-season","2026-10-08",1,"no_game_today",FALSE,NA,NA,NA,NA,NA,NA,NA
20262027,20262027,26,"LAK",8470621,"Corey","Perry","Corey Perry","F","current_roster",TRUE,"2026-10-08T18:59:00.143Z","2026-10-08_185709_37828221813_1_d821bc9479044132b0bd68121a5ce6af",NA,"2026-10-08",NA,NA,NA,"2026-10-08T18:58:58.240Z","https://www.nhl.com/news/nhl-lineup-projections-2026-27-season","2026-10-08",1,"no_game_today",FALSE,NA,NA,NA,NA,NA,NA,NA
20262027,20262027,26,"LAK",8481532,"Alex","Turcotte","Alex Turcotte","F","current_roster",TRUE,"2026-10-08T18:59:00.145Z","2026-10-08_185709_37828221813_1_d821bc9479044132b0bd68121a5ce6af",NA,"2026-10-08",NA,NA,NA,"2026-10-08T18:58:58.240Z","https://www.nhl.com/news/nhl-lineup-projections-2026-27-season","2026-10-08",1,"no_game_today",FALSE,NA,NA,NA,NA,NA,NA,NA
20262027,20262027,26,"LAK",8475692,"Mats","Zuccarello","Mats Zuccarello","F","current_roster",TRUE,"2026-10-08T18:59:00.147Z","2026-10-08_185709_37828221813_1_d821bc9479044132b0bd68121a5ce6af",NA,"2026-10-08",NA,NA,NA,"2026-10-08T18:58:58.240Z","https://www.nhl.com/news/nhl-lineup-projections-2026-27-season","2026-10-08",1,"no_game_today",FALSE,NA,NA,NA,NA,NA,NA,NA
20262027,20262027,26,"LAK",8479998,"Mikey","Anderson","Mikey Anderson","D","current_roster",TRUE,"2026-10-08T18:59:00.150Z","2026-10-08_185709_37828221813_1_d821bc9479044132b0bd68121a5ce6af",NA,"2026-10-08",NA,NA,NA,"2026-10-08T18:58:58.240Z","https://www.nhl.com/news/nhl-lineup-projections-2026-27-season","2026-10-08",1,"no_game_today",FALSE,NA,NA,NA,NA,NA,NA,NA
20262027,20262027,26,"LAK",8476879,"Cody","Ceci","Cody Ceci","D","current_roster",TRUE,"2026-10-08T18:59:00.152Z","2026-10-08_185709_37828221813_1_d821bc9479044132b0bd68121a5ce6af",NA,"2026-10-08",NA,NA,NA,"2026-10-08T18:58:58.240Z","https://www.nhl.com/news/nhl-lineup-projections-2026-27-season","2026-10-08",1,"no_game_today",FALSE,NA,NA,NA,NA,NA,NA,NA
20262027,20262027,26,"LAK",8482730,"Brandt","Clarke","Brandt Clarke","D","current_roster",TRUE,"2026-10-08T18:59:00.154Z","2026-10-08_185709_37828221813_1_d821bc9479044132b0bd68121a5ce6af",NA,"2026-10-08",NA,NA,NA,"2026-10-08T18:58:58.240Z","https://www.nhl.com/news/nhl-lineup-projections-2026-27-season","2026-10-08",1,"no_game_today",FALSE,NA,NA,NA,NA,NA,NA,NA
20262027,20262027,26,"LAK",8474563,"Drew","Doughty","Drew Doughty","D","current_roster",TRUE,"2026-10-08T18:59:00.156Z","2026-10-08_185709_37828221813_1_d821bc9479044132b0bd68121a5ce6af",NA,"2026-10-08",NA,NA,NA,"2026-10-08T18:58:58.240Z","https://www.nhl.com/news/nhl-lineup-projections-2026-27-season","2026-10-08",1,"no_game_today",FALSE,NA,NA,NA,NA,NA,NA,NA
20262027,20262027,26,"LAK",8475208,"Brian","Dumoulin","Brian Dumoulin","D","current_roster",TRUE,"2026-10-08T18:59:00.158Z","2026-10-08_185709_37828221813_1_d821bc9479044132b0bd68121a5ce6af",NA,"2026-10-08",NA,NA,NA,"2026-10-08T18:58:58.240Z","https://www.nhl.com/news/nhl-lineup-projections-2026-27-season","2026-10-08",1,"no_game_today",FALSE,NA,NA,NA,NA,NA,NA,NA
20262027,20262027,26,"LAK",8476441,"Joel","Edmundson","Joel Edmundson","D","current_roster",TRUE,"2026-10-08T18:59:00.163Z","2026-10-08_185709_37828221813_1_d821bc9479044132b0bd68121a5ce6af",NA,"2026-10-08",NA,NA,NA,"2026-10-08T18:58:58.240Z","https://www.nhl.com/news/nhl-lineup-projections-2026-27-season","2026-10-08",1,"no_game_today",FALSE,NA,NA,NA,NA,NA,NA,NA
20262027,20262027,26,"LAK",8476979,"Erik","Gustafsson","Erik Gustafsson","D","current_roster",TRUE,"2026-10-08T18:59:00.165Z","2026-10-08_185709_37828221813_1_d821bc9479044132b0bd68121a5ce6af",NA,"2026-10-08",NA,NA,NA,"2026-10-08T18:58:58.240Z","https://www.nhl.com/news/nhl-lineup-projections-2026-27-season","2026-10-08",1,"no_game_today",FALSE,NA,NA,NA,NA,NA,NA,NA
20262027,20262027,26,"LAK",8476341,"Anton","Forsberg","Anton Forsberg","G","current_roster",TRUE,"2026-10-08T18:59:00.167Z","2026-10-08_185709_37828221813_1_d821bc9479044132b0bd68121a5ce6af",NA,"2026-10-08",NA,NA,NA,"2026-10-08T18:58:58.240Z","https://www.nhl.com/news/nhl-lineup-projections-2026-27-season","2026-10-08",1,"no_game_today",FALSE,NA,NA,NA,NA,NA,NA,NA
20262027,20262027,26,"LAK",8475311,"Darcy","Kuemper","Darcy Kuemper","G","current_roster",TRUE,"2026-10-08T18:59:00.170Z","2026-10-08_185709_37828221813_1_d821bc9479044132b0bd68121a5ce6af",NA,"2026-10-08",NA,NA,NA,"2026-10-08T18:58:58.240Z","https://www.nhl.com/news/nhl-lineup-projections-2026-27-season","2026-10-08",1,"no_game_today",FALSE,NA,NA,NA,NA,NA,NA,NA
20262027,20262027,59,"UTA",8484388,"Daniil","But","Daniil But","F","current_roster",TRUE,"2026-10-08T18:59:00.173Z","2026-10-08_185709_37828221813_1_d821bc9479044132b0bd68121a5ce6af",NA,"2026-10-08",NA,NA,NA,"2026-10-08T18:58:58.240Z","https://www.nhl.com/news/nhl-lineup-projections-2026-27-season","2026-10-08",1,"no_game_today",FALSE,NA,NA,NA,NA,NA,NA,NA
20262027,20262027,59,"UTA",8479619,"Michael","Carcone","Michael Carcone","F","current_roster",TRUE,"2026-10-08T18:59:00.175Z","2026-10-08_185709_37828221813_1_d821bc9479044132b0bd68121a5ce6af",NA,"2026-10-08",NA,NA,NA,"2026-10-08T18:58:58.240Z","https://www.nhl.com/news/nhl-lineup-projections-2026-27-season","2026-10-08",1,"no_game_today",FALSE,NA,NA,NA,NA,NA,NA,NA
20262027,20262027,59,"UTA",8483431,"Logan","Cooley","Logan Cooley","F","current_roster",TRUE,"2026-10-08T18:59:00.177Z","2026-10-08_185709_37828221813_1_d821bc9479044132b0bd68121a5ce6af",NA,"2026-10-08",NA,NA,NA,"2026-10-08T18:58:58.240Z","https://www.nhl.com/news/nhl-lineup-projections-2026-27-season","2026-10-08",1,"no_game_today",FALSE,NA,NA,NA,NA,NA,NA,NA
20262027,20262027,59,"UTA",8478474,"Lawson","Crouse","Lawson Crouse","F","current_roster",TRUE,"2026-10-08T18:59:00.179Z","2026-10-08_185709_37828221813_1_d821bc9479044132b0bd68121a5ce6af",NA,"2026-10-08",NA,NA,NA,"2026-10-08T18:58:58.240Z","https://www.nhl.com/news/nhl-lineup-projections-2026-27-season","2026-10-08",1,"no_game_today",FALSE,NA,NA,NA,NA,NA,NA,NA
20262027,20262027,59,"UTA",8482699,"Dylan","Guenther","Dylan Guenther","F","current_roster",TRUE,"2026-10-08T18:59:00.181Z","2026-10-08_185709_37828221813_1_d821bc9479044132b0bd68121a5ce6af",NA,"2026-10-08",NA,NA,NA,"2026-10-08T18:58:58.240Z","https://www.nhl.com/news/nhl-lineup-projections-2026-27-season","2026-10-08",1,"no_game_today",FALSE,NA,NA,NA,NA,NA,NA,NA
20262027,20262027,59,"UTA",8480849,"Barrett","Hayton","Barrett Hayton","F","current_roster",TRUE,"2026-10-08T18:59:00.183Z","2026-10-08_185709_37828221813_1_d821bc9479044132b0bd68121a5ce6af",NA,"2026-10-08",NA,NA,NA,"2026-10-08T18:58:58.240Z","https://www.nhl.com/news/nhl-lineup-projections-2026-27-season","2026-10-08",1,"no_game_today",FALSE,NA,NA,NA,NA,NA,NA,NA
20262027,20262027,59,"UTA",8479343,"Clayton","Keller","Clayton Keller","F","current_roster",TRUE,"2026-10-08T18:59:00.185Z","2026-10-08_185709_37828221813_1_d821bc9479044132b0bd68121a5ce6af",NA,"2026-10-08",NA,NA,NA,"2026-10-08T18:58:58.240Z","https://www.nhl.com/news/nhl-lineup-projections-2026-27-season","2026-10-08",1,"no_game_today",FALSE,NA,NA,NA,NA,NA,NA,NA
20262027,20262027,59,"UTA",8475314,"Anders","Lee","Anders Lee","F","current_roster",TRUE,"2026-10-08T18:59:00.187Z","2026-10-08_185709_37828221813_1_d821bc9479044132b0bd68121a5ce6af",NA,"2026-10-08",NA,NA,NA,"2026-10-08T18:58:58.240Z","https://www.nhl.com/news/nhl-lineup-projections-2026-27-season","2026-10-08",1,"no_game_today",FALSE,NA,NA,NA,NA,NA,NA,NA
20262027,20262027,59,"UTA",8480855,"Jack","McBain","Jack McBain","F","current_roster",TRUE,"2026-10-08T18:59:00.189Z","2026-10-08_185709_37828221813_1_d821bc9479044132b0bd68121a5ce6af",NA,"2026-10-08",NA,NA,NA,"2026-10-08T18:58:58.240Z","https://www.nhl.com/news/nhl-lineup-projections-2026-27-season","2026-10-08",1,"no_game_today",FALSE,NA,NA,NA,NA,NA,NA,NA
20262027,20262027,59,"UTA",8477070,"Liam","O'Brien","Liam O'Brien","F","current_roster",TRUE,"2026-10-08T18:59:00.191Z","2026-10-08_185709_37828221813_1_d821bc9479044132b0bd68121a5ce6af",NA,"2026-10-08",NA,NA,NA,"2026-10-08T18:58:58.240Z","https://www.nhl.com/news/nhl-lineup-projections-2026-27-season","2026-10-08",1,"no_game_today",FALSE,NA,NA,NA,NA,NA,NA,NA
20262027,20262027,59,"UTA",8477951,"Nick","Schmaltz","Nick Schmaltz","F","current_roster",TRUE,"2026-10-08T18:59:00.193Z","2026-10-08_185709_37828221813_1_d821bc9479044132b0bd68121a5ce6af",NA,"2026-10-08",NA,NA,NA,"2026-10-08T18:58:58.240Z","https://www.nhl.com/news/nhl-lineup-projections-2026-27-season","2026-10-08",1,"no_game_today",FALSE,NA,NA,NA,NA,NA,NA,NA
20262027,20262027,59,"UTA",8478831,"Kevin","Stenlund","Kevin Stenlund","F","current_roster",TRUE,"2026-10-08T18:59:00.195Z","2026-10-08_185709_37828221813_1_d821bc9479044132b0bd68121a5ce6af",NA,"2026-10-08",NA,NA,NA,"2026-10-08T18:58:58.240Z","https://www.nhl.com/news/nhl-lineup-projections-2026-27-season","2026-10-08",1,"no_game_today",FALSE,NA,NA,NA,NA,NA,NA,NA
20262027,20262027,59,"UTA",8476389,"Vincent","Trocheck","Vincent Trocheck","F","current_roster",TRUE,"2026-10-08T18:59:00.197Z","2026-10-08_185709_37828221813_1_d821bc9479044132b0bd68121a5ce6af",NA,"2026-10-08",NA,NA,NA,"2026-10-08T18:58:58.240Z","https://www.nhl.com/news/nhl-lineup-projections-2026-27-season","2026-10-08",1,"no_game_today",FALSE,NA,NA,NA,NA,NA,NA,NA
20262027,20262027,59,"UTA",8479977,"Kailer","Yamamoto","Kailer Yamamoto","F","current_roster",TRUE,"2026-10-08T18:59:00.199Z","2026-10-08_185709_37828221813_1_d821bc9479044132b0bd68121a5ce6af",NA,"2026-10-08",NA,NA,NA,"2026-10-08T18:58:58.240Z","https://www.nhl.com/news/nhl-lineup-projections-2026-27-season","2026-10-08",1,"no_game_today",FALSE,NA,NA,NA,NA,NA,NA,NA
20262027,20262027,59,"UTA",8480084,"Nick","DeSimone","Nick DeSimone","D","current_roster",TRUE,"2026-10-08T18:59:00.202Z","2026-10-08_185709_37828221813_1_d821bc9479044132b0bd68121a5ce6af",NA,"2026-10-08",NA,NA,NA,"2026-10-08T18:58:58.240Z","https://www.nhl.com/news/nhl-lineup-projections-2026-27-season","2026-10-08",1,"no_game_today",FALSE,NA,NA,NA,NA,NA,NA,NA
20262027,20262027,59,"UTA",8483472,"Maveric","Lamoureux","Maveric Lamoureux","D","current_roster",TRUE,"2026-10-08T18:59:00.204Z","2026-10-08_185709_37828221813_1_d821bc9479044132b0bd68121a5ce6af",NA,"2026-10-08",NA,NA,NA,"2026-10-08T18:58:58.240Z","https://www.nhl.com/news/nhl-lineup-projections-2026-27-season","2026-10-08",1,"no_game_today",FALSE,NA,NA,NA,NA,NA,NA,NA
20262027,20262027,59,"UTA",8478507,"John","Marino","John Marino","D","current_roster",TRUE,"2026-10-08T18:59:00.205Z","2026-10-08_185709_37828221813_1_d821bc9479044132b0bd68121a5ce6af",NA,"2026-10-08",NA,NA,NA,"2026-10-08T18:58:58.240Z","https://www.nhl.com/news/nhl-lineup-projections-2026-27-season","2026-10-08",1,"no_game_today",FALSE,NA,NA,NA,NA,NA,NA,NA
20262027,20262027,59,"UTA",8479369,"Andrew","Peeke","Andrew Peeke","D","current_roster",TRUE,"2026-10-08T18:59:00.207Z","2026-10-08_185709_37828221813_1_d821bc9479044132b0bd68121a5ce6af",NA,"2026-10-08",NA,NA,NA,"2026-10-08T18:58:58.240Z","https://www.nhl.com/news/nhl-lineup-projections-2026-27-season","2026-10-08",1,"no_game_today",FALSE,NA,NA,NA,NA,NA,NA,NA
20262027,20262027,59,"UTA",8477220,"Nate","Schmidt","Nate Schmidt","D","current_roster",TRUE,"2026-10-08T18:59:00.209Z","2026-10-08_185709_37828221813_1_d821bc9479044132b0bd68121a5ce6af",NA,"2026-10-08",NA,NA,NA,"2026-10-08T18:58:58.240Z","https://www.nhl.com/news/nhl-lineup-projections-2026-27-season","2026-10-08",1,"no_game_today",FALSE,NA,NA,NA,NA,NA,NA,NA
20262027,20262027,59,"UTA",8479410,"Mikhail","Sergachev","Mikhail Sergachev","D","current_roster",TRUE,"2026-10-08T18:59:00.211Z","2026-10-08_185709_37828221813_1_d821bc9479044132b0bd68121a5ce6af",NA,"2026-10-08",NA,NA,NA,"2026-10-08T18:58:58.240Z","https://www.nhl.com/news/nhl-lineup-projections-2026-27-season","2026-10-08",1,"no_game_today",FALSE,NA,NA,NA,NA,NA,NA,NA
20262027,20262027,59,"UTA",8484386,"Dmitri","Simashev","Dmitri Simashev","D","current_roster",TRUE,"2026-10-08T18:59:00.213Z","2026-10-08_185709_37828221813_1_d821bc9479044132b0bd68121a5ce6af",NA,"2026-10-08",NA,NA,NA,"2026-10-08T18:58:58.240Z","https://www.nhl.com/news/nhl-lineup-projections-2026-27-season","2026-10-08",1,"no_game_today",FALSE,NA,NA,NA,NA,NA,NA,NA
20262027,20262027,59,"UTA",8477346,"MacKenzie","Weegar","MacKenzie Weegar","D","current_roster",TRUE,"2026-10-08T18:59:00.215Z","2026-10-08_185709_37828221813_1_d821bc9479044132b0bd68121a5ce6af",NA,"2026-10-08",NA,NA,NA,"2026-10-08T18:58:58.240Z","https://www.nhl.com/news/nhl-lineup-projections-2026-27-season","2026-10-08",1,"no_game_today",FALSE,NA,NA,NA,NA,NA,NA,NA
20262027,20262027,59,"UTA",8482657,"Sebastian","Cossa","Sebastian Cossa","G","current_roster",TRUE,"2026-10-08T18:59:00.218Z","2026-10-08_185709_37828221813_1_d821bc9479044132b0bd68121a5ce6af",NA,"2026-10-08",NA,NA,NA,"2026-10-08T18:58:58.240Z","https://www.nhl.com/news/nhl-lineup-projections-2026-27-season","2026-10-08",1,"no_game_today",FALSE,NA,NA,NA,NA,NA,NA,NA
20262027,20262027,59,"UTA",8478872,"Karel","Vejmelka","Karel Vejmelka","G","current_roster",TRUE,"2026-10-08T18:59:00.220Z","2026-10-08_185709_37828221813_1_d821bc9479044132b0bd68121a5ce6af",NA,"2026-10-08",NA,NA,NA,"2026-10-08T18:58:58.240Z","https://www.nhl.com/news/nhl-lineup-projections-2026-27-season","2026-10-08",1,"no_game_today",FALSE,NA,NA,NA,NA,NA,NA,NA
20262027,20262027,22,"EDM",8482703,"Colton","Dach","Colton Dach","F","current_roster",TRUE,"2026-10-08T18:59:00.275Z","2026-10-08_185709_37828221813_1_d821bc9479044132b0bd68121a5ce6af",NA,"2026-10-08",NA,NA,NA,"2026-10-08T18:58:58.240Z","https://www.nhl.com/news/nhl-lineup-projections-2026-27-season","2026-10-08",1,"no_game_today",FALSE,NA,NA,NA,NA,NA,NA,NA
20262027,20262027,22,"EDM",8477450,"Jason","Dickinson","Jason Dickinson","F","current_roster",TRUE,"2026-10-08T18:59:00.277Z","2026-10-08_185709_37828221813_1_d821bc9479044132b0bd68121a5ce6af",NA,"2026-10-08",NA,NA,NA,"2026-10-08T18:58:58.240Z","https://www.nhl.com/news/nhl-lineup-projections-2026-27-season","2026-10-08",1,"no_game_today",FALSE,NA,NA,NA,NA,NA,NA,NA
20262027,20262027,22,"EDM",8477934,"Leon","Draisaitl","Leon Draisaitl","F","current_roster",TRUE,"2026-10-08T18:59:00.279Z","2026-10-08_185709_37828221813_1_d821bc9479044132b0bd68121a5ce6af",NA,"2026-10-08",NA,NA,NA,"2026-10-08T18:58:58.240Z","https://www.nhl.com/news/nhl-lineup-projections-2026-27-season","2026-10-08",1,"no_game_today",FALSE,NA,NA,NA,NA,NA,NA,NA
20262027,20262027,22,"EDM",8480029,"Alex","Formenton","Alex Formenton","F","current_roster",TRUE,"2026-10-08T18:59:00.281Z","2026-10-08_185709_37828221813_1_d821bc9479044132b0bd68121a5ce6af",NA,"2026-10-08",NA,NA,NA,"2026-10-08T18:58:58.240Z","https://www.nhl.com/news/nhl-lineup-projections-2026-27-season","2026-10-08",1,"no_game_today",FALSE,NA,NA,NA,NA,NA,NA,NA
20262027,20262027,22,"EDM",8479365,"Trent","Frederic","Trent Frederic","F","current_roster",TRUE,"2026-10-08T18:59:00.283Z","2026-10-08_185709_37828221813_1_d821bc9479044132b0bd68121a5ce6af",NA,"2026-10-08",NA,NA,NA,"2026-10-08T18:58:58.240Z","https://www.nhl.com/news/nhl-lineup-projections-2026-27-season","2026-10-08",1,"no_game_today",FALSE,NA,NA,NA,NA,NA,NA,NA
20262027,20262027,22,"EDM",8480842,"Filip","Hallander","Filip Hallander","F","current_roster",TRUE,"2026-10-08T18:59:00.285Z","2026-10-08_185709_37828221813_1_d821bc9479044132b0bd68121a5ce6af",NA,"2026-10-08",NA,NA,NA,"2026-10-08T18:58:58.240Z","https://www.nhl.com/news/nhl-lineup-projections-2026-27-season","2026-10-08",1,"no_game_today",FALSE,NA,NA,NA,NA,NA,NA,NA
20262027,20262027,22,"EDM",8483455,"Isaac","Howard","Isaac Howard","F","current_roster",TRUE,"2026-10-08T18:59:00.287Z","2026-10-08_185709_37828221813_1_d821bc9479044132b0bd68121a5ce6af",NA,"2026-10-08",NA,NA,NA,"2026-10-08T18:58:58.240Z","https://www.nhl.com/news/nhl-lineup-projections-2026-27-season","2026-10-08",1,"no_game_today",FALSE,NA,NA,NA,NA,NA,NA,NA
20262027,20262027,22,"EDM",8475786,"Zach","Hyman","Zach Hyman","F","current_roster",TRUE,"2026-10-08T18:59:00.292Z","2026-10-08_185709_37828221813_1_d821bc9479044132b0bd68121a5ce6af",NA,"2026-10-08",NA,NA,NA,"2026-10-08T18:58:58.240Z","https://www.nhl.com/news/nhl-lineup-projections-2026-27-season","2026-10-08",1,"no_game_today",FALSE,NA,NA,NA,NA,NA,NA,NA
20262027,20262027,22,"EDM",8477406,"Mattias","Janmark","Mattias Janmark","F","current_roster",TRUE,"2026-10-08T18:59:00.294Z","2026-10-08_185709_37828221813_1_d821bc9479044132b0bd68121a5ce6af",NA,"2026-10-08",NA,NA,NA,"2026-10-08T18:58:58.240Z","https://www.nhl.com/news/nhl-lineup-projections-2026-27-season","2026-10-08",1,"no_game_today",FALSE,NA,NA,NA,NA,NA,NA,NA
20262027,20262027,22,"EDM",8479368,"Max","Jones","Max Jones","F","current_roster",TRUE,"2026-10-08T18:59:00.296Z","2026-10-08_185709_37828221813_1_d821bc9479044132b0bd68121a5ce6af",NA,"2026-10-08",NA,NA,NA,"2026-10-08T18:58:58.240Z","https://www.nhl.com/news/nhl-lineup-projections-2026-27-season","2026-10-08",1,"no_game_today",FALSE,NA,NA,NA,NA,NA,NA,NA
20262027,20262027,22,"EDM",8478472,"Mathieu","Joseph","Mathieu Joseph","F","current_roster",TRUE,"2026-10-08T18:59:00.298Z","2026-10-08_185709_37828221813_1_d821bc9479044132b0bd68121a5ce6af",NA,"2026-10-08",NA,NA,NA,"2026-10-08T18:58:58.240Z","https://www.nhl.com/news/nhl-lineup-projections-2026-27-season","2026-10-08",1,"no_game_today",FALSE,NA,NA,NA,NA,NA,NA,NA
20262027,20262027,22,"EDM",8477953,"Kasperi","Kapanen","Kasperi Kapanen","F","current_roster",TRUE,"2026-10-08T18:59:00.300Z","2026-10-08_185709_37828221813_1_d821bc9479044132b0bd68121a5ce6af",NA,"2026-10-08",NA,NA,NA,"2026-10-08T18:58:58.240Z","https://www.nhl.com/news/nhl-lineup-projections-2026-27-season","2026-10-08",1,"no_game_today",FALSE,NA,NA,NA,NA,NA,NA,NA
20262027,20262027,22,"EDM",8478402,"Connor","McDavid","Connor McDavid","F","current_roster",TRUE,"2026-10-08T18:59:00.301Z","2026-10-08_185709_37828221813_1_d821bc9479044132b0bd68121a5ce6af",NA,"2026-10-08",NA,NA,NA,"2026-10-08T18:58:58.240Z","https://www.nhl.com/news/nhl-lineup-projections-2026-27-season","2026-10-08",1,"no_game_today",FALSE,NA,NA,NA,NA,NA,NA,NA
20262027,20262027,22,"EDM",8486161,"Owen","Michaels","Owen Michaels","F","current_roster",TRUE,"2026-10-08T18:59:00.303Z","2026-10-08_185709_37828221813_1_d821bc9479044132b0bd68121a5ce6af",NA,"2026-10-08",NA,NA,NA,"2026-10-08T18:58:58.240Z","https://www.nhl.com/news/nhl-lineup-projections-2026-27-season","2026-10-08",1,"no_game_today",FALSE,NA,NA,NA,NA,NA,NA,NA
20262027,20262027,22,"EDM",8476454,"Ryan","Nugent-Hopkins","Ryan Nugent-Hopkins","F","current_roster",TRUE,"2026-10-08T18:59:00.305Z","2026-10-08_185709_37828221813_1_d821bc9479044132b0bd68121a5ce6af",NA,"2026-10-08",NA,NA,NA,"2026-10-08T18:58:58.240Z","https://www.nhl.com/news/nhl-lineup-projections-2026-27-season","2026-10-08",1,"no_game_today",FALSE,NA,NA,NA,NA,NA,NA,NA
20262027,20262027,22,"EDM",8481617,"Vasily","Podkolzin","Vasily Podkolzin","F","current_roster",TRUE,"2026-10-08T18:59:00.307Z","2026-10-08_185709_37828221813_1_d821bc9479044132b0bd68121a5ce6af",NA,"2026-10-08",NA,NA,NA,"2026-10-08T18:58:58.240Z","https://www.nhl.com/news/nhl-lineup-projections-2026-27-season","2026-10-08",1,"no_game_today",FALSE,NA,NA,NA,NA,NA,NA,NA
20262027,20262027,22,"EDM",8484509,"Josh","Samanski","Josh Samanski","F","current_roster",TRUE,"2026-10-08T18:59:00.310Z","2026-10-08_185709_37828221813_1_d821bc9479044132b0bd68121a5ce6af",NA,"2026-10-08",NA,NA,NA,"2026-10-08T18:58:58.240Z","https://www.nhl.com/news/nhl-lineup-projections-2026-27-season","2026-10-08",1,"no_game_today",FALSE,NA,NA,NA,NA,NA,NA,NA
20262027,20262027,22,"EDM",8483512,"Matt","Savoie","Matt Savoie","F","current_roster",TRUE,"2026-10-08T18:59:00.311Z","2026-10-08_185709_37828221813_1_d821bc9479044132b0bd68121a5ce6af",NA,"2026-10-08",NA,NA,NA,"2026-10-08T18:58:58.240Z","https://www.nhl.com/news/nhl-lineup-projections-2026-27-season","2026-10-08",1,"no_game_today",FALSE,NA,NA,NA,NA,NA,NA,NA
20262027,20262027,22,"EDM",8480803,"Evan","Bouchard","Evan Bouchard","D","current_roster",TRUE,"2026-10-08T18:59:00.314Z","2026-10-08_185709_37828221813_1_d821bc9479044132b0bd68121a5ce6af",NA,"2026-10-08",NA,NA,NA,"2026-10-08T18:58:58.240Z","https://www.nhl.com/news/nhl-lineup-projections-2026-27-season","2026-10-08",1,"no_game_today",FALSE,NA,NA,NA,NA,NA,NA,NA
20262027,20262027,22,"EDM",8475218,"Mattias","Ekholm","Mattias Ekholm","D","current_roster",TRUE,"2026-10-08T18:59:00.316Z","2026-10-08_185709_37828221813_1_d821bc9479044132b0bd68121a5ce6af",NA,"2026-10-08",NA,NA,NA,"2026-10-08T18:58:58.240Z","https://www.nhl.com/news/nhl-lineup-projections-2026-27-season","2026-10-08",1,"no_game_today",FALSE,NA,NA,NA,NA,NA,NA,NA
20262027,20262027,22,"EDM",8480834,"Ty","Emberson","Ty Emberson","D","current_roster",TRUE,"2026-10-08T18:59:00.318Z","2026-10-08_185709_37828221813_1_d821bc9479044132b0bd68121a5ce6af",NA,"2026-10-08",NA,NA,NA,"2026-10-08T18:58:58.240Z","https://www.nhl.com/news/nhl-lineup-projections-2026-27-season","2026-10-08",1,"no_game_today",FALSE,NA,NA,NA,NA,NA,NA,NA
20262027,20262027,22,"EDM",8482166,"Shakir","Mukhamadullin","Shakir Mukhamadullin","D","current_roster",TRUE,"2026-10-08T18:59:00.320Z","2026-10-08_185709_37828221813_1_d821bc9479044132b0bd68121a5ce6af",NA,"2026-10-08",NA,NA,NA,"2026-10-08T18:58:58.240Z","https://www.nhl.com/news/nhl-lineup-projections-2026-27-season","2026-10-08",1,"no_game_today",FALSE,NA,NA,NA,NA,NA,NA,NA
20262027,20262027,22,"EDM",8476473,"Connor","Murphy","Connor Murphy","D","current_roster",TRUE,"2026-10-08T18:59:00.322Z","2026-10-08_185709_37828221813_1_d821bc9479044132b0bd68121a5ce6af",NA,"2026-10-08",NA,NA,NA,"2026-10-08T18:58:58.240Z","https://www.nhl.com/news/nhl-lineup-projections-2026-27-season","2026-10-08",1,"no_game_today",FALSE,NA,NA,NA,NA,NA,NA,NA
20262027,20262027,22,"EDM",8480831,"Alec","Regula","Alec Regula","D","current_roster",TRUE,"2026-10-08T18:59:00.324Z","2026-10-08_185709_37828221813_1_d821bc9479044132b0bd68121a5ce6af",NA,"2026-10-08",NA,NA,NA,"2026-10-08T18:58:58.240Z","https://www.nhl.com/news/nhl-lineup-projections-2026-27-season","2026-10-08",1,"no_game_today",FALSE,NA,NA,NA,NA,NA,NA,NA
20262027,20262027,22,"EDM",8478854,"Ryan","Shea","Ryan Shea","D","current_roster",TRUE,"2026-10-08T18:59:00.326Z","2026-10-08_185709_37828221813_1_d821bc9479044132b0bd68121a5ce6af",NA,"2026-10-08",NA,NA,NA,"2026-10-08T18:58:58.240Z","https://www.nhl.com/news/nhl-lineup-projections-2026-27-season","2026-10-08",1,"no_game_today",FALSE,NA,NA,NA,NA,NA,NA,NA
20262027,20262027,22,"EDM",8478013,"Jake","Walman","Jake Walman","D","current_roster",TRUE,"2026-10-08T18:59:00.328Z","2026-10-08_185709_37828221813_1_d821bc9479044132b0bd68121a5ce6af",NA,"2026-10-08",NA,NA,NA,"2026-10-08T18:58:58.240Z","https://www.nhl.com/news/nhl-lineup-projections-2026-27-season","2026-10-08",1,"no_game_today",FALSE,NA,NA,NA,NA,NA,NA,NA
20262027,20262027,22,"EDM",8475883,"Frederik","Andersen","Frederik Andersen","G","current_roster",TRUE,"2026-10-08T18:59:00.330Z","2026-10-08_185709_37828221813_1_d821bc9479044132b0bd68121a5ce6af",NA,"2026-10-08",NA,NA,NA,"2026-10-08T18:58:58.240Z","https://www.nhl.com/news/nhl-lineup-projections-2026-27-season","2026-10-08",1,"no_game_today",FALSE,NA,NA,NA,NA,NA,NA,NA
20262027,20262027,22,"EDM",8477465,"Tristan","Jarry","Tristan Jarry","G","current_roster",TRUE,"2026-10-08T18:59:00.332Z","2026-10-08_185709_37828221813_1_d821bc9479044132b0bd68121a5ce6af",NA,"2026-10-08",NA,NA,NA,"2026-10-08T18:58:58.240Z","https://www.nhl.com/news/nhl-lineup-projections-2026-27-season","2026-10-08",1,"no_game_today",FALSE,NA,NA,NA,NA,NA,NA,NA
20262027,20262027,22,"EDM",8482221,"Devon","Levi","Devon Levi","G","current_roster",TRUE,"2026-10-08T18:59:00.334Z","2026-10-08_185709_37828221813_1_d821bc9479044132b0bd68121a5ce6af",NA,"2026-10-08",NA,NA,NA,"2026-10-08T18:58:58.240Z","https://www.nhl.com/news/nhl-lineup-projections-2026-27-season","2026-10-08",1,"no_game_today",FALSE,NA,NA,NA,NA,NA,NA,NA
