"season","roster_season","teamId","team_abbrev","playerId","first_name","last_name","player_name","position","roster_source","is_current_roster","directory_observed_at","observation_id","game_id","game_date","startTimeUTC","gameState","opponent_label","retrieved_at","source_url","article_date","schema_version","projection_status","eligible_for_backtest","in_projected_lineup","forward_line","defense_pairs","goalie_role","scratched","injured","injury_detail"
20262027,20262027,68,"UTA",8484388,"Daniil","But","Daniil But","F","current_roster",TRUE,"2026-10-08T19:59:08.935Z","2026-10-08_195653_37835739986_1_ca01202e8937463db15cfdbde7e7456a",2026020056,"2026-10-08","2026-10-08T23:00:00Z","FUT","Bruins","2026-10-08T19:59:06.862Z","https://www.nhl.com/news/nhl-lineup-projections-2026-27-season","2026-10-08",1,"matched",TRUE,1,4,NA,NA,0,0,NA
20262027,20262027,68,"UTA",8479619,"Michael","Carcone","Michael Carcone","F","current_roster",TRUE,"2026-10-08T19:59:08.938Z","2026-10-08_195653_37835739986_1_ca01202e8937463db15cfdbde7e7456a",2026020056,"2026-10-08","2026-10-08T23:00:00Z","FUT","Bruins","2026-10-08T19:59:06.862Z","https://www.nhl.com/news/nhl-lineup-projections-2026-27-season","2026-10-08",1,"matched",TRUE,1,4,NA,NA,0,0,NA
20262027,20262027,68,"UTA",8483431,"Logan","Cooley","Logan Cooley","F","current_roster",TRUE,"2026-10-08T19:59:08.940Z","2026-10-08_195653_37835739986_1_ca01202e8937463db15cfdbde7e7456a",2026020056,"2026-10-08","2026-10-08T23:00:00Z","FUT","Bruins","2026-10-08T19:59:06.862Z","https://www.nhl.com/news/nhl-lineup-projections-2026-27-season","2026-10-08",1,"matched",TRUE,1,2,NA,NA,0,0,NA
20262027,20262027,68,"UTA",8478474,"Lawson","Crouse","Lawson Crouse","F","current_roster",TRUE,"2026-10-08T19:59:08.943Z","2026-10-08_195653_37835739986_1_ca01202e8937463db15cfdbde7e7456a",2026020056,"2026-10-08","2026-10-08T23:00:00Z","FUT","Bruins","2026-10-08T19:59:06.862Z","https://www.nhl.com/news/nhl-lineup-projections-2026-27-season","2026-10-08",1,"matched",TRUE,1,3,NA,NA,0,0,NA
20262027,20262027,68,"UTA",8482699,"Dylan","Guenther","Dylan Guenther","F","current_roster",TRUE,"2026-10-08T19:59:08.946Z","2026-10-08_195653_37835739986_1_ca01202e8937463db15cfdbde7e7456a",2026020056,"2026-10-08","2026-10-08T23:00:00Z","FUT","Bruins","2026-10-08T19:59:06.862Z","https://www.nhl.com/news/nhl-lineup-projections-2026-27-season","2026-10-08",1,"matched",TRUE,1,2,NA,NA,0,0,NA
20262027,20262027,68,"UTA",8480849,"Barrett","Hayton","Barrett Hayton","F","current_roster",TRUE,"2026-10-08T19:59:08.948Z","2026-10-08_195653_37835739986_1_ca01202e8937463db15cfdbde7e7456a",2026020056,"2026-10-08","2026-10-08T23:00:00Z","FUT","Bruins","2026-10-08T19:59:06.862Z","https://www.nhl.com/news/nhl-lineup-projections-2026-27-season","2026-10-08",1,"matched",TRUE,1,3,NA,NA,0,0,NA
20262027,20262027,68,"UTA",8479343,"Clayton","Keller","Clayton Keller","F","current_roster",TRUE,"2026-10-08T19:59:08.950Z","2026-10-08_195653_37835739986_1_ca01202e8937463db15cfdbde7e7456a",2026020056,"2026-10-08","2026-10-08T23:00:00Z","FUT","Bruins","2026-10-08T19:59:06.862Z","https://www.nhl.com/news/nhl-lineup-projections-2026-27-season","2026-10-08",1,"matched",TRUE,1,1,NA,NA,0,0,NA
20262027,20262027,68,"UTA",8475314,"Anders","Lee","Anders Lee","F","current_roster",TRUE,"2026-10-08T19:59:08.952Z","2026-10-08_195653_37835739986_1_ca01202e8937463db15cfdbde7e7456a",2026020056,"2026-10-08","2026-10-08T23:00:00Z","FUT","Bruins","2026-10-08T19:59:06.862Z","https://www.nhl.com/news/nhl-lineup-projections-2026-27-season","2026-10-08",1,"matched",TRUE,1,2,NA,NA,0,0,NA
20262027,20262027,68,"UTA",8480855,"Jack","McBain","Jack McBain","F","current_roster",TRUE,"2026-10-08T19:59:08.954Z","2026-10-08_195653_37835739986_1_ca01202e8937463db15cfdbde7e7456a",2026020056,"2026-10-08","2026-10-08T23:00:00Z","FUT","Bruins","2026-10-08T19:59:06.862Z","https://www.nhl.com/news/nhl-lineup-projections-2026-27-season","2026-10-08",1,"matched",TRUE,1,3,NA,NA,0,0,NA
20262027,20262027,68,"UTA",8477070,"Liam","O'Brien","Liam O'Brien","F","current_roster",TRUE,"2026-10-08T19:59:08.956Z","2026-10-08_195653_37835739986_1_ca01202e8937463db15cfdbde7e7456a",2026020056,"2026-10-08","2026-10-08T23:00:00Z","FUT","Bruins","2026-10-08T19:59:06.862Z","https://www.nhl.com/news/nhl-lineup-projections-2026-27-season","2026-10-08",1,"matched",TRUE,0,NA,NA,NA,1,0,NA
20262027,20262027,68,"UTA",8477951,"Nick","Schmaltz","Nick Schmaltz","F","current_roster",TRUE,"2026-10-08T19:59:08.958Z","2026-10-08_195653_37835739986_1_ca01202e8937463db15cfdbde7e7456a",2026020056,"2026-10-08","2026-10-08T23:00:00Z","FUT","Bruins","2026-10-08T19:59:06.862Z","https://www.nhl.com/news/nhl-lineup-projections-2026-27-season","2026-10-08",1,"matched",TRUE,1,1,NA,NA,0,0,NA
20262027,20262027,68,"UTA",8478831,"Kevin","Stenlund","Kevin Stenlund","F","current_roster",TRUE,"2026-10-08T19:59:08.960Z","2026-10-08_195653_37835739986_1_ca01202e8937463db15cfdbde7e7456a",2026020056,"2026-10-08","2026-10-08T23:00:00Z","FUT","Bruins","2026-10-08T19:59:06.862Z","https://www.nhl.com/news/nhl-lineup-projections-2026-27-season","2026-10-08",1,"matched",TRUE,1,4,NA,NA,0,0,NA
20262027,20262027,68,"UTA",8476389,"Vincent","Trocheck","Vincent Trocheck","F","current_roster",TRUE,"2026-10-08T19:59:08.962Z","2026-10-08_195653_37835739986_1_ca01202e8937463db15cfdbde7e7456a",2026020056,"2026-10-08","2026-10-08T23:00:00Z","FUT","Bruins","2026-10-08T19:59:06.862Z","https://www.nhl.com/news/nhl-lineup-projections-2026-27-season","2026-10-08",1,"matched",TRUE,1,1,NA,NA,0,0,NA
20262027,20262027,68,"UTA",8479977,"Kailer","Yamamoto","Kailer Yamamoto","F","current_roster",TRUE,"2026-10-08T19:59:08.964Z","2026-10-08_195653_37835739986_1_ca01202e8937463db15cfdbde7e7456a",2026020056,"2026-10-08","2026-10-08T23:00:00Z","FUT","Bruins","2026-10-08T19:59:06.862Z","https://www.nhl.com/news/nhl-lineup-projections-2026-27-season","2026-10-08",1,"matched",TRUE,0,NA,NA,NA,1,0,NA
20262027,20262027,68,"UTA",8480084,"Nick","DeSimone","Nick DeSimone","D","current_roster",TRUE,"2026-10-08T19:59:08.966Z","2026-10-08_195653_37835739986_1_ca01202e8937463db15cfdbde7e7456a",2026020056,"2026-10-08","2026-10-08T23:00:00Z","FUT","Bruins","2026-10-08T19:59:06.862Z","https://www.nhl.com/news/nhl-lineup-projections-2026-27-season","2026-10-08",1,"matched",TRUE,0,NA,NA,NA,1,0,NA
20262027,20262027,68,"UTA",8483472,"Maveric","Lamoureux","Maveric Lamoureux","D","current_roster",TRUE,"2026-10-08T19:59:08.972Z","2026-10-08_195653_37835739986_1_ca01202e8937463db15cfdbde7e7456a",2026020056,"2026-10-08","2026-10-08T23:00:00Z","FUT","Bruins","2026-10-08T19:59:06.862Z","https://www.nhl.com/news/nhl-lineup-projections-2026-27-season","2026-10-08",1,"matched",TRUE,0,NA,NA,NA,0,1,"shoulder"
20262027,20262027,68,"UTA",8478507,"John","Marino","John Marino","D","current_roster",TRUE,"2026-10-08T19:59:08.974Z","2026-10-08_195653_37835739986_1_ca01202e8937463db15cfdbde7e7456a",2026020056,"2026-10-08","2026-10-08T23:00:00Z","FUT","Bruins","2026-10-08T19:59:06.862Z","https://www.nhl.com/news/nhl-lineup-projections-2026-27-season","2026-10-08",1,"matched",TRUE,1,NA,2,NA,0,0,NA
20262027,20262027,68,"UTA",8479369,"Andrew","Peeke","Andrew Peeke","D","current_roster",TRUE,"2026-10-08T19:59:08.976Z","2026-10-08_195653_37835739986_1_ca01202e8937463db15cfdbde7e7456a",2026020056,"2026-10-08","2026-10-08T23:00:00Z","FUT","Bruins","2026-10-08T19:59:06.862Z","https://www.nhl.com/news/nhl-lineup-projections-2026-27-season","2026-10-08",1,"matched",TRUE,1,NA,3,NA,0,0,NA
20262027,20262027,68,"UTA",8477220,"Nate","Schmidt","Nate Schmidt","D","current_roster",TRUE,"2026-10-08T19:59:08.978Z","2026-10-08_195653_37835739986_1_ca01202e8937463db15cfdbde7e7456a",2026020056,"2026-10-08","2026-10-08T23:00:00Z","FUT","Bruins","2026-10-08T19:59:06.862Z","https://www.nhl.com/news/nhl-lineup-projections-2026-27-season","2026-10-08",1,"matched",TRUE,1,NA,2,NA,0,0,NA
20262027,20262027,68,"UTA",8479410,"Mikhail","Sergachev","Mikhail Sergachev","D","current_roster",TRUE,"2026-10-08T19:59:08.980Z","2026-10-08_195653_37835739986_1_ca01202e8937463db15cfdbde7e7456a",2026020056,"2026-10-08","2026-10-08T23:00:00Z","FUT","Bruins","2026-10-08T19:59:06.862Z","https://www.nhl.com/news/nhl-lineup-projections-2026-27-season","2026-10-08",1,"matched",TRUE,1,NA,1,NA,0,0,NA
20262027,20262027,68,"UTA",8484386,"Dmitri","Simashev","Dmitri Simashev","D","current_roster",TRUE,"2026-10-08T19:59:08.982Z","2026-10-08_195653_37835739986_1_ca01202e8937463db15cfdbde7e7456a",2026020056,"2026-10-08","2026-10-08T23:00:00Z","FUT","Bruins","2026-10-08T19:59:06.862Z","https://www.nhl.com/news/nhl-lineup-projections-2026-27-season","2026-10-08",1,"matched",TRUE,1,NA,3,NA,0,0,NA
20262027,20262027,68,"UTA",8477346,"MacKenzie","Weegar","MacKenzie Weegar","D","current_roster",TRUE,"2026-10-08T19:59:08.984Z","2026-10-08_195653_37835739986_1_ca01202e8937463db15cfdbde7e7456a",2026020056,"2026-10-08","2026-10-08T23:00:00Z","FUT","Bruins","2026-10-08T19:59:06.862Z","https://www.nhl.com/news/nhl-lineup-projections-2026-27-season","2026-10-08",1,"matched",TRUE,1,NA,1,NA,0,0,NA
20262027,20262027,68,"UTA",8482657,"Sebastian","Cossa","Sebastian Cossa","G","current_roster",TRUE,"2026-10-08T19:59:08.986Z","2026-10-08_195653_37835739986_1_ca01202e8937463db15cfdbde7e7456a",2026020056,"2026-10-08","2026-10-08T23:00:00Z","FUT","Bruins","2026-10-08T19:59:06.862Z","https://www.nhl.com/news/nhl-lineup-projections-2026-27-season","2026-10-08",1,"matched",TRUE,1,NA,NA,"starter",0,0,NA
20262027,20262027,68,"UTA",8478872,"Karel","Vejmelka","Karel Vejmelka","G","current_roster",TRUE,"2026-10-08T19:59:08.988Z","2026-10-08_195653_37835739986_1_ca01202e8937463db15cfdbde7e7456a",2026020056,"2026-10-08","2026-10-08T23:00:00Z","FUT","Bruins","2026-10-08T19:59:06.862Z","https://www.nhl.com/news/nhl-lineup-projections-2026-27-season","2026-10-08",1,"matched",TRUE,1,NA,NA,"backup",0,0,NA
20262027,20262027,25,"DAL",8473994,"Jamie","Benn","Jamie Benn","F","current_roster",TRUE,"2026-10-08T19:59:08.257Z","2026-10-08_195653_37835739986_1_ca01202e8937463db15cfdbde7e7456a",2026020057,"2026-10-08","2026-10-08T23:00:00Z","FUT","Sabres","2026-10-08T19:59:06.862Z","https://www.nhl.com/news/nhl-lineup-projections-2026-27-season","2026-10-08",1,"matched",TRUE,1,1,NA,NA,0,0,NA
20262027,20262027,25,"DAL",8476278,"Colin","Blackwell","Colin Blackwell","F","current_roster",TRUE,"2026-10-08T19:59:08.259Z","2026-10-08_195653_37835739986_1_ca01202e8937463db15cfdbde7e7456a",2026020057,"2026-10-08","2026-10-08T23:00:00Z","FUT","Sabres","2026-10-08T19:59:06.862Z","https://www.nhl.com/news/nhl-lineup-projections-2026-27-season","2026-10-08",1,"matched",TRUE,1,4,NA,NA,0,0,NA
20262027,20262027,25,"DAL",8480840,"Oskar","Bäck","Oskar Bäck","F","current_roster",TRUE,"2026-10-08T19:59:08.261Z","2026-10-08_195653_37835739986_1_ca01202e8937463db15cfdbde7e7456a",2026020057,"2026-10-08","2026-10-08T23:00:00Z","FUT","Sabres","2026-10-08T19:59:06.862Z","https://www.nhl.com/news/nhl-lineup-projections-2026-27-season","2026-10-08",1,"matched",TRUE,1,4,NA,NA,0,0,NA
20262027,20262027,25,"DAL",8475168,"Matt","Duchene","Matt Duchene","F","current_roster",TRUE,"2026-10-08T19:59:08.263Z","2026-10-08_195653_37835739986_1_ca01202e8937463db15cfdbde7e7456a",2026020057,"2026-10-08","2026-10-08T23:00:00Z","FUT","Sabres","2026-10-08T19:59:06.862Z","https://www.nhl.com/news/nhl-lineup-projections-2026-27-season","2026-10-08",1,"matched",TRUE,0,NA,NA,NA,0,1,"lower body"
20262027,20262027,25,"DAL",8476889,"Radek","Faksa","Radek Faksa","F","current_roster",TRUE,"2026-10-08T19:59:08.265Z","2026-10-08_195653_37835739986_1_ca01202e8937463db15cfdbde7e7456a",2026020057,"2026-10-08","2026-10-08T23:00:00Z","FUT","Sabres","2026-10-08T19:59:06.862Z","https://www.nhl.com/news/nhl-lineup-projections-2026-27-season","2026-10-08",1,"matched",TRUE,1,4,NA,NA,0,0,NA
20262027,20262027,25,"DAL",8478449,"Roope","Hintz","Roope Hintz","F","current_roster",TRUE,"2026-10-08T19:59:08.267Z","2026-10-08_195653_37835739986_1_ca01202e8937463db15cfdbde7e7456a",2026020057,"2026-10-08","2026-10-08T23:00:00Z","FUT","Sabres","2026-10-08T19:59:06.862Z","https://www.nhl.com/news/nhl-lineup-projections-2026-27-season","2026-10-08",1,"matched",TRUE,1,1,NA,NA,0,0,NA
20262027,20262027,25,"DAL",8484829,"Justin","Hryckowian","Justin Hryckowian","F","current_roster",TRUE,"2026-10-08T19:59:08.269Z","2026-10-08_195653_37835739986_1_ca01202e8937463db15cfdbde7e7456a",2026020057,"2026-10-08","2026-10-08T23:00:00Z","FUT","Sabres","2026-10-08T19:59:06.862Z","https://www.nhl.com/news/nhl-lineup-projections-2026-27-season","2026-10-08",1,"matched",TRUE,1,3,NA,NA,0,0,NA
20262027,20262027,25,"DAL",8484938,"Arttu","Hyry","Arttu Hyry","F","current_roster",TRUE,"2026-10-08T19:59:08.271Z","2026-10-08_195653_37835739986_1_ca01202e8937463db15cfdbde7e7456a",2026020057,"2026-10-08","2026-10-08T23:00:00Z","FUT","Sabres","2026-10-08T19:59:06.862Z","https://www.nhl.com/news/nhl-lineup-projections-2026-27-season","2026-10-08",1,"matched",TRUE,1,3,NA,NA,0,0,NA
20262027,20262027,25,"DAL",8482740,"Wyatt","Johnston","Wyatt Johnston","F","current_roster",TRUE,"2026-10-08T19:59:08.273Z","2026-10-08_195653_37835739986_1_ca01202e8937463db15cfdbde7e7456a",2026020057,"2026-10-08","2026-10-08T23:00:00Z","FUT","Sabres","2026-10-08T19:59:06.862Z","https://www.nhl.com/news/nhl-lineup-projections-2026-27-season","2026-10-08",1,"matched",TRUE,1,2,NA,NA,0,0,NA
20262027,20262027,25,"DAL",8481641,"Joel","Kiviranta","Joel Kiviranta","F","current_roster",TRUE,"2026-10-08T19:59:08.275Z","2026-10-08_195653_37835739986_1_ca01202e8937463db15cfdbde7e7456a",2026020057,"2026-10-08","2026-10-08T23:00:00Z","FUT","Sabres","2026-10-08T19:59:06.862Z","https://www.nhl.com/news/nhl-lineup-projections-2026-27-season","2026-10-08",1,"matched",TRUE,0,NA,NA,NA,0,1,"lower body"
20262027,20262027,25,"DAL",8478420,"Mikko","Rantanen","Mikko Rantanen","F","current_roster",TRUE,"2026-10-08T19:59:08.277Z","2026-10-08_195653_37835739986_1_ca01202e8937463db15cfdbde7e7456a",2026020057,"2026-10-08","2026-10-08T23:00:00Z","FUT","Sabres","2026-10-08T19:59:06.862Z","https://www.nhl.com/news/nhl-lineup-projections-2026-27-season","2026-10-08",1,"matched",TRUE,1,2,NA,NA,0,0,NA
20262027,20262027,25,"DAL",8480027,"Jason","Robertson","Jason Robertson","F","current_roster",TRUE,"2026-10-08T19:59:08.279Z","2026-10-08_195653_37835739986_1_ca01202e8937463db15cfdbde7e7456a",2026020057,"2026-10-08","2026-10-08T23:00:00Z","FUT","Sabres","2026-10-08T19:59:06.862Z","https://www.nhl.com/news/nhl-lineup-projections-2026-27-season","2026-10-08",1,"matched",TRUE,1,1,NA,NA,0,0,NA
20262027,20262027,25,"DAL",8475794,"Tyler","Seguin","Tyler Seguin","F","current_roster",TRUE,"2026-10-08T19:59:08.283Z","2026-10-08_195653_37835739986_1_ca01202e8937463db15cfdbde7e7456a",2026020057,"2026-10-08","2026-10-08T23:00:00Z","FUT","Sabres","2026-10-08T19:59:06.862Z","https://www.nhl.com/news/nhl-lineup-projections-2026-27-season","2026-10-08",1,"matched",TRUE,1,3,NA,NA,0,0,NA
20262027,20262027,25,"DAL",8479351,"Sam","Steel","Sam Steel","F","current_roster",TRUE,"2026-10-08T19:59:08.285Z","2026-10-08_195653_37835739986_1_ca01202e8937463db15cfdbde7e7456a",2026020057,"2026-10-08","2026-10-08T23:00:00Z","FUT","Sabres","2026-10-08T19:59:06.862Z","https://www.nhl.com/news/nhl-lineup-projections-2026-27-season","2026-10-08",1,"matched",TRUE,1,2,NA,NA,0,0,NA
20262027,20262027,25,"DAL",8483425,"Lian","Bichsel","Lian Bichsel","D","current_roster",TRUE,"2026-10-08T19:59:08.287Z","2026-10-08_195653_37835739986_1_ca01202e8937463db15cfdbde7e7456a",2026020057,"2026-10-08","2026-10-08T23:00:00Z","FUT","Sabres","2026-10-08T19:59:06.862Z","https://www.nhl.com/news/nhl-lineup-projections-2026-27-season","2026-10-08",1,"matched",TRUE,1,NA,3,NA,0,0,NA
20262027,20262027,25,"DAL",8477335,"Kyle","Burroughs","Kyle Burroughs","D","current_roster",TRUE,"2026-10-08T19:59:08.289Z","2026-10-08_195653_37835739986_1_ca01202e8937463db15cfdbde7e7456a",2026020057,"2026-10-08","2026-10-08T23:00:00Z","FUT","Sabres","2026-10-08T19:59:06.862Z","https://www.nhl.com/news/nhl-lineup-projections-2026-27-season","2026-10-08",1,"matched",TRUE,0,NA,NA,NA,0,0,NA
20262027,20262027,25,"DAL",8478476,"Kyle","Capobianco","Kyle Capobianco","D","current_roster",TRUE,"2026-10-08T19:59:08.291Z","2026-10-08_195653_37835739986_1_ca01202e8937463db15cfdbde7e7456a",2026020057,"2026-10-08","2026-10-08T23:00:00Z","FUT","Sabres","2026-10-08T19:59:06.862Z","https://www.nhl.com/news/nhl-lineup-projections-2026-27-season","2026-10-08",1,"matched",TRUE,0,NA,NA,NA,1,0,NA
20262027,20262027,25,"DAL",8481581,"Thomas","Harley","Thomas Harley","D","current_roster",TRUE,"2026-10-08T19:59:08.293Z","2026-10-08_195653_37835739986_1_ca01202e8937463db15cfdbde7e7456a",2026020057,"2026-10-08","2026-10-08T23:00:00Z","FUT","Sabres","2026-10-08T19:59:06.862Z","https://www.nhl.com/news/nhl-lineup-projections-2026-27-season","2026-10-08",1,"matched",TRUE,1,NA,2,NA,0,0,NA
20262027,20262027,25,"DAL",8480036,"Miro","Heiskanen","Miro Heiskanen","D","current_roster",TRUE,"2026-10-08T19:59:08.295Z","2026-10-08_195653_37835739986_1_ca01202e8937463db15cfdbde7e7456a",2026020057,"2026-10-08","2026-10-08T23:00:00Z","FUT","Sabres","2026-10-08T19:59:06.862Z","https://www.nhl.com/news/nhl-lineup-projections-2026-27-season","2026-10-08",1,"matched",TRUE,1,NA,1,NA,0,0,NA
20262027,20262027,25,"DAL",8476902,"Esa","Lindell","Esa Lindell","D","current_roster",TRUE,"2026-10-08T19:59:08.297Z","2026-10-08_195653_37835739986_1_ca01202e8937463db15cfdbde7e7456a",2026020057,"2026-10-08","2026-10-08T23:00:00Z","FUT","Sabres","2026-10-08T19:59:06.862Z","https://www.nhl.com/news/nhl-lineup-projections-2026-27-season","2026-10-08",1,"matched",TRUE,1,NA,1,NA,0,0,NA
20262027,20262027,25,"DAL",8480878,"Nils","Lundkvist","Nils Lundkvist","D","current_roster",TRUE,"2026-10-08T19:59:08.299Z","2026-10-08_195653_37835739986_1_ca01202e8937463db15cfdbde7e7456a",2026020057,"2026-10-08","2026-10-08T23:00:00Z","FUT","Sabres","2026-10-08T19:59:06.862Z","https://www.nhl.com/news/nhl-lineup-projections-2026-27-season","2026-10-08",1,"matched",TRUE,1,NA,2,NA,0,0,NA
20262027,20262027,25,"DAL",8474574,"Tyler","Myers","Tyler Myers","D","current_roster",TRUE,"2026-10-08T19:59:08.301Z","2026-10-08_195653_37835739986_1_ca01202e8937463db15cfdbde7e7456a",2026020057,"2026-10-08","2026-10-08T23:00:00Z","FUT","Sabres","2026-10-08T19:59:06.862Z","https://www.nhl.com/news/nhl-lineup-projections-2026-27-season","2026-10-08",1,"matched",TRUE,1,NA,3,NA,0,0,NA
20262027,20262027,25,"DAL",8479193,"Casey","DeSmith","Casey DeSmith","G","current_roster",TRUE,"2026-10-08T19:59:08.303Z","2026-10-08_195653_37835739986_1_ca01202e8937463db15cfdbde7e7456a",2026020057,"2026-10-08","2026-10-08T23:00:00Z","FUT","Sabres","2026-10-08T19:59:06.862Z","https://www.nhl.com/news/nhl-lineup-projections-2026-27-season","2026-10-08",1,"matched",TRUE,1,NA,NA,"backup",0,0,NA
20262027,20262027,25,"DAL",8479979,"Jake","Oettinger","Jake Oettinger","G","current_roster",TRUE,"2026-10-08T19:59:08.305Z","2026-10-08_195653_37835739986_1_ca01202e8937463db15cfdbde7e7456a",2026020057,"2026-10-08","2026-10-08T23:00:00Z","FUT","Sabres","2026-10-08T19:59:06.862Z","https://www.nhl.com/news/nhl-lineup-projections-2026-27-season","2026-10-08",1,"matched",TRUE,1,NA,NA,"starter",0,0,NA
20262027,20262027,7,"BUF",8484145,"Zach","Benson","Zach Benson","F","current_roster",TRUE,"2026-10-08T19:59:07.349Z","2026-10-08_195653_37835739986_1_ca01202e8937463db15cfdbde7e7456a",2026020057,"2026-10-08","2026-10-08T23:00:00Z","FUT","Stars","2026-10-08T19:59:06.862Z","https://www.nhl.com/news/nhl-lineup-projections-2026-27-season","2026-10-08",1,"matched",TRUE,1,2,NA,NA,0,NA,NA
20262027,20262027,7,"BUF",8475842,"Sam","Carrick","Sam Carrick","F","current_roster",TRUE,"2026-10-08T19:59:07.351Z","2026-10-08_195653_37835739986_1_ca01202e8937463db15cfdbde7e7456a",2026020057,"2026-10-08","2026-10-08T23:00:00Z","FUT","Stars","2026-10-08T19:59:06.862Z","https://www.nhl.com/news/nhl-lineup-projections-2026-27-season","2026-10-08",1,"matched",TRUE,0,NA,NA,NA,1,NA,NA
20262027,20262027,7,"BUF",8479941,"Justin","Danforth","Justin Danforth","F","current_roster",TRUE,"2026-10-08T19:59:07.353Z","2026-10-08_195653_37835739986_1_ca01202e8937463db15cfdbde7e7456a",2026020057,"2026-10-08","2026-10-08T23:00:00Z","FUT","Stars","2026-10-08T19:59:06.862Z","https://www.nhl.com/news/nhl-lineup-projections-2026-27-season","2026-10-08",1,"matched",TRUE,1,4,NA,NA,0,NA,NA
20262027,20262027,7,"BUF",8482659,"Josh","Doan","Josh Doan","F","current_roster",TRUE,"2026-10-08T19:59:07.355Z","2026-10-08_195653_37835739986_1_ca01202e8937463db15cfdbde7e7456a",2026020057,"2026-10-08","2026-10-08T23:00:00Z","FUT","Stars","2026-10-08T19:59:06.862Z","https://www.nhl.com/news/nhl-lineup-projections-2026-27-season","2026-10-08",1,"matched",TRUE,1,3,NA,NA,0,NA,NA
20262027,20262027,7,"BUF",8484797,"Konsta","Helenius","Konsta Helenius","F","current_roster",TRUE,"2026-10-08T19:59:07.357Z","2026-10-08_195653_37835739986_1_ca01202e8937463db15cfdbde7e7456a",2026020057,"2026-10-08","2026-10-08T23:00:00Z","FUT","Stars","2026-10-08T19:59:06.862Z","https://www.nhl.com/news/nhl-lineup-projections-2026-27-season","2026-10-08",1,"matched",TRUE,1,3,NA,NA,0,NA,NA
20262027,20262027,7,"BUF",8482896,"Tyson","Kozak","Tyson Kozak","F","current_roster",TRUE,"2026-10-08T19:59:07.359Z","2026-10-08_195653_37835739986_1_ca01202e8937463db15cfdbde7e7456a",2026020057,"2026-10-08","2026-10-08T23:00:00Z","FUT","Stars","2026-10-08T19:59:06.862Z","https://www.nhl.com/news/nhl-lineup-projections-2026-27-season","2026-10-08",1,"matched",TRUE,0,NA,NA,NA,1,NA,NA
20262027,20262027,7,"BUF",8481522,"Peyton","Krebs","Peyton Krebs","F","current_roster",TRUE,"2026-10-08T19:59:07.361Z","2026-10-08_195653_37835739986_1_ca01202e8937463db15cfdbde7e7456a",2026020057,"2026-10-08","2026-10-08T23:00:00Z","FUT","Stars","2026-10-08T19:59:06.862Z","https://www.nhl.com/news/nhl-lineup-projections-2026-27-season","2026-10-08",1,"matched",TRUE,1,1,NA,NA,0,NA,NA
20262027,20262027,7,"BUF",8483468,"Jiri","Kulich","Jiri Kulich","F","current_roster",TRUE,"2026-10-08T19:59:07.363Z","2026-10-08_195653_37835739986_1_ca01202e8937463db15cfdbde7e7456a",2026020057,"2026-10-08","2026-10-08T23:00:00Z","FUT","Stars","2026-10-08T19:59:06.862Z","https://www.nhl.com/news/nhl-lineup-projections-2026-27-season","2026-10-08",1,"matched",TRUE,1,1,NA,NA,0,NA,NA
20262027,20262027,7,"BUF",8479359,"Beck","Malenstyn","Beck Malenstyn","F","current_roster",TRUE,"2026-10-08T19:59:07.365Z","2026-10-08_195653_37835739986_1_ca01202e8937463db15cfdbde7e7456a",2026020057,"2026-10-08","2026-10-08T23:00:00Z","FUT","Stars","2026-10-08T19:59:06.862Z","https://www.nhl.com/news/nhl-lineup-projections-2026-27-season","2026-10-08",1,"matched",TRUE,1,4,NA,NA,0,NA,NA
20262027,20262027,7,"BUF",8480802,"Ryan","McLeod","Ryan McLeod","F","current_roster",TRUE,"2026-10-08T19:59:07.367Z","2026-10-08_195653_37835739986_1_ca01202e8937463db15cfdbde7e7456a",2026020057,"2026-10-08","2026-10-08T23:00:00Z","FUT","Stars","2026-10-08T19:59:06.862Z","https://www.nhl.com/news/nhl-lineup-projections-2026-27-season","2026-10-08",1,"matched",TRUE,1,4,NA,NA,0,NA,NA
20262027,20262027,7,"BUF",8480064,"Josh","Norris","Josh Norris","F","current_roster",TRUE,"2026-10-08T19:59:07.369Z","2026-10-08_195653_37835739986_1_ca01202e8937463db15cfdbde7e7456a",2026020057,"2026-10-08","2026-10-08T23:00:00Z","FUT","Stars","2026-10-08T19:59:06.862Z","https://www.nhl.com/news/nhl-lineup-projections-2026-27-season","2026-10-08",1,"matched",TRUE,1,3,NA,NA,0,NA,NA
20262027,20262027,7,"BUF",8483500,"Noah","Ostlund","Noah Ostlund","F","current_roster",TRUE,"2026-10-08T19:59:07.371Z","2026-10-08_195653_37835739986_1_ca01202e8937463db15cfdbde7e7456a",2026020057,"2026-10-08","2026-10-08T23:00:00Z","FUT","Stars","2026-10-08T19:59:06.862Z","https://www.nhl.com/news/nhl-lineup-projections-2026-27-season","2026-10-08",1,"matched",TRUE,1,2,NA,NA,0,NA,NA
20262027,20262027,7,"BUF",8482097,"Jack","Quinn","Jack Quinn","F","current_roster",TRUE,"2026-10-08T19:59:07.373Z","2026-10-08_195653_37835739986_1_ca01202e8937463db15cfdbde7e7456a",2026020057,"2026-10-08","2026-10-08T23:00:00Z","FUT","Stars","2026-10-08T19:59:06.862Z","https://www.nhl.com/news/nhl-lineup-projections-2026-27-season","2026-10-08",1,"matched",TRUE,1,2,NA,NA,0,NA,NA
20262027,20262027,7,"BUF",8479420,"Tage","Thompson","Tage Thompson","F","current_roster",TRUE,"2026-10-08T19:59:07.375Z","2026-10-08_195653_37835739986_1_ca01202e8937463db15cfdbde7e7456a",2026020057,"2026-10-08","2026-10-08T23:00:00Z","FUT","Stars","2026-10-08T19:59:06.862Z","https://www.nhl.com/news/nhl-lineup-projections-2026-27-season","2026-10-08",1,"matched",TRUE,1,1,NA,NA,0,NA,NA
20262027,20262027,7,"BUF",8481806,"Louis","Crevier","Louis Crevier","D","current_roster",TRUE,"2026-10-08T19:59:07.377Z","2026-10-08_195653_37835739986_1_ca01202e8937463db15cfdbde7e7456a",2026020057,"2026-10-08","2026-10-08T23:00:00Z","FUT","Stars","2026-10-08T19:59:06.862Z","https://www.nhl.com/news/nhl-lineup-projections-2026-27-season","2026-10-08",1,"matched",TRUE,1,NA,3,NA,0,NA,NA
20262027,20262027,7,"BUF",8480839,"Rasmus","Dahlin","Rasmus Dahlin","D","current_roster",TRUE,"2026-10-08T19:59:07.379Z","2026-10-08_195653_37835739986_1_ca01202e8937463db15cfdbde7e7456a",2026020057,"2026-10-08","2026-10-08T23:00:00Z","FUT","Stars","2026-10-08T19:59:06.862Z","https://www.nhl.com/news/nhl-lineup-projections-2026-27-season","2026-10-08",1,"matched",TRUE,1,NA,1,NA,0,NA,NA
20262027,20262027,7,"BUF",8476891,"Matt","Grzelcyk","Matt Grzelcyk","D","current_roster",TRUE,"2026-10-08T19:59:07.381Z","2026-10-08_195653_37835739986_1_ca01202e8937463db15cfdbde7e7456a",2026020057,"2026-10-08","2026-10-08T23:00:00Z","FUT","Stars","2026-10-08T19:59:06.862Z","https://www.nhl.com/news/nhl-lineup-projections-2026-27-season","2026-10-08",1,"matched",TRUE,0,NA,NA,NA,1,NA,NA
20262027,20262027,7,"BUF",8484305,"Zach","Metsa","Zach Metsa","D","current_roster",TRUE,"2026-10-08T19:59:07.385Z","2026-10-08_195653_37835739986_1_ca01202e8937463db15cfdbde7e7456a",2026020057,"2026-10-08","2026-10-08T23:00:00Z","FUT","Stars","2026-10-08T19:59:06.862Z","https://www.nhl.com/news/nhl-lineup-projections-2026-27-season","2026-10-08",1,"matched",TRUE,1,NA,3,NA,0,NA,NA
20262027,20262027,7,"BUF",8482671,"Owen","Power","Owen Power","D","current_roster",TRUE,"2026-10-08T19:59:07.387Z","2026-10-08_195653_37835739986_1_ca01202e8937463db15cfdbde7e7456a",2026020057,"2026-10-08","2026-10-08T23:00:00Z","FUT","Stars","2026-10-08T19:59:06.862Z","https://www.nhl.com/news/nhl-lineup-projections-2026-27-season","2026-10-08",1,"matched",TRUE,1,NA,2,NA,0,NA,NA
20262027,20262027,7,"BUF",8480807,"Mattias","Samuelsson","Mattias Samuelsson","D","current_roster",TRUE,"2026-10-08T19:59:07.389Z","2026-10-08_195653_37835739986_1_ca01202e8937463db15cfdbde7e7456a",2026020057,"2026-10-08","2026-10-08T23:00:00Z","FUT","Stars","2026-10-08T19:59:06.862Z","https://www.nhl.com/news/nhl-lineup-projections-2026-27-season","2026-10-08",1,"matched",TRUE,1,NA,1,NA,0,NA,NA
20262027,20262027,7,"BUF",8479982,"Conor","Timmins","Conor Timmins","D","current_roster",TRUE,"2026-10-08T19:59:07.391Z","2026-10-08_195653_37835739986_1_ca01202e8937463db15cfdbde7e7456a",2026020057,"2026-10-08","2026-10-08T23:00:00Z","FUT","Stars","2026-10-08T19:59:06.862Z","https://www.nhl.com/news/nhl-lineup-projections-2026-27-season","2026-10-08",1,"matched",TRUE,0,NA,NA,NA,0,NA,"lower body"
20262027,20262027,7,"BUF",8482803,"Olen","Zellweger","Olen Zellweger","D","current_roster",TRUE,"2026-10-08T19:59:07.393Z","2026-10-08_195653_37835739986_1_ca01202e8937463db15cfdbde7e7456a",2026020057,"2026-10-08","2026-10-08T23:00:00Z","FUT","Stars","2026-10-08T19:59:06.862Z","https://www.nhl.com/news/nhl-lineup-projections-2026-27-season","2026-10-08",1,"matched",TRUE,1,NA,2,NA,0,NA,NA
20262027,20262027,7,"BUF",8481551,"Colten","Ellis","Colten Ellis","G","current_roster",TRUE,"2026-10-08T19:59:07.395Z","2026-10-08_195653_37835739986_1_ca01202e8937463db15cfdbde7e7456a",2026020057,"2026-10-08","2026-10-08T23:00:00Z","FUT","Stars","2026-10-08T19:59:06.862Z","https://www.nhl.com/news/nhl-lineup-projections-2026-27-season","2026-10-08",1,"matched",TRUE,1,NA,NA,"backup",0,NA,NA
20262027,20262027,7,"BUF",8480045,"Ukko-Pekka","Luukkonen","Ukko-Pekka Luukkonen","G","current_roster",TRUE,"2026-10-08T19:59:07.397Z","2026-10-08_195653_37835739986_1_ca01202e8937463db15cfdbde7e7456a",2026020057,"2026-10-08","2026-10-08T23:00:00Z","FUT","Stars","2026-10-08T19:59:06.862Z","https://www.nhl.com/news/nhl-lineup-projections-2026-27-season","2026-10-08",1,"matched",TRUE,1,NA,NA,"starter",0,NA,NA
20262027,20262027,7,"BUF",8479312,"Alex","Lyon","Alex Lyon","G","current_roster",TRUE,"2026-10-08T19:59:07.399Z","2026-10-08_195653_37835739986_1_ca01202e8937463db15cfdbde7e7456a",2026020057,"2026-10-08","2026-10-08T23:00:00Z","FUT","Stars","2026-10-08T19:59:06.862Z","https://www.nhl.com/news/nhl-lineup-projections-2026-27-season","2026-10-08",1,"matched",TRUE,0,NA,NA,NA,0,NA,"upper body"
20262027,20262027,18,"NSH",8482145,"Mavrik","Bourque","Mavrik Bourque","F","current_roster",TRUE,"2026-10-08T19:59:07.599Z","2026-10-08_195653_37835739986_1_ca01202e8937463db15cfdbde7e7456a",2026020058,"2026-10-08","2026-10-08T23:00:00Z","FUT","Canadiens","2026-10-08T19:59:06.862Z","https://www.nhl.com/news/nhl-lineup-projections-2026-27-season","2026-10-08",1,"matched",TRUE,1,3,NA,NA,0,0,NA
20262027,20262027,18,"NSH",8479525,"Ross","Colton","Ross Colton","F","current_roster",TRUE,"2026-10-08T19:59:07.601Z","2026-10-08_195653_37835739986_1_ca01202e8937463db15cfdbde7e7456a",2026020058,"2026-10-08","2026-10-08T23:00:00Z","FUT","Canadiens","2026-10-08T19:59:06.862Z","https://www.nhl.com/news/nhl-lineup-projections-2026-27-season","2026-10-08",1,"matched",TRUE,1,3,NA,NA,0,0,NA
20262027,20262027,18,"NSH",8480835,"Jack","Drury","Jack Drury","F","current_roster",TRUE,"2026-10-08T19:59:07.603Z","2026-10-08_195653_37835739986_1_ca01202e8937463db15cfdbde7e7456a",2026020058,"2026-10-08","2026-10-08T23:00:00Z","FUT","Canadiens","2026-10-08T19:59:06.862Z","https://www.nhl.com/news/nhl-lineup-projections-2026-27-season","2026-10-08",1,"matched",TRUE,1,4,NA,NA,0,0,NA
20262027,20262027,18,"NSH",8481726,"Adam","Edstrom","Adam Edstrom","F","current_roster",TRUE,"2026-10-08T19:59:07.605Z","2026-10-08_195653_37835739986_1_ca01202e8937463db15cfdbde7e7456a",2026020058,"2026-10-08","2026-10-08T23:00:00Z","FUT","Canadiens","2026-10-08T19:59:06.862Z","https://www.nhl.com/news/nhl-lineup-projections-2026-27-season","2026-10-08",1,"matched",TRUE,1,4,NA,NA,0,0,NA
20262027,20262027,18,"NSH",8476887,"Filip","Forsberg","Filip Forsberg","F","current_roster",TRUE,"2026-10-08T19:59:07.607Z","2026-10-08_195653_37835739986_1_ca01202e8937463db15cfdbde7e7456a",2026020058,"2026-10-08","2026-10-08T23:00:00Z","FUT","Canadiens","2026-10-08T19:59:06.862Z","https://www.nhl.com/news/nhl-lineup-projections-2026-27-season","2026-10-08",1,"matched",TRUE,1,2,NA,NA,0,0,NA
20262027,20262027,18,"NSH",8481535,"Nils","Hoglander","Nils Hoglander","F","current_roster",TRUE,"2026-10-08T19:59:07.609Z","2026-10-08_195653_37835739986_1_ca01202e8937463db15cfdbde7e7456a",2026020058,"2026-10-08","2026-10-08T23:00:00Z","FUT","Canadiens","2026-10-08T19:59:06.862Z","https://www.nhl.com/news/nhl-lineup-projections-2026-27-season","2026-10-08",1,"matched",TRUE,1,2,NA,NA,0,0,NA
20262027,20262027,18,"NSH",8477021,"Alexander","Kerfoot","Alexander Kerfoot","F","current_roster",TRUE,"2026-10-08T19:59:07.611Z","2026-10-08_195653_37835739986_1_ca01202e8937463db15cfdbde7e7456a",2026020058,"2026-10-08","2026-10-08T23:00:00Z","FUT","Canadiens","2026-10-08T19:59:06.862Z","https://www.nhl.com/news/nhl-lineup-projections-2026-27-season","2026-10-08",1,"matched",TRUE,1,1,NA,NA,0,0,NA
20262027,20262027,18,"NSH",8476539,"Jonathan","Marchessault","Jonathan Marchessault","F","current_roster",TRUE,"2026-10-08T19:59:07.613Z","2026-10-08_195653_37835739986_1_ca01202e8937463db15cfdbde7e7456a",2026020058,"2026-10-08","2026-10-08T23:00:00Z","FUT","Canadiens","2026-10-08T19:59:06.862Z","https://www.nhl.com/news/nhl-lineup-projections-2026-27-season","2026-10-08",1,"matched",TRUE,1,3,NA,NA,0,0,NA
20262027,20262027,18,"NSH",8475158,"Ryan","O'Reilly","Ryan O'Reilly","F","current_roster",TRUE,"2026-10-08T19:59:07.615Z","2026-10-08_195653_37835739986_1_ca01202e8937463db15cfdbde7e7456a",2026020058,"2026-10-08","2026-10-08T23:00:00Z","FUT","Canadiens","2026-10-08T19:59:06.862Z","https://www.nhl.com/news/nhl-lineup-projections-2026-27-season","2026-10-08",1,"matched",TRUE,1,1,NA,NA,0,0,NA
20262027,20262027,18,"NSH",8486189,"Vitali","Pinchuk","Vitali Pinchuk","F","current_roster",TRUE,"2026-10-08T19:59:07.617Z","2026-10-08_195653_37835739986_1_ca01202e8937463db15cfdbde7e7456a",2026020058,"2026-10-08","2026-10-08T23:00:00Z","FUT","Canadiens","2026-10-08T19:59:06.862Z","https://www.nhl.com/news/nhl-lineup-projections-2026-27-season","2026-10-08",1,"matched",TRUE,0,NA,NA,NA,1,0,NA
20262027,20262027,18,"NSH",8483513,"Reid","Schaefer","Reid Schaefer","F","current_roster",TRUE,"2026-10-08T19:59:07.619Z","2026-10-08_195653_37835739986_1_ca01202e8937463db15cfdbde7e7456a",2026020058,"2026-10-08","2026-10-08T23:00:00Z","FUT","Canadiens","2026-10-08T19:59:06.862Z","https://www.nhl.com/news/nhl-lineup-projections-2026-27-season","2026-10-08",1,"matched",TRUE,0,NA,NA,NA,1,0,NA
20262027,20262027,18,"NSH",8474564,"Steven","Stamkos","Steven Stamkos","F","current_roster",TRUE,"2026-10-08T19:59:07.621Z","2026-10-08_195653_37835739986_1_ca01202e8937463db15cfdbde7e7456a",2026020058,"2026-10-08","2026-10-08T23:00:00Z","FUT","Canadiens","2026-10-08T19:59:06.862Z","https://www.nhl.com/news/nhl-lineup-projections-2026-27-season","2026-10-08",1,"matched",TRUE,1,1,NA,NA,0,0,NA
20262027,20262027,18,"NSH",8484241,"Matthew","Wood","Matthew Wood","F","current_roster",TRUE,"2026-10-08T19:59:07.623Z","2026-10-08_195653_37835739986_1_ca01202e8937463db15cfdbde7e7456a",2026020058,"2026-10-08","2026-10-08T23:00:00Z","FUT","Canadiens","2026-10-08T19:59:06.862Z","https://www.nhl.com/news/nhl-lineup-projections-2026-27-season","2026-10-08",1,"matched",TRUE,1,2,NA,NA,0,0,NA
20262027,20262027,18,"NSH",8482072,"Jack","Ahcan","Jack Ahcan","D","current_roster",TRUE,"2026-10-08T19:59:07.627Z","2026-10-08_195653_37835739986_1_ca01202e8937463db15cfdbde7e7456a",2026020058,"2026-10-08","2026-10-08T23:00:00Z","FUT","Canadiens","2026-10-08T19:59:06.862Z","https://www.nhl.com/news/nhl-lineup-projections-2026-27-season","2026-10-08",1,"matched",TRUE,1,NA,4,NA,0,0,NA
20262027,20262027,18,"NSH",8479980,"Nicolas","Hague","Nicolas Hague","D","current_roster",TRUE,"2026-10-08T19:59:07.630Z","2026-10-08_195653_37835739986_1_ca01202e8937463db15cfdbde7e7456a",2026020058,"2026-10-08","2026-10-08T23:00:00Z","FUT","Canadiens","2026-10-08T19:59:06.862Z","https://www.nhl.com/news/nhl-lineup-projections-2026-27-season","2026-10-08",1,"matched",TRUE,1,NA,1,NA,0,0,NA
20262027,20262027,18,"NSH",8474600,"Roman","Josi","Roman Josi","D","current_roster",TRUE,"2026-10-08T19:59:07.632Z","2026-10-08_195653_37835739986_1_ca01202e8937463db15cfdbde7e7456a",2026020058,"2026-10-08","2026-10-08T23:00:00Z","FUT","Canadiens","2026-10-08T19:59:06.862Z","https://www.nhl.com/news/nhl-lineup-projections-2026-27-season","2026-10-08",1,"matched",TRUE,1,NA,1,NA,0,0,NA
20262027,20262027,18,"NSH",8480950,"Ilya","Lyubushkin","Ilya Lyubushkin","D","current_roster",TRUE,"2026-10-08T19:59:07.634Z","2026-10-08_195653_37835739986_1_ca01202e8937463db15cfdbde7e7456a",2026020058,"2026-10-08","2026-10-08T23:00:00Z","FUT","Canadiens","2026-10-08T19:59:06.862Z","https://www.nhl.com/news/nhl-lineup-projections-2026-27-season","2026-10-08",1,"matched",TRUE,0,NA,NA,NA,1,0,NA
20262027,20262027,18,"NSH",8480246,"Nick","Perbix","Nick Perbix","D","current_roster",TRUE,"2026-10-08T19:59:07.635Z","2026-10-08_195653_37835739986_1_ca01202e8937463db15cfdbde7e7456a",2026020058,"2026-10-08","2026-10-08T23:00:00Z","FUT","Canadiens","2026-10-08T19:59:06.862Z","https://www.nhl.com/news/nhl-lineup-projections-2026-27-season","2026-10-08",1,"matched",TRUE,1,NA,2,NA,0,0,NA
20262027,20262027,18,"NSH",8476869,"Brady","Skjei","Brady Skjei","D","current_roster",TRUE,"2026-10-08T19:59:07.637Z","2026-10-08_195653_37835739986_1_ca01202e8937463db15cfdbde7e7456a",2026020058,"2026-10-08","2026-10-08T23:00:00Z","FUT","Canadiens","2026-10-08T19:59:06.862Z","https://www.nhl.com/news/nhl-lineup-projections-2026-27-season","2026-10-08",1,"matched",TRUE,1,NA,2,NA,0,0,NA
20262027,20262027,18,"NSH",8482806,"William","Trudeau","William Trudeau","D","current_roster",TRUE,"2026-10-08T19:59:07.640Z","2026-10-08_195653_37835739986_1_ca01202e8937463db15cfdbde7e7456a",2026020058,"2026-10-08","2026-10-08T23:00:00Z","FUT","Canadiens","2026-10-08T19:59:06.862Z","https://www.nhl.com/news/nhl-lineup-projections-2026-27-season","2026-10-08",1,"matched",TRUE,1,NA,3,NA,0,0,NA
20262027,20262027,18,"NSH",8482482,"Adam","Wilsby","Adam Wilsby","D","current_roster",TRUE,"2026-10-08T19:59:07.642Z","2026-10-08_195653_37835739986_1_ca01202e8937463db15cfdbde7e7456a",2026020058,"2026-10-08","2026-10-08T23:00:00Z","FUT","Canadiens","2026-10-08T19:59:06.862Z","https://www.nhl.com/news/nhl-lineup-projections-2026-27-season","2026-10-08",1,"matched",TRUE,1,NA,3,NA,0,0,NA
20262027,20262027,18,"NSH",8481020,"Justus","Annunen","Justus Annunen","G","current_roster",TRUE,"2026-10-08T19:59:07.644Z","2026-10-08_195653_37835739986_1_ca01202e8937463db15cfdbde7e7456a",2026020058,"2026-10-08","2026-10-08T23:00:00Z","FUT","Canadiens","2026-10-08T19:59:06.862Z","https://www.nhl.com/news/nhl-lineup-projections-2026-27-season","2026-10-08",1,"matched",TRUE,0,NA,NA,NA,0,1,"undisclosed"
20262027,20262027,18,"NSH",8483575,"Matt","Murray","Matt Murray","G","current_roster",TRUE,"2026-10-08T19:59:07.646Z","2026-10-08_195653_37835739986_1_ca01202e8937463db15cfdbde7e7456a",2026020058,"2026-10-08","2026-10-08T23:00:00Z","FUT","Canadiens","2026-10-08T19:59:06.862Z","https://www.nhl.com/news/nhl-lineup-projections-2026-27-season","2026-10-08",1,"matched",TRUE,1,NA,NA,"backup",0,0,NA
20262027,20262027,18,"NSH",8477424,"Juuse","Saros","Juuse Saros","G","current_roster",TRUE,"2026-10-08T19:59:07.648Z","2026-10-08_195653_37835739986_1_ca01202e8937463db15cfdbde7e7456a",2026020058,"2026-10-08","2026-10-08T23:00:00Z","FUT","Canadiens","2026-10-08T19:59:06.862Z","https://www.nhl.com/news/nhl-lineup-projections-2026-27-season","2026-10-08",1,"matched",TRUE,1,NA,NA,"starter",0,0,NA
20262027,20262027,8,"MTL",8476981,"Josh","Anderson","Josh Anderson","F","current_roster",TRUE,"2026-10-08T19:59:07.298Z","2026-10-08_195653_37835739986_1_ca01202e8937463db15cfdbde7e7456a",2026020058,"2026-10-08","2026-10-08T23:00:00Z","FUT","Predators","2026-10-08T19:59:06.862Z","https://www.nhl.com/news/nhl-lineup-projections-2026-27-season","2026-10-08",1,"matched",TRUE,1,4,NA,NA,0,NA,NA
20262027,20262027,8,"MTL",8482737,"Zachary","Bolduc","Zachary Bolduc","F","current_roster",TRUE,"2026-10-08T19:59:07.300Z","2026-10-08_195653_37835739986_1_ca01202e8937463db15cfdbde7e7456a",2026020058,"2026-10-08","2026-10-08T23:00:00Z","FUT","Predators","2026-10-08T19:59:06.862Z","https://www.nhl.com/news/nhl-lineup-projections-2026-27-season","2026-10-08",1,"matched",TRUE,1,3,NA,NA,0,NA,NA
20262027,20262027,8,"MTL",8481540,"Cole","Caufield","Cole Caufield","F","current_roster",TRUE,"2026-10-08T19:59:07.302Z","2026-10-08_195653_37835739986_1_ca01202e8937463db15cfdbde7e7456a",2026020058,"2026-10-08","2026-10-08T23:00:00Z","FUT","Predators","2026-10-08T19:59:06.862Z","https://www.nhl.com/news/nhl-lineup-projections-2026-27-season","2026-10-08",1,"matched",TRUE,1,1,NA,NA,0,NA,NA
20262027,20262027,8,"MTL",8481523,"Kirby","Dach","Kirby Dach","F","current_roster",TRUE,"2026-10-08T19:59:07.304Z","2026-10-08_195653_37835739986_1_ca01202e8937463db15cfdbde7e7456a",2026020058,"2026-10-08","2026-10-08T23:00:00Z","FUT","Predators","2026-10-08T19:59:06.862Z","https://www.nhl.com/news/nhl-lineup-projections-2026-27-season","2026-10-08",1,"matched",TRUE,1,2,NA,NA,0,NA,NA
20262027,20262027,8,"MTL",8476479,"Phillip","Danault","Phillip Danault","F","current_roster",TRUE,"2026-10-08T19:59:07.306Z","2026-10-08_195653_37835739986_1_ca01202e8937463db15cfdbde7e7456a",2026020058,"2026-10-08","2026-10-08T23:00:00Z","FUT","Predators","2026-10-08T19:59:06.862Z","https://www.nhl.com/news/nhl-lineup-projections-2026-27-season","2026-10-08",1,"matched",TRUE,1,3,NA,NA,0,NA,NA
20262027,20262027,8,"MTL",8484984,"Ivan","Demidov","Ivan Demidov","F","current_roster",TRUE,"2026-10-08T19:59:07.308Z","2026-10-08_195653_37835739986_1_ca01202e8937463db15cfdbde7e7456a",2026020058,"2026-10-08","2026-10-08T23:00:00Z","FUT","Predators","2026-10-08T19:59:06.862Z","https://www.nhl.com/news/nhl-lineup-projections-2026-27-season","2026-10-08",1,"matched",TRUE,0,NA,NA,NA,0,NA,"lower body"
20262027,20262027,8,"MTL",8478133,"Jake","Evans","Jake Evans","F","current_roster",TRUE,"2026-10-08T19:59:07.310Z","2026-10-08_195653_37835739986_1_ca01202e8937463db15cfdbde7e7456a",2026020058,"2026-10-08","2026-10-08T23:00:00Z","FUT","Predators","2026-10-08T19:59:06.862Z","https://www.nhl.com/news/nhl-lineup-projections-2026-27-season","2026-10-08",1,"matched",TRUE,1,4,NA,NA,0,NA,NA
20262027,20262027,8,"MTL",8482775,"Oliver","Kapanen","Oliver Kapanen","F","current_roster",TRUE,"2026-10-08T19:59:07.312Z","2026-10-08_195653_37835739986_1_ca01202e8937463db15cfdbde7e7456a",2026020058,"2026-10-08","2026-10-08T23:00:00Z","FUT","Predators","2026-10-08T19:59:06.862Z","https://www.nhl.com/news/nhl-lineup-projections-2026-27-season","2026-10-08",1,"matched",TRUE,0,NA,NA,NA,0,NA,"lower body"
20262027,20262027,8,"MTL",8475184,"Chris","Kreider","Chris Kreider","F","current_roster",TRUE,"2026-10-08T19:59:07.314Z","2026-10-08_195653_37835739986_1_ca01202e8937463db15cfdbde7e7456a",2026020058,"2026-10-08","2026-10-08T23:00:00Z","FUT","Predators","2026-10-08T19:59:06.862Z","https://www.nhl.com/news/nhl-lineup-projections-2026-27-season","2026-10-08",1,"matched",TRUE,1,1,NA,NA,0,NA,NA
20262027,20262027,8,"MTL",8481618,"Alex","Newhook","Alex Newhook","F","current_roster",TRUE,"2026-10-08T19:59:07.315Z","2026-10-08_195653_37835739986_1_ca01202e8937463db15cfdbde7e7456a",2026020058,"2026-10-08","2026-10-08T23:00:00Z","FUT","Predators","2026-10-08T19:59:06.862Z","https://www.nhl.com/news/nhl-lineup-projections-2026-27-season","2026-10-08",1,"matched",TRUE,1,2,NA,NA,0,NA,NA
20262027,20262027,8,"MTL",8483515,"Juraj","Slafkovský","Juraj Slafkovský","F","current_roster",TRUE,"2026-10-08T19:59:07.317Z","2026-10-08_195653_37835739986_1_ca01202e8937463db15cfdbde7e7456a",2026020058,"2026-10-08","2026-10-08T23:00:00Z","FUT","Predators","2026-10-08T19:59:06.862Z","https://www.nhl.com/news/nhl-lineup-projections-2026-27-season","2026-10-08",1,"matched",TRUE,1,2,NA,NA,0,NA,NA
20262027,20262027,8,"MTL",8480018,"Nick","Suzuki","Nick Suzuki","F","current_roster",TRUE,"2026-10-08T19:59:07.319Z","2026-10-08_195653_37835739986_1_ca01202e8937463db15cfdbde7e7456a",2026020058,"2026-10-08","2026-10-08T23:00:00Z","FUT","Predators","2026-10-08T19:59:06.862Z","https://www.nhl.com/news/nhl-lineup-projections-2026-27-season","2026-10-08",1,"matched",TRUE,1,1,NA,NA,0,NA,NA
20262027,20262027,8,"MTL",8480074,"Alexandre","Texier","Alexandre Texier","F","current_roster",TRUE,"2026-10-08T19:59:07.324Z","2026-10-08_195653_37835739986_1_ca01202e8937463db15cfdbde7e7456a",2026020058,"2026-10-08","2026-10-08T23:00:00Z","FUT","Predators","2026-10-08T19:59:06.862Z","https://www.nhl.com/news/nhl-lineup-projections-2026-27-season","2026-10-08",1,"matched",TRUE,1,3,NA,NA,0,NA,NA
20262027,20262027,8,"MTL",8484403,"Florian","Xhekaj","Florian Xhekaj","F","current_roster",TRUE,"2026-10-08T19:59:07.326Z","2026-10-08_195653_37835739986_1_ca01202e8937463db15cfdbde7e7456a",2026020058,"2026-10-08","2026-10-08T23:00:00Z","FUT","Predators","2026-10-08T19:59:06.862Z","https://www.nhl.com/news/nhl-lineup-projections-2026-27-season","2026-10-08",1,"matched",TRUE,1,4,NA,NA,0,NA,NA
20262027,20262027,8,"MTL",8478851,"Alexandre","Carrier","Alexandre Carrier","D","current_roster",TRUE,"2026-10-08T19:59:07.329Z","2026-10-08_195653_37835739986_1_ca01202e8937463db15cfdbde7e7456a",2026020058,"2026-10-08","2026-10-08T23:00:00Z","FUT","Predators","2026-10-08T19:59:06.862Z","https://www.nhl.com/news/nhl-lineup-projections-2026-27-season","2026-10-08",1,"matched",TRUE,1,NA,2,NA,0,NA,NA
20262027,20262027,8,"MTL",8480865,"Noah","Dobson","Noah Dobson","D","current_roster",TRUE,"2026-10-08T19:59:07.331Z","2026-10-08_195653_37835739986_1_ca01202e8937463db15cfdbde7e7456a",2026020058,"2026-10-08","2026-10-08T23:00:00Z","FUT","Predators","2026-10-08T19:59:06.862Z","https://www.nhl.com/news/nhl-lineup-projections-2026-27-season","2026-10-08",1,"matched",TRUE,1,NA,1,NA,0,NA,NA
20262027,20262027,8,"MTL",8483686,"Adam","Engstrom","Adam Engstrom","D","current_roster",TRUE,"2026-10-08T19:59:07.333Z","2026-10-08_195653_37835739986_1_ca01202e8937463db15cfdbde7e7456a",2026020058,"2026-10-08","2026-10-08T23:00:00Z","FUT","Predators","2026-10-08T19:59:06.862Z","https://www.nhl.com/news/nhl-lineup-projections-2026-27-season","2026-10-08",1,"matched",TRUE,1,NA,3,NA,0,NA,NA
20262027,20262027,8,"MTL",8483457,"Lane","Hutson","Lane Hutson","D","current_roster",TRUE,"2026-10-08T19:59:07.335Z","2026-10-08_195653_37835739986_1_ca01202e8937463db15cfdbde7e7456a",2026020058,"2026-10-08","2026-10-08T23:00:00Z","FUT","Predators","2026-10-08T19:59:06.862Z","https://www.nhl.com/news/nhl-lineup-projections-2026-27-season","2026-10-08",1,"matched",TRUE,1,NA,2,NA,0,NA,NA
20262027,20262027,8,"MTL",8476875,"Mike","Matheson","Mike Matheson","D","current_roster",TRUE,"2026-10-08T19:59:07.337Z","2026-10-08_195653_37835739986_1_ca01202e8937463db15cfdbde7e7456a",2026020058,"2026-10-08","2026-10-08T23:00:00Z","FUT","Predators","2026-10-08T19:59:06.862Z","https://www.nhl.com/news/nhl-lineup-projections-2026-27-season","2026-10-08",1,"matched",TRUE,1,NA,1,NA,0,NA,NA
20262027,20262027,8,"MTL",8481593,"Jayden","Struble","Jayden Struble","D","current_roster",TRUE,"2026-10-08T19:59:07.339Z","2026-10-08_195653_37835739986_1_ca01202e8937463db15cfdbde7e7456a",2026020058,"2026-10-08","2026-10-08T23:00:00Z","FUT","Predators","2026-10-08T19:59:06.862Z","https://www.nhl.com/news/nhl-lineup-projections-2026-27-season","2026-10-08",1,"matched",TRUE,0,NA,NA,NA,1,NA,NA
20262027,20262027,8,"MTL",8482964,"Arber","Xhekaj","Arber Xhekaj","D","current_roster",TRUE,"2026-10-08T19:59:07.340Z","2026-10-08_195653_37835739986_1_ca01202e8937463db15cfdbde7e7456a",2026020058,"2026-10-08","2026-10-08T23:00:00Z","FUT","Predators","2026-10-08T19:59:06.862Z","https://www.nhl.com/news/nhl-lineup-projections-2026-27-season","2026-10-08",1,"matched",TRUE,1,NA,3,NA,0,NA,NA
20262027,20262027,8,"MTL",8482487,"Jakub","Dobes","Jakub Dobes","G","current_roster",TRUE,"2026-10-08T19:59:07.343Z","2026-10-08_195653_37835739986_1_ca01202e8937463db15cfdbde7e7456a",2026020058,"2026-10-08","2026-10-08T23:00:00Z","FUT","Predators","2026-10-08T19:59:06.862Z","https://www.nhl.com/news/nhl-lineup-projections-2026-27-season","2026-10-08",1,"matched",TRUE,1,NA,NA,"backup",0,NA,NA
20262027,20262027,8,"MTL",8484170,"Jacob","Fowler","Jacob Fowler","G","current_roster",TRUE,"2026-10-08T19:59:07.345Z","2026-10-08_195653_37835739986_1_ca01202e8937463db15cfdbde7e7456a",2026020058,"2026-10-08","2026-10-08T23:00:00Z","FUT","Predators","2026-10-08T19:59:06.862Z","https://www.nhl.com/news/nhl-lineup-projections-2026-27-season","2026-10-08",1,"matched",TRUE,1,NA,NA,"starter",0,NA,NA
20262027,20262027,8,"MTL",8478470,"Samuel","Montembeault","Samuel Montembeault","G","current_roster",TRUE,"2026-10-08T19:59:07.347Z","2026-10-08_195653_37835739986_1_ca01202e8937463db15cfdbde7e7456a",2026020058,"2026-10-08","2026-10-08T23:00:00Z","FUT","Predators","2026-10-08T19:59:06.862Z","https://www.nhl.com/news/nhl-lineup-projections-2026-27-season","2026-10-08",1,"matched",TRUE,0,NA,NA,NA,0,NA,"undisclosed"
20262027,20262027,4,"PHI",8478569,"Noel","Acciari","Noel Acciari","F","current_roster",TRUE,"2026-10-08T19:59:08.360Z","2026-10-08_195653_37835739986_1_ca01202e8937463db15cfdbde7e7456a",2026020059,"2026-10-08","2026-10-08T23:00:00Z","FUT","Senators","2026-10-08T19:59:06.862Z","https://www.nhl.com/news/nhl-lineup-projections-2026-27-season","2026-10-08",1,"matched",TRUE,1,4,NA,NA,0,0,NA
20262027,20262027,4,"PHI",8484142,"Denver","Barkey","Denver Barkey","F","current_roster",TRUE,"2026-10-08T19:59:08.362Z","2026-10-08_195653_37835739986_1_ca01202e8937463db15cfdbde7e7456a",2026020059,"2026-10-08","2026-10-08T23:00:00Z","FUT","Senators","2026-10-08T19:59:06.862Z","https://www.nhl.com/news/nhl-lineup-projections-2026-27-season","2026-10-08",1,"matched",TRUE,1,3,NA,NA,0,0,NA
20262027,20262027,4,"PHI",8478047,"Michael","Bunting","Michael Bunting","F","current_roster",TRUE,"2026-10-08T19:59:08.364Z","2026-10-08_195653_37835739986_1_ca01202e8937463db15cfdbde7e7456a",2026020059,"2026-10-08","2026-10-08T23:00:00Z","FUT","Senators","2026-10-08T19:59:06.862Z","https://www.nhl.com/news/nhl-lineup-projections-2026-27-season","2026-10-08",1,"matched",TRUE,1,4,NA,NA,0,0,NA
20262027,20262027,4,"PHI",8480220,"Noah","Cates","Noah Cates","F","current_roster",TRUE,"2026-10-08T19:59:08.366Z","2026-10-08_195653_37835739986_1_ca01202e8937463db15cfdbde7e7456a",2026020059,"2026-10-08","2026-10-08T23:00:00Z","FUT","Senators","2026-10-08T19:59:06.862Z","https://www.nhl.com/news/nhl-lineup-projections-2026-27-season","2026-10-08",1,"matched",TRUE,1,4,NA,NA,0,0,NA
20262027,20262027,4,"PHI",8476461,"Sean","Couturier","Sean Couturier","F","current_roster",TRUE,"2026-10-08T19:59:08.367Z","2026-10-08_195653_37835739986_1_ca01202e8937463db15cfdbde7e7456a",2026020059,"2026-10-08","2026-10-08T23:00:00Z","FUT","Senators","2026-10-08T19:59:06.862Z","https://www.nhl.com/news/nhl-lineup-projections-2026-27-season","2026-10-08",1,"matched",TRUE,1,1,NA,NA,0,0,NA
20262027,20262027,4,"PHI",8477989,"Christian","Dvorak","Christian Dvorak","F","current_roster",TRUE,"2026-10-08T19:59:08.369Z","2026-10-08_195653_37835739986_1_ca01202e8937463db15cfdbde7e7456a",2026020059,"2026-10-08","2026-10-08T23:00:00Z","FUT","Senators","2026-10-08T19:59:06.862Z","https://www.nhl.com/news/nhl-lineup-projections-2026-27-season","2026-10-08",1,"matched",TRUE,1,2,NA,NA,0,0,NA
20262027,20262027,4,"PHI",8482159,"Tyson","Foerster","Tyson Foerster","F","current_roster",TRUE,"2026-10-08T19:59:08.371Z","2026-10-08_195653_37835739986_1_ca01202e8937463db15cfdbde7e7456a",2026020059,"2026-10-08","2026-10-08T23:00:00Z","FUT","Senators","2026-10-08T19:59:06.862Z","https://www.nhl.com/news/nhl-lineup-projections-2026-27-season","2026-10-08",1,"matched",TRUE,1,3,NA,NA,0,0,NA
20262027,20262027,4,"PHI",8483733,"Nikita","Grebenkin","Nikita Grebenkin","F","current_roster",TRUE,"2026-10-08T19:59:08.373Z","2026-10-08_195653_37835739986_1_ca01202e8937463db15cfdbde7e7456a",2026020059,"2026-10-08","2026-10-08T23:00:00Z","FUT","Senators","2026-10-08T19:59:06.862Z","https://www.nhl.com/news/nhl-lineup-projections-2026-27-season","2026-10-08",1,"matched",TRUE,0,NA,NA,NA,0,1,"upper body"
20262027,20262027,4,"PHI",8479336,"Carl","Grundstrom","Carl Grundstrom","F","current_roster",TRUE,"2026-10-08T19:59:08.375Z","2026-10-08_195653_37835739986_1_ca01202e8937463db15cfdbde7e7456a",2026020059,"2026-10-08","2026-10-08T23:00:00Z","FUT","Senators","2026-10-08T19:59:06.862Z","https://www.nhl.com/news/nhl-lineup-projections-2026-27-season","2026-10-08",1,"matched",TRUE,0,NA,NA,NA,1,0,NA
20262027,20262027,4,"PHI",8478439,"Travis","Konecny","Travis Konecny","F","current_roster",TRUE,"2026-10-08T19:59:08.377Z","2026-10-08_195653_37835739986_1_ca01202e8937463db15cfdbde7e7456a",2026020059,"2026-10-08","2026-10-08T23:00:00Z","FUT","Senators","2026-10-08T19:59:06.862Z","https://www.nhl.com/news/nhl-lineup-projections-2026-27-season","2026-10-08",1,"matched",TRUE,1,1,NA,NA,0,0,NA
20262027,20262027,4,"PHI",8485406,"Porter","Martone","Porter Martone","F","current_roster",TRUE,"2026-10-08T19:59:08.379Z","2026-10-08_195653_37835739986_1_ca01202e8937463db15cfdbde7e7456a",2026020059,"2026-10-08","2026-10-08T23:00:00Z","FUT","Senators","2026-10-08T19:59:06.862Z","https://www.nhl.com/news/nhl-lineup-projections-2026-27-season","2026-10-08",1,"matched",TRUE,1,1,NA,NA,0,0,NA
20262027,20262027,4,"PHI",8484387,"Matvei","Michkov","Matvei Michkov","F","current_roster",TRUE,"2026-10-08T19:59:08.381Z","2026-10-08_195653_37835739986_1_ca01202e8937463db15cfdbde7e7456a",2026020059,"2026-10-08","2026-10-08T23:00:00Z","FUT","Senators","2026-10-08T19:59:06.862Z","https://www.nhl.com/news/nhl-lineup-projections-2026-27-season","2026-10-08",1,"matched",TRUE,1,3,NA,NA,0,0,NA
20262027,20262027,4,"PHI",8480015,"Owen","Tippett","Owen Tippett","F","current_roster",TRUE,"2026-10-08T19:59:08.383Z","2026-10-08_195653_37835739986_1_ca01202e8937463db15cfdbde7e7456a",2026020059,"2026-10-08","2026-10-08T23:00:00Z","FUT","Senators","2026-10-08T19:59:06.862Z","https://www.nhl.com/news/nhl-lineup-projections-2026-27-season","2026-10-08",1,"matched",TRUE,1,2,NA,NA,0,0,NA
20262027,20262027,4,"PHI",8475253,"Garrett","Wilson","Garrett Wilson","F","current_roster",TRUE,"2026-10-08T19:59:08.385Z","2026-10-08_195653_37835739986_1_ca01202e8937463db15cfdbde7e7456a",2026020059,"2026-10-08","2026-10-08T23:00:00Z","FUT","Senators","2026-10-08T19:59:06.862Z","https://www.nhl.com/news/nhl-lineup-projections-2026-27-season","2026-10-08",1,"matched",TRUE,0,NA,NA,NA,1,0,NA
20262027,20262027,4,"PHI",8481533,"Trevor","Zegras","Trevor Zegras","F","current_roster",TRUE,"2026-10-08T19:59:08.387Z","2026-10-08_195653_37835739986_1_ca01202e8937463db15cfdbde7e7456a",2026020059,"2026-10-08","2026-10-08T23:00:00Z","FUT","Senators","2026-10-08T19:59:06.862Z","https://www.nhl.com/news/nhl-lineup-projections-2026-27-season","2026-10-08",1,"matched",TRUE,1,2,NA,NA,0,0,NA
20262027,20262027,4,"PHI",8481122,"Simon","Benoit","Simon Benoit","D","current_roster",TRUE,"2026-10-08T19:59:08.389Z","2026-10-08_195653_37835739986_1_ca01202e8937463db15cfdbde7e7456a",2026020059,"2026-10-08","2026-10-08T23:00:00Z","FUT","Senators","2026-10-08T19:59:06.862Z","https://www.nhl.com/news/nhl-lineup-projections-2026-27-season","2026-10-08",1,"matched",TRUE,1,NA,3,NA,0,0,NA
20262027,20262027,4,"PHI",8482142,"Jamie","Drysdale","Jamie Drysdale","D","current_roster",TRUE,"2026-10-08T19:59:08.391Z","2026-10-08_195653_37835739986_1_ca01202e8937463db15cfdbde7e7456a",2026020059,"2026-10-08","2026-10-08T23:00:00Z","FUT","Senators","2026-10-08T19:59:06.862Z","https://www.nhl.com/news/nhl-lineup-projections-2026-27-season","2026-10-08",1,"matched",TRUE,1,NA,1,NA,0,0,NA
20262027,20262027,4,"PHI",8483460,"David","Jiricek","David Jiricek","D","current_roster",TRUE,"2026-10-08T19:59:08.393Z","2026-10-08_195653_37835739986_1_ca01202e8937463db15cfdbde7e7456a",2026020059,"2026-10-08","2026-10-08T23:00:00Z","FUT","Senators","2026-10-08T19:59:06.862Z","https://www.nhl.com/news/nhl-lineup-projections-2026-27-season","2026-10-08",1,"matched",TRUE,1,NA,2,NA,0,0,NA
20262027,20262027,4,"PHI",8477499,"Rasmus","Ristolainen","Rasmus Ristolainen","D","current_roster",TRUE,"2026-10-08T19:59:08.395Z","2026-10-08_195653_37835739986_1_ca01202e8937463db15cfdbde7e7456a",2026020059,"2026-10-08","2026-10-08T23:00:00Z","FUT","Senators","2026-10-08T19:59:06.862Z","https://www.nhl.com/news/nhl-lineup-projections-2026-27-season","2026-10-08",1,"matched",TRUE,0,NA,NA,NA,0,1,"undisclosed"
20262027,20262027,4,"PHI",8477948,"Travis","Sanheim","Travis Sanheim","D","current_roster",TRUE,"2026-10-08T19:59:08.397Z","2026-10-08_195653_37835739986_1_ca01202e8937463db15cfdbde7e7456a",2026020059,"2026-10-08","2026-10-08T23:00:00Z","FUT","Senators","2026-10-08T19:59:06.862Z","https://www.nhl.com/news/nhl-lineup-projections-2026-27-season","2026-10-08",1,"matched",TRUE,1,NA,1,NA,0,0,NA
20262027,20262027,4,"PHI",8476372,"Nick","Seeler","Nick Seeler","D","current_roster",TRUE,"2026-10-08T19:59:08.409Z","2026-10-08_195653_37835739986_1_ca01202e8937463db15cfdbde7e7456a",2026020059,"2026-10-08","2026-10-08T23:00:00Z","FUT","Senators","2026-10-08T19:59:06.862Z","https://www.nhl.com/news/nhl-lineup-projections-2026-27-season","2026-10-08",1,"matched",TRUE,1,NA,3,NA,0,0,NA
20262027,20262027,4,"PHI",8481546,"Cam","York","Cam York","D","current_roster",TRUE,"2026-10-08T19:59:08.411Z","2026-10-08_195653_37835739986_1_ca01202e8937463db15cfdbde7e7456a",2026020059,"2026-10-08","2026-10-08T23:00:00Z","FUT","Senators","2026-10-08T19:59:06.862Z","https://www.nhl.com/news/nhl-lineup-projections-2026-27-season","2026-10-08",1,"matched",TRUE,1,NA,2,NA,0,0,NA
20262027,20262027,4,"PHI",8478435,"Dan","Vladar","Dan Vladar","G","current_roster",TRUE,"2026-10-08T19:59:08.413Z","2026-10-08_195653_37835739986_1_ca01202e8937463db15cfdbde7e7456a",2026020059,"2026-10-08","2026-10-08T23:00:00Z","FUT","Senators","2026-10-08T19:59:06.862Z","https://www.nhl.com/news/nhl-lineup-projections-2026-27-season","2026-10-08",1,"matched",TRUE,1,NA,NA,"backup",0,0,NA
20262027,20262027,4,"PHI",8479361,"Joseph","Woll","Joseph Woll","G","current_roster",TRUE,"2026-10-08T19:59:08.415Z","2026-10-08_195653_37835739986_1_ca01202e8937463db15cfdbde7e7456a",2026020059,"2026-10-08","2026-10-08T23:00:00Z","FUT","Senators","2026-10-08T19:59:06.862Z","https://www.nhl.com/news/nhl-lineup-projections-2026-27-season","2026-10-08",1,"matched",TRUE,1,NA,NA,"starter",0,0,NA
20262027,20262027,9,"OTT",8478020,"Michael","Amadio","Michael Amadio","F","current_roster",TRUE,"2026-10-08T19:59:07.699Z","2026-10-08_195653_37835739986_1_ca01202e8937463db15cfdbde7e7456a",2026020059,"2026-10-08","2026-10-08T23:00:00Z","FUT","Flyers","2026-10-08T19:59:06.862Z","https://www.nhl.com/news/nhl-lineup-projections-2026-27-season","2026-10-08",1,"matched",TRUE,1,3,NA,NA,0,NA,NA
20262027,20262027,9,"OTT",8480208,"Drake","Batherson","Drake Batherson","F","current_roster",TRUE,"2026-10-08T19:59:07.702Z","2026-10-08_195653_37835739986_1_ca01202e8937463db15cfdbde7e7456a",2026020059,"2026-10-08","2026-10-08T23:00:00Z","FUT","Flyers","2026-10-08T19:59:06.862Z","https://www.nhl.com/news/nhl-lineup-projections-2026-27-season","2026-10-08",1,"matched",TRUE,1,1,NA,NA,0,NA,NA
20262027,20262027,9,"OTT",8477444,"Andre","Burakovsky","Andre Burakovsky","F","current_roster",TRUE,"2026-10-08T19:59:07.703Z","2026-10-08_195653_37835739986_1_ca01202e8937463db15cfdbde7e7456a",2026020059,"2026-10-08","2026-10-08T23:00:00Z","FUT","Flyers","2026-10-08T19:59:06.862Z","https://www.nhl.com/news/nhl-lineup-projections-2026-27-season","2026-10-08",1,"matched",TRUE,0,NA,NA,NA,0,NA,"upper body"
20262027,20262027,9,"OTT",8476393,"Nick","Cousins","Nick Cousins","F","current_roster",TRUE,"2026-10-08T19:59:07.705Z","2026-10-08_195653_37835739986_1_ca01202e8937463db15cfdbde7e7456a",2026020059,"2026-10-08","2026-10-08T23:00:00Z","FUT","Flyers","2026-10-08T19:59:06.862Z","https://www.nhl.com/news/nhl-lineup-projections-2026-27-season","2026-10-08",1,"matched",TRUE,1,4,NA,NA,0,NA,NA
20262027,20262027,9,"OTT",8481528,"Dylan","Cozens","Dylan Cozens","F","current_roster",TRUE,"2026-10-08T19:59:07.707Z","2026-10-08_195653_37835739986_1_ca01202e8937463db15cfdbde7e7456a",2026020059,"2026-10-08","2026-10-08T23:00:00Z","FUT","Flyers","2026-10-08T19:59:06.862Z","https://www.nhl.com/news/nhl-lineup-projections-2026-27-season","2026-10-08",1,"matched",TRUE,1,2,NA,NA,0,NA,NA
20262027,20262027,9,"OTT",8482667,"William","Eklund","William Eklund","F","current_roster",TRUE,"2026-10-08T19:59:07.709Z","2026-10-08_195653_37835739986_1_ca01202e8937463db15cfdbde7e7456a",2026020059,"2026-10-08","2026-10-08T23:00:00Z","FUT","Flyers","2026-10-08T19:59:06.862Z","https://www.nhl.com/news/nhl-lineup-projections-2026-27-season","2026-10-08",1,"matched",TRUE,1,1,NA,NA,0,NA,NA
20262027,20262027,9,"OTT",8477998,"Warren","Foegele","Warren Foegele","F","current_roster",TRUE,"2026-10-08T19:59:07.711Z","2026-10-08_195653_37835739986_1_ca01202e8937463db15cfdbde7e7456a",2026020059,"2026-10-08","2026-10-08T23:00:00Z","FUT","Flyers","2026-10-08T19:59:06.862Z","https://www.nhl.com/news/nhl-lineup-projections-2026-27-season","2026-10-08",1,"matched",TRUE,1,4,NA,NA,0,NA,NA
20262027,20262027,9,"OTT",8473512,"Claude","Giroux","Claude Giroux","F","current_roster",TRUE,"2026-10-08T19:59:07.713Z","2026-10-08_195653_37835739986_1_ca01202e8937463db15cfdbde7e7456a",2026020059,"2026-10-08","2026-10-08T23:00:00Z","FUT","Flyers","2026-10-08T19:59:06.862Z","https://www.nhl.com/news/nhl-lineup-projections-2026-27-season","2026-10-08",1,"matched",TRUE,1,3,NA,NA,0,NA,NA
20262027,20262027,9,"OTT",8482092,"Ridly","Greig","Ridly Greig","F","current_roster",TRUE,"2026-10-08T19:59:07.715Z","2026-10-08_195653_37835739986_1_ca01202e8937463db15cfdbde7e7456a",2026020059,"2026-10-08","2026-10-08T23:00:00Z","FUT","Flyers","2026-10-08T19:59:06.862Z","https://www.nhl.com/news/nhl-lineup-projections-2026-27-season","2026-10-08",1,"matched",TRUE,1,2,NA,NA,0,NA,NA
20262027,20262027,9,"OTT",8483676,"Stephen","Halliday","Stephen Halliday","F","current_roster",TRUE,"2026-10-08T19:59:07.717Z","2026-10-08_195653_37835739986_1_ca01202e8937463db15cfdbde7e7456a",2026020059,"2026-10-08","2026-10-08T23:00:00Z","FUT","Flyers","2026-10-08T19:59:06.862Z","https://www.nhl.com/news/nhl-lineup-projections-2026-27-season","2026-10-08",1,"matched",TRUE,1,4,NA,NA,0,NA,NA
20262027,20262027,9,"OTT",8478173,"Hayden","Hodgson","Hayden Hodgson","F","current_roster",TRUE,"2026-10-08T19:59:07.719Z","2026-10-08_195653_37835739986_1_ca01202e8937463db15cfdbde7e7456a",2026020059,"2026-10-08","2026-10-08T23:00:00Z","FUT","Flyers","2026-10-08T19:59:06.862Z","https://www.nhl.com/news/nhl-lineup-projections-2026-27-season","2026-10-08",1,"matched",TRUE,0,NA,NA,NA,1,NA,NA
20262027,20262027,9,"OTT",8481596,"Shane","Pinto","Shane Pinto","F","current_roster",TRUE,"2026-10-08T19:59:07.721Z","2026-10-08_195653_37835739986_1_ca01202e8937463db15cfdbde7e7456a",2026020059,"2026-10-08","2026-10-08T23:00:00Z","FUT","Flyers","2026-10-08T19:59:06.862Z","https://www.nhl.com/news/nhl-lineup-projections-2026-27-season","2026-10-08",1,"matched",TRUE,1,3,NA,NA,0,NA,NA
20262027,20262027,9,"OTT",8482116,"Tim","Stützle","Tim Stützle","F","current_roster",TRUE,"2026-10-08T19:59:07.723Z","2026-10-08_195653_37835739986_1_ca01202e8937463db15cfdbde7e7456a",2026020059,"2026-10-08","2026-10-08T23:00:00Z","FUT","Flyers","2026-10-08T19:59:06.862Z","https://www.nhl.com/news/nhl-lineup-projections-2026-27-season","2026-10-08",1,"matched",TRUE,1,1,NA,NA,0,NA,NA
20262027,20262027,9,"OTT",8480188,"Fabian","Zetterlund","Fabian Zetterlund","F","current_roster",TRUE,"2026-10-08T19:59:07.725Z","2026-10-08_195653_37835739986_1_ca01202e8937463db15cfdbde7e7456a",2026020059,"2026-10-08","2026-10-08T23:00:00Z","FUT","Flyers","2026-10-08T19:59:06.862Z","https://www.nhl.com/news/nhl-lineup-projections-2026-27-season","2026-10-08",1,"matched",TRUE,1,2,NA,NA,0,NA,NA
20262027,20262027,9,"OTT",8478469,"Thomas","Chabot","Thomas Chabot","D","current_roster",TRUE,"2026-10-08T19:59:07.727Z","2026-10-08_195653_37835739986_1_ca01202e8937463db15cfdbde7e7456a",2026020059,"2026-10-08","2026-10-08T23:00:00Z","FUT","Flyers","2026-10-08T19:59:06.862Z","https://www.nhl.com/news/nhl-lineup-projections-2026-27-season","2026-10-08",1,"matched",TRUE,1,NA,1,NA,0,NA,NA
20262027,20262027,9,"OTT",8480075,"Cameron","Crotty","Cameron Crotty","D","current_roster",TRUE,"2026-10-08T19:59:07.729Z","2026-10-08_195653_37835739986_1_ca01202e8937463db15cfdbde7e7456a",2026020059,"2026-10-08","2026-10-08T23:00:00Z","FUT","Flyers","2026-10-08T19:59:06.862Z","https://www.nhl.com/news/nhl-lineup-projections-2026-27-season","2026-10-08",1,"matched",TRUE,1,NA,3,NA,0,NA,NA
20262027,20262027,9,"OTT",8482095,"Tyler","Kleven","Tyler Kleven","D","current_roster",TRUE,"2026-10-08T19:59:07.731Z","2026-10-08_195653_37835739986_1_ca01202e8937463db15cfdbde7e7456a",2026020059,"2026-10-08","2026-10-08T23:00:00Z","FUT","Flyers","2026-10-08T19:59:06.862Z","https://www.nhl.com/news/nhl-lineup-projections-2026-27-season","2026-10-08",1,"matched",TRUE,1,NA,2,NA,0,NA,NA
20262027,20262027,9,"OTT",8484321,"Nikolas","Matinpalo","Nikolas Matinpalo","D","current_roster",TRUE,"2026-10-08T19:59:07.733Z","2026-10-08_195653_37835739986_1_ca01202e8937463db15cfdbde7e7456a",2026020059,"2026-10-08","2026-10-08T23:00:00Z","FUT","Flyers","2026-10-08T19:59:06.862Z","https://www.nhl.com/news/nhl-lineup-projections-2026-27-season","2026-10-08",1,"matched",TRUE,1,NA,3,NA,0,NA,NA
20262027,20262027,9,"OTT",8482105,"Jake","Sanderson","Jake Sanderson","D","current_roster",TRUE,"2026-10-08T19:59:07.734Z","2026-10-08_195653_37835739986_1_ca01202e8937463db15cfdbde7e7456a",2026020059,"2026-10-08","2026-10-08T23:00:00Z","FUT","Flyers","2026-10-08T19:59:06.862Z","https://www.nhl.com/news/nhl-lineup-projections-2026-27-season","2026-10-08",1,"matched",TRUE,0,NA,NA,NA,0,NA,"undisclosed"
20262027,20262027,9,"OTT",8481606,"Jordan","Spence","Jordan Spence","D","current_roster",TRUE,"2026-10-08T19:59:07.736Z","2026-10-08_195653_37835739986_1_ca01202e8937463db15cfdbde7e7456a",2026020059,"2026-10-08","2026-10-08T23:00:00Z","FUT","Flyers","2026-10-08T19:59:06.862Z","https://www.nhl.com/news/nhl-lineup-projections-2026-27-season","2026-10-08",1,"matched",TRUE,1,NA,1,NA,0,NA,NA
20262027,20262027,9,"OTT",8484759,"Carter","Yakemchuk","Carter Yakemchuk","D","current_roster",TRUE,"2026-10-08T19:59:07.738Z","2026-10-08_195653_37835739986_1_ca01202e8937463db15cfdbde7e7456a",2026020059,"2026-10-08","2026-10-08T23:00:00Z","FUT","Flyers","2026-10-08T19:59:06.862Z","https://www.nhl.com/news/nhl-lineup-projections-2026-27-season","2026-10-08",1,"matched",TRUE,1,NA,2,NA,0,NA,NA
20262027,20262027,9,"OTT",8481035,"Samuel","Ersson","Samuel Ersson","G","current_roster",TRUE,"2026-10-08T19:59:07.740Z","2026-10-08_195653_37835739986_1_ca01202e8937463db15cfdbde7e7456a",2026020059,"2026-10-08","2026-10-08T23:00:00Z","FUT","Flyers","2026-10-08T19:59:06.862Z","https://www.nhl.com/news/nhl-lineup-projections-2026-27-season","2026-10-08",1,"matched",TRUE,1,NA,NA,"backup",0,NA,NA
20262027,20262027,9,"OTT",8476999,"Linus","Ullmark","Linus Ullmark","G","current_roster",TRUE,"2026-10-08T19:59:07.742Z","2026-10-08_195653_37835739986_1_ca01202e8937463db15cfdbde7e7456a",2026020059,"2026-10-08","2026-10-08T23:00:00Z","FUT","Flyers","2026-10-08T19:59:06.862Z","https://www.nhl.com/news/nhl-lineup-projections-2026-27-season","2026-10-08",1,"matched",TRUE,1,NA,NA,"starter",0,NA,NA
20262027,20262027,19,"STL",8481013,"Jonatan","Berggren","Jonatan Berggren","F","current_roster",TRUE,"2026-10-08T19:59:07.841Z","2026-10-08_195653_37835739986_1_ca01202e8937463db15cfdbde7e7456a",2026020063,"2026-10-08","2026-10-09T00:00:00Z","FUT","Sharks","2026-10-08T19:59:06.862Z","https://www.nhl.com/news/nhl-lineup-projections-2026-27-season","2026-10-08",1,"matched",TRUE,1,2,NA,NA,0,0,NA
20262027,20262027,19,"STL",8477402,"Pavel","Buchnevich","Pavel Buchnevich","F","current_roster",TRUE,"2026-10-08T19:59:07.843Z","2026-10-08_195653_37835739986_1_ca01202e8937463db15cfdbde7e7456a",2026020063,"2026-10-08","2026-10-09T00:00:00Z","FUT","Sharks","2026-10-08T19:59:06.862Z","https://www.nhl.com/news/nhl-lineup-projections-2026-27-season","2026-10-08",1,"matched",TRUE,1,3,NA,NA,0,0,NA
20262027,20262027,19,"STL",8482784,"Zach","Dean","Zach Dean","F","current_roster",TRUE,"2026-10-08T19:59:07.845Z","2026-10-08_195653_37835739986_1_ca01202e8937463db15cfdbde7e7456a",2026020063,"2026-10-08","2026-10-09T00:00:00Z","FUT","Sharks","2026-10-08T19:59:06.862Z","https://www.nhl.com/news/nhl-lineup-projections-2026-27-season","2026-10-08",1,"matched",TRUE,0,NA,NA,NA,1,0,NA
20262027,20262027,19,"STL",8479346,"Dillon","Dube","Dillon Dube","F","current_roster",TRUE,"2026-10-08T19:59:07.847Z","2026-10-08_195653_37835739986_1_ca01202e8937463db15cfdbde7e7456a",2026020063,"2026-10-08","2026-10-09T00:00:00Z","FUT","Sharks","2026-10-08T19:59:06.862Z","https://www.nhl.com/news/nhl-lineup-projections-2026-27-season","2026-10-08",1,"matched",TRUE,1,4,NA,NA,0,0,NA
20262027,20262027,19,"STL",8484164,"Dalibor","Dvorsky","Dalibor Dvorsky","F","current_roster",TRUE,"2026-10-08T19:59:07.849Z","2026-10-08_195653_37835739986_1_ca01202e8937463db15cfdbde7e7456a",2026020063,"2026-10-08","2026-10-09T00:00:00Z","FUT","Sharks","2026-10-08T19:59:06.862Z","https://www.nhl.com/news/nhl-lineup-projections-2026-27-season","2026-10-08",1,"matched",TRUE,1,3,NA,NA,0,0,NA
20262027,20262027,19,"STL",8482077,"Dylan","Holloway","Dylan Holloway","F","current_roster",TRUE,"2026-10-08T19:59:07.851Z","2026-10-08_195653_37835739986_1_ca01202e8937463db15cfdbde7e7456a",2026020063,"2026-10-08","2026-10-09T00:00:00Z","FUT","Sharks","2026-10-08T19:59:06.862Z","https://www.nhl.com/news/nhl-lineup-projections-2026-27-season","2026-10-08",1,"matched",TRUE,1,1,NA,NA,0,0,NA
20262027,20262027,19,"STL",8477527,"Ross","Johnston","Ross Johnston","F","current_roster",TRUE,"2026-10-08T19:59:07.852Z","2026-10-08_195653_37835739986_1_ca01202e8937463db15cfdbde7e7456a",2026020063,"2026-10-08","2026-10-09T00:00:00Z","FUT","Sharks","2026-10-08T19:59:06.862Z","https://www.nhl.com/news/nhl-lineup-projections-2026-27-season","2026-10-08",1,"matched",TRUE,1,4,NA,NA,0,0,NA
20262027,20262027,19,"STL",8481580,"Connor","McMichael","Connor McMichael","F","current_roster",TRUE,"2026-10-08T19:59:07.854Z","2026-10-08_195653_37835739986_1_ca01202e8937463db15cfdbde7e7456a",2026020063,"2026-10-08","2026-10-09T00:00:00Z","FUT","Sharks","2026-10-08T19:59:06.862Z","https://www.nhl.com/news/nhl-lineup-projections-2026-27-season","2026-10-08",1,"matched",TRUE,1,2,NA,NA,0,0,NA
20262027,20262027,19,"STL",8482745,"Mason","McTavish","Mason McTavish","F","current_roster",TRUE,"2026-10-08T19:59:07.856Z","2026-10-08_195653_37835739986_1_ca01202e8937463db15cfdbde7e7456a",2026020063,"2026-10-08","2026-10-09T00:00:00Z","FUT","Sharks","2026-10-08T19:59:06.862Z","https://www.nhl.com/news/nhl-lineup-projections-2026-27-season","2026-10-08",1,"matched",TRUE,1,2,NA,NA,0,0,NA
20262027,20262027,19,"STL",8482089,"Jake","Neighbours","Jake Neighbours","F","current_roster",TRUE,"2026-10-08T19:59:07.858Z","2026-10-08_195653_37835739986_1_ca01202e8937463db15cfdbde7e7456a",2026020063,"2026-10-08","2026-10-09T00:00:00Z","FUT","Sharks","2026-10-08T19:59:06.862Z","https://www.nhl.com/news/nhl-lineup-projections-2026-27-season","2026-10-08",1,"matched",TRUE,1,3,NA,NA,0,0,NA
20262027,20262027,19,"STL",8483516,"Jimmy","Snuggerud","Jimmy Snuggerud","F","current_roster",TRUE,"2026-10-08T19:59:07.860Z","2026-10-08_195653_37835739986_1_ca01202e8937463db15cfdbde7e7456a",2026020063,"2026-10-08","2026-10-09T00:00:00Z","FUT","Sharks","2026-10-08T19:59:06.862Z","https://www.nhl.com/news/nhl-lineup-projections-2026-27-season","2026-10-08",1,"matched",TRUE,1,1,NA,NA,0,0,NA
20262027,20262027,19,"STL",8480459,"Pius","Suter","Pius Suter","F","current_roster",TRUE,"2026-10-08T19:59:07.862Z","2026-10-08_195653_37835739986_1_ca01202e8937463db15cfdbde7e7456a",2026020063,"2026-10-08","2026-10-09T00:00:00Z","FUT","Sharks","2026-10-08T19:59:06.862Z","https://www.nhl.com/news/nhl-lineup-projections-2026-27-season","2026-10-08",1,"matched",TRUE,1,4,NA,NA,0,0,NA
20262027,20262027,19,"STL",8480023,"Robert","Thomas","Robert Thomas","F","current_roster",TRUE,"2026-10-08T19:59:07.864Z","2026-10-08_195653_37835739986_1_ca01202e8937463db15cfdbde7e7456a",2026020063,"2026-10-08","2026-10-09T00:00:00Z","FUT","Sharks","2026-10-08T19:59:06.862Z","https://www.nhl.com/news/nhl-lineup-projections-2026-27-season","2026-10-08",1,"matched",TRUE,1,1,NA,NA,0,0,NA
20262027,20262027,19,"STL",8480281,"Alexey","Toropchenko","Alexey Toropchenko","F","current_roster",TRUE,"2026-10-08T19:59:07.869Z","2026-10-08_195653_37835739986_1_ca01202e8937463db15cfdbde7e7456a",2026020063,"2026-10-08","2026-10-09T00:00:00Z","FUT","Sharks","2026-10-08T19:59:06.862Z","https://www.nhl.com/news/nhl-lineup-projections-2026-27-season","2026-10-08",1,"matched",TRUE,0,NA,NA,NA,0,1,"upper body"
20262027,20262027,19,"STL",8482111,"Justin","Barron","Justin Barron","D","current_roster",TRUE,"2026-10-08T19:59:07.871Z","2026-10-08_195653_37835739986_1_ca01202e8937463db15cfdbde7e7456a",2026020063,"2026-10-08","2026-10-09T00:00:00Z","FUT","Sharks","2026-10-08T19:59:06.862Z","https://www.nhl.com/news/nhl-lineup-projections-2026-27-season","2026-10-08",1,"matched",TRUE,1,NA,2,NA,0,0,NA
20262027,20262027,19,"STL",8481598,"Philip","Broberg","Philip Broberg","D","current_roster",TRUE,"2026-10-08T19:59:07.873Z","2026-10-08_195653_37835739986_1_ca01202e8937463db15cfdbde7e7456a",2026020063,"2026-10-08","2026-10-09T00:00:00Z","FUT","Sharks","2026-10-08T19:59:06.862Z","https://www.nhl.com/news/nhl-lineup-projections-2026-27-season","2026-10-08",1,"matched",TRUE,1,NA,1,NA,0,0,NA
20262027,20262027,19,"STL",8478443,"Brandon","Carlo","Brandon Carlo","D","current_roster",TRUE,"2026-10-08T19:59:07.875Z","2026-10-08_195653_37835739986_1_ca01202e8937463db15cfdbde7e7456a",2026020063,"2026-10-08","2026-10-09T00:00:00Z","FUT","Sharks","2026-10-08T19:59:06.862Z","https://www.nhl.com/news/nhl-lineup-projections-2026-27-season","2026-10-08",1,"matched",TRUE,1,NA,3,NA,0,0,NA
20262027,20262027,19,"STL",8475764,"Cam","Fowler","Cam Fowler","D","current_roster",TRUE,"2026-10-08T19:59:07.877Z","2026-10-08_195653_37835739986_1_ca01202e8937463db15cfdbde7e7456a",2026020063,"2026-10-08","2026-10-09T00:00:00Z","FUT","Sharks","2026-10-08T19:59:06.862Z","https://www.nhl.com/news/nhl-lineup-projections-2026-27-season","2026-10-08",1,"matched",TRUE,1,NA,3,NA,0,0,NA
20262027,20262027,19,"STL",8484790,"Adam","Jiricek","Adam Jiricek","D","current_roster",TRUE,"2026-10-08T19:59:07.879Z","2026-10-08_195653_37835739986_1_ca01202e8937463db15cfdbde7e7456a",2026020063,"2026-10-08","2026-10-09T00:00:00Z","FUT","Sharks","2026-10-08T19:59:06.862Z","https://www.nhl.com/news/nhl-lineup-projections-2026-27-season","2026-10-08",1,"matched",TRUE,1,NA,1,NA,0,0,NA
20262027,20262027,19,"STL",8484188,"Theo","Lindstein","Theo Lindstein","D","current_roster",TRUE,"2026-10-08T19:59:07.881Z","2026-10-08_195653_37835739986_1_ca01202e8937463db15cfdbde7e7456a",2026020063,"2026-10-08","2026-10-09T00:00:00Z","FUT","Sharks","2026-10-08T19:59:06.862Z","https://www.nhl.com/news/nhl-lineup-projections-2026-27-season","2026-10-08",1,"matched",TRUE,0,NA,NA,NA,1,0,NA
20262027,20262027,19,"STL",8482733,"Logan","Mailloux","Logan Mailloux","D","current_roster",TRUE,"2026-10-08T19:59:07.883Z","2026-10-08_195653_37835739986_1_ca01202e8937463db15cfdbde7e7456a",2026020063,"2026-10-08","2026-10-09T00:00:00Z","FUT","Sharks","2026-10-08T19:59:06.862Z","https://www.nhl.com/news/nhl-lineup-projections-2026-27-season","2026-10-08",1,"matched",TRUE,0,NA,NA,NA,0,1,"hand"
20262027,20262027,19,"STL",8476892,"Colton","Parayko","Colton Parayko","D","current_roster",TRUE,"2026-10-08T19:59:07.885Z","2026-10-08_195653_37835739986_1_ca01202e8937463db15cfdbde7e7456a",2026020063,"2026-10-08","2026-10-09T00:00:00Z","FUT","Sharks","2026-10-08T19:59:06.862Z","https://www.nhl.com/news/nhl-lineup-projections-2026-27-season","2026-10-08",1,"matched",TRUE,1,NA,2,NA,0,0,NA
20262027,20262027,19,"STL",8481006,"Tyler","Tucker","Tyler Tucker","D","current_roster",TRUE,"2026-10-08T19:59:07.887Z","2026-10-08_195653_37835739986_1_ca01202e8937463db15cfdbde7e7456a",2026020063,"2026-10-08","2026-10-09T00:00:00Z","FUT","Sharks","2026-10-08T19:59:06.862Z","https://www.nhl.com/news/nhl-lineup-projections-2026-27-season","2026-10-08",1,"matched",TRUE,0,NA,NA,NA,0,1,"knee"
20262027,20262027,19,"STL",8476412,"Jordan","Binnington","Jordan Binnington","G","current_roster",TRUE,"2026-10-08T19:59:07.889Z","2026-10-08_195653_37835739986_1_ca01202e8937463db15cfdbde7e7456a",2026020063,"2026-10-08","2026-10-09T00:00:00Z","FUT","Sharks","2026-10-08T19:59:06.862Z","https://www.nhl.com/news/nhl-lineup-projections-2026-27-season","2026-10-08",1,"matched",TRUE,1,NA,NA,"backup",0,0,NA
20262027,20262027,19,"STL",8480981,"Joel","Hofer","Joel Hofer","G","current_roster",TRUE,"2026-10-08T19:59:07.891Z","2026-10-08_195653_37835739986_1_ca01202e8937463db15cfdbde7e7456a",2026020063,"2026-10-08","2026-10-09T00:00:00Z","FUT","Sharks","2026-10-08T19:59:06.862Z","https://www.nhl.com/news/nhl-lineup-projections-2026-27-season","2026-10-08",1,"matched",TRUE,1,NA,NA,"starter",0,0,NA
20262027,20262027,21,"COL",8486171,"T.J.","Hughes","T.J. Hughes","F","current_roster",TRUE,"2026-10-08T19:59:07.745Z","2026-10-08_195653_37835739986_1_ca01202e8937463db15cfdbde7e7456a",2026020064,"2026-10-08","2026-10-09T01:00:00Z","FUT","Flames","2026-10-08T19:59:06.862Z","https://www.nhl.com/news/nhl-lineup-projections-2026-27-season","2026-10-08",1,"matched",TRUE,1,3,NA,NA,0,0,NA
20262027,20262027,21,"COL",8475172,"Nazem","Kadri","Nazem Kadri","F","current_roster",TRUE,"2026-10-08T19:59:07.750Z","2026-10-08_195653_37835739986_1_ca01202e8937463db15cfdbde7e7456a",2026020064,"2026-10-08","2026-10-09T01:00:00Z","FUT","Flames","2026-10-08T19:59:06.862Z","https://www.nhl.com/news/nhl-lineup-projections-2026-27-season","2026-10-08",1,"matched",TRUE,1,2,NA,NA,0,0,NA
20262027,20262027,21,"COL",8480448,"Parker","Kelly","Parker Kelly","F","current_roster",TRUE,"2026-10-08T19:59:07.752Z","2026-10-08_195653_37835739986_1_ca01202e8937463db15cfdbde7e7456a",2026020064,"2026-10-08","2026-10-09T01:00:00Z","FUT","Flames","2026-10-08T19:59:06.862Z","https://www.nhl.com/news/nhl-lineup-projections-2026-27-season","2026-10-08",1,"matched",TRUE,1,4,NA,NA,0,0,NA
20262027,20262027,21,"COL",8482742,"Zachary","L'Heureux","Zachary L'Heureux","F","current_roster",TRUE,"2026-10-08T19:59:07.754Z","2026-10-08_195653_37835739986_1_ca01202e8937463db15cfdbde7e7456a",2026020064,"2026-10-08","2026-10-09T01:00:00Z","FUT","Flames","2026-10-08T19:59:06.862Z","https://www.nhl.com/news/nhl-lineup-projections-2026-27-season","2026-10-08",1,"matched",TRUE,1,4,NA,NA,0,0,NA
20262027,20262027,21,"COL",8476455,"Gabriel","Landeskog","Gabriel Landeskog","F","current_roster",TRUE,"2026-10-08T19:59:07.756Z","2026-10-08_195653_37835739986_1_ca01202e8937463db15cfdbde7e7456a",2026020064,"2026-10-08","2026-10-09T01:00:00Z","FUT","Flames","2026-10-08T19:59:06.862Z","https://www.nhl.com/news/nhl-lineup-projections-2026-27-season","2026-10-08",1,"matched",TRUE,1,2,NA,NA,0,0,NA
20262027,20262027,21,"COL",8477476,"Artturi","Lehkonen","Artturi Lehkonen","F","current_roster",TRUE,"2026-10-08T19:59:07.758Z","2026-10-08_195653_37835739986_1_ca01202e8937463db15cfdbde7e7456a",2026020064,"2026-10-08","2026-10-09T01:00:00Z","FUT","Flames","2026-10-08T19:59:06.862Z","https://www.nhl.com/news/nhl-lineup-projections-2026-27-season","2026-10-08",1,"matched",TRUE,1,1,NA,NA,0,0,NA
20262027,20262027,21,"COL",8477492,"Nathan","MacKinnon","Nathan MacKinnon","F","current_roster",TRUE,"2026-10-08T19:59:07.760Z","2026-10-08_195653_37835739986_1_ca01202e8937463db15cfdbde7e7456a",2026020064,"2026-10-08","2026-10-09T01:00:00Z","FUT","Flames","2026-10-08T19:59:06.862Z","https://www.nhl.com/news/nhl-lineup-projections-2026-27-season","2026-10-08",1,"matched",TRUE,1,1,NA,NA,0,0,NA
20262027,20262027,21,"COL",8480039,"Martin","Necas","Martin Necas","F","current_roster",TRUE,"2026-10-08T19:59:07.762Z","2026-10-08_195653_37835739986_1_ca01202e8937463db15cfdbde7e7456a",2026020064,"2026-10-08","2026-10-09T01:00:00Z","FUT","Flames","2026-10-08T19:59:06.862Z","https://www.nhl.com/news/nhl-lineup-projections-2026-27-season","2026-10-08",1,"matched",TRUE,1,1,NA,NA,0,0,NA
20262027,20262027,21,"COL",8475754,"Brock","Nelson","Brock Nelson","F","current_roster",TRUE,"2026-10-08T19:59:07.764Z","2026-10-08_195653_37835739986_1_ca01202e8937463db15cfdbde7e7456a",2026020064,"2026-10-08","2026-10-09T01:00:00Z","FUT","Flames","2026-10-08T19:59:06.862Z","https://www.nhl.com/news/nhl-lineup-projections-2026-27-season","2026-10-08",1,"matched",TRUE,1,2,NA,NA,0,0,NA
20262027,20262027,21,"COL",8481186,"Logan","O'Connor","Logan O'Connor","F","current_roster",TRUE,"2026-10-08T19:59:07.765Z","2026-10-08_195653_37835739986_1_ca01202e8937463db15cfdbde7e7456a",2026020064,"2026-10-08","2026-10-09T01:00:00Z","FUT","Flames","2026-10-08T19:59:06.862Z","https://www.nhl.com/news/nhl-lineup-projections-2026-27-season","2026-10-08",1,"matched",TRUE,0,NA,NA,NA,0,1,"lower body"
20262027,20262027,21,"COL",8478462,"Nicolas","Roy","Nicolas Roy","F","current_roster",TRUE,"2026-10-08T19:59:07.767Z","2026-10-08_195653_37835739986_1_ca01202e8937463db15cfdbde7e7456a",2026020064,"2026-10-08","2026-10-09T01:00:00Z","FUT","Flames","2026-10-08T19:59:06.862Z","https://www.nhl.com/news/nhl-lineup-projections-2026-27-season","2026-10-08",1,"matched",TRUE,1,4,NA,NA,0,0,NA
20262027,20262027,21,"COL",8475768,"Jaden","Schwartz","Jaden Schwartz","F","current_roster",TRUE,"2026-10-08T19:59:07.769Z","2026-10-08_195653_37835739986_1_ca01202e8937463db15cfdbde7e7456a",2026020064,"2026-10-08","2026-10-09T01:00:00Z","FUT","Flames","2026-10-08T19:59:06.862Z","https://www.nhl.com/news/nhl-lineup-projections-2026-27-season","2026-10-08",1,"matched",TRUE,1,3,NA,NA,0,0,NA
20262027,20262027,21,"COL",8482768,"Fedor","Svechkov","Fedor Svechkov","F","current_roster",TRUE,"2026-10-08T19:59:07.771Z","2026-10-08_195653_37835739986_1_ca01202e8937463db15cfdbde7e7456a",2026020064,"2026-10-08","2026-10-09T01:00:00Z","FUT","Flames","2026-10-08T19:59:06.862Z","https://www.nhl.com/news/nhl-lineup-projections-2026-27-season","2026-10-08",1,"matched",TRUE,1,3,NA,NA,0,0,NA
20262027,20262027,21,"COL",8470613,"Brent","Burns","Brent Burns","D","current_roster",TRUE,"2026-10-08T19:59:07.773Z","2026-10-08_195653_37835739986_1_ca01202e8937463db15cfdbde7e7456a",2026020064,"2026-10-08","2026-10-09T01:00:00Z","FUT","Flames","2026-10-08T19:59:06.862Z","https://www.nhl.com/news/nhl-lineup-projections-2026-27-season","2026-10-08",1,"matched",TRUE,1,NA,3,NA,0,0,NA
20262027,20262027,21,"COL",8478454,"Noah","Juulsen","Noah Juulsen","D","current_roster",TRUE,"2026-10-08T19:59:07.775Z","2026-10-08_195653_37835739986_1_ca01202e8937463db15cfdbde7e7456a",2026020064,"2026-10-08","2026-10-09T01:00:00Z","FUT","Flames","2026-10-08T19:59:06.862Z","https://www.nhl.com/news/nhl-lineup-projections-2026-27-season","2026-10-08",1,"matched",TRUE,0,NA,NA,NA,1,0,NA
20262027,20262027,21,"COL",8476967,"Brett","Kulak","Brett Kulak","D","current_roster",TRUE,"2026-10-08T19:59:07.777Z","2026-10-08_195653_37835739986_1_ca01202e8937463db15cfdbde7e7456a",2026020064,"2026-10-08","2026-10-09T01:00:00Z","FUT","Flames","2026-10-08T19:59:06.862Z","https://www.nhl.com/news/nhl-lineup-projections-2026-27-season","2026-10-08",1,"matched",TRUE,1,NA,2,NA,0,0,NA
20262027,20262027,21,"COL",8480069,"Cale","Makar","Cale Makar","D","current_roster",TRUE,"2026-10-08T19:59:07.779Z","2026-10-08_195653_37835739986_1_ca01202e8937463db15cfdbde7e7456a",2026020064,"2026-10-08","2026-10-09T01:00:00Z","FUT","Flames","2026-10-08T19:59:06.862Z","https://www.nhl.com/news/nhl-lineup-projections-2026-27-season","2026-10-08",1,"matched",TRUE,1,NA,1,NA,0,0,NA
20262027,20262027,21,"COL",8484258,"Sam","Malinski","Sam Malinski","D","current_roster",TRUE,"2026-10-08T19:59:07.781Z","2026-10-08_195653_37835739986_1_ca01202e8937463db15cfdbde7e7456a",2026020064,"2026-10-08","2026-10-09T01:00:00Z","FUT","Flames","2026-10-08T19:59:06.862Z","https://www.nhl.com/news/nhl-lineup-projections-2026-27-season","2026-10-08",1,"matched",TRUE,1,NA,2,NA,0,0,NA
20262027,20262027,21,"COL",8476312,"Josh","Manson","Josh Manson","D","current_roster",TRUE,"2026-10-08T19:59:07.783Z","2026-10-08_195653_37835739986_1_ca01202e8937463db15cfdbde7e7456a",2026020064,"2026-10-08","2026-10-09T01:00:00Z","FUT","Flames","2026-10-08T19:59:06.862Z","https://www.nhl.com/news/nhl-lineup-projections-2026-27-season","2026-10-08",1,"matched",TRUE,1,NA,3,NA,0,0,NA
20262027,20262027,21,"COL",8478038,"Devon","Toews","Devon Toews","D","current_roster",TRUE,"2026-10-08T19:59:07.785Z","2026-10-08_195653_37835739986_1_ca01202e8937463db15cfdbde7e7456a",2026020064,"2026-10-08","2026-10-09T01:00:00Z","FUT","Flames","2026-10-08T19:59:06.862Z","https://www.nhl.com/news/nhl-lineup-projections-2026-27-season","2026-10-08",1,"matched",TRUE,1,NA,1,NA,0,0,NA
20262027,20262027,21,"COL",8478406,"Mackenzie","Blackwood","Mackenzie Blackwood","G","current_roster",TRUE,"2026-10-08T19:59:07.787Z","2026-10-08_195653_37835739986_1_ca01202e8937463db15cfdbde7e7456a",2026020064,"2026-10-08","2026-10-09T01:00:00Z","FUT","Flames","2026-10-08T19:59:06.862Z","https://www.nhl.com/news/nhl-lineup-projections-2026-27-season","2026-10-08",1,"matched",TRUE,1,NA,NA,"backup",0,0,NA
20262027,20262027,21,"COL",8475809,"Scott","Wedgewood","Scott Wedgewood","G","current_roster",TRUE,"2026-10-08T19:59:07.789Z","2026-10-08_195653_37835739986_1_ca01202e8937463db15cfdbde7e7456a",2026020064,"2026-10-08","2026-10-09T01:00:00Z","FUT","Flames","2026-10-08T19:59:06.862Z","https://www.nhl.com/news/nhl-lineup-projections-2026-27-season","2026-10-08",1,"matched",TRUE,1,NA,NA,"starter",0,0,NA
20262027,20262027,20,"CGY",8474150,"Mikael","Backlund","Mikael Backlund","F","current_roster",TRUE,"2026-10-08T19:59:08.883Z","2026-10-08_195653_37835739986_1_ca01202e8937463db15cfdbde7e7456a",2026020064,"2026-10-08","2026-10-09T01:00:00Z","FUT","Avalanche","2026-10-08T19:59:06.862Z","https://www.nhl.com/news/nhl-lineup-projections-2026-27-season","2026-10-08",1,"matched",TRUE,1,2,NA,NA,NA,0,NA
20262027,20262027,20,"CGY",8484154,"Jonathan","Castagna","Jonathan Castagna","F","current_roster",TRUE,"2026-10-08T19:59:08.885Z","2026-10-08_195653_37835739986_1_ca01202e8937463db15cfdbde7e7456a",2026020064,"2026-10-08","2026-10-09T01:00:00Z","FUT","Avalanche","2026-10-08T19:59:06.862Z","https://www.nhl.com/news/nhl-lineup-projections-2026-27-season","2026-10-08",1,"matched",TRUE,1,4,NA,NA,NA,0,NA
20262027,20262027,20,"CGY",8482679,"Matt","Coronato","Matt Coronato","F","current_roster",TRUE,"2026-10-08T19:59:08.887Z","2026-10-08_195653_37835739986_1_ca01202e8937463db15cfdbde7e7456a",2026020064,"2026-10-08","2026-10-09T01:00:00Z","FUT","Avalanche","2026-10-08T19:59:06.862Z","https://www.nhl.com/news/nhl-lineup-projections-2026-27-season","2026-10-08",1,"matched",TRUE,1,1,NA,NA,NA,0,NA
20262027,20262027,20,"CGY",8480797,"Joel","Farabee","Joel Farabee","F","current_roster",TRUE,"2026-10-08T19:59:08.888Z","2026-10-08_195653_37835739986_1_ca01202e8937463db15cfdbde7e7456a",2026020064,"2026-10-08","2026-10-09T01:00:00Z","FUT","Avalanche","2026-10-08T19:59:06.862Z","https://www.nhl.com/news/nhl-lineup-projections-2026-27-season","2026-10-08",1,"matched",TRUE,1,2,NA,NA,NA,0,NA
20262027,20262027,20,"CGY",8480028,"Morgan","Frost","Morgan Frost","F","current_roster",TRUE,"2026-10-08T19:59:08.890Z","2026-10-08_195653_37835739986_1_ca01202e8937463db15cfdbde7e7456a",2026020064,"2026-10-08","2026-10-09T01:00:00Z","FUT","Avalanche","2026-10-08T19:59:06.862Z","https://www.nhl.com/news/nhl-lineup-projections-2026-27-season","2026-10-08",1,"matched",TRUE,1,1,NA,NA,NA,0,NA
20262027,20262027,20,"CGY",8484860,"Matvei","Gridin","Matvei Gridin","F","current_roster",TRUE,"2026-10-08T19:59:08.892Z","2026-10-08_195653_37835739986_1_ca01202e8937463db15cfdbde7e7456a",2026020064,"2026-10-08","2026-10-09T01:00:00Z","FUT","Avalanche","2026-10-08T19:59:06.862Z","https://www.nhl.com/news/nhl-lineup-projections-2026-27-season","2026-10-08",1,"matched",TRUE,1,1,NA,NA,NA,0,NA
20262027,20262027,20,"CGY",8484180,"Samuel","Honzek","Samuel Honzek","F","current_roster",TRUE,"2026-10-08T19:59:08.894Z","2026-10-08_195653_37835739986_1_ca01202e8937463db15cfdbde7e7456a",2026020064,"2026-10-08","2026-10-09T01:00:00Z","FUT","Avalanche","2026-10-08T19:59:06.862Z","https://www.nhl.com/news/nhl-lineup-projections-2026-27-season","2026-10-08",1,"matched",TRUE,1,3,NA,NA,NA,0,NA
20262027,20262027,20,"CGY",8476456,"Jonathan","Huberdeau","Jonathan Huberdeau","F","current_roster",TRUE,"2026-10-08T19:59:08.896Z","2026-10-08_195653_37835739986_1_ca01202e8937463db15cfdbde7e7456a",2026020064,"2026-10-08","2026-10-09T01:00:00Z","FUT","Avalanche","2026-10-08T19:59:06.862Z","https://www.nhl.com/news/nhl-lineup-projections-2026-27-season","2026-10-08",1,"matched",TRUE,0,NA,NA,NA,NA,1,"hip"
20262027,20262027,20,"CGY",8483609,"Adam","Klapka","Adam Klapka","F","current_roster",TRUE,"2026-10-08T19:59:08.898Z","2026-10-08_195653_37835739986_1_ca01202e8937463db15cfdbde7e7456a",2026020064,"2026-10-08","2026-10-09T01:00:00Z","FUT","Avalanche","2026-10-08T19:59:06.862Z","https://www.nhl.com/news/nhl-lineup-projections-2026-27-season","2026-10-08",1,"matched",TRUE,1,4,NA,NA,NA,0,NA
20262027,20262027,20,"CGY",8482747,"Brennan","Othmann","Brennan Othmann","F","current_roster",TRUE,"2026-10-08T19:59:08.900Z","2026-10-08_195653_37835739986_1_ca01202e8937463db15cfdbde7e7456a",2026020064,"2026-10-08","2026-10-09T01:00:00Z","FUT","Avalanche","2026-10-08T19:59:06.862Z","https://www.nhl.com/news/nhl-lineup-projections-2026-27-season","2026-10-08",1,"matched",TRUE,0,NA,NA,NA,NA,0,NA
20262027,20262027,20,"CGY",8481028,"Martin","Pospisil","Martin Pospisil","F","current_roster",TRUE,"2026-10-08T19:59:08.905Z","2026-10-08_195653_37835739986_1_ca01202e8937463db15cfdbde7e7456a",2026020064,"2026-10-08","2026-10-09T01:00:00Z","FUT","Avalanche","2026-10-08T19:59:06.862Z","https://www.nhl.com/news/nhl-lineup-projections-2026-27-season","2026-10-08",1,"matched",TRUE,1,3,NA,NA,NA,0,NA
20262027,20262027,20,"CGY",8481068,"Yegor","Sharangovich","Yegor Sharangovich","F","current_roster",TRUE,"2026-10-08T19:59:08.907Z","2026-10-08_195653_37835739986_1_ca01202e8937463db15cfdbde7e7456a",2026020064,"2026-10-08","2026-10-09T01:00:00Z","FUT","Avalanche","2026-10-08T19:59:06.862Z","https://www.nhl.com/news/nhl-lineup-projections-2026-27-season","2026-10-08",1,"matched",TRUE,1,2,NA,NA,NA,0,NA
20262027,20262027,20,"CGY",8476458,"Ryan","Strome","Ryan Strome","F","current_roster",TRUE,"2026-10-08T19:59:08.909Z","2026-10-08_195653_37835739986_1_ca01202e8937463db15cfdbde7e7456a",2026020064,"2026-10-08","2026-10-09T01:00:00Z","FUT","Avalanche","2026-10-08T19:59:06.862Z","https://www.nhl.com/news/nhl-lineup-projections-2026-27-season","2026-10-08",1,"matched",TRUE,1,3,NA,NA,NA,0,NA
20262027,20262027,20,"CGY",8484234,"Aydar","Suniev","Aydar Suniev","F","current_roster",TRUE,"2026-10-08T19:59:08.911Z","2026-10-08_195653_37835739986_1_ca01202e8937463db15cfdbde7e7456a",2026020064,"2026-10-08","2026-10-09T01:00:00Z","FUT","Avalanche","2026-10-08T19:59:06.862Z","https://www.nhl.com/news/nhl-lineup-projections-2026-27-season","2026-10-08",1,"matched",TRUE,1,4,NA,NA,NA,0,NA
20262027,20262027,20,"CGY",8484958,"Maxim","Tsyplakov","Maxim Tsyplakov","F","current_roster",TRUE,"2026-10-08T19:59:08.913Z","2026-10-08_195653_37835739986_1_ca01202e8937463db15cfdbde7e7456a",2026020064,"2026-10-08","2026-10-09T01:00:00Z","FUT","Avalanche","2026-10-08T19:59:06.862Z","https://www.nhl.com/news/nhl-lineup-projections-2026-27-season","2026-10-08",1,"matched",TRUE,0,NA,NA,NA,NA,0,NA
20262027,20262027,20,"CGY",8480860,"Kevin","Bahl","Kevin Bahl","D","current_roster",TRUE,"2026-10-08T19:59:08.915Z","2026-10-08_195653_37835739986_1_ca01202e8937463db15cfdbde7e7456a",2026020064,"2026-10-08","2026-10-09T01:00:00Z","FUT","Avalanche","2026-10-08T19:59:06.862Z","https://www.nhl.com/news/nhl-lineup-projections-2026-27-season","2026-10-08",1,"matched",TRUE,1,NA,1,NA,NA,0,NA
20262027,20262027,20,"CGY",8477810,"Joel","Hanley","Joel Hanley","D","current_roster",TRUE,"2026-10-08T19:59:08.918Z","2026-10-08_195653_37835739986_1_ca01202e8937463db15cfdbde7e7456a",2026020064,"2026-10-08","2026-10-09T01:00:00Z","FUT","Avalanche","2026-10-08T19:59:06.862Z","https://www.nhl.com/news/nhl-lineup-projections-2026-27-season","2026-10-08",1,"matched",TRUE,0,NA,NA,NA,NA,0,NA
20262027,20262027,20,"CGY",8482165,"Yan","Kuznetsov","Yan Kuznetsov","D","current_roster",TRUE,"2026-10-08T19:59:08.920Z","2026-10-08_195653_37835739986_1_ca01202e8937463db15cfdbde7e7456a",2026020064,"2026-10-08","2026-10-09T01:00:00Z","FUT","Avalanche","2026-10-08T19:59:06.862Z","https://www.nhl.com/news/nhl-lineup-projections-2026-27-season","2026-10-08",1,"matched",TRUE,1,NA,2,NA,NA,0,NA
20262027,20262027,20,"CGY",8478136,"Jake","Middleton","Jake Middleton","D","current_roster",TRUE,"2026-10-08T19:59:08.922Z","2026-10-08_195653_37835739986_1_ca01202e8937463db15cfdbde7e7456a",2026020064,"2026-10-08","2026-10-09T01:00:00Z","FUT","Avalanche","2026-10-08T19:59:06.862Z","https://www.nhl.com/news/nhl-lineup-projections-2026-27-season","2026-10-08",1,"matched",TRUE,1,NA,3,NA,NA,0,NA
20262027,20262027,20,"CGY",8483495,"Simon","Nemec","Simon Nemec","D","current_roster",TRUE,"2026-10-08T19:59:08.924Z","2026-10-08_195653_37835739986_1_ca01202e8937463db15cfdbde7e7456a",2026020064,"2026-10-08","2026-10-09T01:00:00Z","FUT","Avalanche","2026-10-08T19:59:06.862Z","https://www.nhl.com/news/nhl-lineup-projections-2026-27-season","2026-10-08",1,"matched",TRUE,1,NA,2,NA,NA,0,NA
20262027,20262027,20,"CGY",8484768,"Zayne","Parekh","Zayne Parekh","D","current_roster",TRUE,"2026-10-08T19:59:08.926Z","2026-10-08_195653_37835739986_1_ca01202e8937463db15cfdbde7e7456a",2026020064,"2026-10-08","2026-10-09T01:00:00Z","FUT","Avalanche","2026-10-08T19:59:06.862Z","https://www.nhl.com/news/nhl-lineup-projections-2026-27-season","2026-10-08",1,"matched",TRUE,1,NA,3,NA,NA,0,NA
20262027,20262027,20,"CGY",8480727,"Zach","Whitecloud","Zach Whitecloud","D","current_roster",TRUE,"2026-10-08T19:59:08.928Z","2026-10-08_195653_37835739986_1_ca01202e8937463db15cfdbde7e7456a",2026020064,"2026-10-08","2026-10-09T01:00:00Z","FUT","Avalanche","2026-10-08T19:59:06.862Z","https://www.nhl.com/news/nhl-lineup-projections-2026-27-season","2026-10-08",1,"matched",TRUE,1,NA,1,NA,NA,0,NA
20262027,20262027,20,"CGY",8482445,"Devin","Cooley","Devin Cooley","G","current_roster",TRUE,"2026-10-08T19:59:08.930Z","2026-10-08_195653_37835739986_1_ca01202e8937463db15cfdbde7e7456a",2026020064,"2026-10-08","2026-10-09T01:00:00Z","FUT","Avalanche","2026-10-08T19:59:06.862Z","https://www.nhl.com/news/nhl-lineup-projections-2026-27-season","2026-10-08",1,"matched",TRUE,1,NA,NA,"starter",NA,0,NA
20262027,20262027,20,"CGY",8481692,"Dustin","Wolf","Dustin Wolf","G","current_roster",TRUE,"2026-10-08T19:59:08.932Z","2026-10-08_195653_37835739986_1_ca01202e8937463db15cfdbde7e7456a",2026020064,"2026-10-08","2026-10-09T01:00:00Z","FUT","Avalanche","2026-10-08T19:59:06.862Z","https://www.nhl.com/news/nhl-lineup-projections-2026-27-season","2026-10-08",1,"matched",TRUE,1,NA,NA,"backup",NA,0,NA
20262027,20262027,10,"TOR",8476927,"Teddy","Blueger","Teddy Blueger","F","current_roster",TRUE,"2026-10-08T19:59:08.725Z","2026-10-08_195653_37835739986_1_ca01202e8937463db15cfdbde7e7456a",2026020065,"2026-10-08","2026-10-09T02:00:00Z","FUT","Golden Knights","2026-10-08T19:59:06.862Z","https://www.nhl.com/news/nhl-lineup-projections-2026-27-season","2026-10-08",1,"matched",TRUE,1,4,NA,NA,0,NA,NA
20262027,20262027,10,"TOR",8484158,"Easton","Cowan","Easton Cowan","F","current_roster",TRUE,"2026-10-08T19:59:08.727Z","2026-10-08_195653_37835739986_1_ca01202e8937463db15cfdbde7e7456a",2026020065,"2026-10-08","2026-10-09T02:00:00Z","FUT","Golden Knights","2026-10-08T19:59:06.862Z","https://www.nhl.com/news/nhl-lineup-projections-2026-27-season","2026-10-08",1,"matched",TRUE,1,2,NA,NA,0,NA,NA
20262027,20262027,10,"TOR",8479520,"Brandon","Duhaime","Brandon Duhaime","F","current_roster",TRUE,"2026-10-08T19:59:08.729Z","2026-10-08_195653_37835739986_1_ca01202e8937463db15cfdbde7e7456a",2026020065,"2026-10-08","2026-10-09T02:00:00Z","FUT","Golden Knights","2026-10-08T19:59:06.862Z","https://www.nhl.com/news/nhl-lineup-projections-2026-27-season","2026-10-08",1,"matched",TRUE,1,4,NA,NA,0,NA,NA
20262027,20262027,10,"TOR",8480870,"Bo","Groulx","Bo Groulx","F","current_roster",TRUE,"2026-10-08T19:59:08.731Z","2026-10-08_195653_37835739986_1_ca01202e8937463db15cfdbde7e7456a",2026020065,"2026-10-08","2026-10-09T02:00:00Z","FUT","Golden Knights","2026-10-08T19:59:06.862Z","https://www.nhl.com/news/nhl-lineup-projections-2026-27-season","2026-10-08",1,"matched",TRUE,1,4,NA,NA,0,NA,NA
20262027,20262027,10,"TOR",8485467,"Luke","Haymes","Luke Haymes","F","current_roster",TRUE,"2026-10-08T19:59:08.733Z","2026-10-08_195653_37835739986_1_ca01202e8937463db15cfdbde7e7456a",2026020065,"2026-10-08","2026-10-09T02:00:00Z","FUT","Golden Knights","2026-10-08T19:59:06.862Z","https://www.nhl.com/news/nhl-lineup-projections-2026-27-season","2026-10-08",1,"matched",TRUE,0,NA,NA,NA,0,NA,NA
20262027,20262027,10,"TOR",8479772,"Zack","MacEwen","Zack MacEwen","F","current_roster",TRUE,"2026-10-08T19:59:08.735Z","2026-10-08_195653_37835739986_1_ca01202e8937463db15cfdbde7e7456a",2026020065,"2026-10-08","2026-10-09T02:00:00Z","FUT","Golden Knights","2026-10-08T19:59:06.862Z","https://www.nhl.com/news/nhl-lineup-projections-2026-27-season","2026-10-08",1,"matched",TRUE,0,NA,NA,NA,1,NA,NA
20262027,20262027,10,"TOR",8480893,"Kirill","Marchenko","Kirill Marchenko","F","current_roster",TRUE,"2026-10-08T19:59:08.737Z","2026-10-08_195653_37835739986_1_ca01202e8937463db15cfdbde7e7456a",2026020065,"2026-10-08","2026-10-09T02:00:00Z","FUT","Golden Knights","2026-10-08T19:59:06.862Z","https://www.nhl.com/news/nhl-lineup-projections-2026-27-season","2026-10-08",1,"matched",TRUE,1,1,NA,NA,0,NA,NA
20262027,20262027,10,"TOR",8479318,"Auston","Matthews","Auston Matthews","F","current_roster",TRUE,"2026-10-08T19:59:08.739Z","2026-10-08_195653_37835739986_1_ca01202e8937463db15cfdbde7e7456a",2026020065,"2026-10-08","2026-10-09T02:00:00Z","FUT","Golden Knights","2026-10-08T19:59:06.862Z","https://www.nhl.com/news/nhl-lineup-projections-2026-27-season","2026-10-08",1,"matched",TRUE,1,1,NA,NA,0,NA,NA
20262027,20262027,10,"TOR",8486067,"Gavin","McKenna","Gavin McKenna","F","current_roster",TRUE,"2026-10-08T19:59:08.741Z","2026-10-08_195653_37835739986_1_ca01202e8937463db15cfdbde7e7456a",2026020065,"2026-10-08","2026-10-09T02:00:00Z","FUT","Golden Knights","2026-10-08T19:59:06.862Z","https://www.nhl.com/news/nhl-lineup-projections-2026-27-season","2026-10-08",1,"matched",TRUE,1,3,NA,NA,0,NA,NA
20262027,20262027,10,"TOR",8477939,"William","Nylander","William Nylander","F","current_roster",TRUE,"2026-10-08T19:59:08.743Z","2026-10-08_195653_37835739986_1_ca01202e8937463db15cfdbde7e7456a",2026020065,"2026-10-08","2026-10-09T02:00:00Z","FUT","Golden Knights","2026-10-08T19:59:06.862Z","https://www.nhl.com/news/nhl-lineup-projections-2026-27-season","2026-10-08",1,"matched",TRUE,1,2,NA,NA,0,NA,NA
20262027,20262027,10,"TOR",8477426,"Nick","Paul","Nick Paul","F","current_roster",TRUE,"2026-10-08T19:59:08.745Z","2026-10-08_195653_37835739986_1_ca01202e8937463db15cfdbde7e7456a",2026020065,"2026-10-08","2026-10-09T02:00:00Z","FUT","Golden Knights","2026-10-08T19:59:06.862Z","https://www.nhl.com/news/nhl-lineup-projections-2026-27-season","2026-10-08",1,"matched",TRUE,1,3,NA,NA,0,NA,NA
20262027,20262027,10,"TOR",8478458,"Jack","Roslovic","Jack Roslovic","F","current_roster",TRUE,"2026-10-08T19:59:08.747Z","2026-10-08_195653_37835739986_1_ca01202e8937463db15cfdbde7e7456a",2026020065,"2026-10-08","2026-10-09T02:00:00Z","FUT","Golden Knights","2026-10-08T19:59:06.862Z","https://www.nhl.com/news/nhl-lineup-projections-2026-27-season","2026-10-08",1,"matched",TRUE,1,1,NA,NA,0,NA,NA
20262027,20262027,10,"TOR",8476925,"Colton","Sissons","Colton Sissons","F","current_roster",TRUE,"2026-10-08T19:59:08.749Z","2026-10-08_195653_37835739986_1_ca01202e8937463db15cfdbde7e7456a",2026020065,"2026-10-08","2026-10-09T02:00:00Z","FUT","Golden Knights","2026-10-08T19:59:06.862Z","https://www.nhl.com/news/nhl-lineup-projections-2026-27-season","2026-10-08",1,"matched",TRUE,1,3,NA,NA,0,NA,NA
20262027,20262027,10,"TOR",8475166,"John","Tavares","John Tavares","F","current_roster",TRUE,"2026-10-08T19:59:08.751Z","2026-10-08_195653_37835739986_1_ca01202e8937463db15cfdbde7e7456a",2026020065,"2026-10-08","2026-10-09T02:00:00Z","FUT","Golden Knights","2026-10-08T19:59:06.862Z","https://www.nhl.com/news/nhl-lineup-projections-2026-27-season","2026-10-08",1,"matched",TRUE,1,2,NA,NA,0,NA,NA
20262027,20262027,10,"TOR",8483565,"Nick","Blankenburg","Nick Blankenburg","D","current_roster",TRUE,"2026-10-08T19:59:08.753Z","2026-10-08_195653_37835739986_1_ca01202e8937463db15cfdbde7e7456a",2026020065,"2026-10-08","2026-10-09T02:00:00Z","FUT","Golden Knights","2026-10-08T19:59:06.862Z","https://www.nhl.com/news/nhl-lineup-projections-2026-27-season","2026-10-08",1,"matched",TRUE,0,NA,NA,NA,1,NA,NA
20262027,20262027,10,"TOR",8475171,"Oliver","Ekman-Larsson","Oliver Ekman-Larsson","D","current_roster",TRUE,"2026-10-08T19:59:08.755Z","2026-10-08_195653_37835739986_1_ca01202e8937463db15cfdbde7e7456a",2026020065,"2026-10-08","2026-10-09T02:00:00Z","FUT","Golden Knights","2026-10-08T19:59:06.862Z","https://www.nhl.com/news/nhl-lineup-projections-2026-27-season","2026-10-08",1,"matched",TRUE,1,NA,3,NA,0,NA,NA
20262027,20262027,10,"TOR",8476931,"Jake","McCabe","Jake McCabe","D","current_roster",TRUE,"2026-10-08T19:59:08.757Z","2026-10-08_195653_37835739986_1_ca01202e8937463db15cfdbde7e7456a",2026020065,"2026-10-08","2026-10-09T02:00:00Z","FUT","Golden Knights","2026-10-08T19:59:06.862Z","https://www.nhl.com/news/nhl-lineup-projections-2026-27-season","2026-10-08",1,"matched",TRUE,1,NA,2,NA,0,NA,NA
20262027,20262027,10,"TOR",8478178,"Darren","Raddysh","Darren Raddysh","D","current_roster",TRUE,"2026-10-08T19:59:08.759Z","2026-10-08_195653_37835739986_1_ca01202e8937463db15cfdbde7e7456a",2026020065,"2026-10-08","2026-10-09T02:00:00Z","FUT","Golden Knights","2026-10-08T19:59:06.862Z","https://www.nhl.com/news/nhl-lineup-projections-2026-27-season","2026-10-08",1,"matched",TRUE,1,NA,1,NA,0,NA,NA
20262027,20262027,10,"TOR",8476853,"Morgan","Rielly","Morgan Rielly","D","current_roster",TRUE,"2026-10-08T19:59:08.761Z","2026-10-08_195653_37835739986_1_ca01202e8937463db15cfdbde7e7456a",2026020065,"2026-10-08","2026-10-09T02:00:00Z","FUT","Golden Knights","2026-10-08T19:59:06.862Z","https://www.nhl.com/news/nhl-lineup-projections-2026-27-season","2026-10-08",1,"matched",TRUE,1,NA,1,NA,0,NA,NA
20262027,20262027,10,"TOR",8479442,"Troy","Stecher","Troy Stecher","D","current_roster",TRUE,"2026-10-08T19:59:08.763Z","2026-10-08_195653_37835739986_1_ca01202e8937463db15cfdbde7e7456a",2026020065,"2026-10-08","2026-10-09T02:00:00Z","FUT","Golden Knights","2026-10-08T19:59:06.862Z","https://www.nhl.com/news/nhl-lineup-projections-2026-27-season","2026-10-08",1,"matched",TRUE,1,NA,3,NA,0,NA,NA
20262027,20262027,10,"TOR",8475690,"Chris","Tanev","Chris Tanev","D","current_roster",TRUE,"2026-10-08T19:59:08.765Z","2026-10-08_195653_37835739986_1_ca01202e8937463db15cfdbde7e7456a",2026020065,"2026-10-08","2026-10-09T02:00:00Z","FUT","Golden Knights","2026-10-08T19:59:06.862Z","https://www.nhl.com/news/nhl-lineup-projections-2026-27-season","2026-10-08",1,"matched",TRUE,1,NA,2,NA,0,NA,NA
20262027,20262027,10,"TOR",8475683,"Sergei","Bobrovsky","Sergei Bobrovsky","G","current_roster",TRUE,"2026-10-08T19:59:08.767Z","2026-10-08_195653_37835739986_1_ca01202e8937463db15cfdbde7e7456a",2026020065,"2026-10-08","2026-10-09T02:00:00Z","FUT","Golden Knights","2026-10-08T19:59:06.862Z","https://www.nhl.com/news/nhl-lineup-projections-2026-27-season","2026-10-08",1,"matched",TRUE,1,NA,NA,"starter",0,NA,NA
20262027,20262027,10,"TOR",8476932,"Anthony","Stolarz","Anthony Stolarz","G","current_roster",TRUE,"2026-10-08T19:59:08.769Z","2026-10-08_195653_37835739986_1_ca01202e8937463db15cfdbde7e7456a",2026020065,"2026-10-08","2026-10-09T02:00:00Z","FUT","Golden Knights","2026-10-08T19:59:06.862Z","https://www.nhl.com/news/nhl-lineup-projections-2026-27-season","2026-10-08",1,"matched",TRUE,1,NA,NA,"backup",0,NA,NA
20262027,20262027,54,"VGK",8477964,"Ivan","Barbashev","Ivan Barbashev","F","current_roster",TRUE,"2026-10-08T19:59:08.834Z","2026-10-08_195653_37835739986_1_ca01202e8937463db15cfdbde7e7456a",2026020065,"2026-10-08","2026-10-09T02:00:00Z","FUT","Maple Leafs","2026-10-08T19:59:06.862Z","https://www.nhl.com/news/nhl-lineup-projections-2026-27-season","2026-10-08",1,"matched",TRUE,1,1,NA,NA,0,0,NA
20262027,20262027,54,"VGK",8483890,"Braeden","Bowman","Braeden Bowman","F","current_roster",TRUE,"2026-10-08T19:59:08.836Z","2026-10-08_195653_37835739986_1_ca01202e8937463db15cfdbde7e7456a",2026020065,"2026-10-08","2026-10-09T02:00:00Z","FUT","Maple Leafs","2026-10-08T19:59:06.862Z","https://www.nhl.com/news/nhl-lineup-projections-2026-27-season","2026-10-08",1,"matched",TRUE,1,4,NA,NA,0,0,NA
20262027,20262027,54,"VGK",8484803,"Trevor","Connelly","Trevor Connelly","F","current_roster",TRUE,"2026-10-08T19:59:08.838Z","2026-10-08_195653_37835739986_1_ca01202e8937463db15cfdbde7e7456a",2026020065,"2026-10-08","2026-10-09T02:00:00Z","FUT","Maple Leafs","2026-10-08T19:59:06.862Z","https://www.nhl.com/news/nhl-lineup-projections-2026-27-season","2026-10-08",1,"matched",TRUE,1,3,NA,NA,0,0,NA
20262027,20262027,54,"VGK",8475343,"Nic","Dowd","Nic Dowd","F","current_roster",TRUE,"2026-10-08T19:59:08.843Z","2026-10-08_195653_37835739986_1_ca01202e8937463db15cfdbde7e7456a",2026020065,"2026-10-08","2026-10-09T02:00:00Z","FUT","Maple Leafs","2026-10-08T19:59:06.862Z","https://www.nhl.com/news/nhl-lineup-projections-2026-27-season","2026-10-08",1,"matched",TRUE,1,4,NA,NA,0,0,NA
20262027,20262027,54,"VGK",8478403,"Jack","Eichel","Jack Eichel","F","current_roster",TRUE,"2026-10-08T19:59:08.845Z","2026-10-08_195653_37835739986_1_ca01202e8937463db15cfdbde7e7456a",2026020065,"2026-10-08","2026-10-09T02:00:00Z","FUT","Maple Leafs","2026-10-08T19:59:06.862Z","https://www.nhl.com/news/nhl-lineup-projections-2026-27-season","2026-10-08",1,"matched",TRUE,1,1,NA,NA,0,0,NA
20262027,20262027,54,"VGK",8483553,"Marc","Gatcomb","Marc Gatcomb","F","current_roster",TRUE,"2026-10-08T19:59:08.847Z","2026-10-08_195653_37835739986_1_ca01202e8937463db15cfdbde7e7456a",2026020065,"2026-10-08","2026-10-09T02:00:00Z","FUT","Maple Leafs","2026-10-08T19:59:06.862Z","https://www.nhl.com/news/nhl-lineup-projections-2026-27-season","2026-10-08",1,"matched",TRUE,1,4,NA,NA,0,0,NA
20262027,20262027,54,"VGK",8476881,"Tomas","Hertl","Tomas Hertl","F","current_roster",TRUE,"2026-10-08T19:59:08.849Z","2026-10-08_195653_37835739986_1_ca01202e8937463db15cfdbde7e7456a",2026020065,"2026-10-08","2026-10-09T02:00:00Z","FUT","Maple Leafs","2026-10-08T19:59:06.862Z","https://www.nhl.com/news/nhl-lineup-projections-2026-27-season","2026-10-08",1,"matched",TRUE,1,3,NA,NA,0,0,NA
20262027,20262027,54,"VGK",8479353,"Brett","Howden","Brett Howden","F","current_roster",TRUE,"2026-10-08T19:59:08.851Z","2026-10-08_195653_37835739986_1_ca01202e8937463db15cfdbde7e7456a",2026020065,"2026-10-08","2026-10-09T02:00:00Z","FUT","Maple Leafs","2026-10-08T19:59:06.862Z","https://www.nhl.com/news/nhl-lineup-projections-2026-27-season","2026-10-08",1,"matched",TRUE,1,2,NA,NA,0,0,NA
20262027,20262027,54,"VGK",8476448,"William","Karlsson","William Karlsson","F","current_roster",TRUE,"2026-10-08T19:59:08.853Z","2026-10-08_195653_37835739986_1_ca01202e8937463db15cfdbde7e7456a",2026020065,"2026-10-08","2026-10-09T02:00:00Z","FUT","Maple Leafs","2026-10-08T19:59:06.862Z","https://www.nhl.com/news/nhl-lineup-projections-2026-27-season","2026-10-08",1,"matched",TRUE,1,2,NA,NA,0,0,NA
20262027,20262027,54,"VGK",8481534,"Raphael","Lavoie","Raphael Lavoie","F","current_roster",TRUE,"2026-10-08T19:59:08.855Z","2026-10-08_195653_37835739986_1_ca01202e8937463db15cfdbde7e7456a",2026020065,"2026-10-08","2026-10-09T02:00:00Z","FUT","Maple Leafs","2026-10-08T19:59:06.862Z","https://www.nhl.com/news/nhl-lineup-projections-2026-27-season","2026-10-08",1,"matched",TRUE,1,3,NA,NA,0,0,NA
20262027,20262027,54,"VGK",8478483,"Mitch","Marner","Mitch Marner","F","current_roster",TRUE,"2026-10-08T19:59:08.857Z","2026-10-08_195653_37835739986_1_ca01202e8937463db15cfdbde7e7456a",2026020065,"2026-10-08","2026-10-09T02:00:00Z","FUT","Maple Leafs","2026-10-08T19:59:06.862Z","https://www.nhl.com/news/nhl-lineup-projections-2026-27-season","2026-10-08",1,"matched",TRUE,1,2,NA,NA,0,0,NA
20262027,20262027,54,"VGK",8478109,"Victor","Olofsson","Victor Olofsson","F","current_roster",TRUE,"2026-10-08T19:59:08.859Z","2026-10-08_195653_37835739986_1_ca01202e8937463db15cfdbde7e7456a",2026020065,"2026-10-08","2026-10-09T02:00:00Z","FUT","Maple Leafs","2026-10-08T19:59:06.862Z","https://www.nhl.com/news/nhl-lineup-projections-2026-27-season","2026-10-08",1,"matched",TRUE,0,NA,NA,NA,0,1,"undisclosed"
20262027,20262027,54,"VGK",8475913,"Mark","Stone","Mark Stone","F","current_roster",TRUE,"2026-10-08T19:59:08.861Z","2026-10-08_195653_37835739986_1_ca01202e8937463db15cfdbde7e7456a",2026020065,"2026-10-08","2026-10-09T02:00:00Z","FUT","Maple Leafs","2026-10-08T19:59:06.862Z","https://www.nhl.com/news/nhl-lineup-projections-2026-27-season","2026-10-08",1,"matched",TRUE,1,1,NA,NA,0,0,NA
20262027,20262027,54,"VGK",8478397,"Rasmus","Andersson","Rasmus Andersson","D","current_roster",TRUE,"2026-10-08T19:59:08.863Z","2026-10-08_195653_37835739986_1_ca01202e8937463db15cfdbde7e7456a",2026020065,"2026-10-08","2026-10-09T02:00:00Z","FUT","Maple Leafs","2026-10-08T19:59:06.862Z","https://www.nhl.com/news/nhl-lineup-projections-2026-27-season","2026-10-08",1,"matched",TRUE,1,NA,2,NA,0,0,NA
20262027,20262027,54,"VGK",8479639,"Dylan","Coghlan","Dylan Coghlan","D","current_roster",TRUE,"2026-10-08T19:59:08.865Z","2026-10-08_195653_37835739986_1_ca01202e8937463db15cfdbde7e7456a",2026020065,"2026-10-08","2026-10-09T02:00:00Z","FUT","Maple Leafs","2026-10-08T19:59:06.862Z","https://www.nhl.com/news/nhl-lineup-projections-2026-27-season","2026-10-08",1,"matched",TRUE,0,NA,NA,NA,1,0,NA
20262027,20262027,54,"VGK",8478396,"Noah","Hanifin","Noah Hanifin","D","current_roster",TRUE,"2026-10-08T19:59:08.867Z","2026-10-08_195653_37835739986_1_ca01202e8937463db15cfdbde7e7456a",2026020065,"2026-10-08","2026-10-09T02:00:00Z","FUT","Maple Leafs","2026-10-08T19:59:06.862Z","https://www.nhl.com/news/nhl-lineup-projections-2026-27-season","2026-10-08",1,"matched",TRUE,1,NA,3,NA,0,0,NA
20262027,20262027,54,"VGK",8478468,"Jeremy","Lauzon","Jeremy Lauzon","D","current_roster",TRUE,"2026-10-08T19:59:08.870Z","2026-10-08_195653_37835739986_1_ca01202e8937463db15cfdbde7e7456a",2026020065,"2026-10-08","2026-10-09T02:00:00Z","FUT","Maple Leafs","2026-10-08T19:59:06.862Z","https://www.nhl.com/news/nhl-lineup-projections-2026-27-season","2026-10-08",1,"matched",TRUE,1,NA,3,NA,0,0,NA
20262027,20262027,54,"VGK",8475188,"Brayden","McNabb","Brayden McNabb","D","current_roster",TRUE,"2026-10-08T19:59:08.872Z","2026-10-08_195653_37835739986_1_ca01202e8937463db15cfdbde7e7456a",2026020065,"2026-10-08","2026-10-09T02:00:00Z","FUT","Maple Leafs","2026-10-08T19:59:06.862Z","https://www.nhl.com/news/nhl-lineup-projections-2026-27-season","2026-10-08",1,"matched",TRUE,1,NA,1,NA,0,0,NA
20262027,20262027,54,"VGK",8477447,"Shea","Theodore","Shea Theodore","D","current_roster",TRUE,"2026-10-08T19:59:08.874Z","2026-10-08_195653_37835739986_1_ca01202e8937463db15cfdbde7e7456a",2026020065,"2026-10-08","2026-10-09T02:00:00Z","FUT","Maple Leafs","2026-10-08T19:59:06.862Z","https://www.nhl.com/news/nhl-lineup-projections-2026-27-season","2026-10-08",1,"matched",TRUE,1,NA,1,NA,0,0,NA
20262027,20262027,54,"VGK",8478450,"Parker","Wotherspoon","Parker Wotherspoon","D","current_roster",TRUE,"2026-10-08T19:59:08.875Z","2026-10-08_195653_37835739986_1_ca01202e8937463db15cfdbde7e7456a",2026020065,"2026-10-08","2026-10-09T02:00:00Z","FUT","Maple Leafs","2026-10-08T19:59:06.862Z","https://www.nhl.com/news/nhl-lineup-projections-2026-27-season","2026-10-08",1,"matched",TRUE,1,NA,2,NA,0,0,NA
20262027,20262027,54,"VGK",8479394,"Carter","Hart","Carter Hart","G","current_roster",TRUE,"2026-10-08T19:59:08.878Z","2026-10-08_195653_37835739986_1_ca01202e8937463db15cfdbde7e7456a",2026020065,"2026-10-08","2026-10-09T02:00:00Z","FUT","Maple Leafs","2026-10-08T19:59:06.862Z","https://www.nhl.com/news/nhl-lineup-projections-2026-27-season","2026-10-08",1,"matched",TRUE,1,NA,NA,"backup",0,0,NA
20262027,20262027,54,"VGK",8478499,"Adin","Hill","Adin Hill","G","current_roster",TRUE,"2026-10-08T19:59:08.880Z","2026-10-08_195653_37835739986_1_ca01202e8937463db15cfdbde7e7456a",2026020065,"2026-10-08","2026-10-09T02:00:00Z","FUT","Maple Leafs","2026-10-08T19:59:06.862Z","https://www.nhl.com/news/nhl-lineup-projections-2026-27-season","2026-10-08",1,"matched",TRUE,1,NA,NA,"starter",0,0,NA
