"season","roster_season","teamId","team_abbrev","playerId","first_name","last_name","player_name","position","roster_source","is_current_roster","directory_observed_at","observation_id","game_id","game_date","startTimeUTC","gameState","opponent_label","retrieved_at","source_url","article_date","schema_version","projection_status","eligible_for_backtest","in_projected_lineup","forward_line","defense_pairs","goalie_role","scratched","injured","injury_detail"
20262027,20262027,1,"NJD",8480003,"Jesper","Boqvist","Jesper Boqvist","F","current_roster",TRUE,"2026-10-10T18:03:40.757Z","2026-10-10_180157_38074132924_1_17a65d0afd5e42418df207b044e3357a",2026020071,"2026-10-10","2026-10-10T19:30:00Z","FUT","Canucks","2026-10-10T18:03:39.882Z","https://www.nhl.com/news/nhl-lineup-projections-2026-27-season","2026-10-10",1,"matched",TRUE,1,4,NA,NA,0,NA,NA
20262027,20262027,1,"NJD",8479407,"Jesper","Bratt","Jesper Bratt","F","current_roster",TRUE,"2026-10-10T18:03:40.759Z","2026-10-10_180157_38074132924_1_17a65d0afd5e42418df207b044e3357a",2026020071,"2026-10-10","2026-10-10T19:30:00Z","FUT","Canucks","2026-10-10T18:03:39.882Z","https://www.nhl.com/news/nhl-lineup-projections-2026-27-season","2026-10-10",1,"matched",TRUE,1,2,NA,NA,0,NA,NA
20262027,20262027,1,"NJD",8477015,"Connor","Brown","Connor Brown","F","current_roster",TRUE,"2026-10-10T18:03:40.761Z","2026-10-10_180157_38074132924_1_17a65d0afd5e42418df207b044e3357a",2026020071,"2026-10-10","2026-10-10T19:30:00Z","FUT","Canucks","2026-10-10T18:03:39.882Z","https://www.nhl.com/news/nhl-lineup-projections-2026-27-season","2026-10-10",1,"matched",TRUE,0,NA,NA,NA,0,NA,"lower body"
20262027,20262027,1,"NJD",8482146,"Luke","Evangelista","Luke Evangelista","F","current_roster",TRUE,"2026-10-10T18:03:40.763Z","2026-10-10_180157_38074132924_1_17a65d0afd5e42418df207b044e3357a",2026020071,"2026-10-10","2026-10-10T19:30:00Z","FUT","Canucks","2026-10-10T18:03:39.882Z","https://www.nhl.com/news/nhl-lineup-projections-2026-27-season","2026-10-10",1,"matched",TRUE,1,1,NA,NA,0,NA,NA
20262027,20262027,1,"NJD",8479996,"Cody","Glass","Cody Glass","F","current_roster",TRUE,"2026-10-10T18:03:40.765Z","2026-10-10_180157_38074132924_1_17a65d0afd5e42418df207b044e3357a",2026020071,"2026-10-10","2026-10-10T19:30:00Z","FUT","Canucks","2026-10-10T18:03:39.882Z","https://www.nhl.com/news/nhl-lineup-projections-2026-27-season","2026-10-10",1,"matched",TRUE,1,4,NA,NA,0,NA,NA
20262027,20262027,1,"NJD",8481721,"Arseny","Gritsyuk","Arseny Gritsyuk","F","current_roster",TRUE,"2026-10-10T18:03:40.767Z","2026-10-10_180157_38074132924_1_17a65d0afd5e42418df207b044e3357a",2026020071,"2026-10-10","2026-10-10T19:30:00Z","FUT","Canucks","2026-10-10T18:03:39.882Z","https://www.nhl.com/news/nhl-lineup-projections-2026-27-season","2026-10-10",1,"matched",TRUE,1,3,NA,NA,0,NA,NA
20262027,20262027,1,"NJD",8480002,"Nico","Hischier","Nico Hischier","F","current_roster",TRUE,"2026-10-10T18:03:40.769Z","2026-10-10_180157_38074132924_1_17a65d0afd5e42418df207b044e3357a",2026020071,"2026-10-10","2026-10-10T19:30:00Z","FUT","Canucks","2026-10-10T18:03:39.882Z","https://www.nhl.com/news/nhl-lineup-projections-2026-27-season","2026-10-10",1,"matched",TRUE,1,1,NA,NA,0,NA,NA
20262027,20262027,1,"NJD",8481559,"Jack","Hughes","Jack Hughes","F","current_roster",TRUE,"2026-10-10T18:03:40.771Z","2026-10-10_180157_38074132924_1_17a65d0afd5e42418df207b044e3357a",2026020071,"2026-10-10","2026-10-10T19:30:00Z","FUT","Canucks","2026-10-10T18:03:39.882Z","https://www.nhl.com/news/nhl-lineup-projections-2026-27-season","2026-10-10",1,"matched",TRUE,1,2,NA,NA,0,NA,NA
20262027,20262027,1,"NJD",8483695,"Amadeus","Lombardi","Amadeus Lombardi","F","current_roster",TRUE,"2026-10-10T18:03:40.773Z","2026-10-10_180157_38074132924_1_17a65d0afd5e42418df207b044e3357a",2026020071,"2026-10-10","2026-10-10T19:30:00Z","FUT","Canucks","2026-10-10T18:03:39.882Z","https://www.nhl.com/news/nhl-lineup-projections-2026-27-season","2026-10-10",1,"matched",TRUE,1,4,NA,NA,0,NA,NA
20262027,20262027,1,"NJD",8477511,"Anthony","Mantha","Anthony Mantha","F","current_roster",TRUE,"2026-10-10T18:03:40.775Z","2026-10-10_180157_38074132924_1_17a65d0afd5e42418df207b044e3357a",2026020071,"2026-10-10","2026-10-10T19:30:00Z","FUT","Canucks","2026-10-10T18:03:39.882Z","https://www.nhl.com/news/nhl-lineup-projections-2026-27-season","2026-10-10",1,"matched",TRUE,1,2,NA,NA,0,NA,NA
20262027,20262027,1,"NJD",8478414,"Timo","Meier","Timo Meier","F","current_roster",TRUE,"2026-10-10T18:03:40.777Z","2026-10-10_180157_38074132924_1_17a65d0afd5e42418df207b044e3357a",2026020071,"2026-10-10","2026-10-10T19:30:00Z","FUT","Canucks","2026-10-10T18:03:39.882Z","https://www.nhl.com/news/nhl-lineup-projections-2026-27-season","2026-10-10",1,"matched",TRUE,1,1,NA,NA,0,NA,NA
20262027,20262027,1,"NJD",8482110,"Dawson","Mercer","Dawson Mercer","F","current_roster",TRUE,"2026-10-10T18:03:40.779Z","2026-10-10_180157_38074132924_1_17a65d0afd5e42418df207b044e3357a",2026020071,"2026-10-10","2026-10-10T19:30:00Z","FUT","Canucks","2026-10-10T18:03:39.882Z","https://www.nhl.com/news/nhl-lineup-projections-2026-27-season","2026-10-10",1,"matched",TRUE,1,3,NA,NA,0,NA,NA
20262027,20262027,1,"NJD",8476474,"Stefan","Noesen","Stefan Noesen","F","current_roster",TRUE,"2026-10-10T18:03:40.781Z","2026-10-10_180157_38074132924_1_17a65d0afd5e42418df207b044e3357a",2026020071,"2026-10-10","2026-10-10T19:30:00Z","FUT","Canucks","2026-10-10T18:03:39.882Z","https://www.nhl.com/news/nhl-lineup-projections-2026-27-season","2026-10-10",1,"matched",TRUE,0,NA,NA,NA,0,NA,NA
20262027,20262027,1,"NJD",8478542,"Evan","Rodrigues","Evan Rodrigues","F","current_roster",TRUE,"2026-10-10T18:03:40.783Z","2026-10-10_180157_38074132924_1_17a65d0afd5e42418df207b044e3357a",2026020071,"2026-10-10","2026-10-10T19:30:00Z","FUT","Canucks","2026-10-10T18:03:39.882Z","https://www.nhl.com/news/nhl-lineup-projections-2026-27-season","2026-10-10",1,"matched",TRUE,1,3,NA,NA,0,NA,NA
20262027,20262027,1,"NJD",8480990,"Declan","Chisholm","Declan Chisholm","D","current_roster",TRUE,"2026-10-10T18:03:40.785Z","2026-10-10_180157_38074132924_1_17a65d0afd5e42418df207b044e3357a",2026020071,"2026-10-10","2026-10-10T19:30:00Z","FUT","Canucks","2026-10-10T18:03:39.882Z","https://www.nhl.com/news/nhl-lineup-projections-2026-27-season","2026-10-10",1,"matched",TRUE,1,NA,3,NA,0,NA,NA
20262027,20262027,1,"NJD",8475455,"Brenden","Dillon","Brenden Dillon","D","current_roster",TRUE,"2026-10-10T18:03:40.787Z","2026-10-10_180157_38074132924_1_17a65d0afd5e42418df207b044e3357a",2026020071,"2026-10-10","2026-10-10T19:30:00Z","FUT","Canucks","2026-10-10T18:03:39.882Z","https://www.nhl.com/news/nhl-lineup-projections-2026-27-season","2026-10-10",1,"matched",TRUE,1,NA,3,NA,0,NA,NA
20262027,20262027,1,"NJD",8476462,"Dougie","Hamilton","Dougie Hamilton","D","current_roster",TRUE,"2026-10-10T18:03:40.789Z","2026-10-10_180157_38074132924_1_17a65d0afd5e42418df207b044e3357a",2026020071,"2026-10-10","2026-10-10T19:30:00Z","FUT","Canucks","2026-10-10T18:03:39.882Z","https://www.nhl.com/news/nhl-lineup-projections-2026-27-season","2026-10-10",1,"matched",TRUE,1,NA,2,NA,0,NA,NA
20262027,20262027,1,"NJD",8482684,"Luke","Hughes","Luke Hughes","D","current_roster",TRUE,"2026-10-10T18:03:40.791Z","2026-10-10_180157_38074132924_1_17a65d0afd5e42418df207b044e3357a",2026020071,"2026-10-10","2026-10-10T19:30:00Z","FUT","Canucks","2026-10-10T18:03:39.882Z","https://www.nhl.com/news/nhl-lineup-projections-2026-27-season","2026-10-10",1,"matched",TRUE,1,NA,1,NA,0,NA,NA
20262027,20262027,1,"NJD",8480192,"Johnathan","Kovacevic","Johnathan Kovacevic","D","current_roster",TRUE,"2026-10-10T18:03:40.793Z","2026-10-10_180157_38074132924_1_17a65d0afd5e42418df207b044e3357a",2026020071,"2026-10-10","2026-10-10T19:30:00Z","FUT","Canucks","2026-10-10T18:03:39.882Z","https://www.nhl.com/news/nhl-lineup-projections-2026-27-season","2026-10-10",1,"matched",TRUE,0,NA,NA,NA,0,NA,"upper body"
20262027,20262027,1,"NJD",8477488,"Brett","Pesce","Brett Pesce","D","current_roster",TRUE,"2026-10-10T18:03:40.798Z","2026-10-10_180157_38074132924_1_17a65d0afd5e42418df207b044e3357a",2026020071,"2026-10-10","2026-10-10T19:30:00Z","FUT","Canucks","2026-10-10T18:03:39.882Z","https://www.nhl.com/news/nhl-lineup-projections-2026-27-season","2026-10-10",1,"matched",TRUE,1,NA,1,NA,0,NA,NA
20262027,20262027,1,"NJD",8478399,"Jonas","Siegenthaler","Jonas Siegenthaler","D","current_roster",TRUE,"2026-10-10T18:03:40.800Z","2026-10-10_180157_38074132924_1_17a65d0afd5e42418df207b044e3357a",2026020071,"2026-10-10","2026-10-10T19:30:00Z","FUT","Canucks","2026-10-10T18:03:39.882Z","https://www.nhl.com/news/nhl-lineup-projections-2026-27-season","2026-10-10",1,"matched",TRUE,1,NA,2,NA,0,NA,NA
20262027,20262027,1,"NJD",8474596,"Jake","Allen","Jake Allen","G","current_roster",TRUE,"2026-10-10T18:03:40.803Z","2026-10-10_180157_38074132924_1_17a65d0afd5e42418df207b044e3357a",2026020071,"2026-10-10","2026-10-10T19:30:00Z","FUT","Canucks","2026-10-10T18:03:39.882Z","https://www.nhl.com/news/nhl-lineup-projections-2026-27-season","2026-10-10",1,"matched",TRUE,1,NA,NA,"starter",0,NA,NA
20262027,20262027,1,"NJD",8482076,"Nico","Daws","Nico Daws","G","current_roster",TRUE,"2026-10-10T18:03:40.805Z","2026-10-10_180157_38074132924_1_17a65d0afd5e42418df207b044e3357a",2026020071,"2026-10-10","2026-10-10T19:30:00Z","FUT","Canucks","2026-10-10T18:03:39.882Z","https://www.nhl.com/news/nhl-lineup-projections-2026-27-season","2026-10-10",1,"matched",TRUE,1,NA,NA,"backup",0,NA,NA
20262027,20262027,1,"NJD",8482465,"Rémi","Poirier","Rémi Poirier","G","current_roster",TRUE,"2026-10-10T18:03:40.807Z","2026-10-10_180157_38074132924_1_17a65d0afd5e42418df207b044e3357a",2026020071,"2026-10-10","2026-10-10T19:30:00Z","FUT","Canucks","2026-10-10T18:03:39.882Z","https://www.nhl.com/news/nhl-lineup-projections-2026-27-season","2026-10-10",1,"matched",TRUE,0,NA,NA,NA,1,NA,NA
20262027,20262027,22,"EDM",8482703,"Colton","Dach","Colton Dach","F","current_roster",TRUE,"2026-10-10T18:03:41.927Z","2026-10-10_180157_38074132924_1_17a65d0afd5e42418df207b044e3357a",2026020072,"2026-10-10","2026-10-10T20:00:00Z","FUT","Sharks","2026-10-10T18:03:39.882Z","https://www.nhl.com/news/nhl-lineup-projections-2026-27-season","2026-10-10",1,"matched",TRUE,0,NA,NA,NA,0,NA,"undisclosed"
20262027,20262027,22,"EDM",8477450,"Jason","Dickinson","Jason Dickinson","F","current_roster",TRUE,"2026-10-10T18:03:41.929Z","2026-10-10_180157_38074132924_1_17a65d0afd5e42418df207b044e3357a",2026020072,"2026-10-10","2026-10-10T20:00:00Z","FUT","Sharks","2026-10-10T18:03:39.882Z","https://www.nhl.com/news/nhl-lineup-projections-2026-27-season","2026-10-10",1,"matched",TRUE,1,2,NA,NA,0,NA,NA
20262027,20262027,22,"EDM",8477934,"Leon","Draisaitl","Leon Draisaitl","F","current_roster",TRUE,"2026-10-10T18:03:41.931Z","2026-10-10_180157_38074132924_1_17a65d0afd5e42418df207b044e3357a",2026020072,"2026-10-10","2026-10-10T20:00:00Z","FUT","Sharks","2026-10-10T18:03:39.882Z","https://www.nhl.com/news/nhl-lineup-projections-2026-27-season","2026-10-10",1,"matched",TRUE,1,1,NA,NA,0,NA,NA
20262027,20262027,22,"EDM",8480029,"Alex","Formenton","Alex Formenton","F","current_roster",TRUE,"2026-10-10T18:03:41.933Z","2026-10-10_180157_38074132924_1_17a65d0afd5e42418df207b044e3357a",2026020072,"2026-10-10","2026-10-10T20:00:00Z","FUT","Sharks","2026-10-10T18:03:39.882Z","https://www.nhl.com/news/nhl-lineup-projections-2026-27-season","2026-10-10",1,"matched",TRUE,1,3,NA,NA,0,NA,NA
20262027,20262027,22,"EDM",8479365,"Trent","Frederic","Trent Frederic","F","current_roster",TRUE,"2026-10-10T18:03:41.936Z","2026-10-10_180157_38074132924_1_17a65d0afd5e42418df207b044e3357a",2026020072,"2026-10-10","2026-10-10T20:00:00Z","FUT","Sharks","2026-10-10T18:03:39.882Z","https://www.nhl.com/news/nhl-lineup-projections-2026-27-season","2026-10-10",1,"matched",TRUE,0,NA,NA,NA,1,NA,NA
20262027,20262027,22,"EDM",8480842,"Filip","Hallander","Filip Hallander","F","current_roster",TRUE,"2026-10-10T18:03:41.938Z","2026-10-10_180157_38074132924_1_17a65d0afd5e42418df207b044e3357a",2026020072,"2026-10-10","2026-10-10T20:00:00Z","FUT","Sharks","2026-10-10T18:03:39.882Z","https://www.nhl.com/news/nhl-lineup-projections-2026-27-season","2026-10-10",1,"matched",TRUE,1,2,NA,NA,0,NA,NA
20262027,20262027,22,"EDM",8483455,"Isaac","Howard","Isaac Howard","F","current_roster",TRUE,"2026-10-10T18:03:41.940Z","2026-10-10_180157_38074132924_1_17a65d0afd5e42418df207b044e3357a",2026020072,"2026-10-10","2026-10-10T20:00:00Z","FUT","Sharks","2026-10-10T18:03:39.882Z","https://www.nhl.com/news/nhl-lineup-projections-2026-27-season","2026-10-10",1,"matched",TRUE,1,4,NA,NA,0,NA,NA
20262027,20262027,22,"EDM",8475786,"Zach","Hyman","Zach Hyman","F","current_roster",TRUE,"2026-10-10T18:03:41.942Z","2026-10-10_180157_38074132924_1_17a65d0afd5e42418df207b044e3357a",2026020072,"2026-10-10","2026-10-10T20:00:00Z","FUT","Sharks","2026-10-10T18:03:39.882Z","https://www.nhl.com/news/nhl-lineup-projections-2026-27-season","2026-10-10",1,"matched",TRUE,0,NA,NA,NA,0,NA,"undisclosed"
20262027,20262027,22,"EDM",8477406,"Mattias","Janmark","Mattias Janmark","F","current_roster",TRUE,"2026-10-10T18:03:41.944Z","2026-10-10_180157_38074132924_1_17a65d0afd5e42418df207b044e3357a",2026020072,"2026-10-10","2026-10-10T20:00:00Z","FUT","Sharks","2026-10-10T18:03:39.882Z","https://www.nhl.com/news/nhl-lineup-projections-2026-27-season","2026-10-10",1,"matched",TRUE,0,NA,NA,NA,0,NA,"undisclosed"
20262027,20262027,22,"EDM",8479368,"Max","Jones","Max Jones","F","current_roster",TRUE,"2026-10-10T18:03:41.946Z","2026-10-10_180157_38074132924_1_17a65d0afd5e42418df207b044e3357a",2026020072,"2026-10-10","2026-10-10T20:00:00Z","FUT","Sharks","2026-10-10T18:03:39.882Z","https://www.nhl.com/news/nhl-lineup-projections-2026-27-season","2026-10-10",1,"matched",TRUE,1,4,NA,NA,0,NA,NA
20262027,20262027,22,"EDM",8478472,"Mathieu","Joseph","Mathieu Joseph","F","current_roster",TRUE,"2026-10-10T18:03:41.948Z","2026-10-10_180157_38074132924_1_17a65d0afd5e42418df207b044e3357a",2026020072,"2026-10-10","2026-10-10T20:00:00Z","FUT","Sharks","2026-10-10T18:03:39.882Z","https://www.nhl.com/news/nhl-lineup-projections-2026-27-season","2026-10-10",1,"matched",TRUE,1,3,NA,NA,0,NA,NA
20262027,20262027,22,"EDM",8477953,"Kasperi","Kapanen","Kasperi Kapanen","F","current_roster",TRUE,"2026-10-10T18:03:41.950Z","2026-10-10_180157_38074132924_1_17a65d0afd5e42418df207b044e3357a",2026020072,"2026-10-10","2026-10-10T20:00:00Z","FUT","Sharks","2026-10-10T18:03:39.882Z","https://www.nhl.com/news/nhl-lineup-projections-2026-27-season","2026-10-10",1,"matched",TRUE,1,2,NA,NA,0,NA,NA
20262027,20262027,22,"EDM",8478402,"Connor","McDavid","Connor McDavid","F","current_roster",TRUE,"2026-10-10T18:03:41.951Z","2026-10-10_180157_38074132924_1_17a65d0afd5e42418df207b044e3357a",2026020072,"2026-10-10","2026-10-10T20:00:00Z","FUT","Sharks","2026-10-10T18:03:39.882Z","https://www.nhl.com/news/nhl-lineup-projections-2026-27-season","2026-10-10",1,"matched",TRUE,1,1,NA,NA,0,NA,NA
20262027,20262027,22,"EDM",8486161,"Owen","Michaels","Owen Michaels","F","current_roster",TRUE,"2026-10-10T18:03:41.953Z","2026-10-10_180157_38074132924_1_17a65d0afd5e42418df207b044e3357a",2026020072,"2026-10-10","2026-10-10T20:00:00Z","FUT","Sharks","2026-10-10T18:03:39.882Z","https://www.nhl.com/news/nhl-lineup-projections-2026-27-season","2026-10-10",1,"matched",TRUE,1,3,NA,NA,0,NA,NA
20262027,20262027,22,"EDM",8476454,"Ryan","Nugent-Hopkins","Ryan Nugent-Hopkins","F","current_roster",TRUE,"2026-10-10T18:03:41.955Z","2026-10-10_180157_38074132924_1_17a65d0afd5e42418df207b044e3357a",2026020072,"2026-10-10","2026-10-10T20:00:00Z","FUT","Sharks","2026-10-10T18:03:39.882Z","https://www.nhl.com/news/nhl-lineup-projections-2026-27-season","2026-10-10",1,"matched",TRUE,0,NA,NA,NA,0,NA,"lower body"
20262027,20262027,22,"EDM",8481617,"Vasily","Podkolzin","Vasily Podkolzin","F","current_roster",TRUE,"2026-10-10T18:03:41.957Z","2026-10-10_180157_38074132924_1_17a65d0afd5e42418df207b044e3357a",2026020072,"2026-10-10","2026-10-10T20:00:00Z","FUT","Sharks","2026-10-10T18:03:39.882Z","https://www.nhl.com/news/nhl-lineup-projections-2026-27-season","2026-10-10",1,"matched",TRUE,1,1,NA,NA,0,NA,NA
20262027,20262027,22,"EDM",8484509,"Josh","Samanski","Josh Samanski","F","current_roster",TRUE,"2026-10-10T18:03:41.959Z","2026-10-10_180157_38074132924_1_17a65d0afd5e42418df207b044e3357a",2026020072,"2026-10-10","2026-10-10T20:00:00Z","FUT","Sharks","2026-10-10T18:03:39.882Z","https://www.nhl.com/news/nhl-lineup-projections-2026-27-season","2026-10-10",1,"matched",TRUE,1,4,NA,NA,0,NA,NA
20262027,20262027,22,"EDM",8483512,"Matt","Savoie","Matt Savoie","F","current_roster",TRUE,"2026-10-10T18:03:41.961Z","2026-10-10_180157_38074132924_1_17a65d0afd5e42418df207b044e3357a",2026020072,"2026-10-10","2026-10-10T20:00:00Z","FUT","Sharks","2026-10-10T18:03:39.882Z","https://www.nhl.com/news/nhl-lineup-projections-2026-27-season","2026-10-10",1,"matched",TRUE,0,NA,NA,NA,0,NA,NA
20262027,20262027,22,"EDM",8480803,"Evan","Bouchard","Evan Bouchard","D","current_roster",TRUE,"2026-10-10T18:03:41.964Z","2026-10-10_180157_38074132924_1_17a65d0afd5e42418df207b044e3357a",2026020072,"2026-10-10","2026-10-10T20:00:00Z","FUT","Sharks","2026-10-10T18:03:39.882Z","https://www.nhl.com/news/nhl-lineup-projections-2026-27-season","2026-10-10",1,"matched",TRUE,1,NA,1,NA,0,NA,NA
20262027,20262027,22,"EDM",8475218,"Mattias","Ekholm","Mattias Ekholm","D","current_roster",TRUE,"2026-10-10T18:03:41.966Z","2026-10-10_180157_38074132924_1_17a65d0afd5e42418df207b044e3357a",2026020072,"2026-10-10","2026-10-10T20:00:00Z","FUT","Sharks","2026-10-10T18:03:39.882Z","https://www.nhl.com/news/nhl-lineup-projections-2026-27-season","2026-10-10",1,"matched",TRUE,1,NA,1,NA,0,NA,NA
20262027,20262027,22,"EDM",8480834,"Ty","Emberson","Ty Emberson","D","current_roster",TRUE,"2026-10-10T18:03:41.968Z","2026-10-10_180157_38074132924_1_17a65d0afd5e42418df207b044e3357a",2026020072,"2026-10-10","2026-10-10T20:00:00Z","FUT","Sharks","2026-10-10T18:03:39.882Z","https://www.nhl.com/news/nhl-lineup-projections-2026-27-season","2026-10-10",1,"matched",TRUE,1,NA,3,NA,0,NA,NA
20262027,20262027,22,"EDM",8482166,"Shakir","Mukhamadullin","Shakir Mukhamadullin","D","current_roster",TRUE,"2026-10-10T18:03:41.969Z","2026-10-10_180157_38074132924_1_17a65d0afd5e42418df207b044e3357a",2026020072,"2026-10-10","2026-10-10T20:00:00Z","FUT","Sharks","2026-10-10T18:03:39.882Z","https://www.nhl.com/news/nhl-lineup-projections-2026-27-season","2026-10-10",1,"matched",TRUE,0,NA,NA,NA,1,NA,NA
20262027,20262027,22,"EDM",8476473,"Connor","Murphy","Connor Murphy","D","current_roster",TRUE,"2026-10-10T18:03:41.971Z","2026-10-10_180157_38074132924_1_17a65d0afd5e42418df207b044e3357a",2026020072,"2026-10-10","2026-10-10T20:00:00Z","FUT","Sharks","2026-10-10T18:03:39.882Z","https://www.nhl.com/news/nhl-lineup-projections-2026-27-season","2026-10-10",1,"matched",TRUE,1,NA,2,NA,0,NA,NA
20262027,20262027,22,"EDM",8480831,"Alec","Regula","Alec Regula","D","current_roster",TRUE,"2026-10-10T18:03:41.973Z","2026-10-10_180157_38074132924_1_17a65d0afd5e42418df207b044e3357a",2026020072,"2026-10-10","2026-10-10T20:00:00Z","FUT","Sharks","2026-10-10T18:03:39.882Z","https://www.nhl.com/news/nhl-lineup-projections-2026-27-season","2026-10-10",1,"matched",TRUE,0,NA,NA,NA,0,NA,"undisclosed"
20262027,20262027,22,"EDM",8478854,"Ryan","Shea","Ryan Shea","D","current_roster",TRUE,"2026-10-10T18:03:41.975Z","2026-10-10_180157_38074132924_1_17a65d0afd5e42418df207b044e3357a",2026020072,"2026-10-10","2026-10-10T20:00:00Z","FUT","Sharks","2026-10-10T18:03:39.882Z","https://www.nhl.com/news/nhl-lineup-projections-2026-27-season","2026-10-10",1,"matched",TRUE,1,NA,2,NA,0,NA,NA
20262027,20262027,22,"EDM",8478013,"Jake","Walman","Jake Walman","D","current_roster",TRUE,"2026-10-10T18:03:41.977Z","2026-10-10_180157_38074132924_1_17a65d0afd5e42418df207b044e3357a",2026020072,"2026-10-10","2026-10-10T20:00:00Z","FUT","Sharks","2026-10-10T18:03:39.882Z","https://www.nhl.com/news/nhl-lineup-projections-2026-27-season","2026-10-10",1,"matched",TRUE,1,NA,3,NA,0,NA,NA
20262027,20262027,22,"EDM",8475883,"Frederik","Andersen","Frederik Andersen","G","current_roster",TRUE,"2026-10-10T18:03:41.982Z","2026-10-10_180157_38074132924_1_17a65d0afd5e42418df207b044e3357a",2026020072,"2026-10-10","2026-10-10T20:00:00Z","FUT","Sharks","2026-10-10T18:03:39.882Z","https://www.nhl.com/news/nhl-lineup-projections-2026-27-season","2026-10-10",1,"matched",TRUE,0,NA,NA,NA,0,NA,"undisclosed"
20262027,20262027,22,"EDM",8477465,"Tristan","Jarry","Tristan Jarry","G","current_roster",TRUE,"2026-10-10T18:03:41.985Z","2026-10-10_180157_38074132924_1_17a65d0afd5e42418df207b044e3357a",2026020072,"2026-10-10","2026-10-10T20:00:00Z","FUT","Sharks","2026-10-10T18:03:39.882Z","https://www.nhl.com/news/nhl-lineup-projections-2026-27-season","2026-10-10",1,"matched",TRUE,1,NA,NA,"starter",0,NA,NA
20262027,20262027,22,"EDM",8482221,"Devon","Levi","Devon Levi","G","current_roster",TRUE,"2026-10-10T18:03:41.987Z","2026-10-10_180157_38074132924_1_17a65d0afd5e42418df207b044e3357a",2026020072,"2026-10-10","2026-10-10T20:00:00Z","FUT","Sharks","2026-10-10T18:03:39.882Z","https://www.nhl.com/news/nhl-lineup-projections-2026-27-season","2026-10-10",1,"matched",TRUE,1,NA,NA,"backup",0,NA,NA
20262027,20262027,13,"FLA",8477493,"Aleksander","Barkov","Aleksander Barkov","F","current_roster",TRUE,"2026-10-10T18:03:40.554Z","2026-10-10_180157_38074132924_1_17a65d0afd5e42418df207b044e3357a",2026020073,"2026-10-10","2026-10-10T22:00:00Z","FUT","Wild","2026-10-10T18:03:39.882Z","https://www.nhl.com/news/nhl-lineup-projections-2026-27-season","2026-10-10",1,"matched",TRUE,0,NA,NA,NA,0,1,"knee"
20262027,20262027,13,"FLA",8477935,"Sam","Bennett","Sam Bennett","F","current_roster",TRUE,"2026-10-10T18:03:40.556Z","2026-10-10_180157_38074132924_1_17a65d0afd5e42418df207b044e3357a",2026020073,"2026-10-10","2026-10-10T22:00:00Z","FUT","Wild","2026-10-10T18:03:39.882Z","https://www.nhl.com/news/nhl-lineup-projections-2026-27-season","2026-10-10",1,"matched",TRUE,1,1,NA,NA,0,0,NA
20262027,20262027,13,"FLA",8474189,"Lars","Eller","Lars Eller","F","current_roster",TRUE,"2026-10-10T18:03:40.558Z","2026-10-10_180157_38074132924_1_17a65d0afd5e42418df207b044e3357a",2026020073,"2026-10-10","2026-10-10T22:00:00Z","FUT","Wild","2026-10-10T18:03:39.882Z","https://www.nhl.com/news/nhl-lineup-projections-2026-27-season","2026-10-10",1,"matched",TRUE,1,2,NA,NA,0,0,NA
20262027,20262027,13,"FLA",8479981,"Jonah","Gadjovich","Jonah Gadjovich","F","current_roster",TRUE,"2026-10-10T18:03:40.560Z","2026-10-10_180157_38074132924_1_17a65d0afd5e42418df207b044e3357a",2026020073,"2026-10-10","2026-10-10T22:00:00Z","FUT","Wild","2026-10-10T18:03:39.882Z","https://www.nhl.com/news/nhl-lineup-projections-2026-27-season","2026-10-10",1,"matched",TRUE,0,NA,NA,NA,0,1,"neck"
20262027,20262027,13,"FLA",8477903,"Garnet","Hathaway","Garnet Hathaway","F","current_roster",TRUE,"2026-10-10T18:03:40.562Z","2026-10-10_180157_38074132924_1_17a65d0afd5e42418df207b044e3357a",2026020073,"2026-10-10","2026-10-10T22:00:00Z","FUT","Wild","2026-10-10T18:03:39.882Z","https://www.nhl.com/news/nhl-lineup-projections-2026-27-season","2026-10-10",1,"matched",TRUE,1,4,NA,NA,0,0,NA
20262027,20262027,13,"FLA",8478147,"Bokondji","Imama","Bokondji Imama","F","current_roster",TRUE,"2026-10-10T18:03:40.564Z","2026-10-10_180157_38074132924_1_17a65d0afd5e42418df207b044e3357a",2026020073,"2026-10-10","2026-10-10T22:00:00Z","FUT","Wild","2026-10-10T18:03:39.882Z","https://www.nhl.com/news/nhl-lineup-projections-2026-27-season","2026-10-10",1,"matched",TRUE,1,4,NA,NA,0,0,NA
20262027,20262027,13,"FLA",8478043,"Sam","Lafferty","Sam Lafferty","F","current_roster",TRUE,"2026-10-10T18:03:40.566Z","2026-10-10_180157_38074132924_1_17a65d0afd5e42418df207b044e3357a",2026020073,"2026-10-10","2026-10-10T22:00:00Z","FUT","Wild","2026-10-10T18:03:39.882Z","https://www.nhl.com/news/nhl-lineup-projections-2026-27-season","2026-10-10",1,"matched",TRUE,1,4,NA,NA,0,0,NA
20262027,20262027,13,"FLA",8482113,"Anton","Lundell","Anton Lundell","F","current_roster",TRUE,"2026-10-10T18:03:40.568Z","2026-10-10_180157_38074132924_1_17a65d0afd5e42418df207b044e3357a",2026020073,"2026-10-10","2026-10-10T22:00:00Z","FUT","Wild","2026-10-10T18:03:39.882Z","https://www.nhl.com/news/nhl-lineup-projections-2026-27-season","2026-10-10",1,"matched",TRUE,1,3,NA,NA,0,0,NA
20262027,20262027,13,"FLA",8480185,"Eetu","Luostarinen","Eetu Luostarinen","F","current_roster",TRUE,"2026-10-10T18:03:40.570Z","2026-10-10_180157_38074132924_1_17a65d0afd5e42418df207b044e3357a",2026020073,"2026-10-10","2026-10-10T22:00:00Z","FUT","Wild","2026-10-10T18:03:39.882Z","https://www.nhl.com/news/nhl-lineup-projections-2026-27-season","2026-10-10",1,"matched",TRUE,1,3,NA,NA,0,0,NA
20262027,20262027,13,"FLA",8473419,"Brad","Marchand","Brad Marchand","F","current_roster",TRUE,"2026-10-10T18:03:40.572Z","2026-10-10_180157_38074132924_1_17a65d0afd5e42418df207b044e3357a",2026020073,"2026-10-10","2026-10-10T22:00:00Z","FUT","Wild","2026-10-10T18:03:39.882Z","https://www.nhl.com/news/nhl-lineup-projections-2026-27-season","2026-10-10",1,"matched",TRUE,0,NA,NA,NA,0,1,"knee"
20262027,20262027,13,"FLA",8477933,"Sam","Reinhart","Sam Reinhart","F","current_roster",TRUE,"2026-10-10T18:03:40.574Z","2026-10-10_180157_38074132924_1_17a65d0afd5e42418df207b044e3357a",2026020073,"2026-10-10","2026-10-10T22:00:00Z","FUT","Wild","2026-10-10T18:03:39.882Z","https://www.nhl.com/news/nhl-lineup-projections-2026-27-season","2026-10-10",1,"matched",TRUE,1,2,NA,NA,0,0,NA
20262027,20262027,13,"FLA",8480801,"Brady","Tkachuk","Brady Tkachuk","F","current_roster",TRUE,"2026-10-10T18:03:40.576Z","2026-10-10_180157_38074132924_1_17a65d0afd5e42418df207b044e3357a",2026020073,"2026-10-10","2026-10-10T22:00:00Z","FUT","Wild","2026-10-10T18:03:39.882Z","https://www.nhl.com/news/nhl-lineup-projections-2026-27-season","2026-10-10",1,"matched",TRUE,1,2,NA,NA,0,0,NA
20262027,20262027,13,"FLA",8479314,"Matthew","Tkachuk","Matthew Tkachuk","F","current_roster",TRUE,"2026-10-10T18:03:40.578Z","2026-10-10_180157_38074132924_1_17a65d0afd5e42418df207b044e3357a",2026020073,"2026-10-10","2026-10-10T22:00:00Z","FUT","Wild","2026-10-10T18:03:39.882Z","https://www.nhl.com/news/nhl-lineup-projections-2026-27-season","2026-10-10",1,"matched",TRUE,1,1,NA,NA,0,0,NA
20262027,20262027,13,"FLA",8477409,"Carter","Verhaeghe","Carter Verhaeghe","F","current_roster",TRUE,"2026-10-10T18:03:40.580Z","2026-10-10_180157_38074132924_1_17a65d0afd5e42418df207b044e3357a",2026020073,"2026-10-10","2026-10-10T22:00:00Z","FUT","Wild","2026-10-10T18:03:39.882Z","https://www.nhl.com/news/nhl-lineup-projections-2026-27-season","2026-10-10",1,"matched",TRUE,1,1,NA,NA,0,0,NA
20262027,20262027,13,"FLA",8483771,"Sandis","Vilmanis","Sandis Vilmanis","F","current_roster",TRUE,"2026-10-10T18:03:40.582Z","2026-10-10_180157_38074132924_1_17a65d0afd5e42418df207b044e3357a",2026020073,"2026-10-10","2026-10-10T22:00:00Z","FUT","Wild","2026-10-10T18:03:39.882Z","https://www.nhl.com/news/nhl-lineup-projections-2026-27-season","2026-10-10",1,"matched",TRUE,1,3,NA,NA,0,0,NA
20262027,20262027,13,"FLA",8484304,"Uvis","Balinskis","Uvis Balinskis","D","current_roster",TRUE,"2026-10-10T18:03:40.584Z","2026-10-10_180157_38074132924_1_17a65d0afd5e42418df207b044e3357a",2026020073,"2026-10-10","2026-10-10T22:00:00Z","FUT","Wild","2026-10-10T18:03:39.882Z","https://www.nhl.com/news/nhl-lineup-projections-2026-27-season","2026-10-10",1,"matched",TRUE,0,NA,NA,NA,1,0,NA
20262027,20262027,13,"FLA",8477932,"Aaron","Ekblad","Aaron Ekblad","D","current_roster",TRUE,"2026-10-10T18:03:40.586Z","2026-10-10_180157_38074132924_1_17a65d0afd5e42418df207b044e3357a",2026020073,"2026-10-10","2026-10-10T22:00:00Z","FUT","Wild","2026-10-10T18:03:39.882Z","https://www.nhl.com/news/nhl-lineup-projections-2026-27-season","2026-10-10",1,"matched",TRUE,1,NA,1,NA,0,0,NA
20262027,20262027,13,"FLA",8478055,"Gustav","Forsling","Gustav Forsling","D","current_roster",TRUE,"2026-10-10T18:03:40.588Z","2026-10-10_180157_38074132924_1_17a65d0afd5e42418df207b044e3357a",2026020073,"2026-10-10","2026-10-10T22:00:00Z","FUT","Wild","2026-10-10T18:03:39.882Z","https://www.nhl.com/news/nhl-lineup-projections-2026-27-season","2026-10-10",1,"matched",TRUE,1,NA,1,NA,0,0,NA
20262027,20262027,13,"FLA",8475462,"Radko","Gudas","Radko Gudas","D","current_roster",TRUE,"2026-10-10T18:03:40.590Z","2026-10-10_180157_38074132924_1_17a65d0afd5e42418df207b044e3357a",2026020073,"2026-10-10","2026-10-10T22:00:00Z","FUT","Wild","2026-10-10T18:03:39.882Z","https://www.nhl.com/news/nhl-lineup-projections-2026-27-season","2026-10-10",1,"matched",TRUE,1,NA,3,NA,0,0,NA
20262027,20262027,13,"FLA",8477495,"Seth","Jones","Seth Jones","D","current_roster",TRUE,"2026-10-10T18:03:40.592Z","2026-10-10_180157_38074132924_1_17a65d0afd5e42418df207b044e3357a",2026020073,"2026-10-10","2026-10-10T22:00:00Z","FUT","Wild","2026-10-10T18:03:39.882Z","https://www.nhl.com/news/nhl-lineup-projections-2026-27-season","2026-10-10",1,"matched",TRUE,1,NA,2,NA,0,0,NA
20262027,20262027,13,"FLA",8475179,"Dmitry","Kulikov","Dmitry Kulikov","D","current_roster",TRUE,"2026-10-10T18:03:40.594Z","2026-10-10_180157_38074132924_1_17a65d0afd5e42418df207b044e3357a",2026020073,"2026-10-10","2026-10-10T22:00:00Z","FUT","Wild","2026-10-10T18:03:39.882Z","https://www.nhl.com/news/nhl-lineup-projections-2026-27-season","2026-10-10",1,"matched",TRUE,1,NA,3,NA,0,0,NA
20262027,20262027,13,"FLA",8478859,"Niko","Mikkola","Niko Mikkola","D","current_roster",TRUE,"2026-10-10T18:03:40.596Z","2026-10-10_180157_38074132924_1_17a65d0afd5e42418df207b044e3357a",2026020073,"2026-10-10","2026-10-10T22:00:00Z","FUT","Wild","2026-10-10T18:03:39.882Z","https://www.nhl.com/news/nhl-lineup-projections-2026-27-season","2026-10-10",1,"matched",TRUE,1,NA,2,NA,0,0,NA
20262027,20262027,13,"FLA",8474593,"Jacob","Markstrom","Jacob Markstrom","G","current_roster",TRUE,"2026-10-10T18:03:40.598Z","2026-10-10_180157_38074132924_1_17a65d0afd5e42418df207b044e3357a",2026020073,"2026-10-10","2026-10-10T22:00:00Z","FUT","Wild","2026-10-10T18:03:39.882Z","https://www.nhl.com/news/nhl-lineup-projections-2026-27-season","2026-10-10",1,"matched",TRUE,1,NA,NA,"starter",0,0,NA
20262027,20262027,13,"FLA",8481033,"Akira","Schmid","Akira Schmid","G","current_roster",TRUE,"2026-10-10T18:03:40.600Z","2026-10-10_180157_38074132924_1_17a65d0afd5e42418df207b044e3357a",2026020073,"2026-10-10","2026-10-10T22:00:00Z","FUT","Wild","2026-10-10T18:03:39.882Z","https://www.nhl.com/news/nhl-lineup-projections-2026-27-season","2026-10-10",1,"matched",TRUE,1,NA,NA,"backup",0,0,NA
20262027,20262027,68,"UTA",8484388,"Daniil","But","Daniil But","F","current_roster",TRUE,"2026-10-10T18:03:42.087Z","2026-10-10_180157_38074132924_1_17a65d0afd5e42418df207b044e3357a",2026020074,"2026-10-10","2026-10-10T23:00:00Z","FUT","Sabres","2026-10-10T18:03:39.882Z","https://www.nhl.com/news/nhl-lineup-projections-2026-27-season","2026-10-10",1,"matched",TRUE,1,4,NA,NA,0,0,NA
20262027,20262027,68,"UTA",8479619,"Michael","Carcone","Michael Carcone","F","current_roster",TRUE,"2026-10-10T18:03:42.090Z","2026-10-10_180157_38074132924_1_17a65d0afd5e42418df207b044e3357a",2026020074,"2026-10-10","2026-10-10T23:00:00Z","FUT","Sabres","2026-10-10T18:03:39.882Z","https://www.nhl.com/news/nhl-lineup-projections-2026-27-season","2026-10-10",1,"matched",TRUE,0,NA,NA,NA,1,0,NA
20262027,20262027,68,"UTA",8483431,"Logan","Cooley","Logan Cooley","F","current_roster",TRUE,"2026-10-10T18:03:42.092Z","2026-10-10_180157_38074132924_1_17a65d0afd5e42418df207b044e3357a",2026020074,"2026-10-10","2026-10-10T23:00:00Z","FUT","Sabres","2026-10-10T18:03:39.882Z","https://www.nhl.com/news/nhl-lineup-projections-2026-27-season","2026-10-10",1,"matched",TRUE,1,2,NA,NA,0,0,NA
20262027,20262027,68,"UTA",8478474,"Lawson","Crouse","Lawson Crouse","F","current_roster",TRUE,"2026-10-10T18:03:42.094Z","2026-10-10_180157_38074132924_1_17a65d0afd5e42418df207b044e3357a",2026020074,"2026-10-10","2026-10-10T23:00:00Z","FUT","Sabres","2026-10-10T18:03:39.882Z","https://www.nhl.com/news/nhl-lineup-projections-2026-27-season","2026-10-10",1,"matched",TRUE,1,1,NA,NA,0,0,NA
20262027,20262027,68,"UTA",8482699,"Dylan","Guenther","Dylan Guenther","F","current_roster",TRUE,"2026-10-10T18:03:42.095Z","2026-10-10_180157_38074132924_1_17a65d0afd5e42418df207b044e3357a",2026020074,"2026-10-10","2026-10-10T23:00:00Z","FUT","Sabres","2026-10-10T18:03:39.882Z","https://www.nhl.com/news/nhl-lineup-projections-2026-27-season","2026-10-10",1,"matched",TRUE,1,2,NA,NA,0,0,NA
20262027,20262027,68,"UTA",8480849,"Barrett","Hayton","Barrett Hayton","F","current_roster",TRUE,"2026-10-10T18:03:42.097Z","2026-10-10_180157_38074132924_1_17a65d0afd5e42418df207b044e3357a",2026020074,"2026-10-10","2026-10-10T23:00:00Z","FUT","Sabres","2026-10-10T18:03:39.882Z","https://www.nhl.com/news/nhl-lineup-projections-2026-27-season","2026-10-10",1,"matched",TRUE,1,3,NA,NA,0,0,NA
20262027,20262027,68,"UTA",8479343,"Clayton","Keller","Clayton Keller","F","current_roster",TRUE,"2026-10-10T18:03:42.099Z","2026-10-10_180157_38074132924_1_17a65d0afd5e42418df207b044e3357a",2026020074,"2026-10-10","2026-10-10T23:00:00Z","FUT","Sabres","2026-10-10T18:03:39.882Z","https://www.nhl.com/news/nhl-lineup-projections-2026-27-season","2026-10-10",1,"matched",TRUE,1,1,NA,NA,0,0,NA
20262027,20262027,68,"UTA",8475314,"Anders","Lee","Anders Lee","F","current_roster",TRUE,"2026-10-10T18:03:42.101Z","2026-10-10_180157_38074132924_1_17a65d0afd5e42418df207b044e3357a",2026020074,"2026-10-10","2026-10-10T23:00:00Z","FUT","Sabres","2026-10-10T18:03:39.882Z","https://www.nhl.com/news/nhl-lineup-projections-2026-27-season","2026-10-10",1,"matched",TRUE,1,3,NA,NA,0,0,NA
20262027,20262027,68,"UTA",8480855,"Jack","McBain","Jack McBain","F","current_roster",TRUE,"2026-10-10T18:03:42.106Z","2026-10-10_180157_38074132924_1_17a65d0afd5e42418df207b044e3357a",2026020074,"2026-10-10","2026-10-10T23:00:00Z","FUT","Sabres","2026-10-10T18:03:39.882Z","https://www.nhl.com/news/nhl-lineup-projections-2026-27-season","2026-10-10",1,"matched",TRUE,1,3,NA,NA,0,0,NA
20262027,20262027,68,"UTA",8477070,"Liam","O'Brien","Liam O'Brien","F","current_roster",TRUE,"2026-10-10T18:03:42.108Z","2026-10-10_180157_38074132924_1_17a65d0afd5e42418df207b044e3357a",2026020074,"2026-10-10","2026-10-10T23:00:00Z","FUT","Sabres","2026-10-10T18:03:39.882Z","https://www.nhl.com/news/nhl-lineup-projections-2026-27-season","2026-10-10",1,"matched",TRUE,0,NA,NA,NA,1,0,NA
20262027,20262027,68,"UTA",8477951,"Nick","Schmaltz","Nick Schmaltz","F","current_roster",TRUE,"2026-10-10T18:03:42.110Z","2026-10-10_180157_38074132924_1_17a65d0afd5e42418df207b044e3357a",2026020074,"2026-10-10","2026-10-10T23:00:00Z","FUT","Sabres","2026-10-10T18:03:39.882Z","https://www.nhl.com/news/nhl-lineup-projections-2026-27-season","2026-10-10",1,"matched",TRUE,1,1,NA,NA,0,0,NA
20262027,20262027,68,"UTA",8478831,"Kevin","Stenlund","Kevin Stenlund","F","current_roster",TRUE,"2026-10-10T18:03:42.112Z","2026-10-10_180157_38074132924_1_17a65d0afd5e42418df207b044e3357a",2026020074,"2026-10-10","2026-10-10T23:00:00Z","FUT","Sabres","2026-10-10T18:03:39.882Z","https://www.nhl.com/news/nhl-lineup-projections-2026-27-season","2026-10-10",1,"matched",TRUE,1,4,NA,NA,0,0,NA
20262027,20262027,68,"UTA",8476389,"Vincent","Trocheck","Vincent Trocheck","F","current_roster",TRUE,"2026-10-10T18:03:42.114Z","2026-10-10_180157_38074132924_1_17a65d0afd5e42418df207b044e3357a",2026020074,"2026-10-10","2026-10-10T23:00:00Z","FUT","Sabres","2026-10-10T18:03:39.882Z","https://www.nhl.com/news/nhl-lineup-projections-2026-27-season","2026-10-10",1,"matched",TRUE,1,2,NA,NA,0,0,NA
20262027,20262027,68,"UTA",8479977,"Kailer","Yamamoto","Kailer Yamamoto","F","current_roster",TRUE,"2026-10-10T18:03:42.116Z","2026-10-10_180157_38074132924_1_17a65d0afd5e42418df207b044e3357a",2026020074,"2026-10-10","2026-10-10T23:00:00Z","FUT","Sabres","2026-10-10T18:03:39.882Z","https://www.nhl.com/news/nhl-lineup-projections-2026-27-season","2026-10-10",1,"matched",TRUE,1,4,NA,NA,0,0,NA
20262027,20262027,68,"UTA",8480084,"Nick","DeSimone","Nick DeSimone","D","current_roster",TRUE,"2026-10-10T18:03:42.118Z","2026-10-10_180157_38074132924_1_17a65d0afd5e42418df207b044e3357a",2026020074,"2026-10-10","2026-10-10T23:00:00Z","FUT","Sabres","2026-10-10T18:03:39.882Z","https://www.nhl.com/news/nhl-lineup-projections-2026-27-season","2026-10-10",1,"matched",TRUE,0,NA,NA,NA,1,0,NA
20262027,20262027,68,"UTA",8483472,"Maveric","Lamoureux","Maveric Lamoureux","D","current_roster",TRUE,"2026-10-10T18:03:42.120Z","2026-10-10_180157_38074132924_1_17a65d0afd5e42418df207b044e3357a",2026020074,"2026-10-10","2026-10-10T23:00:00Z","FUT","Sabres","2026-10-10T18:03:39.882Z","https://www.nhl.com/news/nhl-lineup-projections-2026-27-season","2026-10-10",1,"matched",TRUE,0,NA,NA,NA,0,1,"shoulder"
20262027,20262027,68,"UTA",8478507,"John","Marino","John Marino","D","current_roster",TRUE,"2026-10-10T18:03:42.122Z","2026-10-10_180157_38074132924_1_17a65d0afd5e42418df207b044e3357a",2026020074,"2026-10-10","2026-10-10T23:00:00Z","FUT","Sabres","2026-10-10T18:03:39.882Z","https://www.nhl.com/news/nhl-lineup-projections-2026-27-season","2026-10-10",1,"matched",TRUE,1,NA,2,NA,0,0,NA
20262027,20262027,68,"UTA",8479369,"Andrew","Peeke","Andrew Peeke","D","current_roster",TRUE,"2026-10-10T18:03:42.124Z","2026-10-10_180157_38074132924_1_17a65d0afd5e42418df207b044e3357a",2026020074,"2026-10-10","2026-10-10T23:00:00Z","FUT","Sabres","2026-10-10T18:03:39.882Z","https://www.nhl.com/news/nhl-lineup-projections-2026-27-season","2026-10-10",1,"matched",TRUE,1,NA,3,NA,0,0,NA
20262027,20262027,68,"UTA",8477220,"Nate","Schmidt","Nate Schmidt","D","current_roster",TRUE,"2026-10-10T18:03:42.126Z","2026-10-10_180157_38074132924_1_17a65d0afd5e42418df207b044e3357a",2026020074,"2026-10-10","2026-10-10T23:00:00Z","FUT","Sabres","2026-10-10T18:03:39.882Z","https://www.nhl.com/news/nhl-lineup-projections-2026-27-season","2026-10-10",1,"matched",TRUE,1,NA,2,NA,0,0,NA
20262027,20262027,68,"UTA",8479410,"Mikhail","Sergachev","Mikhail Sergachev","D","current_roster",TRUE,"2026-10-10T18:03:42.128Z","2026-10-10_180157_38074132924_1_17a65d0afd5e42418df207b044e3357a",2026020074,"2026-10-10","2026-10-10T23:00:00Z","FUT","Sabres","2026-10-10T18:03:39.882Z","https://www.nhl.com/news/nhl-lineup-projections-2026-27-season","2026-10-10",1,"matched",TRUE,1,NA,1,NA,0,0,NA
20262027,20262027,68,"UTA",8484386,"Dmitri","Simashev","Dmitri Simashev","D","current_roster",TRUE,"2026-10-10T18:03:42.130Z","2026-10-10_180157_38074132924_1_17a65d0afd5e42418df207b044e3357a",2026020074,"2026-10-10","2026-10-10T23:00:00Z","FUT","Sabres","2026-10-10T18:03:39.882Z","https://www.nhl.com/news/nhl-lineup-projections-2026-27-season","2026-10-10",1,"matched",TRUE,1,NA,3,NA,0,0,NA
20262027,20262027,68,"UTA",8477346,"MacKenzie","Weegar","MacKenzie Weegar","D","current_roster",TRUE,"2026-10-10T18:03:42.132Z","2026-10-10_180157_38074132924_1_17a65d0afd5e42418df207b044e3357a",2026020074,"2026-10-10","2026-10-10T23:00:00Z","FUT","Sabres","2026-10-10T18:03:39.882Z","https://www.nhl.com/news/nhl-lineup-projections-2026-27-season","2026-10-10",1,"matched",TRUE,1,NA,1,NA,0,0,NA
20262027,20262027,68,"UTA",8482657,"Sebastian","Cossa","Sebastian Cossa","G","current_roster",TRUE,"2026-10-10T18:03:42.134Z","2026-10-10_180157_38074132924_1_17a65d0afd5e42418df207b044e3357a",2026020074,"2026-10-10","2026-10-10T23:00:00Z","FUT","Sabres","2026-10-10T18:03:39.882Z","https://www.nhl.com/news/nhl-lineup-projections-2026-27-season","2026-10-10",1,"matched",TRUE,1,NA,NA,"backup",0,0,NA
20262027,20262027,68,"UTA",8478872,"Karel","Vejmelka","Karel Vejmelka","G","current_roster",TRUE,"2026-10-10T18:03:42.136Z","2026-10-10_180157_38074132924_1_17a65d0afd5e42418df207b044e3357a",2026020074,"2026-10-10","2026-10-10T23:00:00Z","FUT","Sabres","2026-10-10T18:03:39.882Z","https://www.nhl.com/news/nhl-lineup-projections-2026-27-season","2026-10-10",1,"matched",TRUE,1,NA,NA,"starter",0,0,NA
20262027,20262027,7,"BUF",8484145,"Zach","Benson","Zach Benson","F","current_roster",TRUE,"2026-10-10T18:03:40.449Z","2026-10-10_180157_38074132924_1_17a65d0afd5e42418df207b044e3357a",2026020074,"2026-10-10","2026-10-10T23:00:00Z","FUT","Mammoth","2026-10-10T18:03:39.882Z","https://www.nhl.com/news/nhl-lineup-projections-2026-27-season","2026-10-10",1,"matched",TRUE,1,2,NA,NA,0,NA,NA
20262027,20262027,7,"BUF",8475842,"Sam","Carrick","Sam Carrick","F","current_roster",TRUE,"2026-10-10T18:03:40.451Z","2026-10-10_180157_38074132924_1_17a65d0afd5e42418df207b044e3357a",2026020074,"2026-10-10","2026-10-10T23:00:00Z","FUT","Mammoth","2026-10-10T18:03:39.882Z","https://www.nhl.com/news/nhl-lineup-projections-2026-27-season","2026-10-10",1,"matched",TRUE,1,4,NA,NA,0,NA,NA
20262027,20262027,7,"BUF",8479941,"Justin","Danforth","Justin Danforth","F","current_roster",TRUE,"2026-10-10T18:03:40.453Z","2026-10-10_180157_38074132924_1_17a65d0afd5e42418df207b044e3357a",2026020074,"2026-10-10","2026-10-10T23:00:00Z","FUT","Mammoth","2026-10-10T18:03:39.882Z","https://www.nhl.com/news/nhl-lineup-projections-2026-27-season","2026-10-10",1,"matched",TRUE,1,3,NA,NA,0,NA,NA
20262027,20262027,7,"BUF",8482659,"Josh","Doan","Josh Doan","F","current_roster",TRUE,"2026-10-10T18:03:40.455Z","2026-10-10_180157_38074132924_1_17a65d0afd5e42418df207b044e3357a",2026020074,"2026-10-10","2026-10-10T23:00:00Z","FUT","Mammoth","2026-10-10T18:03:39.882Z","https://www.nhl.com/news/nhl-lineup-projections-2026-27-season","2026-10-10",1,"matched",TRUE,1,2,NA,NA,0,NA,NA
20262027,20262027,7,"BUF",8484797,"Konsta","Helenius","Konsta Helenius","F","current_roster",TRUE,"2026-10-10T18:03:40.457Z","2026-10-10_180157_38074132924_1_17a65d0afd5e42418df207b044e3357a",2026020074,"2026-10-10","2026-10-10T23:00:00Z","FUT","Mammoth","2026-10-10T18:03:39.882Z","https://www.nhl.com/news/nhl-lineup-projections-2026-27-season","2026-10-10",1,"matched",TRUE,0,NA,NA,NA,1,NA,NA
20262027,20262027,7,"BUF",8482896,"Tyson","Kozak","Tyson Kozak","F","current_roster",TRUE,"2026-10-10T18:03:40.459Z","2026-10-10_180157_38074132924_1_17a65d0afd5e42418df207b044e3357a",2026020074,"2026-10-10","2026-10-10T23:00:00Z","FUT","Mammoth","2026-10-10T18:03:39.882Z","https://www.nhl.com/news/nhl-lineup-projections-2026-27-season","2026-10-10",1,"matched",TRUE,1,4,NA,NA,0,NA,NA
20262027,20262027,7,"BUF",8481522,"Peyton","Krebs","Peyton Krebs","F","current_roster",TRUE,"2026-10-10T18:03:40.461Z","2026-10-10_180157_38074132924_1_17a65d0afd5e42418df207b044e3357a",2026020074,"2026-10-10","2026-10-10T23:00:00Z","FUT","Mammoth","2026-10-10T18:03:39.882Z","https://www.nhl.com/news/nhl-lineup-projections-2026-27-season","2026-10-10",1,"matched",TRUE,1,3,NA,NA,0,NA,NA
20262027,20262027,7,"BUF",8483468,"Jiri","Kulich","Jiri Kulich","F","current_roster",TRUE,"2026-10-10T18:03:40.463Z","2026-10-10_180157_38074132924_1_17a65d0afd5e42418df207b044e3357a",2026020074,"2026-10-10","2026-10-10T23:00:00Z","FUT","Mammoth","2026-10-10T18:03:39.882Z","https://www.nhl.com/news/nhl-lineup-projections-2026-27-season","2026-10-10",1,"matched",TRUE,0,NA,NA,NA,1,NA,NA
20262027,20262027,7,"BUF",8479359,"Beck","Malenstyn","Beck Malenstyn","F","current_roster",TRUE,"2026-10-10T18:03:40.465Z","2026-10-10_180157_38074132924_1_17a65d0afd5e42418df207b044e3357a",2026020074,"2026-10-10","2026-10-10T23:00:00Z","FUT","Mammoth","2026-10-10T18:03:39.882Z","https://www.nhl.com/news/nhl-lineup-projections-2026-27-season","2026-10-10",1,"matched",TRUE,1,4,NA,NA,0,NA,NA
20262027,20262027,7,"BUF",8480802,"Ryan","McLeod","Ryan McLeod","F","current_roster",TRUE,"2026-10-10T18:03:40.467Z","2026-10-10_180157_38074132924_1_17a65d0afd5e42418df207b044e3357a",2026020074,"2026-10-10","2026-10-10T23:00:00Z","FUT","Mammoth","2026-10-10T18:03:39.882Z","https://www.nhl.com/news/nhl-lineup-projections-2026-27-season","2026-10-10",1,"matched",TRUE,1,3,NA,NA,0,NA,NA
20262027,20262027,7,"BUF",8480064,"Josh","Norris","Josh Norris","F","current_roster",TRUE,"2026-10-10T18:03:40.469Z","2026-10-10_180157_38074132924_1_17a65d0afd5e42418df207b044e3357a",2026020074,"2026-10-10","2026-10-10T23:00:00Z","FUT","Mammoth","2026-10-10T18:03:39.882Z","https://www.nhl.com/news/nhl-lineup-projections-2026-27-season","2026-10-10",1,"matched",TRUE,1,1,NA,NA,0,NA,NA
20262027,20262027,7,"BUF",8483500,"Noah","Ostlund","Noah Ostlund","F","current_roster",TRUE,"2026-10-10T18:03:40.471Z","2026-10-10_180157_38074132924_1_17a65d0afd5e42418df207b044e3357a",2026020074,"2026-10-10","2026-10-10T23:00:00Z","FUT","Mammoth","2026-10-10T18:03:39.882Z","https://www.nhl.com/news/nhl-lineup-projections-2026-27-season","2026-10-10",1,"matched",TRUE,1,2,NA,NA,0,NA,NA
20262027,20262027,7,"BUF",8482097,"Jack","Quinn","Jack Quinn","F","current_roster",TRUE,"2026-10-10T18:03:40.473Z","2026-10-10_180157_38074132924_1_17a65d0afd5e42418df207b044e3357a",2026020074,"2026-10-10","2026-10-10T23:00:00Z","FUT","Mammoth","2026-10-10T18:03:39.882Z","https://www.nhl.com/news/nhl-lineup-projections-2026-27-season","2026-10-10",1,"matched",TRUE,1,1,NA,NA,0,NA,NA
20262027,20262027,7,"BUF",8479420,"Tage","Thompson","Tage Thompson","F","current_roster",TRUE,"2026-10-10T18:03:40.475Z","2026-10-10_180157_38074132924_1_17a65d0afd5e42418df207b044e3357a",2026020074,"2026-10-10","2026-10-10T23:00:00Z","FUT","Mammoth","2026-10-10T18:03:39.882Z","https://www.nhl.com/news/nhl-lineup-projections-2026-27-season","2026-10-10",1,"matched",TRUE,1,1,NA,NA,0,NA,NA
20262027,20262027,7,"BUF",8481806,"Louis","Crevier","Louis Crevier","D","current_roster",TRUE,"2026-10-10T18:03:40.477Z","2026-10-10_180157_38074132924_1_17a65d0afd5e42418df207b044e3357a",2026020074,"2026-10-10","2026-10-10T23:00:00Z","FUT","Mammoth","2026-10-10T18:03:39.882Z","https://www.nhl.com/news/nhl-lineup-projections-2026-27-season","2026-10-10",1,"matched",TRUE,1,NA,3,NA,0,NA,NA
20262027,20262027,7,"BUF",8480839,"Rasmus","Dahlin","Rasmus Dahlin","D","current_roster",TRUE,"2026-10-10T18:03:40.479Z","2026-10-10_180157_38074132924_1_17a65d0afd5e42418df207b044e3357a",2026020074,"2026-10-10","2026-10-10T23:00:00Z","FUT","Mammoth","2026-10-10T18:03:39.882Z","https://www.nhl.com/news/nhl-lineup-projections-2026-27-season","2026-10-10",1,"matched",TRUE,1,NA,1,NA,0,NA,NA
20262027,20262027,7,"BUF",8476891,"Matt","Grzelcyk","Matt Grzelcyk","D","current_roster",TRUE,"2026-10-10T18:03:40.481Z","2026-10-10_180157_38074132924_1_17a65d0afd5e42418df207b044e3357a",2026020074,"2026-10-10","2026-10-10T23:00:00Z","FUT","Mammoth","2026-10-10T18:03:39.882Z","https://www.nhl.com/news/nhl-lineup-projections-2026-27-season","2026-10-10",1,"matched",TRUE,0,NA,NA,NA,1,NA,NA
20262027,20262027,7,"BUF",8484305,"Zach","Metsa","Zach Metsa","D","current_roster",TRUE,"2026-10-10T18:03:40.483Z","2026-10-10_180157_38074132924_1_17a65d0afd5e42418df207b044e3357a",2026020074,"2026-10-10","2026-10-10T23:00:00Z","FUT","Mammoth","2026-10-10T18:03:39.882Z","https://www.nhl.com/news/nhl-lineup-projections-2026-27-season","2026-10-10",1,"matched",TRUE,1,NA,3,NA,0,NA,NA
20262027,20262027,7,"BUF",8482671,"Owen","Power","Owen Power","D","current_roster",TRUE,"2026-10-10T18:03:40.485Z","2026-10-10_180157_38074132924_1_17a65d0afd5e42418df207b044e3357a",2026020074,"2026-10-10","2026-10-10T23:00:00Z","FUT","Mammoth","2026-10-10T18:03:39.882Z","https://www.nhl.com/news/nhl-lineup-projections-2026-27-season","2026-10-10",1,"matched",TRUE,1,NA,2,NA,0,NA,NA
20262027,20262027,7,"BUF",8480807,"Mattias","Samuelsson","Mattias Samuelsson","D","current_roster",TRUE,"2026-10-10T18:03:40.487Z","2026-10-10_180157_38074132924_1_17a65d0afd5e42418df207b044e3357a",2026020074,"2026-10-10","2026-10-10T23:00:00Z","FUT","Mammoth","2026-10-10T18:03:39.882Z","https://www.nhl.com/news/nhl-lineup-projections-2026-27-season","2026-10-10",1,"matched",TRUE,1,NA,1,NA,0,NA,NA
20262027,20262027,7,"BUF",8479982,"Conor","Timmins","Conor Timmins","D","current_roster",TRUE,"2026-10-10T18:03:40.492Z","2026-10-10_180157_38074132924_1_17a65d0afd5e42418df207b044e3357a",2026020074,"2026-10-10","2026-10-10T23:00:00Z","FUT","Mammoth","2026-10-10T18:03:39.882Z","https://www.nhl.com/news/nhl-lineup-projections-2026-27-season","2026-10-10",1,"matched",TRUE,0,NA,NA,NA,0,NA,"lower body"
20262027,20262027,7,"BUF",8482803,"Olen","Zellweger","Olen Zellweger","D","current_roster",TRUE,"2026-10-10T18:03:40.494Z","2026-10-10_180157_38074132924_1_17a65d0afd5e42418df207b044e3357a",2026020074,"2026-10-10","2026-10-10T23:00:00Z","FUT","Mammoth","2026-10-10T18:03:39.882Z","https://www.nhl.com/news/nhl-lineup-projections-2026-27-season","2026-10-10",1,"matched",TRUE,1,NA,2,NA,0,NA,NA
20262027,20262027,7,"BUF",8481551,"Colten","Ellis","Colten Ellis","G","current_roster",TRUE,"2026-10-10T18:03:40.496Z","2026-10-10_180157_38074132924_1_17a65d0afd5e42418df207b044e3357a",2026020074,"2026-10-10","2026-10-10T23:00:00Z","FUT","Mammoth","2026-10-10T18:03:39.882Z","https://www.nhl.com/news/nhl-lineup-projections-2026-27-season","2026-10-10",1,"matched",TRUE,1,NA,NA,"starter",0,NA,NA
20262027,20262027,7,"BUF",8480045,"Ukko-Pekka","Luukkonen","Ukko-Pekka Luukkonen","G","current_roster",TRUE,"2026-10-10T18:03:40.498Z","2026-10-10_180157_38074132924_1_17a65d0afd5e42418df207b044e3357a",2026020074,"2026-10-10","2026-10-10T23:00:00Z","FUT","Mammoth","2026-10-10T18:03:39.882Z","https://www.nhl.com/news/nhl-lineup-projections-2026-27-season","2026-10-10",1,"matched",TRUE,1,NA,NA,"backup",0,NA,NA
20262027,20262027,7,"BUF",8479312,"Alex","Lyon","Alex Lyon","G","current_roster",TRUE,"2026-10-10T18:03:40.500Z","2026-10-10_180157_38074132924_1_17a65d0afd5e42418df207b044e3357a",2026020074,"2026-10-10","2026-10-10T23:00:00Z","FUT","Mammoth","2026-10-10T18:03:39.882Z","https://www.nhl.com/news/nhl-lineup-projections-2026-27-season","2026-10-10",1,"matched",TRUE,0,NA,NA,NA,0,NA,"upper body"
20262027,20262027,17,"DET",8478891,"Mason","Appleton","Mason Appleton","F","current_roster",TRUE,"2026-10-10T18:03:41.010Z","2026-10-10_180157_38074132924_1_17a65d0afd5e42418df207b044e3357a",2026020075,"2026-10-10","2026-10-10T23:00:00Z","FUT","Canadiens","2026-10-10T18:03:39.882Z","https://www.nhl.com/news/nhl-lineup-projections-2026-27-season","2026-10-10",1,"matched",TRUE,0,NA,NA,NA,0,1,"undisclosed"
20262027,20262027,17,"DET",8478042,"Viktor","Arvidsson","Viktor Arvidsson","F","current_roster",TRUE,"2026-10-10T18:03:41.013Z","2026-10-10_180157_38074132924_1_17a65d0afd5e42418df207b044e3357a",2026020075,"2026-10-10","2026-10-10T23:00:00Z","FUT","Canadiens","2026-10-10T18:03:39.882Z","https://www.nhl.com/news/nhl-lineup-projections-2026-27-season","2026-10-10",1,"matched",TRUE,1,1,NA,NA,0,0,NA
20262027,20262027,17,"DET",8484794,"Michael","Brandsegg-Nygård","Michael Brandsegg-Nygård","F","current_roster",TRUE,"2026-10-10T18:03:41.015Z","2026-10-10_180157_38074132924_1_17a65d0afd5e42418df207b044e3357a",2026020075,"2026-10-10","2026-10-10T23:00:00Z","FUT","Canadiens","2026-10-10T18:03:39.882Z","https://www.nhl.com/news/nhl-lineup-projections-2026-27-season","2026-10-10",1,"matched",TRUE,1,2,NA,NA,0,0,NA
20262027,20262027,17,"DET",8477456,"J.T.","Compher","J.T. Compher","F","current_roster",TRUE,"2026-10-10T18:03:41.016Z","2026-10-10_180157_38074132924_1_17a65d0afd5e42418df207b044e3357a",2026020075,"2026-10-10","2026-10-10T23:00:00Z","FUT","Canadiens","2026-10-10T18:03:39.882Z","https://www.nhl.com/news/nhl-lineup-projections-2026-27-season","2026-10-10",1,"matched",TRUE,0,NA,NA,NA,0,1,"undisclosed"
20262027,20262027,17,"DET",8477429,"Andrew","Copp","Andrew Copp","F","current_roster",TRUE,"2026-10-10T18:03:41.018Z","2026-10-10_180157_38074132924_1_17a65d0afd5e42418df207b044e3357a",2026020075,"2026-10-10","2026-10-10T23:00:00Z","FUT","Canadiens","2026-10-10T18:03:39.882Z","https://www.nhl.com/news/nhl-lineup-projections-2026-27-season","2026-10-10",1,"matched",TRUE,1,3,NA,NA,0,0,NA
20262027,20262027,17,"DET",8484160,"Nate","Danielson","Nate Danielson","F","current_roster",TRUE,"2026-10-10T18:03:41.020Z","2026-10-10_180157_38074132924_1_17a65d0afd5e42418df207b044e3357a",2026020075,"2026-10-10","2026-10-10T23:00:00Z","FUT","Canadiens","2026-10-10T18:03:39.882Z","https://www.nhl.com/news/nhl-lineup-projections-2026-27-season","2026-10-10",1,"matched",TRUE,1,4,NA,NA,0,0,NA
20262027,20262027,17,"DET",8479337,"Alex","DeBrincat","Alex DeBrincat","F","current_roster",TRUE,"2026-10-10T18:03:41.022Z","2026-10-10_180157_38074132924_1_17a65d0afd5e42418df207b044e3357a",2026020075,"2026-10-10","2026-10-10T23:00:00Z","FUT","Canadiens","2026-10-10T18:03:39.882Z","https://www.nhl.com/news/nhl-lineup-projections-2026-27-season","2026-10-10",1,"matched",TRUE,1,2,NA,NA,0,0,NA
20262027,20262027,17,"DET",8480326,"Sheldon","Dries","Sheldon Dries","F","current_roster",TRUE,"2026-10-10T18:03:41.024Z","2026-10-10_180157_38074132924_1_17a65d0afd5e42418df207b044e3357a",2026020075,"2026-10-10","2026-10-10T23:00:00Z","FUT","Canadiens","2026-10-10T18:03:39.882Z","https://www.nhl.com/news/nhl-lineup-projections-2026-27-season","2026-10-10",1,"matched",TRUE,0,NA,NA,NA,0,0,NA
20262027,20262027,17,"DET",8484471,"Emmitt","Finnie","Emmitt Finnie","F","current_roster",TRUE,"2026-10-10T18:03:41.026Z","2026-10-10_180157_38074132924_1_17a65d0afd5e42418df207b044e3357a",2026020075,"2026-10-10","2026-10-10T23:00:00Z","FUT","Canadiens","2026-10-10T18:03:39.882Z","https://www.nhl.com/news/nhl-lineup-projections-2026-27-season","2026-10-10",1,"matched",TRUE,1,2,NA,NA,0,0,NA
20262027,20262027,17,"DET",8483464,"Marco","Kasper","Marco Kasper","F","current_roster",TRUE,"2026-10-10T18:03:41.028Z","2026-10-10_180157_38074132924_1_17a65d0afd5e42418df207b044e3357a",2026020075,"2026-10-10","2026-10-10T23:00:00Z","FUT","Canadiens","2026-10-10T18:03:39.882Z","https://www.nhl.com/news/nhl-lineup-projections-2026-27-season","2026-10-10",1,"matched",TRUE,0,NA,NA,NA,0,1,"upper body"
20262027,20262027,17,"DET",8478434,"Keegan","Kolesar","Keegan Kolesar","F","current_roster",TRUE,"2026-10-10T18:03:41.030Z","2026-10-10_180157_38074132924_1_17a65d0afd5e42418df207b044e3357a",2026020075,"2026-10-10","2026-10-10T23:00:00Z","FUT","Canadiens","2026-10-10T18:03:39.882Z","https://www.nhl.com/news/nhl-lineup-projections-2026-27-season","2026-10-10",1,"matched",TRUE,1,3,NA,NA,0,0,NA
20262027,20262027,17,"DET",8477946,"Dylan","Larkin","Dylan Larkin","F","current_roster",TRUE,"2026-10-10T18:03:41.032Z","2026-10-10_180157_38074132924_1_17a65d0afd5e42418df207b044e3357a",2026020075,"2026-10-10","2026-10-10T23:00:00Z","FUT","Canadiens","2026-10-10T18:03:39.882Z","https://www.nhl.com/news/nhl-lineup-projections-2026-27-season","2026-10-10",1,"matched",TRUE,1,1,NA,NA,0,0,NA
20262027,20262027,17,"DET",8482802,"Carter","Mazur","Carter Mazur","F","current_roster",TRUE,"2026-10-10T18:03:41.034Z","2026-10-10_180157_38074132924_1_17a65d0afd5e42418df207b044e3357a",2026020075,"2026-10-10","2026-10-10T23:00:00Z","FUT","Canadiens","2026-10-10T18:03:39.882Z","https://www.nhl.com/news/nhl-lineup-projections-2026-27-season","2026-10-10",1,"matched",TRUE,1,4,NA,NA,0,0,NA
20262027,20262027,17,"DET",8479992,"Michael","Rasmussen","Michael Rasmussen","F","current_roster",TRUE,"2026-10-10T18:03:41.036Z","2026-10-10_180157_38074132924_1_17a65d0afd5e42418df207b044e3357a",2026020075,"2026-10-10","2026-10-10T23:00:00Z","FUT","Canadiens","2026-10-10T18:03:39.882Z","https://www.nhl.com/news/nhl-lineup-projections-2026-27-season","2026-10-10",1,"matched",TRUE,1,3,NA,NA,0,0,NA
20262027,20262027,17,"DET",8482078,"Lucas","Raymond","Lucas Raymond","F","current_roster",TRUE,"2026-10-10T18:03:41.038Z","2026-10-10_180157_38074132924_1_17a65d0afd5e42418df207b044e3357a",2026020075,"2026-10-10","2026-10-10T23:00:00Z","FUT","Canadiens","2026-10-10T18:03:39.882Z","https://www.nhl.com/news/nhl-lineup-projections-2026-27-season","2026-10-10",1,"matched",TRUE,1,1,NA,NA,0,0,NA
20262027,20262027,17,"DET",8480879,"Jacob","Bernard-Docker","Jacob Bernard-Docker","D","current_roster",TRUE,"2026-10-10T18:03:41.041Z","2026-10-10_180157_38074132924_1_17a65d0afd5e42418df207b044e3357a",2026020075,"2026-10-10","2026-10-10T23:00:00Z","FUT","Canadiens","2026-10-10T18:03:39.882Z","https://www.nhl.com/news/nhl-lineup-projections-2026-27-season","2026-10-10",1,"matched",TRUE,0,NA,NA,NA,1,0,NA
20262027,20262027,17,"DET",8475279,"Ben","Chiarot","Ben Chiarot","D","current_roster",TRUE,"2026-10-10T18:03:41.045Z","2026-10-10_180157_38074132924_1_17a65d0afd5e42418df207b044e3357a",2026020075,"2026-10-10","2026-10-10T23:00:00Z","FUT","Canadiens","2026-10-10T18:03:39.882Z","https://www.nhl.com/news/nhl-lineup-projections-2026-27-season","2026-10-10",1,"matched",TRUE,1,NA,2,NA,0,0,NA
20262027,20262027,17,"DET",8477971,"Andreas","Englund","Andreas Englund","D","current_roster",TRUE,"2026-10-10T18:03:41.047Z","2026-10-10_180157_38074132924_1_17a65d0afd5e42418df207b044e3357a",2026020075,"2026-10-10","2026-10-10T23:00:00Z","FUT","Canadiens","2026-10-10T18:03:39.882Z","https://www.nhl.com/news/nhl-lineup-projections-2026-27-season","2026-10-10",1,"matched",TRUE,0,NA,NA,NA,1,0,NA
20262027,20262027,17,"DET",8475753,"Justin","Faulk","Justin Faulk","D","current_roster",TRUE,"2026-10-10T18:03:41.049Z","2026-10-10_180157_38074132924_1_17a65d0afd5e42418df207b044e3357a",2026020075,"2026-10-10","2026-10-10T23:00:00Z","FUT","Canadiens","2026-10-10T18:03:39.882Z","https://www.nhl.com/news/nhl-lineup-projections-2026-27-season","2026-10-10",1,"matched",TRUE,1,NA,3,NA,0,0,NA
20262027,20262027,17,"DET",8481607,"Albert","Johansson","Albert Johansson","D","current_roster",TRUE,"2026-10-10T18:03:41.052Z","2026-10-10_180157_38074132924_1_17a65d0afd5e42418df207b044e3357a",2026020075,"2026-10-10","2026-10-10T23:00:00Z","FUT","Canadiens","2026-10-10T18:03:39.882Z","https://www.nhl.com/news/nhl-lineup-projections-2026-27-season","2026-10-10",1,"matched",TRUE,1,NA,1,NA,0,0,NA
20262027,20262027,17,"DET",8483679,"Anton","Johansson","Anton Johansson","D","current_roster",TRUE,"2026-10-10T18:03:41.055Z","2026-10-10_180157_38074132924_1_17a65d0afd5e42418df207b044e3357a",2026020075,"2026-10-10","2026-10-10T23:00:00Z","FUT","Canadiens","2026-10-10T18:03:39.882Z","https://www.nhl.com/news/nhl-lineup-projections-2026-27-season","2026-10-10",1,"matched",TRUE,1,NA,2,NA,0,0,NA
20262027,20262027,17,"DET",8484223,"Axel","Sandin-Pellikka","Axel Sandin-Pellikka","D","current_roster",TRUE,"2026-10-10T18:03:41.057Z","2026-10-10_180157_38074132924_1_17a65d0afd5e42418df207b044e3357a",2026020075,"2026-10-10","2026-10-10T23:00:00Z","FUT","Canadiens","2026-10-10T18:03:39.882Z","https://www.nhl.com/news/nhl-lineup-projections-2026-27-season","2026-10-10",1,"matched",TRUE,1,NA,4,NA,0,0,NA
20262027,20262027,17,"DET",8481542,"Moritz","Seider","Moritz Seider","D","current_roster",TRUE,"2026-10-10T18:03:41.059Z","2026-10-10_180157_38074132924_1_17a65d0afd5e42418df207b044e3357a",2026020075,"2026-10-10","2026-10-10T23:00:00Z","FUT","Canadiens","2026-10-10T18:03:39.882Z","https://www.nhl.com/news/nhl-lineup-projections-2026-27-season","2026-10-10",1,"matched",TRUE,1,NA,1,NA,0,0,NA
20262027,20262027,17,"DET",8482171,"William","Wallinder","William Wallinder","D","current_roster",TRUE,"2026-10-10T18:03:41.061Z","2026-10-10_180157_38074132924_1_17a65d0afd5e42418df207b044e3357a",2026020075,"2026-10-10","2026-10-10T23:00:00Z","FUT","Canadiens","2026-10-10T18:03:39.882Z","https://www.nhl.com/news/nhl-lineup-projections-2026-27-season","2026-10-10",1,"matched",TRUE,1,NA,3,NA,0,0,NA
20262027,20262027,17,"DET",8476434,"John","Gibson","John Gibson","G","current_roster",TRUE,"2026-10-10T18:03:41.064Z","2026-10-10_180157_38074132924_1_17a65d0afd5e42418df207b044e3357a",2026020075,"2026-10-10","2026-10-10T23:00:00Z","FUT","Canadiens","2026-10-10T18:03:39.882Z","https://www.nhl.com/news/nhl-lineup-projections-2026-27-season","2026-10-10",1,"matched",TRUE,1,NA,NA,"backup",0,0,NA
20262027,20262027,17,"DET",8480193,"Daniil","Tarasov","Daniil Tarasov","G","current_roster",TRUE,"2026-10-10T18:03:41.066Z","2026-10-10_180157_38074132924_1_17a65d0afd5e42418df207b044e3357a",2026020075,"2026-10-10","2026-10-10T23:00:00Z","FUT","Canadiens","2026-10-10T18:03:39.882Z","https://www.nhl.com/news/nhl-lineup-projections-2026-27-season","2026-10-10",1,"matched",TRUE,1,NA,NA,"starter",0,0,NA
20262027,20262027,8,"MTL",8476981,"Josh","Anderson","Josh Anderson","F","current_roster",TRUE,"2026-10-10T18:03:40.396Z","2026-10-10_180157_38074132924_1_17a65d0afd5e42418df207b044e3357a",2026020075,"2026-10-10","2026-10-10T23:00:00Z","FUT","Red Wings","2026-10-10T18:03:39.882Z","https://www.nhl.com/news/nhl-lineup-projections-2026-27-season","2026-10-10",1,"matched",TRUE,1,2,NA,NA,0,0,NA
20262027,20262027,8,"MTL",8482737,"Zachary","Bolduc","Zachary Bolduc","F","current_roster",TRUE,"2026-10-10T18:03:40.398Z","2026-10-10_180157_38074132924_1_17a65d0afd5e42418df207b044e3357a",2026020075,"2026-10-10","2026-10-10T23:00:00Z","FUT","Red Wings","2026-10-10T18:03:39.882Z","https://www.nhl.com/news/nhl-lineup-projections-2026-27-season","2026-10-10",1,"matched",TRUE,1,3,NA,NA,0,0,NA
20262027,20262027,8,"MTL",8481540,"Cole","Caufield","Cole Caufield","F","current_roster",TRUE,"2026-10-10T18:03:40.400Z","2026-10-10_180157_38074132924_1_17a65d0afd5e42418df207b044e3357a",2026020075,"2026-10-10","2026-10-10T23:00:00Z","FUT","Red Wings","2026-10-10T18:03:39.882Z","https://www.nhl.com/news/nhl-lineup-projections-2026-27-season","2026-10-10",1,"matched",TRUE,1,1,NA,NA,0,0,NA
20262027,20262027,8,"MTL",8481523,"Kirby","Dach","Kirby Dach","F","current_roster",TRUE,"2026-10-10T18:03:40.402Z","2026-10-10_180157_38074132924_1_17a65d0afd5e42418df207b044e3357a",2026020075,"2026-10-10","2026-10-10T23:00:00Z","FUT","Red Wings","2026-10-10T18:03:39.882Z","https://www.nhl.com/news/nhl-lineup-projections-2026-27-season","2026-10-10",1,"matched",TRUE,1,4,NA,NA,0,0,NA
20262027,20262027,8,"MTL",8476479,"Phillip","Danault","Phillip Danault","F","current_roster",TRUE,"2026-10-10T18:03:40.404Z","2026-10-10_180157_38074132924_1_17a65d0afd5e42418df207b044e3357a",2026020075,"2026-10-10","2026-10-10T23:00:00Z","FUT","Red Wings","2026-10-10T18:03:39.882Z","https://www.nhl.com/news/nhl-lineup-projections-2026-27-season","2026-10-10",1,"matched",TRUE,1,3,NA,NA,0,0,NA
20262027,20262027,8,"MTL",8484984,"Ivan","Demidov","Ivan Demidov","F","current_roster",TRUE,"2026-10-10T18:03:40.406Z","2026-10-10_180157_38074132924_1_17a65d0afd5e42418df207b044e3357a",2026020075,"2026-10-10","2026-10-10T23:00:00Z","FUT","Red Wings","2026-10-10T18:03:39.882Z","https://www.nhl.com/news/nhl-lineup-projections-2026-27-season","2026-10-10",1,"matched",TRUE,0,NA,NA,NA,0,1,"lower body"
20262027,20262027,8,"MTL",8478133,"Jake","Evans","Jake Evans","F","current_roster",TRUE,"2026-10-10T18:03:40.408Z","2026-10-10_180157_38074132924_1_17a65d0afd5e42418df207b044e3357a",2026020075,"2026-10-10","2026-10-10T23:00:00Z","FUT","Red Wings","2026-10-10T18:03:39.882Z","https://www.nhl.com/news/nhl-lineup-projections-2026-27-season","2026-10-10",1,"matched",TRUE,1,4,NA,NA,0,0,NA
20262027,20262027,8,"MTL",8482775,"Oliver","Kapanen","Oliver Kapanen","F","current_roster",TRUE,"2026-10-10T18:03:40.410Z","2026-10-10_180157_38074132924_1_17a65d0afd5e42418df207b044e3357a",2026020075,"2026-10-10","2026-10-10T23:00:00Z","FUT","Red Wings","2026-10-10T18:03:39.882Z","https://www.nhl.com/news/nhl-lineup-projections-2026-27-season","2026-10-10",1,"matched",TRUE,0,NA,NA,NA,0,1,"lower body"
20262027,20262027,8,"MTL",8475184,"Chris","Kreider","Chris Kreider","F","current_roster",TRUE,"2026-10-10T18:03:40.412Z","2026-10-10_180157_38074132924_1_17a65d0afd5e42418df207b044e3357a",2026020075,"2026-10-10","2026-10-10T23:00:00Z","FUT","Red Wings","2026-10-10T18:03:39.882Z","https://www.nhl.com/news/nhl-lineup-projections-2026-27-season","2026-10-10",1,"matched",TRUE,1,2,NA,NA,0,0,NA
20262027,20262027,8,"MTL",8481618,"Alex","Newhook","Alex Newhook","F","current_roster",TRUE,"2026-10-10T18:03:40.414Z","2026-10-10_180157_38074132924_1_17a65d0afd5e42418df207b044e3357a",2026020075,"2026-10-10","2026-10-10T23:00:00Z","FUT","Red Wings","2026-10-10T18:03:39.882Z","https://www.nhl.com/news/nhl-lineup-projections-2026-27-season","2026-10-10",1,"matched",TRUE,1,2,NA,NA,0,0,NA
20262027,20262027,8,"MTL",8483515,"Juraj","Slafkovský","Juraj Slafkovský","F","current_roster",TRUE,"2026-10-10T18:03:40.416Z","2026-10-10_180157_38074132924_1_17a65d0afd5e42418df207b044e3357a",2026020075,"2026-10-10","2026-10-10T23:00:00Z","FUT","Red Wings","2026-10-10T18:03:39.882Z","https://www.nhl.com/news/nhl-lineup-projections-2026-27-season","2026-10-10",1,"matched",TRUE,1,1,NA,NA,0,0,NA
20262027,20262027,8,"MTL",8480018,"Nick","Suzuki","Nick Suzuki","F","current_roster",TRUE,"2026-10-10T18:03:40.418Z","2026-10-10_180157_38074132924_1_17a65d0afd5e42418df207b044e3357a",2026020075,"2026-10-10","2026-10-10T23:00:00Z","FUT","Red Wings","2026-10-10T18:03:39.882Z","https://www.nhl.com/news/nhl-lineup-projections-2026-27-season","2026-10-10",1,"matched",TRUE,1,1,NA,NA,0,0,NA
20262027,20262027,8,"MTL",8480074,"Alexandre","Texier","Alexandre Texier","F","current_roster",TRUE,"2026-10-10T18:03:40.420Z","2026-10-10_180157_38074132924_1_17a65d0afd5e42418df207b044e3357a",2026020075,"2026-10-10","2026-10-10T23:00:00Z","FUT","Red Wings","2026-10-10T18:03:39.882Z","https://www.nhl.com/news/nhl-lineup-projections-2026-27-season","2026-10-10",1,"matched",TRUE,1,3,NA,NA,0,0,NA
20262027,20262027,8,"MTL",8484403,"Florian","Xhekaj","Florian Xhekaj","F","current_roster",TRUE,"2026-10-10T18:03:40.422Z","2026-10-10_180157_38074132924_1_17a65d0afd5e42418df207b044e3357a",2026020075,"2026-10-10","2026-10-10T23:00:00Z","FUT","Red Wings","2026-10-10T18:03:39.882Z","https://www.nhl.com/news/nhl-lineup-projections-2026-27-season","2026-10-10",1,"matched",TRUE,0,NA,NA,NA,0,1,"undisclosed"
20262027,20262027,8,"MTL",8478851,"Alexandre","Carrier","Alexandre Carrier","D","current_roster",TRUE,"2026-10-10T18:03:40.425Z","2026-10-10_180157_38074132924_1_17a65d0afd5e42418df207b044e3357a",2026020075,"2026-10-10","2026-10-10T23:00:00Z","FUT","Red Wings","2026-10-10T18:03:39.882Z","https://www.nhl.com/news/nhl-lineup-projections-2026-27-season","2026-10-10",1,"matched",TRUE,1,NA,2,NA,0,0,NA
20262027,20262027,8,"MTL",8480865,"Noah","Dobson","Noah Dobson","D","current_roster",TRUE,"2026-10-10T18:03:40.430Z","2026-10-10_180157_38074132924_1_17a65d0afd5e42418df207b044e3357a",2026020075,"2026-10-10","2026-10-10T23:00:00Z","FUT","Red Wings","2026-10-10T18:03:39.882Z","https://www.nhl.com/news/nhl-lineup-projections-2026-27-season","2026-10-10",1,"matched",TRUE,1,NA,1,NA,0,0,NA
20262027,20262027,8,"MTL",8483686,"Adam","Engstrom","Adam Engstrom","D","current_roster",TRUE,"2026-10-10T18:03:40.432Z","2026-10-10_180157_38074132924_1_17a65d0afd5e42418df207b044e3357a",2026020075,"2026-10-10","2026-10-10T23:00:00Z","FUT","Red Wings","2026-10-10T18:03:39.882Z","https://www.nhl.com/news/nhl-lineup-projections-2026-27-season","2026-10-10",1,"matched",TRUE,1,NA,3,NA,0,0,NA
20262027,20262027,8,"MTL",8482087,"Kaiden","Guhle","Kaiden Guhle","D","current_roster",TRUE,"2026-10-10T18:03:40.434Z","2026-10-10_180157_38074132924_1_17a65d0afd5e42418df207b044e3357a",2026020075,"2026-10-10","2026-10-10T23:00:00Z","FUT","Red Wings","2026-10-10T18:03:39.882Z","https://www.nhl.com/news/nhl-lineup-projections-2026-27-season","2026-10-10",1,"matched",TRUE,1,NA,3,NA,0,0,NA
20262027,20262027,8,"MTL",8483457,"Lane","Hutson","Lane Hutson","D","current_roster",TRUE,"2026-10-10T18:03:40.436Z","2026-10-10_180157_38074132924_1_17a65d0afd5e42418df207b044e3357a",2026020075,"2026-10-10","2026-10-10T23:00:00Z","FUT","Red Wings","2026-10-10T18:03:39.882Z","https://www.nhl.com/news/nhl-lineup-projections-2026-27-season","2026-10-10",1,"matched",TRUE,1,NA,1,NA,0,0,NA
20262027,20262027,8,"MTL",8476875,"Mike","Matheson","Mike Matheson","D","current_roster",TRUE,"2026-10-10T18:03:40.438Z","2026-10-10_180157_38074132924_1_17a65d0afd5e42418df207b044e3357a",2026020075,"2026-10-10","2026-10-10T23:00:00Z","FUT","Red Wings","2026-10-10T18:03:39.882Z","https://www.nhl.com/news/nhl-lineup-projections-2026-27-season","2026-10-10",1,"matched",TRUE,1,NA,2,NA,0,0,NA
20262027,20262027,8,"MTL",8482964,"Arber","Xhekaj","Arber Xhekaj","D","current_roster",TRUE,"2026-10-10T18:03:40.440Z","2026-10-10_180157_38074132924_1_17a65d0afd5e42418df207b044e3357a",2026020075,"2026-10-10","2026-10-10T23:00:00Z","FUT","Red Wings","2026-10-10T18:03:39.882Z","https://www.nhl.com/news/nhl-lineup-projections-2026-27-season","2026-10-10",1,"matched",TRUE,1,NA,4,NA,0,0,NA
20262027,20262027,8,"MTL",8482487,"Jakub","Dobes","Jakub Dobes","G","current_roster",TRUE,"2026-10-10T18:03:40.442Z","2026-10-10_180157_38074132924_1_17a65d0afd5e42418df207b044e3357a",2026020075,"2026-10-10","2026-10-10T23:00:00Z","FUT","Red Wings","2026-10-10T18:03:39.882Z","https://www.nhl.com/news/nhl-lineup-projections-2026-27-season","2026-10-10",1,"matched",TRUE,1,NA,NA,"backup",0,0,NA
20262027,20262027,8,"MTL",8484170,"Jacob","Fowler","Jacob Fowler","G","current_roster",TRUE,"2026-10-10T18:03:40.444Z","2026-10-10_180157_38074132924_1_17a65d0afd5e42418df207b044e3357a",2026020075,"2026-10-10","2026-10-10T23:00:00Z","FUT","Red Wings","2026-10-10T18:03:39.882Z","https://www.nhl.com/news/nhl-lineup-projections-2026-27-season","2026-10-10",1,"matched",TRUE,1,NA,NA,"starter",0,0,NA
20262027,20262027,8,"MTL",8478470,"Samuel","Montembeault","Samuel Montembeault","G","current_roster",TRUE,"2026-10-10T18:03:40.446Z","2026-10-10_180157_38074132924_1_17a65d0afd5e42418df207b044e3357a",2026020075,"2026-10-10","2026-10-10T23:00:00Z","FUT","Red Wings","2026-10-10T18:03:39.882Z","https://www.nhl.com/news/nhl-lineup-projections-2026-27-season","2026-10-10",1,"matched",TRUE,0,NA,NA,NA,0,1,"lower body"
20262027,20262027,18,"NSH",8482145,"Mavrik","Bourque","Mavrik Bourque","F","current_roster",TRUE,"2026-10-10T18:03:40.703Z","2026-10-10_180157_38074132924_1_17a65d0afd5e42418df207b044e3357a",2026020076,"2026-10-10","2026-10-10T23:00:00Z","FUT","Senators","2026-10-10T18:03:39.882Z","https://www.nhl.com/news/nhl-lineup-projections-2026-27-season","2026-10-10",1,"matched",TRUE,0,NA,NA,NA,0,1,"upper body"
20262027,20262027,18,"NSH",8479525,"Ross","Colton","Ross Colton","F","current_roster",TRUE,"2026-10-10T18:03:40.705Z","2026-10-10_180157_38074132924_1_17a65d0afd5e42418df207b044e3357a",2026020076,"2026-10-10","2026-10-10T23:00:00Z","FUT","Senators","2026-10-10T18:03:39.882Z","https://www.nhl.com/news/nhl-lineup-projections-2026-27-season","2026-10-10",1,"matched",TRUE,1,4,NA,NA,0,0,NA
20262027,20262027,18,"NSH",8480835,"Jack","Drury","Jack Drury","F","current_roster",TRUE,"2026-10-10T18:03:40.707Z","2026-10-10_180157_38074132924_1_17a65d0afd5e42418df207b044e3357a",2026020076,"2026-10-10","2026-10-10T23:00:00Z","FUT","Senators","2026-10-10T18:03:39.882Z","https://www.nhl.com/news/nhl-lineup-projections-2026-27-season","2026-10-10",1,"matched",TRUE,1,4,NA,NA,0,0,NA
20262027,20262027,18,"NSH",8481726,"Adam","Edstrom","Adam Edstrom","F","current_roster",TRUE,"2026-10-10T18:03:40.709Z","2026-10-10_180157_38074132924_1_17a65d0afd5e42418df207b044e3357a",2026020076,"2026-10-10","2026-10-10T23:00:00Z","FUT","Senators","2026-10-10T18:03:39.882Z","https://www.nhl.com/news/nhl-lineup-projections-2026-27-season","2026-10-10",1,"matched",TRUE,1,4,NA,NA,0,0,NA
20262027,20262027,18,"NSH",8476887,"Filip","Forsberg","Filip Forsberg","F","current_roster",TRUE,"2026-10-10T18:03:40.711Z","2026-10-10_180157_38074132924_1_17a65d0afd5e42418df207b044e3357a",2026020076,"2026-10-10","2026-10-10T23:00:00Z","FUT","Senators","2026-10-10T18:03:39.882Z","https://www.nhl.com/news/nhl-lineup-projections-2026-27-season","2026-10-10",1,"matched",TRUE,1,2,NA,NA,0,0,NA
20262027,20262027,18,"NSH",8481535,"Nils","Hoglander","Nils Hoglander","F","current_roster",TRUE,"2026-10-10T18:03:40.713Z","2026-10-10_180157_38074132924_1_17a65d0afd5e42418df207b044e3357a",2026020076,"2026-10-10","2026-10-10T23:00:00Z","FUT","Senators","2026-10-10T18:03:39.882Z","https://www.nhl.com/news/nhl-lineup-projections-2026-27-season","2026-10-10",1,"matched",TRUE,1,2,NA,NA,0,0,NA
20262027,20262027,18,"NSH",8477021,"Alexander","Kerfoot","Alexander Kerfoot","F","current_roster",TRUE,"2026-10-10T18:03:40.715Z","2026-10-10_180157_38074132924_1_17a65d0afd5e42418df207b044e3357a",2026020076,"2026-10-10","2026-10-10T23:00:00Z","FUT","Senators","2026-10-10T18:03:39.882Z","https://www.nhl.com/news/nhl-lineup-projections-2026-27-season","2026-10-10",1,"matched",TRUE,1,3,NA,NA,0,0,NA
20262027,20262027,18,"NSH",8476539,"Jonathan","Marchessault","Jonathan Marchessault","F","current_roster",TRUE,"2026-10-10T18:03:40.717Z","2026-10-10_180157_38074132924_1_17a65d0afd5e42418df207b044e3357a",2026020076,"2026-10-10","2026-10-10T23:00:00Z","FUT","Senators","2026-10-10T18:03:39.882Z","https://www.nhl.com/news/nhl-lineup-projections-2026-27-season","2026-10-10",1,"matched",TRUE,1,1,NA,NA,0,0,NA
20262027,20262027,18,"NSH",8475158,"Ryan","O'Reilly","Ryan O'Reilly","F","current_roster",TRUE,"2026-10-10T18:03:40.718Z","2026-10-10_180157_38074132924_1_17a65d0afd5e42418df207b044e3357a",2026020076,"2026-10-10","2026-10-10T23:00:00Z","FUT","Senators","2026-10-10T18:03:39.882Z","https://www.nhl.com/news/nhl-lineup-projections-2026-27-season","2026-10-10",1,"matched",TRUE,1,1,NA,NA,0,0,NA
20262027,20262027,18,"NSH",8486189,"Vitali","Pinchuk","Vitali Pinchuk","F","current_roster",TRUE,"2026-10-10T18:03:40.720Z","2026-10-10_180157_38074132924_1_17a65d0afd5e42418df207b044e3357a",2026020076,"2026-10-10","2026-10-10T23:00:00Z","FUT","Senators","2026-10-10T18:03:39.882Z","https://www.nhl.com/news/nhl-lineup-projections-2026-27-season","2026-10-10",1,"matched",TRUE,1,3,NA,NA,0,0,NA
20262027,20262027,18,"NSH",8483513,"Reid","Schaefer","Reid Schaefer","F","current_roster",TRUE,"2026-10-10T18:03:40.722Z","2026-10-10_180157_38074132924_1_17a65d0afd5e42418df207b044e3357a",2026020076,"2026-10-10","2026-10-10T23:00:00Z","FUT","Senators","2026-10-10T18:03:39.882Z","https://www.nhl.com/news/nhl-lineup-projections-2026-27-season","2026-10-10",1,"matched",TRUE,1,3,NA,NA,0,0,NA
20262027,20262027,18,"NSH",8474564,"Steven","Stamkos","Steven Stamkos","F","current_roster",TRUE,"2026-10-10T18:03:40.724Z","2026-10-10_180157_38074132924_1_17a65d0afd5e42418df207b044e3357a",2026020076,"2026-10-10","2026-10-10T23:00:00Z","FUT","Senators","2026-10-10T18:03:39.882Z","https://www.nhl.com/news/nhl-lineup-projections-2026-27-season","2026-10-10",1,"matched",TRUE,1,1,NA,NA,0,0,NA
20262027,20262027,18,"NSH",8484241,"Matthew","Wood","Matthew Wood","F","current_roster",TRUE,"2026-10-10T18:03:40.726Z","2026-10-10_180157_38074132924_1_17a65d0afd5e42418df207b044e3357a",2026020076,"2026-10-10","2026-10-10T23:00:00Z","FUT","Senators","2026-10-10T18:03:39.882Z","https://www.nhl.com/news/nhl-lineup-projections-2026-27-season","2026-10-10",1,"matched",TRUE,1,2,NA,NA,0,0,NA
20262027,20262027,18,"NSH",8482072,"Jack","Ahcan","Jack Ahcan","D","current_roster",TRUE,"2026-10-10T18:03:40.729Z","2026-10-10_180157_38074132924_1_17a65d0afd5e42418df207b044e3357a",2026020076,"2026-10-10","2026-10-10T23:00:00Z","FUT","Senators","2026-10-10T18:03:39.882Z","https://www.nhl.com/news/nhl-lineup-projections-2026-27-season","2026-10-10",1,"matched",TRUE,0,NA,NA,NA,1,0,NA
20262027,20262027,18,"NSH",8479980,"Nicolas","Hague","Nicolas Hague","D","current_roster",TRUE,"2026-10-10T18:03:40.731Z","2026-10-10_180157_38074132924_1_17a65d0afd5e42418df207b044e3357a",2026020076,"2026-10-10","2026-10-10T23:00:00Z","FUT","Senators","2026-10-10T18:03:39.882Z","https://www.nhl.com/news/nhl-lineup-projections-2026-27-season","2026-10-10",1,"matched",TRUE,1,NA,1,NA,0,0,NA
20262027,20262027,18,"NSH",8474600,"Roman","Josi","Roman Josi","D","current_roster",TRUE,"2026-10-10T18:03:40.733Z","2026-10-10_180157_38074132924_1_17a65d0afd5e42418df207b044e3357a",2026020076,"2026-10-10","2026-10-10T23:00:00Z","FUT","Senators","2026-10-10T18:03:39.882Z","https://www.nhl.com/news/nhl-lineup-projections-2026-27-season","2026-10-10",1,"matched",TRUE,1,NA,1,NA,0,0,NA
20262027,20262027,18,"NSH",8480950,"Ilya","Lyubushkin","Ilya Lyubushkin","D","current_roster",TRUE,"2026-10-10T18:03:40.737Z","2026-10-10_180157_38074132924_1_17a65d0afd5e42418df207b044e3357a",2026020076,"2026-10-10","2026-10-10T23:00:00Z","FUT","Senators","2026-10-10T18:03:39.882Z","https://www.nhl.com/news/nhl-lineup-projections-2026-27-season","2026-10-10",1,"matched",TRUE,0,NA,NA,NA,1,0,NA
20262027,20262027,18,"NSH",8480246,"Nick","Perbix","Nick Perbix","D","current_roster",TRUE,"2026-10-10T18:03:40.739Z","2026-10-10_180157_38074132924_1_17a65d0afd5e42418df207b044e3357a",2026020076,"2026-10-10","2026-10-10T23:00:00Z","FUT","Senators","2026-10-10T18:03:39.882Z","https://www.nhl.com/news/nhl-lineup-projections-2026-27-season","2026-10-10",1,"matched",TRUE,1,NA,2,NA,0,0,NA
20262027,20262027,18,"NSH",8476869,"Brady","Skjei","Brady Skjei","D","current_roster",TRUE,"2026-10-10T18:03:40.741Z","2026-10-10_180157_38074132924_1_17a65d0afd5e42418df207b044e3357a",2026020076,"2026-10-10","2026-10-10T23:00:00Z","FUT","Senators","2026-10-10T18:03:39.882Z","https://www.nhl.com/news/nhl-lineup-projections-2026-27-season","2026-10-10",1,"matched",TRUE,1,NA,2,NA,0,0,NA
20262027,20262027,18,"NSH",8481593,"Jayden","Struble","Jayden Struble","D","current_roster",TRUE,"2026-10-10T18:03:40.743Z","2026-10-10_180157_38074132924_1_17a65d0afd5e42418df207b044e3357a",2026020076,"2026-10-10","2026-10-10T23:00:00Z","FUT","Senators","2026-10-10T18:03:39.882Z","https://www.nhl.com/news/nhl-lineup-projections-2026-27-season","2026-10-10",1,"matched",TRUE,1,NA,3,NA,0,0,NA
20262027,20262027,18,"NSH",8482806,"William","Trudeau","William Trudeau","D","current_roster",TRUE,"2026-10-10T18:03:40.745Z","2026-10-10_180157_38074132924_1_17a65d0afd5e42418df207b044e3357a",2026020076,"2026-10-10","2026-10-10T23:00:00Z","FUT","Senators","2026-10-10T18:03:39.882Z","https://www.nhl.com/news/nhl-lineup-projections-2026-27-season","2026-10-10",1,"matched",TRUE,0,NA,NA,NA,0,1,"upper body"
20262027,20262027,18,"NSH",8482482,"Adam","Wilsby","Adam Wilsby","D","current_roster",TRUE,"2026-10-10T18:03:40.747Z","2026-10-10_180157_38074132924_1_17a65d0afd5e42418df207b044e3357a",2026020076,"2026-10-10","2026-10-10T23:00:00Z","FUT","Senators","2026-10-10T18:03:39.882Z","https://www.nhl.com/news/nhl-lineup-projections-2026-27-season","2026-10-10",1,"matched",TRUE,1,NA,3,NA,0,0,NA
20262027,20262027,18,"NSH",8481020,"Justus","Annunen","Justus Annunen","G","current_roster",TRUE,"2026-10-10T18:03:40.750Z","2026-10-10_180157_38074132924_1_17a65d0afd5e42418df207b044e3357a",2026020076,"2026-10-10","2026-10-10T23:00:00Z","FUT","Senators","2026-10-10T18:03:39.882Z","https://www.nhl.com/news/nhl-lineup-projections-2026-27-season","2026-10-10",1,"matched",TRUE,0,NA,NA,NA,0,1,"undisclosed"
20262027,20262027,18,"NSH",8483575,"Matt","Murray","Matt Murray","G","current_roster",TRUE,"2026-10-10T18:03:40.752Z","2026-10-10_180157_38074132924_1_17a65d0afd5e42418df207b044e3357a",2026020076,"2026-10-10","2026-10-10T23:00:00Z","FUT","Senators","2026-10-10T18:03:39.882Z","https://www.nhl.com/news/nhl-lineup-projections-2026-27-season","2026-10-10",1,"matched",TRUE,1,NA,NA,"backup",0,0,NA
20262027,20262027,18,"NSH",8477424,"Juuse","Saros","Juuse Saros","G","current_roster",TRUE,"2026-10-10T18:03:40.754Z","2026-10-10_180157_38074132924_1_17a65d0afd5e42418df207b044e3357a",2026020076,"2026-10-10","2026-10-10T23:00:00Z","FUT","Senators","2026-10-10T18:03:39.882Z","https://www.nhl.com/news/nhl-lineup-projections-2026-27-season","2026-10-10",1,"matched",TRUE,1,NA,NA,"starter",0,0,NA
20262027,20262027,25,"DAL",8473994,"Jamie","Benn","Jamie Benn","F","current_roster",TRUE,"2026-10-10T18:03:41.393Z","2026-10-10_180157_38074132924_1_17a65d0afd5e42418df207b044e3357a",2026020077,"2026-10-10","2026-10-10T23:00:00Z","FUT","Penguins","2026-10-10T18:03:39.882Z","https://www.nhl.com/news/nhl-lineup-projections-2026-27-season","2026-10-10",1,"matched",TRUE,1,2,NA,NA,0,0,NA
20262027,20262027,25,"DAL",8476278,"Colin","Blackwell","Colin Blackwell","F","current_roster",TRUE,"2026-10-10T18:03:41.395Z","2026-10-10_180157_38074132924_1_17a65d0afd5e42418df207b044e3357a",2026020077,"2026-10-10","2026-10-10T23:00:00Z","FUT","Penguins","2026-10-10T18:03:39.882Z","https://www.nhl.com/news/nhl-lineup-projections-2026-27-season","2026-10-10",1,"matched",TRUE,1,4,NA,NA,0,0,NA
20262027,20262027,25,"DAL",8480840,"Oskar","Bäck","Oskar Bäck","F","current_roster",TRUE,"2026-10-10T18:03:41.397Z","2026-10-10_180157_38074132924_1_17a65d0afd5e42418df207b044e3357a",2026020077,"2026-10-10","2026-10-10T23:00:00Z","FUT","Penguins","2026-10-10T18:03:39.882Z","https://www.nhl.com/news/nhl-lineup-projections-2026-27-season","2026-10-10",1,"matched",TRUE,1,4,NA,NA,0,0,NA
20262027,20262027,25,"DAL",8475168,"Matt","Duchene","Matt Duchene","F","current_roster",TRUE,"2026-10-10T18:03:41.399Z","2026-10-10_180157_38074132924_1_17a65d0afd5e42418df207b044e3357a",2026020077,"2026-10-10","2026-10-10T23:00:00Z","FUT","Penguins","2026-10-10T18:03:39.882Z","https://www.nhl.com/news/nhl-lineup-projections-2026-27-season","2026-10-10",1,"matched",TRUE,0,NA,NA,NA,0,1,"lower body"
20262027,20262027,25,"DAL",8476889,"Radek","Faksa","Radek Faksa","F","current_roster",TRUE,"2026-10-10T18:03:41.401Z","2026-10-10_180157_38074132924_1_17a65d0afd5e42418df207b044e3357a",2026020077,"2026-10-10","2026-10-10T23:00:00Z","FUT","Penguins","2026-10-10T18:03:39.882Z","https://www.nhl.com/news/nhl-lineup-projections-2026-27-season","2026-10-10",1,"matched",TRUE,1,4,NA,NA,0,0,NA
20262027,20262027,25,"DAL",8478449,"Roope","Hintz","Roope Hintz","F","current_roster",TRUE,"2026-10-10T18:03:41.403Z","2026-10-10_180157_38074132924_1_17a65d0afd5e42418df207b044e3357a",2026020077,"2026-10-10","2026-10-10T23:00:00Z","FUT","Penguins","2026-10-10T18:03:39.882Z","https://www.nhl.com/news/nhl-lineup-projections-2026-27-season","2026-10-10",1,"matched",TRUE,1,2,NA,NA,0,0,NA
20262027,20262027,25,"DAL",8484829,"Justin","Hryckowian","Justin Hryckowian","F","current_roster",TRUE,"2026-10-10T18:03:41.405Z","2026-10-10_180157_38074132924_1_17a65d0afd5e42418df207b044e3357a",2026020077,"2026-10-10","2026-10-10T23:00:00Z","FUT","Penguins","2026-10-10T18:03:39.882Z","https://www.nhl.com/news/nhl-lineup-projections-2026-27-season","2026-10-10",1,"matched",TRUE,1,3,NA,NA,0,0,NA
20262027,20262027,25,"DAL",8484938,"Arttu","Hyry","Arttu Hyry","F","current_roster",TRUE,"2026-10-10T18:03:41.407Z","2026-10-10_180157_38074132924_1_17a65d0afd5e42418df207b044e3357a",2026020077,"2026-10-10","2026-10-10T23:00:00Z","FUT","Penguins","2026-10-10T18:03:39.882Z","https://www.nhl.com/news/nhl-lineup-projections-2026-27-season","2026-10-10",1,"matched",TRUE,1,3,NA,NA,0,0,NA
20262027,20262027,25,"DAL",8482740,"Wyatt","Johnston","Wyatt Johnston","F","current_roster",TRUE,"2026-10-10T18:03:41.409Z","2026-10-10_180157_38074132924_1_17a65d0afd5e42418df207b044e3357a",2026020077,"2026-10-10","2026-10-10T23:00:00Z","FUT","Penguins","2026-10-10T18:03:39.882Z","https://www.nhl.com/news/nhl-lineup-projections-2026-27-season","2026-10-10",1,"matched",TRUE,1,1,NA,NA,0,0,NA
20262027,20262027,25,"DAL",8481641,"Joel","Kiviranta","Joel Kiviranta","F","current_roster",TRUE,"2026-10-10T18:03:41.411Z","2026-10-10_180157_38074132924_1_17a65d0afd5e42418df207b044e3357a",2026020077,"2026-10-10","2026-10-10T23:00:00Z","FUT","Penguins","2026-10-10T18:03:39.882Z","https://www.nhl.com/news/nhl-lineup-projections-2026-27-season","2026-10-10",1,"matched",TRUE,0,NA,NA,NA,0,1,"lower body"
20262027,20262027,25,"DAL",8478420,"Mikko","Rantanen","Mikko Rantanen","F","current_roster",TRUE,"2026-10-10T18:03:41.415Z","2026-10-10_180157_38074132924_1_17a65d0afd5e42418df207b044e3357a",2026020077,"2026-10-10","2026-10-10T23:00:00Z","FUT","Penguins","2026-10-10T18:03:39.882Z","https://www.nhl.com/news/nhl-lineup-projections-2026-27-season","2026-10-10",1,"matched",TRUE,1,1,NA,NA,0,0,NA
20262027,20262027,25,"DAL",8480027,"Jason","Robertson","Jason Robertson","F","current_roster",TRUE,"2026-10-10T18:03:41.417Z","2026-10-10_180157_38074132924_1_17a65d0afd5e42418df207b044e3357a",2026020077,"2026-10-10","2026-10-10T23:00:00Z","FUT","Penguins","2026-10-10T18:03:39.882Z","https://www.nhl.com/news/nhl-lineup-projections-2026-27-season","2026-10-10",1,"matched",TRUE,1,2,NA,NA,0,0,NA
20262027,20262027,25,"DAL",8475794,"Tyler","Seguin","Tyler Seguin","F","current_roster",TRUE,"2026-10-10T18:03:41.419Z","2026-10-10_180157_38074132924_1_17a65d0afd5e42418df207b044e3357a",2026020077,"2026-10-10","2026-10-10T23:00:00Z","FUT","Penguins","2026-10-10T18:03:39.882Z","https://www.nhl.com/news/nhl-lineup-projections-2026-27-season","2026-10-10",1,"matched",TRUE,1,3,NA,NA,0,0,NA
20262027,20262027,25,"DAL",8479351,"Sam","Steel","Sam Steel","F","current_roster",TRUE,"2026-10-10T18:03:41.421Z","2026-10-10_180157_38074132924_1_17a65d0afd5e42418df207b044e3357a",2026020077,"2026-10-10","2026-10-10T23:00:00Z","FUT","Penguins","2026-10-10T18:03:39.882Z","https://www.nhl.com/news/nhl-lineup-projections-2026-27-season","2026-10-10",1,"matched",TRUE,1,1,NA,NA,0,0,NA
20262027,20262027,25,"DAL",8483425,"Lian","Bichsel","Lian Bichsel","D","current_roster",TRUE,"2026-10-10T18:03:41.424Z","2026-10-10_180157_38074132924_1_17a65d0afd5e42418df207b044e3357a",2026020077,"2026-10-10","2026-10-10T23:00:00Z","FUT","Penguins","2026-10-10T18:03:39.882Z","https://www.nhl.com/news/nhl-lineup-projections-2026-27-season","2026-10-10",1,"matched",TRUE,1,NA,3,NA,0,0,NA
20262027,20262027,25,"DAL",8477335,"Kyle","Burroughs","Kyle Burroughs","D","current_roster",TRUE,"2026-10-10T18:03:41.426Z","2026-10-10_180157_38074132924_1_17a65d0afd5e42418df207b044e3357a",2026020077,"2026-10-10","2026-10-10T23:00:00Z","FUT","Penguins","2026-10-10T18:03:39.882Z","https://www.nhl.com/news/nhl-lineup-projections-2026-27-season","2026-10-10",1,"matched",TRUE,0,NA,NA,NA,0,0,NA
20262027,20262027,25,"DAL",8478476,"Kyle","Capobianco","Kyle Capobianco","D","current_roster",TRUE,"2026-10-10T18:03:41.428Z","2026-10-10_180157_38074132924_1_17a65d0afd5e42418df207b044e3357a",2026020077,"2026-10-10","2026-10-10T23:00:00Z","FUT","Penguins","2026-10-10T18:03:39.882Z","https://www.nhl.com/news/nhl-lineup-projections-2026-27-season","2026-10-10",1,"matched",TRUE,0,NA,NA,NA,1,0,NA
20262027,20262027,25,"DAL",8481581,"Thomas","Harley","Thomas Harley","D","current_roster",TRUE,"2026-10-10T18:03:41.430Z","2026-10-10_180157_38074132924_1_17a65d0afd5e42418df207b044e3357a",2026020077,"2026-10-10","2026-10-10T23:00:00Z","FUT","Penguins","2026-10-10T18:03:39.882Z","https://www.nhl.com/news/nhl-lineup-projections-2026-27-season","2026-10-10",1,"matched",TRUE,1,NA,2,NA,0,0,NA
20262027,20262027,25,"DAL",8480036,"Miro","Heiskanen","Miro Heiskanen","D","current_roster",TRUE,"2026-10-10T18:03:41.432Z","2026-10-10_180157_38074132924_1_17a65d0afd5e42418df207b044e3357a",2026020077,"2026-10-10","2026-10-10T23:00:00Z","FUT","Penguins","2026-10-10T18:03:39.882Z","https://www.nhl.com/news/nhl-lineup-projections-2026-27-season","2026-10-10",1,"matched",TRUE,1,NA,1,NA,0,0,NA
20262027,20262027,25,"DAL",8476902,"Esa","Lindell","Esa Lindell","D","current_roster",TRUE,"2026-10-10T18:03:41.434Z","2026-10-10_180157_38074132924_1_17a65d0afd5e42418df207b044e3357a",2026020077,"2026-10-10","2026-10-10T23:00:00Z","FUT","Penguins","2026-10-10T18:03:39.882Z","https://www.nhl.com/news/nhl-lineup-projections-2026-27-season","2026-10-10",1,"matched",TRUE,1,NA,1,NA,0,0,NA
20262027,20262027,25,"DAL",8480878,"Nils","Lundkvist","Nils Lundkvist","D","current_roster",TRUE,"2026-10-10T18:03:41.436Z","2026-10-10_180157_38074132924_1_17a65d0afd5e42418df207b044e3357a",2026020077,"2026-10-10","2026-10-10T23:00:00Z","FUT","Penguins","2026-10-10T18:03:39.882Z","https://www.nhl.com/news/nhl-lineup-projections-2026-27-season","2026-10-10",1,"matched",TRUE,1,NA,2,NA,0,0,NA
20262027,20262027,25,"DAL",8474574,"Tyler","Myers","Tyler Myers","D","current_roster",TRUE,"2026-10-10T18:03:41.438Z","2026-10-10_180157_38074132924_1_17a65d0afd5e42418df207b044e3357a",2026020077,"2026-10-10","2026-10-10T23:00:00Z","FUT","Penguins","2026-10-10T18:03:39.882Z","https://www.nhl.com/news/nhl-lineup-projections-2026-27-season","2026-10-10",1,"matched",TRUE,1,NA,3,NA,0,0,NA
20262027,20262027,25,"DAL",8479193,"Casey","DeSmith","Casey DeSmith","G","current_roster",TRUE,"2026-10-10T18:03:41.440Z","2026-10-10_180157_38074132924_1_17a65d0afd5e42418df207b044e3357a",2026020077,"2026-10-10","2026-10-10T23:00:00Z","FUT","Penguins","2026-10-10T18:03:39.882Z","https://www.nhl.com/news/nhl-lineup-projections-2026-27-season","2026-10-10",1,"matched",TRUE,1,NA,NA,"backup",0,0,NA
20262027,20262027,25,"DAL",8479979,"Jake","Oettinger","Jake Oettinger","G","current_roster",TRUE,"2026-10-10T18:03:41.442Z","2026-10-10_180157_38074132924_1_17a65d0afd5e42418df207b044e3357a",2026020077,"2026-10-10","2026-10-10T23:00:00Z","FUT","Penguins","2026-10-10T18:03:39.882Z","https://www.nhl.com/news/nhl-lineup-projections-2026-27-season","2026-10-10",1,"matched",TRUE,1,NA,NA,"starter",0,0,NA
20262027,20262027,5,"PIT",8479638,"Justin","Brazeau","Justin Brazeau","F","current_roster",TRUE,"2026-10-10T18:03:41.285Z","2026-10-10_180157_38074132924_1_17a65d0afd5e42418df207b044e3357a",2026020077,"2026-10-10","2026-10-10T23:00:00Z","FUT","Stars","2026-10-10T18:03:39.882Z","https://www.nhl.com/news/nhl-lineup-projections-2026-27-season","2026-10-10",1,"matched",TRUE,0,NA,NA,NA,0,NA,"lower body"
20262027,20262027,5,"PIT",8482475,"Egor","Chinakhov","Egor Chinakhov","F","current_roster",TRUE,"2026-10-10T18:03:41.287Z","2026-10-10_180157_38074132924_1_17a65d0afd5e42418df207b044e3357a",2026020077,"2026-10-10","2026-10-10T23:00:00Z","FUT","Stars","2026-10-10T18:03:39.882Z","https://www.nhl.com/news/nhl-lineup-projections-2026-27-season","2026-10-10",1,"matched",TRUE,1,2,NA,NA,0,NA,NA
20262027,20262027,5,"PIT",8471675,"Sidney","Crosby","Sidney Crosby","F","current_roster",TRUE,"2026-10-10T18:03:41.292Z","2026-10-10_180157_38074132924_1_17a65d0afd5e42418df207b044e3357a",2026020077,"2026-10-10","2026-10-10T23:00:00Z","FUT","Stars","2026-10-10T18:03:39.882Z","https://www.nhl.com/news/nhl-lineup-projections-2026-27-season","2026-10-10",1,"matched",TRUE,1,1,NA,NA,0,NA,NA
20262027,20262027,5,"PIT",8480980,"Connor","Dewar","Connor Dewar","F","current_roster",TRUE,"2026-10-10T18:03:41.294Z","2026-10-10_180157_38074132924_1_17a65d0afd5e42418df207b044e3357a",2026020077,"2026-10-10","2026-10-10T23:00:00Z","FUT","Stars","2026-10-10T18:03:39.882Z","https://www.nhl.com/news/nhl-lineup-projections-2026-27-season","2026-10-10",1,"matched",TRUE,1,4,NA,NA,0,NA,NA
20262027,20262027,5,"PIT",8485414,"Ben","Kindel","Ben Kindel","F","current_roster",TRUE,"2026-10-10T18:03:41.296Z","2026-10-10_180157_38074132924_1_17a65d0afd5e42418df207b044e3357a",2026020077,"2026-10-10","2026-10-10T23:00:00Z","FUT","Stars","2026-10-10T18:03:39.882Z","https://www.nhl.com/news/nhl-lineup-projections-2026-27-season","2026-10-10",1,"matched",TRUE,1,3,NA,NA,0,NA,NA
20262027,20262027,5,"PIT",8482758,"Ville","Koivunen","Ville Koivunen","F","current_roster",TRUE,"2026-10-10T18:03:41.298Z","2026-10-10_180157_38074132924_1_17a65d0afd5e42418df207b044e3357a",2026020077,"2026-10-10","2026-10-10T23:00:00Z","FUT","Stars","2026-10-10T18:03:39.882Z","https://www.nhl.com/news/nhl-lineup-projections-2026-27-season","2026-10-10",1,"matched",TRUE,1,3,NA,NA,0,NA,NA
20262027,20262027,5,"PIT",8483808,"Andrei","Kuzmenko","Andrei Kuzmenko","F","current_roster",TRUE,"2026-10-10T18:03:41.300Z","2026-10-10_180157_38074132924_1_17a65d0afd5e42418df207b044e3357a",2026020077,"2026-10-10","2026-10-10T23:00:00Z","FUT","Stars","2026-10-10T18:03:39.882Z","https://www.nhl.com/news/nhl-lineup-projections-2026-27-season","2026-10-10",1,"matched",TRUE,0,NA,NA,NA,0,NA,NA
20262027,20262027,5,"PIT",8482148,"Hendrix","Lapierre","Hendrix Lapierre","F","current_roster",TRUE,"2026-10-10T18:03:41.302Z","2026-10-10_180157_38074132924_1_17a65d0afd5e42418df207b044e3357a",2026020077,"2026-10-10","2026-10-10T23:00:00Z","FUT","Stars","2026-10-10T18:03:39.882Z","https://www.nhl.com/news/nhl-lineup-projections-2026-27-season","2026-10-10",1,"matched",TRUE,1,3,NA,NA,0,NA,NA
20262027,20262027,5,"PIT",8481481,"Blake","Lizotte","Blake Lizotte","F","current_roster",TRUE,"2026-10-10T18:03:41.304Z","2026-10-10_180157_38074132924_1_17a65d0afd5e42418df207b044e3357a",2026020077,"2026-10-10","2026-10-10T23:00:00Z","FUT","Stars","2026-10-10T18:03:39.882Z","https://www.nhl.com/news/nhl-lineup-projections-2026-27-season","2026-10-10",1,"matched",TRUE,1,4,NA,NA,0,NA,NA
20262027,20262027,5,"PIT",8471215,"Evgeni","Malkin","Evgeni Malkin","F","current_roster",TRUE,"2026-10-10T18:03:41.306Z","2026-10-10_180157_38074132924_1_17a65d0afd5e42418df207b044e3357a",2026020077,"2026-10-10","2026-10-10T23:00:00Z","FUT","Stars","2026-10-10T18:03:39.882Z","https://www.nhl.com/news/nhl-lineup-projections-2026-27-season","2026-10-10",1,"matched",TRUE,1,2,NA,NA,0,NA,NA
20262027,20262027,5,"PIT",8478438,"Tommy","Novak","Tommy Novak","F","current_roster",TRUE,"2026-10-10T18:03:41.308Z","2026-10-10_180157_38074132924_1_17a65d0afd5e42418df207b044e3357a",2026020077,"2026-10-10","2026-10-10T23:00:00Z","FUT","Stars","2026-10-10T18:03:39.882Z","https://www.nhl.com/news/nhl-lineup-projections-2026-27-season","2026-10-10",1,"matched",TRUE,1,2,NA,NA,0,NA,NA
20262027,20262027,5,"PIT",8476483,"Rickard","Rakell","Rickard Rakell","F","current_roster",TRUE,"2026-10-10T18:03:41.309Z","2026-10-10_180157_38074132924_1_17a65d0afd5e42418df207b044e3357a",2026020077,"2026-10-10","2026-10-10T23:00:00Z","FUT","Stars","2026-10-10T18:03:39.882Z","https://www.nhl.com/news/nhl-lineup-projections-2026-27-season","2026-10-10",1,"matched",TRUE,1,1,NA,NA,0,NA,NA
20262027,20262027,5,"PIT",8481582,"Nick","Robertson","Nick Robertson","F","current_roster",TRUE,"2026-10-10T18:03:41.311Z","2026-10-10_180157_38074132924_1_17a65d0afd5e42418df207b044e3357a",2026020077,"2026-10-10","2026-10-10T23:00:00Z","FUT","Stars","2026-10-10T18:03:39.882Z","https://www.nhl.com/news/nhl-lineup-projections-2026-27-season","2026-10-10",1,"matched",TRUE,1,4,NA,NA,0,NA,NA
20262027,20262027,5,"PIT",8475810,"Bryan","Rust","Bryan Rust","F","current_roster",TRUE,"2026-10-10T18:03:41.313Z","2026-10-10_180157_38074132924_1_17a65d0afd5e42418df207b044e3357a",2026020077,"2026-10-10","2026-10-10T23:00:00Z","FUT","Stars","2026-10-10T18:03:39.882Z","https://www.nhl.com/news/nhl-lineup-projections-2026-27-season","2026-10-10",1,"matched",TRUE,1,1,NA,NA,0,NA,NA
20262027,20262027,5,"PIT",8481725,"Elmer","Soderblom","Elmer Soderblom","F","current_roster",TRUE,"2026-10-10T18:03:41.315Z","2026-10-10_180157_38074132924_1_17a65d0afd5e42418df207b044e3357a",2026020077,"2026-10-10","2026-10-10T23:00:00Z","FUT","Stars","2026-10-10T18:03:39.882Z","https://www.nhl.com/news/nhl-lineup-projections-2026-27-season","2026-10-10",1,"matched",TRUE,0,NA,NA,NA,1,NA,NA
20262027,20262027,5,"PIT",8483398,"Declan","Carlile","Declan Carlile","D","current_roster",TRUE,"2026-10-10T18:03:41.318Z","2026-10-10_180157_38074132924_1_17a65d0afd5e42418df207b044e3357a",2026020077,"2026-10-10","2026-10-10T23:00:00Z","FUT","Stars","2026-10-10T18:03:39.882Z","https://www.nhl.com/news/nhl-lineup-projections-2026-27-season","2026-10-10",1,"matched",TRUE,1,NA,1,NA,0,NA,NA
20262027,20262027,5,"PIT",8479398,"Samuel","Girard","Samuel Girard","D","current_roster",TRUE,"2026-10-10T18:03:41.320Z","2026-10-10_180157_38074132924_1_17a65d0afd5e42418df207b044e3357a",2026020077,"2026-10-10","2026-10-10T23:00:00Z","FUT","Stars","2026-10-10T18:03:39.882Z","https://www.nhl.com/news/nhl-lineup-projections-2026-27-season","2026-10-10",1,"matched",TRUE,1,NA,2,NA,0,NA,NA
20262027,20262027,5,"PIT",8474578,"Erik","Karlsson","Erik Karlsson","D","current_roster",TRUE,"2026-10-10T18:03:41.322Z","2026-10-10_180157_38074132924_1_17a65d0afd5e42418df207b044e3357a",2026020077,"2026-10-10","2026-10-10T23:00:00Z","FUT","Stars","2026-10-10T18:03:39.882Z","https://www.nhl.com/news/nhl-lineup-projections-2026-27-season","2026-10-10",1,"matched",TRUE,1,NA,1,NA,0,NA,NA
20262027,20262027,5,"PIT",8481527,"Kaedan","Korczak","Kaedan Korczak","D","current_roster",TRUE,"2026-10-10T18:03:41.324Z","2026-10-10_180157_38074132924_1_17a65d0afd5e42418df207b044e3357a",2026020077,"2026-10-10","2026-10-10T23:00:00Z","FUT","Stars","2026-10-10T18:03:39.882Z","https://www.nhl.com/news/nhl-lineup-projections-2026-27-season","2026-10-10",1,"matched",TRUE,1,NA,2,NA,0,NA,NA
20262027,20262027,5,"PIT",8471724,"Kris","Letang","Kris Letang","D","current_roster",TRUE,"2026-10-10T18:03:41.326Z","2026-10-10_180157_38074132924_1_17a65d0afd5e42418df207b044e3357a",2026020077,"2026-10-10","2026-10-10T23:00:00Z","FUT","Stars","2026-10-10T18:03:39.882Z","https://www.nhl.com/news/nhl-lineup-projections-2026-27-season","2026-10-10",1,"matched",TRUE,1,NA,3,NA,0,NA,NA
20262027,20262027,5,"PIT",8482470,"Ilya","Solovyov","Ilya Solovyov","D","current_roster",TRUE,"2026-10-10T18:03:41.328Z","2026-10-10_180157_38074132924_1_17a65d0afd5e42418df207b044e3357a",2026020077,"2026-10-10","2026-10-10T23:00:00Z","FUT","Stars","2026-10-10T18:03:39.882Z","https://www.nhl.com/news/nhl-lineup-projections-2026-27-season","2026-10-10",1,"matched",TRUE,0,NA,NA,NA,1,NA,NA
20262027,20262027,5,"PIT",8481056,"Spencer","Stastney","Spencer Stastney","D","current_roster",TRUE,"2026-10-10T18:03:41.330Z","2026-10-10_180157_38074132924_1_17a65d0afd5e42418df207b044e3357a",2026020077,"2026-10-10","2026-10-10T23:00:00Z","FUT","Stars","2026-10-10T18:03:39.882Z","https://www.nhl.com/news/nhl-lineup-projections-2026-27-season","2026-10-10",1,"matched",TRUE,0,NA,NA,NA,1,NA,NA
20262027,20262027,5,"PIT",8477845,"Trevor","van Riemsdyk","Trevor van Riemsdyk","D","current_roster",TRUE,"2026-10-10T18:03:41.331Z","2026-10-10_180157_38074132924_1_17a65d0afd5e42418df207b044e3357a",2026020077,"2026-10-10","2026-10-10T23:00:00Z","FUT","Stars","2026-10-10T18:03:39.882Z","https://www.nhl.com/news/nhl-lineup-projections-2026-27-season","2026-10-10",1,"matched",TRUE,1,NA,3,NA,0,NA,NA
20262027,20262027,5,"PIT",8483703,"Sergei","Murashov","Sergei Murashov","G","current_roster",TRUE,"2026-10-10T18:03:41.334Z","2026-10-10_180157_38074132924_1_17a65d0afd5e42418df207b044e3357a",2026020077,"2026-10-10","2026-10-10T23:00:00Z","FUT","Stars","2026-10-10T18:03:39.882Z","https://www.nhl.com/news/nhl-lineup-projections-2026-27-season","2026-10-10",1,"matched",TRUE,1,NA,NA,"backup",0,NA,NA
20262027,20262027,5,"PIT",8481668,"Arturs","Silovs","Arturs Silovs","G","current_roster",TRUE,"2026-10-10T18:03:41.336Z","2026-10-10_180157_38074132924_1_17a65d0afd5e42418df207b044e3357a",2026020077,"2026-10-10","2026-10-10T23:00:00Z","FUT","Stars","2026-10-10T18:03:39.882Z","https://www.nhl.com/news/nhl-lineup-projections-2026-27-season","2026-10-10",1,"matched",TRUE,1,NA,NA,"starter",0,NA,NA
20262027,20262027,19,"STL",8481013,"Jonatan","Berggren","Jonatan Berggren","F","current_roster",TRUE,"2026-10-10T18:03:40.956Z","2026-10-10_180157_38074132924_1_17a65d0afd5e42418df207b044e3357a",2026020079,"2026-10-10","2026-10-10T23:00:00Z","FUT","Blue Jackets","2026-10-10T18:03:39.882Z","https://www.nhl.com/news/nhl-lineup-projections-2026-27-season","2026-10-10",1,"matched",TRUE,1,2,NA,NA,0,0,NA
20262027,20262027,19,"STL",8477402,"Pavel","Buchnevich","Pavel Buchnevich","F","current_roster",TRUE,"2026-10-10T18:03:40.958Z","2026-10-10_180157_38074132924_1_17a65d0afd5e42418df207b044e3357a",2026020079,"2026-10-10","2026-10-10T23:00:00Z","FUT","Blue Jackets","2026-10-10T18:03:39.882Z","https://www.nhl.com/news/nhl-lineup-projections-2026-27-season","2026-10-10",1,"matched",TRUE,1,3,NA,NA,0,0,NA
20262027,20262027,19,"STL",8482784,"Zach","Dean","Zach Dean","F","current_roster",TRUE,"2026-10-10T18:03:40.960Z","2026-10-10_180157_38074132924_1_17a65d0afd5e42418df207b044e3357a",2026020079,"2026-10-10","2026-10-10T23:00:00Z","FUT","Blue Jackets","2026-10-10T18:03:39.882Z","https://www.nhl.com/news/nhl-lineup-projections-2026-27-season","2026-10-10",1,"matched",TRUE,1,4,NA,NA,0,0,NA
20262027,20262027,19,"STL",8479346,"Dillon","Dube","Dillon Dube","F","current_roster",TRUE,"2026-10-10T18:03:40.962Z","2026-10-10_180157_38074132924_1_17a65d0afd5e42418df207b044e3357a",2026020079,"2026-10-10","2026-10-10T23:00:00Z","FUT","Blue Jackets","2026-10-10T18:03:39.882Z","https://www.nhl.com/news/nhl-lineup-projections-2026-27-season","2026-10-10",1,"matched",TRUE,0,NA,NA,NA,0,1,"neck"
20262027,20262027,19,"STL",8484164,"Dalibor","Dvorsky","Dalibor Dvorsky","F","current_roster",TRUE,"2026-10-10T18:03:40.964Z","2026-10-10_180157_38074132924_1_17a65d0afd5e42418df207b044e3357a",2026020079,"2026-10-10","2026-10-10T23:00:00Z","FUT","Blue Jackets","2026-10-10T18:03:39.882Z","https://www.nhl.com/news/nhl-lineup-projections-2026-27-season","2026-10-10",1,"matched",TRUE,1,3,NA,NA,0,0,NA
20262027,20262027,19,"STL",8482077,"Dylan","Holloway","Dylan Holloway","F","current_roster",TRUE,"2026-10-10T18:03:40.966Z","2026-10-10_180157_38074132924_1_17a65d0afd5e42418df207b044e3357a",2026020079,"2026-10-10","2026-10-10T23:00:00Z","FUT","Blue Jackets","2026-10-10T18:03:39.882Z","https://www.nhl.com/news/nhl-lineup-projections-2026-27-season","2026-10-10",1,"matched",TRUE,1,1,NA,NA,0,0,NA
20262027,20262027,19,"STL",8477527,"Ross","Johnston","Ross Johnston","F","current_roster",TRUE,"2026-10-10T18:03:40.968Z","2026-10-10_180157_38074132924_1_17a65d0afd5e42418df207b044e3357a",2026020079,"2026-10-10","2026-10-10T23:00:00Z","FUT","Blue Jackets","2026-10-10T18:03:39.882Z","https://www.nhl.com/news/nhl-lineup-projections-2026-27-season","2026-10-10",1,"matched",TRUE,1,4,NA,NA,0,0,NA
20262027,20262027,19,"STL",8481580,"Connor","McMichael","Connor McMichael","F","current_roster",TRUE,"2026-10-10T18:03:40.970Z","2026-10-10_180157_38074132924_1_17a65d0afd5e42418df207b044e3357a",2026020079,"2026-10-10","2026-10-10T23:00:00Z","FUT","Blue Jackets","2026-10-10T18:03:39.882Z","https://www.nhl.com/news/nhl-lineup-projections-2026-27-season","2026-10-10",1,"matched",TRUE,1,2,NA,NA,0,0,NA
20262027,20262027,19,"STL",8482745,"Mason","McTavish","Mason McTavish","F","current_roster",TRUE,"2026-10-10T18:03:40.972Z","2026-10-10_180157_38074132924_1_17a65d0afd5e42418df207b044e3357a",2026020079,"2026-10-10","2026-10-10T23:00:00Z","FUT","Blue Jackets","2026-10-10T18:03:39.882Z","https://www.nhl.com/news/nhl-lineup-projections-2026-27-season","2026-10-10",1,"matched",TRUE,1,2,NA,NA,0,0,NA
20262027,20262027,19,"STL",8482089,"Jake","Neighbours","Jake Neighbours","F","current_roster",TRUE,"2026-10-10T18:03:40.974Z","2026-10-10_180157_38074132924_1_17a65d0afd5e42418df207b044e3357a",2026020079,"2026-10-10","2026-10-10T23:00:00Z","FUT","Blue Jackets","2026-10-10T18:03:39.882Z","https://www.nhl.com/news/nhl-lineup-projections-2026-27-season","2026-10-10",1,"matched",TRUE,1,3,NA,NA,0,0,NA
20262027,20262027,19,"STL",8483516,"Jimmy","Snuggerud","Jimmy Snuggerud","F","current_roster",TRUE,"2026-10-10T18:03:40.976Z","2026-10-10_180157_38074132924_1_17a65d0afd5e42418df207b044e3357a",2026020079,"2026-10-10","2026-10-10T23:00:00Z","FUT","Blue Jackets","2026-10-10T18:03:39.882Z","https://www.nhl.com/news/nhl-lineup-projections-2026-27-season","2026-10-10",1,"matched",TRUE,1,1,NA,NA,0,0,NA
20262027,20262027,19,"STL",8480459,"Pius","Suter","Pius Suter","F","current_roster",TRUE,"2026-10-10T18:03:40.978Z","2026-10-10_180157_38074132924_1_17a65d0afd5e42418df207b044e3357a",2026020079,"2026-10-10","2026-10-10T23:00:00Z","FUT","Blue Jackets","2026-10-10T18:03:39.882Z","https://www.nhl.com/news/nhl-lineup-projections-2026-27-season","2026-10-10",1,"matched",TRUE,1,4,NA,NA,0,0,NA
20262027,20262027,19,"STL",8480023,"Robert","Thomas","Robert Thomas","F","current_roster",TRUE,"2026-10-10T18:03:40.982Z","2026-10-10_180157_38074132924_1_17a65d0afd5e42418df207b044e3357a",2026020079,"2026-10-10","2026-10-10T23:00:00Z","FUT","Blue Jackets","2026-10-10T18:03:39.882Z","https://www.nhl.com/news/nhl-lineup-projections-2026-27-season","2026-10-10",1,"matched",TRUE,1,1,NA,NA,0,0,NA
20262027,20262027,19,"STL",8480281,"Alexey","Toropchenko","Alexey Toropchenko","F","current_roster",TRUE,"2026-10-10T18:03:40.985Z","2026-10-10_180157_38074132924_1_17a65d0afd5e42418df207b044e3357a",2026020079,"2026-10-10","2026-10-10T23:00:00Z","FUT","Blue Jackets","2026-10-10T18:03:39.882Z","https://www.nhl.com/news/nhl-lineup-projections-2026-27-season","2026-10-10",1,"matched",TRUE,0,NA,NA,NA,0,1,"upper body"
20262027,20262027,19,"STL",8482111,"Justin","Barron","Justin Barron","D","current_roster",TRUE,"2026-10-10T18:03:40.987Z","2026-10-10_180157_38074132924_1_17a65d0afd5e42418df207b044e3357a",2026020079,"2026-10-10","2026-10-10T23:00:00Z","FUT","Blue Jackets","2026-10-10T18:03:39.882Z","https://www.nhl.com/news/nhl-lineup-projections-2026-27-season","2026-10-10",1,"matched",TRUE,1,NA,2,NA,0,0,NA
20262027,20262027,19,"STL",8481598,"Philip","Broberg","Philip Broberg","D","current_roster",TRUE,"2026-10-10T18:03:40.989Z","2026-10-10_180157_38074132924_1_17a65d0afd5e42418df207b044e3357a",2026020079,"2026-10-10","2026-10-10T23:00:00Z","FUT","Blue Jackets","2026-10-10T18:03:39.882Z","https://www.nhl.com/news/nhl-lineup-projections-2026-27-season","2026-10-10",1,"matched",TRUE,1,NA,1,NA,0,0,NA
20262027,20262027,19,"STL",8478443,"Brandon","Carlo","Brandon Carlo","D","current_roster",TRUE,"2026-10-10T18:03:40.991Z","2026-10-10_180157_38074132924_1_17a65d0afd5e42418df207b044e3357a",2026020079,"2026-10-10","2026-10-10T23:00:00Z","FUT","Blue Jackets","2026-10-10T18:03:39.882Z","https://www.nhl.com/news/nhl-lineup-projections-2026-27-season","2026-10-10",1,"matched",TRUE,1,NA,3,NA,0,0,NA
20262027,20262027,19,"STL",8475764,"Cam","Fowler","Cam Fowler","D","current_roster",TRUE,"2026-10-10T18:03:40.993Z","2026-10-10_180157_38074132924_1_17a65d0afd5e42418df207b044e3357a",2026020079,"2026-10-10","2026-10-10T23:00:00Z","FUT","Blue Jackets","2026-10-10T18:03:39.882Z","https://www.nhl.com/news/nhl-lineup-projections-2026-27-season","2026-10-10",1,"matched",TRUE,1,NA,3,NA,0,0,NA
20262027,20262027,19,"STL",8484790,"Adam","Jiricek","Adam Jiricek","D","current_roster",TRUE,"2026-10-10T18:03:40.995Z","2026-10-10_180157_38074132924_1_17a65d0afd5e42418df207b044e3357a",2026020079,"2026-10-10","2026-10-10T23:00:00Z","FUT","Blue Jackets","2026-10-10T18:03:39.882Z","https://www.nhl.com/news/nhl-lineup-projections-2026-27-season","2026-10-10",1,"matched",TRUE,1,NA,1,NA,0,0,NA
20262027,20262027,19,"STL",8484188,"Theo","Lindstein","Theo Lindstein","D","current_roster",TRUE,"2026-10-10T18:03:40.997Z","2026-10-10_180157_38074132924_1_17a65d0afd5e42418df207b044e3357a",2026020079,"2026-10-10","2026-10-10T23:00:00Z","FUT","Blue Jackets","2026-10-10T18:03:39.882Z","https://www.nhl.com/news/nhl-lineup-projections-2026-27-season","2026-10-10",1,"matched",TRUE,0,NA,NA,NA,1,0,NA
20262027,20262027,19,"STL",8482733,"Logan","Mailloux","Logan Mailloux","D","current_roster",TRUE,"2026-10-10T18:03:40.999Z","2026-10-10_180157_38074132924_1_17a65d0afd5e42418df207b044e3357a",2026020079,"2026-10-10","2026-10-10T23:00:00Z","FUT","Blue Jackets","2026-10-10T18:03:39.882Z","https://www.nhl.com/news/nhl-lineup-projections-2026-27-season","2026-10-10",1,"matched",TRUE,0,NA,NA,NA,0,1,"hand"
20262027,20262027,19,"STL",8476892,"Colton","Parayko","Colton Parayko","D","current_roster",TRUE,"2026-10-10T18:03:41.001Z","2026-10-10_180157_38074132924_1_17a65d0afd5e42418df207b044e3357a",2026020079,"2026-10-10","2026-10-10T23:00:00Z","FUT","Blue Jackets","2026-10-10T18:03:39.882Z","https://www.nhl.com/news/nhl-lineup-projections-2026-27-season","2026-10-10",1,"matched",TRUE,1,NA,2,NA,0,0,NA
20262027,20262027,19,"STL",8481006,"Tyler","Tucker","Tyler Tucker","D","current_roster",TRUE,"2026-10-10T18:03:41.003Z","2026-10-10_180157_38074132924_1_17a65d0afd5e42418df207b044e3357a",2026020079,"2026-10-10","2026-10-10T23:00:00Z","FUT","Blue Jackets","2026-10-10T18:03:39.882Z","https://www.nhl.com/news/nhl-lineup-projections-2026-27-season","2026-10-10",1,"matched",TRUE,0,NA,NA,NA,0,1,"knee"
20262027,20262027,19,"STL",8476412,"Jordan","Binnington","Jordan Binnington","G","current_roster",TRUE,"2026-10-10T18:03:41.005Z","2026-10-10_180157_38074132924_1_17a65d0afd5e42418df207b044e3357a",2026020079,"2026-10-10","2026-10-10T23:00:00Z","FUT","Blue Jackets","2026-10-10T18:03:39.882Z","https://www.nhl.com/news/nhl-lineup-projections-2026-27-season","2026-10-10",1,"matched",TRUE,1,NA,NA,"starter",0,0,NA
20262027,20262027,19,"STL",8480981,"Joel","Hofer","Joel Hofer","G","current_roster",TRUE,"2026-10-10T18:03:41.007Z","2026-10-10_180157_38074132924_1_17a65d0afd5e42418df207b044e3357a",2026020079,"2026-10-10","2026-10-10T23:00:00Z","FUT","Blue Jackets","2026-10-10T18:03:39.882Z","https://www.nhl.com/news/nhl-lineup-projections-2026-27-season","2026-10-10",1,"matched",TRUE,1,NA,NA,"backup",0,0,NA
20262027,20262027,10,"TOR",8476927,"Teddy","Blueger","Teddy Blueger","F","current_roster",TRUE,"2026-10-10T18:03:41.877Z","2026-10-10_180157_38074132924_1_17a65d0afd5e42418df207b044e3357a",2026020080,"2026-10-10","2026-10-10T23:00:00Z","FUT","Avalanche","2026-10-10T18:03:39.882Z","https://www.nhl.com/news/nhl-lineup-projections-2026-27-season","2026-10-10",1,"matched",TRUE,1,4,NA,NA,0,NA,NA
20262027,20262027,10,"TOR",8484158,"Easton","Cowan","Easton Cowan","F","current_roster",TRUE,"2026-10-10T18:03:41.879Z","2026-10-10_180157_38074132924_1_17a65d0afd5e42418df207b044e3357a",2026020080,"2026-10-10","2026-10-10T23:00:00Z","FUT","Avalanche","2026-10-10T18:03:39.882Z","https://www.nhl.com/news/nhl-lineup-projections-2026-27-season","2026-10-10",1,"matched",TRUE,1,2,NA,NA,0,NA,NA
20262027,20262027,10,"TOR",8479520,"Brandon","Duhaime","Brandon Duhaime","F","current_roster",TRUE,"2026-10-10T18:03:41.881Z","2026-10-10_180157_38074132924_1_17a65d0afd5e42418df207b044e3357a",2026020080,"2026-10-10","2026-10-10T23:00:00Z","FUT","Avalanche","2026-10-10T18:03:39.882Z","https://www.nhl.com/news/nhl-lineup-projections-2026-27-season","2026-10-10",1,"matched",TRUE,1,4,NA,NA,0,NA,NA
20262027,20262027,10,"TOR",8480870,"Bo","Groulx","Bo Groulx","F","current_roster",TRUE,"2026-10-10T18:03:41.883Z","2026-10-10_180157_38074132924_1_17a65d0afd5e42418df207b044e3357a",2026020080,"2026-10-10","2026-10-10T23:00:00Z","FUT","Avalanche","2026-10-10T18:03:39.882Z","https://www.nhl.com/news/nhl-lineup-projections-2026-27-season","2026-10-10",1,"matched",TRUE,1,3,NA,NA,0,NA,NA
20262027,20262027,10,"TOR",8479772,"Zack","MacEwen","Zack MacEwen","F","current_roster",TRUE,"2026-10-10T18:03:41.885Z","2026-10-10_180157_38074132924_1_17a65d0afd5e42418df207b044e3357a",2026020080,"2026-10-10","2026-10-10T23:00:00Z","FUT","Avalanche","2026-10-10T18:03:39.882Z","https://www.nhl.com/news/nhl-lineup-projections-2026-27-season","2026-10-10",1,"matched",TRUE,1,4,NA,NA,0,NA,NA
20262027,20262027,10,"TOR",8480893,"Kirill","Marchenko","Kirill Marchenko","F","current_roster",TRUE,"2026-10-10T18:03:41.887Z","2026-10-10_180157_38074132924_1_17a65d0afd5e42418df207b044e3357a",2026020080,"2026-10-10","2026-10-10T23:00:00Z","FUT","Avalanche","2026-10-10T18:03:39.882Z","https://www.nhl.com/news/nhl-lineup-projections-2026-27-season","2026-10-10",1,"matched",TRUE,1,1,NA,NA,0,NA,NA
20262027,20262027,10,"TOR",8479318,"Auston","Matthews","Auston Matthews","F","current_roster",TRUE,"2026-10-10T18:03:41.889Z","2026-10-10_180157_38074132924_1_17a65d0afd5e42418df207b044e3357a",2026020080,"2026-10-10","2026-10-10T23:00:00Z","FUT","Avalanche","2026-10-10T18:03:39.882Z","https://www.nhl.com/news/nhl-lineup-projections-2026-27-season","2026-10-10",1,"matched",TRUE,1,1,NA,NA,0,NA,NA
20262027,20262027,10,"TOR",8486067,"Gavin","McKenna","Gavin McKenna","F","current_roster",TRUE,"2026-10-10T18:03:41.891Z","2026-10-10_180157_38074132924_1_17a65d0afd5e42418df207b044e3357a",2026020080,"2026-10-10","2026-10-10T23:00:00Z","FUT","Avalanche","2026-10-10T18:03:39.882Z","https://www.nhl.com/news/nhl-lineup-projections-2026-27-season","2026-10-10",1,"matched",TRUE,1,3,NA,NA,0,NA,NA
20262027,20262027,10,"TOR",8477939,"William","Nylander","William Nylander","F","current_roster",TRUE,"2026-10-10T18:03:41.893Z","2026-10-10_180157_38074132924_1_17a65d0afd5e42418df207b044e3357a",2026020080,"2026-10-10","2026-10-10T23:00:00Z","FUT","Avalanche","2026-10-10T18:03:39.882Z","https://www.nhl.com/news/nhl-lineup-projections-2026-27-season","2026-10-10",1,"matched",TRUE,1,2,NA,NA,0,NA,NA
20262027,20262027,10,"TOR",8477426,"Nick","Paul","Nick Paul","F","current_roster",TRUE,"2026-10-10T18:03:41.895Z","2026-10-10_180157_38074132924_1_17a65d0afd5e42418df207b044e3357a",2026020080,"2026-10-10","2026-10-10T23:00:00Z","FUT","Avalanche","2026-10-10T18:03:39.882Z","https://www.nhl.com/news/nhl-lineup-projections-2026-27-season","2026-10-10",1,"matched",TRUE,1,2,NA,NA,0,NA,NA
20262027,20262027,10,"TOR",8478458,"Jack","Roslovic","Jack Roslovic","F","current_roster",TRUE,"2026-10-10T18:03:41.897Z","2026-10-10_180157_38074132924_1_17a65d0afd5e42418df207b044e3357a",2026020080,"2026-10-10","2026-10-10T23:00:00Z","FUT","Avalanche","2026-10-10T18:03:39.882Z","https://www.nhl.com/news/nhl-lineup-projections-2026-27-season","2026-10-10",1,"matched",TRUE,1,1,NA,NA,0,NA,NA
20262027,20262027,10,"TOR",8476925,"Colton","Sissons","Colton Sissons","F","current_roster",TRUE,"2026-10-10T18:03:41.899Z","2026-10-10_180157_38074132924_1_17a65d0afd5e42418df207b044e3357a",2026020080,"2026-10-10","2026-10-10T23:00:00Z","FUT","Avalanche","2026-10-10T18:03:39.882Z","https://www.nhl.com/news/nhl-lineup-projections-2026-27-season","2026-10-10",1,"matched",TRUE,1,3,NA,NA,0,NA,NA
20262027,20262027,10,"TOR",8475166,"John","Tavares","John Tavares","F","current_roster",TRUE,"2026-10-10T18:03:41.901Z","2026-10-10_180157_38074132924_1_17a65d0afd5e42418df207b044e3357a",2026020080,"2026-10-10","2026-10-10T23:00:00Z","FUT","Avalanche","2026-10-10T18:03:39.882Z","https://www.nhl.com/news/nhl-lineup-projections-2026-27-season","2026-10-10",1,"matched",TRUE,0,NA,NA,NA,1,NA,NA
20262027,20262027,10,"TOR",8477425,"Miles","Wood","Miles Wood","F","current_roster",TRUE,"2026-10-10T18:03:41.903Z","2026-10-10_180157_38074132924_1_17a65d0afd5e42418df207b044e3357a",2026020080,"2026-10-10","2026-10-10T23:00:00Z","FUT","Avalanche","2026-10-10T18:03:39.882Z","https://www.nhl.com/news/nhl-lineup-projections-2026-27-season","2026-10-10",1,"matched",TRUE,0,NA,NA,NA,1,NA,NA
20262027,20262027,10,"TOR",8483565,"Nick","Blankenburg","Nick Blankenburg","D","current_roster",TRUE,"2026-10-10T18:03:41.905Z","2026-10-10_180157_38074132924_1_17a65d0afd5e42418df207b044e3357a",2026020080,"2026-10-10","2026-10-10T23:00:00Z","FUT","Avalanche","2026-10-10T18:03:39.882Z","https://www.nhl.com/news/nhl-lineup-projections-2026-27-season","2026-10-10",1,"matched",TRUE,0,NA,NA,NA,1,NA,NA
20262027,20262027,10,"TOR",8475171,"Oliver","Ekman-Larsson","Oliver Ekman-Larsson","D","current_roster",TRUE,"2026-10-10T18:03:41.907Z","2026-10-10_180157_38074132924_1_17a65d0afd5e42418df207b044e3357a",2026020080,"2026-10-10","2026-10-10T23:00:00Z","FUT","Avalanche","2026-10-10T18:03:39.882Z","https://www.nhl.com/news/nhl-lineup-projections-2026-27-season","2026-10-10",1,"matched",TRUE,1,NA,3,NA,0,NA,NA
20262027,20262027,10,"TOR",8476931,"Jake","McCabe","Jake McCabe","D","current_roster",TRUE,"2026-10-10T18:03:41.909Z","2026-10-10_180157_38074132924_1_17a65d0afd5e42418df207b044e3357a",2026020080,"2026-10-10","2026-10-10T23:00:00Z","FUT","Avalanche","2026-10-10T18:03:39.882Z","https://www.nhl.com/news/nhl-lineup-projections-2026-27-season","2026-10-10",1,"matched",TRUE,1,NA,1,NA,0,NA,NA
20262027,20262027,10,"TOR",8478178,"Darren","Raddysh","Darren Raddysh","D","current_roster",TRUE,"2026-10-10T18:03:41.911Z","2026-10-10_180157_38074132924_1_17a65d0afd5e42418df207b044e3357a",2026020080,"2026-10-10","2026-10-10T23:00:00Z","FUT","Avalanche","2026-10-10T18:03:39.882Z","https://www.nhl.com/news/nhl-lineup-projections-2026-27-season","2026-10-10",1,"matched",TRUE,1,NA,1,NA,0,NA,NA
20262027,20262027,10,"TOR",8476853,"Morgan","Rielly","Morgan Rielly","D","current_roster",TRUE,"2026-10-10T18:03:41.913Z","2026-10-10_180157_38074132924_1_17a65d0afd5e42418df207b044e3357a",2026020080,"2026-10-10","2026-10-10T23:00:00Z","FUT","Avalanche","2026-10-10T18:03:39.882Z","https://www.nhl.com/news/nhl-lineup-projections-2026-27-season","2026-10-10",1,"matched",TRUE,1,NA,2,NA,0,NA,NA
20262027,20262027,10,"TOR",8479442,"Troy","Stecher","Troy Stecher","D","current_roster",TRUE,"2026-10-10T18:03:41.915Z","2026-10-10_180157_38074132924_1_17a65d0afd5e42418df207b044e3357a",2026020080,"2026-10-10","2026-10-10T23:00:00Z","FUT","Avalanche","2026-10-10T18:03:39.882Z","https://www.nhl.com/news/nhl-lineup-projections-2026-27-season","2026-10-10",1,"matched",TRUE,1,NA,3,NA,0,NA,NA
20262027,20262027,10,"TOR",8475690,"Chris","Tanev","Chris Tanev","D","current_roster",TRUE,"2026-10-10T18:03:41.917Z","2026-10-10_180157_38074132924_1_17a65d0afd5e42418df207b044e3357a",2026020080,"2026-10-10","2026-10-10T23:00:00Z","FUT","Avalanche","2026-10-10T18:03:39.882Z","https://www.nhl.com/news/nhl-lineup-projections-2026-27-season","2026-10-10",1,"matched",TRUE,1,NA,2,NA,0,NA,NA
20262027,20262027,10,"TOR",8475683,"Sergei","Bobrovsky","Sergei Bobrovsky","G","current_roster",TRUE,"2026-10-10T18:03:41.922Z","2026-10-10_180157_38074132924_1_17a65d0afd5e42418df207b044e3357a",2026020080,"2026-10-10","2026-10-10T23:00:00Z","FUT","Avalanche","2026-10-10T18:03:39.882Z","https://www.nhl.com/news/nhl-lineup-projections-2026-27-season","2026-10-10",1,"matched",TRUE,1,NA,NA,"backup",0,NA,NA
20262027,20262027,10,"TOR",8476932,"Anthony","Stolarz","Anthony Stolarz","G","current_roster",TRUE,"2026-10-10T18:03:41.924Z","2026-10-10_180157_38074132924_1_17a65d0afd5e42418df207b044e3357a",2026020080,"2026-10-10","2026-10-10T23:00:00Z","FUT","Avalanche","2026-10-10T18:03:39.882Z","https://www.nhl.com/news/nhl-lineup-projections-2026-27-season","2026-10-10",1,"matched",TRUE,1,NA,NA,"starter",0,NA,NA
20262027,20262027,21,"COL",8486171,"T.J.","Hughes","T.J. Hughes","F","current_roster",TRUE,"2026-10-10T18:03:40.860Z","2026-10-10_180157_38074132924_1_17a65d0afd5e42418df207b044e3357a",2026020080,"2026-10-10","2026-10-10T23:00:00Z","FUT","Maple Leafs","2026-10-10T18:03:39.882Z","https://www.nhl.com/news/nhl-lineup-projections-2026-27-season","2026-10-10",1,"matched",TRUE,1,3,NA,NA,0,0,NA
20262027,20262027,21,"COL",8475172,"Nazem","Kadri","Nazem Kadri","F","current_roster",TRUE,"2026-10-10T18:03:40.862Z","2026-10-10_180157_38074132924_1_17a65d0afd5e42418df207b044e3357a",2026020080,"2026-10-10","2026-10-10T23:00:00Z","FUT","Maple Leafs","2026-10-10T18:03:39.882Z","https://www.nhl.com/news/nhl-lineup-projections-2026-27-season","2026-10-10",1,"matched",TRUE,1,2,NA,NA,0,0,NA
20262027,20262027,21,"COL",8480448,"Parker","Kelly","Parker Kelly","F","current_roster",TRUE,"2026-10-10T18:03:40.864Z","2026-10-10_180157_38074132924_1_17a65d0afd5e42418df207b044e3357a",2026020080,"2026-10-10","2026-10-10T23:00:00Z","FUT","Maple Leafs","2026-10-10T18:03:39.882Z","https://www.nhl.com/news/nhl-lineup-projections-2026-27-season","2026-10-10",1,"matched",TRUE,1,4,NA,NA,0,0,NA
20262027,20262027,21,"COL",8482742,"Zachary","L'Heureux","Zachary L'Heureux","F","current_roster",TRUE,"2026-10-10T18:03:40.866Z","2026-10-10_180157_38074132924_1_17a65d0afd5e42418df207b044e3357a",2026020080,"2026-10-10","2026-10-10T23:00:00Z","FUT","Maple Leafs","2026-10-10T18:03:39.882Z","https://www.nhl.com/news/nhl-lineup-projections-2026-27-season","2026-10-10",1,"matched",TRUE,1,4,NA,NA,0,0,NA
20262027,20262027,21,"COL",8476455,"Gabriel","Landeskog","Gabriel Landeskog","F","current_roster",TRUE,"2026-10-10T18:03:40.868Z","2026-10-10_180157_38074132924_1_17a65d0afd5e42418df207b044e3357a",2026020080,"2026-10-10","2026-10-10T23:00:00Z","FUT","Maple Leafs","2026-10-10T18:03:39.882Z","https://www.nhl.com/news/nhl-lineup-projections-2026-27-season","2026-10-10",1,"matched",TRUE,1,2,NA,NA,0,0,NA
20262027,20262027,21,"COL",8477476,"Artturi","Lehkonen","Artturi Lehkonen","F","current_roster",TRUE,"2026-10-10T18:03:40.870Z","2026-10-10_180157_38074132924_1_17a65d0afd5e42418df207b044e3357a",2026020080,"2026-10-10","2026-10-10T23:00:00Z","FUT","Maple Leafs","2026-10-10T18:03:39.882Z","https://www.nhl.com/news/nhl-lineup-projections-2026-27-season","2026-10-10",1,"matched",TRUE,1,1,NA,NA,0,0,NA
20262027,20262027,21,"COL",8477492,"Nathan","MacKinnon","Nathan MacKinnon","F","current_roster",TRUE,"2026-10-10T18:03:40.872Z","2026-10-10_180157_38074132924_1_17a65d0afd5e42418df207b044e3357a",2026020080,"2026-10-10","2026-10-10T23:00:00Z","FUT","Maple Leafs","2026-10-10T18:03:39.882Z","https://www.nhl.com/news/nhl-lineup-projections-2026-27-season","2026-10-10",1,"matched",TRUE,1,1,NA,NA,0,0,NA
20262027,20262027,21,"COL",8480039,"Martin","Necas","Martin Necas","F","current_roster",TRUE,"2026-10-10T18:03:40.874Z","2026-10-10_180157_38074132924_1_17a65d0afd5e42418df207b044e3357a",2026020080,"2026-10-10","2026-10-10T23:00:00Z","FUT","Maple Leafs","2026-10-10T18:03:39.882Z","https://www.nhl.com/news/nhl-lineup-projections-2026-27-season","2026-10-10",1,"matched",TRUE,1,1,NA,NA,0,0,NA
20262027,20262027,21,"COL",8475754,"Brock","Nelson","Brock Nelson","F","current_roster",TRUE,"2026-10-10T18:03:40.876Z","2026-10-10_180157_38074132924_1_17a65d0afd5e42418df207b044e3357a",2026020080,"2026-10-10","2026-10-10T23:00:00Z","FUT","Maple Leafs","2026-10-10T18:03:39.882Z","https://www.nhl.com/news/nhl-lineup-projections-2026-27-season","2026-10-10",1,"matched",TRUE,1,2,NA,NA,0,0,NA
20262027,20262027,21,"COL",8481186,"Logan","O'Connor","Logan O'Connor","F","current_roster",TRUE,"2026-10-10T18:03:40.878Z","2026-10-10_180157_38074132924_1_17a65d0afd5e42418df207b044e3357a",2026020080,"2026-10-10","2026-10-10T23:00:00Z","FUT","Maple Leafs","2026-10-10T18:03:39.882Z","https://www.nhl.com/news/nhl-lineup-projections-2026-27-season","2026-10-10",1,"matched",TRUE,0,NA,NA,NA,1,0,NA
20262027,20262027,21,"COL",8478462,"Nicolas","Roy","Nicolas Roy","F","current_roster",TRUE,"2026-10-10T18:03:40.880Z","2026-10-10_180157_38074132924_1_17a65d0afd5e42418df207b044e3357a",2026020080,"2026-10-10","2026-10-10T23:00:00Z","FUT","Maple Leafs","2026-10-10T18:03:39.882Z","https://www.nhl.com/news/nhl-lineup-projections-2026-27-season","2026-10-10",1,"matched",TRUE,1,4,NA,NA,0,0,NA
20262027,20262027,21,"COL",8475768,"Jaden","Schwartz","Jaden Schwartz","F","current_roster",TRUE,"2026-10-10T18:03:40.882Z","2026-10-10_180157_38074132924_1_17a65d0afd5e42418df207b044e3357a",2026020080,"2026-10-10","2026-10-10T23:00:00Z","FUT","Maple Leafs","2026-10-10T18:03:39.882Z","https://www.nhl.com/news/nhl-lineup-projections-2026-27-season","2026-10-10",1,"matched",TRUE,1,3,NA,NA,0,0,NA
20262027,20262027,21,"COL",8482768,"Fedor","Svechkov","Fedor Svechkov","F","current_roster",TRUE,"2026-10-10T18:03:40.884Z","2026-10-10_180157_38074132924_1_17a65d0afd5e42418df207b044e3357a",2026020080,"2026-10-10","2026-10-10T23:00:00Z","FUT","Maple Leafs","2026-10-10T18:03:39.882Z","https://www.nhl.com/news/nhl-lineup-projections-2026-27-season","2026-10-10",1,"matched",TRUE,1,3,NA,NA,0,0,NA
20262027,20262027,21,"COL",8470613,"Brent","Burns","Brent Burns","D","current_roster",TRUE,"2026-10-10T18:03:40.886Z","2026-10-10_180157_38074132924_1_17a65d0afd5e42418df207b044e3357a",2026020080,"2026-10-10","2026-10-10T23:00:00Z","FUT","Maple Leafs","2026-10-10T18:03:39.882Z","https://www.nhl.com/news/nhl-lineup-projections-2026-27-season","2026-10-10",1,"matched",TRUE,1,NA,3,NA,0,0,NA
20262027,20262027,21,"COL",8478454,"Noah","Juulsen","Noah Juulsen","D","current_roster",TRUE,"2026-10-10T18:03:40.888Z","2026-10-10_180157_38074132924_1_17a65d0afd5e42418df207b044e3357a",2026020080,"2026-10-10","2026-10-10T23:00:00Z","FUT","Maple Leafs","2026-10-10T18:03:39.882Z","https://www.nhl.com/news/nhl-lineup-projections-2026-27-season","2026-10-10",1,"matched",TRUE,0,NA,NA,NA,1,0,NA
20262027,20262027,21,"COL",8476967,"Brett","Kulak","Brett Kulak","D","current_roster",TRUE,"2026-10-10T18:03:40.890Z","2026-10-10_180157_38074132924_1_17a65d0afd5e42418df207b044e3357a",2026020080,"2026-10-10","2026-10-10T23:00:00Z","FUT","Maple Leafs","2026-10-10T18:03:39.882Z","https://www.nhl.com/news/nhl-lineup-projections-2026-27-season","2026-10-10",1,"matched",TRUE,1,NA,2,NA,0,0,NA
20262027,20262027,21,"COL",8480069,"Cale","Makar","Cale Makar","D","current_roster",TRUE,"2026-10-10T18:03:40.892Z","2026-10-10_180157_38074132924_1_17a65d0afd5e42418df207b044e3357a",2026020080,"2026-10-10","2026-10-10T23:00:00Z","FUT","Maple Leafs","2026-10-10T18:03:39.882Z","https://www.nhl.com/news/nhl-lineup-projections-2026-27-season","2026-10-10",1,"matched",TRUE,1,NA,1,NA,0,0,NA
20262027,20262027,21,"COL",8484258,"Sam","Malinski","Sam Malinski","D","current_roster",TRUE,"2026-10-10T18:03:40.894Z","2026-10-10_180157_38074132924_1_17a65d0afd5e42418df207b044e3357a",2026020080,"2026-10-10","2026-10-10T23:00:00Z","FUT","Maple Leafs","2026-10-10T18:03:39.882Z","https://www.nhl.com/news/nhl-lineup-projections-2026-27-season","2026-10-10",1,"matched",TRUE,1,NA,2,NA,0,0,NA
20262027,20262027,21,"COL",8476312,"Josh","Manson","Josh Manson","D","current_roster",TRUE,"2026-10-10T18:03:40.896Z","2026-10-10_180157_38074132924_1_17a65d0afd5e42418df207b044e3357a",2026020080,"2026-10-10","2026-10-10T23:00:00Z","FUT","Maple Leafs","2026-10-10T18:03:39.882Z","https://www.nhl.com/news/nhl-lineup-projections-2026-27-season","2026-10-10",1,"matched",TRUE,1,NA,3,NA,0,0,NA
20262027,20262027,21,"COL",8478038,"Devon","Toews","Devon Toews","D","current_roster",TRUE,"2026-10-10T18:03:40.898Z","2026-10-10_180157_38074132924_1_17a65d0afd5e42418df207b044e3357a",2026020080,"2026-10-10","2026-10-10T23:00:00Z","FUT","Maple Leafs","2026-10-10T18:03:39.882Z","https://www.nhl.com/news/nhl-lineup-projections-2026-27-season","2026-10-10",1,"matched",TRUE,1,NA,1,NA,0,0,NA
20262027,20262027,21,"COL",8478406,"Mackenzie","Blackwood","Mackenzie Blackwood","G","current_roster",TRUE,"2026-10-10T18:03:40.901Z","2026-10-10_180157_38074132924_1_17a65d0afd5e42418df207b044e3357a",2026020080,"2026-10-10","2026-10-10T23:00:00Z","FUT","Maple Leafs","2026-10-10T18:03:39.882Z","https://www.nhl.com/news/nhl-lineup-projections-2026-27-season","2026-10-10",1,"matched",TRUE,1,NA,NA,"starter",0,0,NA
20262027,20262027,21,"COL",8475809,"Scott","Wedgewood","Scott Wedgewood","G","current_roster",TRUE,"2026-10-10T18:03:40.903Z","2026-10-10_180157_38074132924_1_17a65d0afd5e42418df207b044e3357a",2026020080,"2026-10-10","2026-10-10T23:00:00Z","FUT","Maple Leafs","2026-10-10T18:03:39.882Z","https://www.nhl.com/news/nhl-lineup-projections-2026-27-season","2026-10-10",1,"matched",TRUE,1,NA,NA,"backup",0,0,NA
20262027,20262027,14,"TBL",8478519,"Anthony","Cirelli","Anthony Cirelli","F","current_roster",TRUE,"2026-10-10T18:03:41.445Z","2026-10-10_180157_38074132924_1_17a65d0afd5e42418df207b044e3357a",2026020081,"2026-10-10","2026-10-10T23:30:00Z","FUT","Islanders","2026-10-10T18:03:39.882Z","https://www.nhl.com/news/nhl-lineup-projections-2026-27-season","2026-10-10",1,"matched",TRUE,1,2,NA,NA,0,0,NA
20262027,20262027,14,"TBL",8483447,"Conor","Geekie","Conor Geekie","F","current_roster",TRUE,"2026-10-10T18:03:41.447Z","2026-10-10_180157_38074132924_1_17a65d0afd5e42418df207b044e3357a",2026020081,"2026-10-10","2026-10-10T23:30:00Z","FUT","Islanders","2026-10-10T18:03:39.882Z","https://www.nhl.com/news/nhl-lineup-projections-2026-27-season","2026-10-10",1,"matched",TRUE,1,4,NA,NA,0,0,NA
20262027,20262027,14,"TBL",8476878,"Zemgus","Girgensons","Zemgus Girgensons","F","current_roster",TRUE,"2026-10-10T18:03:41.449Z","2026-10-10_180157_38074132924_1_17a65d0afd5e42418df207b044e3357a",2026020081,"2026-10-10","2026-10-10T23:30:00Z","FUT","Islanders","2026-10-10T18:03:39.882Z","https://www.nhl.com/news/nhl-lineup-projections-2026-27-season","2026-10-10",1,"matched",TRUE,1,3,NA,NA,0,0,NA
20262027,20262027,14,"TBL",8482201,"Gage","Goncalves","Gage Goncalves","F","current_roster",TRUE,"2026-10-10T18:03:41.451Z","2026-10-10_180157_38074132924_1_17a65d0afd5e42418df207b044e3357a",2026020081,"2026-10-10","2026-10-10T23:30:00Z","FUT","Islanders","2026-10-10T18:03:39.882Z","https://www.nhl.com/news/nhl-lineup-projections-2026-27-season","2026-10-10",1,"matched",TRUE,1,1,NA,NA,0,0,NA
20262027,20262027,14,"TBL",8476826,"Yanni","Gourde","Yanni Gourde","F","current_roster",TRUE,"2026-10-10T18:03:41.453Z","2026-10-10_180157_38074132924_1_17a65d0afd5e42418df207b044e3357a",2026020081,"2026-10-10","2026-10-10T23:30:00Z","FUT","Islanders","2026-10-10T18:03:39.882Z","https://www.nhl.com/news/nhl-lineup-projections-2026-27-season","2026-10-10",1,"matched",TRUE,0,NA,NA,NA,0,1,"hip"
20262027,20262027,14,"TBL",8477404,"Jake","Guentzel","Jake Guentzel","F","current_roster",TRUE,"2026-10-10T18:03:41.455Z","2026-10-10_180157_38074132924_1_17a65d0afd5e42418df207b044e3357a",2026020081,"2026-10-10","2026-10-10T23:30:00Z","FUT","Islanders","2026-10-10T18:03:39.882Z","https://www.nhl.com/news/nhl-lineup-projections-2026-27-season","2026-10-10",1,"matched",TRUE,1,2,NA,NA,0,0,NA
20262027,20262027,14,"TBL",8479542,"Brandon","Hagel","Brandon Hagel","F","current_roster",TRUE,"2026-10-10T18:03:41.457Z","2026-10-10_180157_38074132924_1_17a65d0afd5e42418df207b044e3357a",2026020081,"2026-10-10","2026-10-10T23:30:00Z","FUT","Islanders","2026-10-10T18:03:39.882Z","https://www.nhl.com/news/nhl-lineup-projections-2026-27-season","2026-10-10",1,"matched",TRUE,1,2,NA,NA,0,0,NA
20262027,20262027,14,"TBL",8480995,"Pontus","Holmberg","Pontus Holmberg","F","current_roster",TRUE,"2026-10-10T18:03:41.459Z","2026-10-10_180157_38074132924_1_17a65d0afd5e42418df207b044e3357a",2026020081,"2026-10-10","2026-10-10T23:30:00Z","FUT","Islanders","2026-10-10T18:03:39.882Z","https://www.nhl.com/news/nhl-lineup-projections-2026-27-season","2026-10-10",1,"matched",TRUE,1,3,NA,NA,0,0,NA
20262027,20262027,14,"TBL",8483752,"Dominic","James","Dominic James","F","current_roster",TRUE,"2026-10-10T18:03:41.461Z","2026-10-10_180157_38074132924_1_17a65d0afd5e42418df207b044e3357a",2026020081,"2026-10-10","2026-10-10T23:30:00Z","FUT","Islanders","2026-10-10T18:03:39.882Z","https://www.nhl.com/news/nhl-lineup-projections-2026-27-season","2026-10-10",1,"matched",TRUE,0,NA,NA,NA,0,1,"hand"
20262027,20262027,14,"TBL",8476453,"Nikita","Kucherov","Nikita Kucherov","F","current_roster",TRUE,"2026-10-10T18:03:41.463Z","2026-10-10_180157_38074132924_1_17a65d0afd5e42418df207b044e3357a",2026020081,"2026-10-10","2026-10-10T23:30:00Z","FUT","Islanders","2026-10-10T18:03:39.882Z","https://www.nhl.com/news/nhl-lineup-projections-2026-27-season","2026-10-10",1,"matched",TRUE,1,1,NA,NA,0,0,NA
20262027,20262027,14,"TBL",8481624,"Ilya","Mikheyev","Ilya Mikheyev","F","current_roster",TRUE,"2026-10-10T18:03:41.465Z","2026-10-10_180157_38074132924_1_17a65d0afd5e42418df207b044e3357a",2026020081,"2026-10-10","2026-10-10T23:30:00Z","FUT","Islanders","2026-10-10T18:03:39.882Z","https://www.nhl.com/news/nhl-lineup-projections-2026-27-season","2026-10-10",1,"matched",TRUE,1,3,NA,NA,0,0,NA
20262027,20262027,14,"TBL",8478010,"Brayden","Point","Brayden Point","F","current_roster",TRUE,"2026-10-10T18:03:41.467Z","2026-10-10_180157_38074132924_1_17a65d0afd5e42418df207b044e3357a",2026020081,"2026-10-10","2026-10-10T23:30:00Z","FUT","Islanders","2026-10-10T18:03:39.882Z","https://www.nhl.com/news/nhl-lineup-projections-2026-27-season","2026-10-10",1,"matched",TRUE,1,1,NA,NA,0,0,NA
20262027,20262027,14,"TBL",8477149,"Scott","Sabourin","Scott Sabourin","F","current_roster",TRUE,"2026-10-10T18:03:41.469Z","2026-10-10_180157_38074132924_1_17a65d0afd5e42418df207b044e3357a",2026020081,"2026-10-10","2026-10-10T23:30:00Z","FUT","Islanders","2026-10-10T18:03:39.882Z","https://www.nhl.com/news/nhl-lineup-projections-2026-27-season","2026-10-10",1,"matched",TRUE,0,NA,NA,NA,1,0,NA
20262027,20262027,14,"TBL",8479705,"Jeffrey","Viel","Jeffrey Viel","F","current_roster",TRUE,"2026-10-10T18:03:41.481Z","2026-10-10_180157_38074132924_1_17a65d0afd5e42418df207b044e3357a",2026020081,"2026-10-10","2026-10-10T23:30:00Z","FUT","Islanders","2026-10-10T18:03:39.882Z","https://www.nhl.com/news/nhl-lineup-projections-2026-27-season","2026-10-10",1,"matched",TRUE,1,4,NA,NA,0,0,NA
20262027,20262027,14,"TBL",8474590,"John","Carlson","John Carlson","D","current_roster",TRUE,"2026-10-10T18:03:41.484Z","2026-10-10_180157_38074132924_1_17a65d0afd5e42418df207b044e3357a",2026020081,"2026-10-10","2026-10-10T23:30:00Z","FUT","Islanders","2026-10-10T18:03:39.882Z","https://www.nhl.com/news/nhl-lineup-projections-2026-27-season","2026-10-10",1,"matched",TRUE,1,NA,1,NA,0,0,NA
20262027,20262027,14,"TBL",8478416,"Erik","Cernak","Erik Cernak","D","current_roster",TRUE,"2026-10-10T18:03:41.486Z","2026-10-10_180157_38074132924_1_17a65d0afd5e42418df207b044e3357a",2026020081,"2026-10-10","2026-10-10T23:30:00Z","FUT","Islanders","2026-10-10T18:03:39.882Z","https://www.nhl.com/news/nhl-lineup-projections-2026-27-season","2026-10-10",1,"matched",TRUE,1,NA,2,NA,0,0,NA
20262027,20262027,14,"TBL",8481719,"Max","Crozier","Max Crozier","D","current_roster",TRUE,"2026-10-10T18:03:41.488Z","2026-10-10_180157_38074132924_1_17a65d0afd5e42418df207b044e3357a",2026020081,"2026-10-10","2026-10-10T23:30:00Z","FUT","Islanders","2026-10-10T18:03:39.882Z","https://www.nhl.com/news/nhl-lineup-projections-2026-27-season","2026-10-10",1,"matched",TRUE,1,NA,4,NA,0,0,NA
20262027,20262027,14,"TBL",8480426,"Charle-Edouard","D'Astous","Charle-Edouard D'Astous","D","current_roster",TRUE,"2026-10-10T18:03:41.490Z","2026-10-10_180157_38074132924_1_17a65d0afd5e42418df207b044e3357a",2026020081,"2026-10-10","2026-10-10T23:30:00Z","FUT","Islanders","2026-10-10T18:03:39.882Z","https://www.nhl.com/news/nhl-lineup-projections-2026-27-season","2026-10-10",1,"matched",TRUE,1,NA,3,NA,0,0,NA
20262027,20262027,14,"TBL",8475167,"Victor","Hedman","Victor Hedman","D","current_roster",TRUE,"2026-10-10T18:03:41.492Z","2026-10-10_180157_38074132924_1_17a65d0afd5e42418df207b044e3357a",2026020081,"2026-10-10","2026-10-10T23:30:00Z","FUT","Islanders","2026-10-10T18:03:39.882Z","https://www.nhl.com/news/nhl-lineup-projections-2026-27-season","2026-10-10",1,"matched",TRUE,1,NA,3,NA,0,0,NA
20262027,20262027,14,"TBL",8482929,"Emil","Lilleberg","Emil Lilleberg","D","current_roster",TRUE,"2026-10-10T18:03:41.494Z","2026-10-10_180157_38074132924_1_17a65d0afd5e42418df207b044e3357a",2026020081,"2026-10-10","2026-10-10T23:30:00Z","FUT","Islanders","2026-10-10T18:03:39.882Z","https://www.nhl.com/news/nhl-lineup-projections-2026-27-season","2026-10-10",1,"matched",TRUE,0,NA,NA,NA,0,1,"undisclosed"
20262027,20262027,14,"TBL",8474151,"Ryan","McDonagh","Ryan McDonagh","D","current_roster",TRUE,"2026-10-10T18:03:41.496Z","2026-10-10_180157_38074132924_1_17a65d0afd5e42418df207b044e3357a",2026020081,"2026-10-10","2026-10-10T23:30:00Z","FUT","Islanders","2026-10-10T18:03:39.882Z","https://www.nhl.com/news/nhl-lineup-projections-2026-27-season","2026-10-10",1,"matched",TRUE,1,NA,2,NA,0,0,NA
20262027,20262027,14,"TBL",8482655,"J.J.","Moser","J.J. Moser","D","current_roster",TRUE,"2026-10-10T18:03:41.498Z","2026-10-10_180157_38074132924_1_17a65d0afd5e42418df207b044e3357a",2026020081,"2026-10-10","2026-10-10T23:30:00Z","FUT","Islanders","2026-10-10T18:03:39.882Z","https://www.nhl.com/news/nhl-lineup-projections-2026-27-season","2026-10-10",1,"matched",TRUE,1,NA,1,NA,0,0,NA
20262027,20262027,14,"TBL",8483710,"Dennis","Hildeby","Dennis Hildeby","G","current_roster",TRUE,"2026-10-10T18:03:41.500Z","2026-10-10_180157_38074132924_1_17a65d0afd5e42418df207b044e3357a",2026020081,"2026-10-10","2026-10-10T23:30:00Z","FUT","Islanders","2026-10-10T18:03:39.882Z","https://www.nhl.com/news/nhl-lineup-projections-2026-27-season","2026-10-10",1,"matched",TRUE,1,NA,NA,"backup",0,0,NA
20262027,20262027,14,"TBL",8476883,"Andrei","Vasilevskiy","Andrei Vasilevskiy","G","current_roster",TRUE,"2026-10-10T18:03:41.502Z","2026-10-10_180157_38074132924_1_17a65d0afd5e42418df207b044e3357a",2026020081,"2026-10-10","2026-10-10T23:30:00Z","FUT","Islanders","2026-10-10T18:03:39.882Z","https://www.nhl.com/news/nhl-lineup-projections-2026-27-season","2026-10-10",1,"matched",TRUE,1,NA,NA,"starter",0,0,NA
20262027,20262027,24,"ANA",8484153,"Leo","Carlsson","Leo Carlsson","F","current_roster",TRUE,"2026-10-10T18:03:41.127Z","2026-10-10_180157_38074132924_1_17a65d0afd5e42418df207b044e3357a",2026020082,"2026-10-10","2026-10-11T02:00:00Z","FUT","Flames","2026-10-10T18:03:39.882Z","https://www.nhl.com/news/nhl-lineup-projections-2026-27-season","2026-10-10",1,"matched",TRUE,1,1,NA,NA,0,NA,NA
20262027,20262027,24,"ANA",8481538,"Judd","Caulfield","Judd Caulfield","F","current_roster",TRUE,"2026-10-10T18:03:41.129Z","2026-10-10_180157_38074132924_1_17a65d0afd5e42418df207b044e3357a",2026020082,"2026-10-10","2026-10-11T02:00:00Z","FUT","Flames","2026-10-10T18:03:39.882Z","https://www.nhl.com/news/nhl-lineup-projections-2026-27-season","2026-10-10",1,"matched",TRUE,1,4,NA,NA,0,NA,NA
20262027,20262027,24,"ANA",8482118,"Sam","Colangelo","Sam Colangelo","F","current_roster",TRUE,"2026-10-10T18:03:41.131Z","2026-10-10_180157_38074132924_1_17a65d0afd5e42418df207b044e3357a",2026020082,"2026-10-10","2026-10-11T02:00:00Z","FUT","Flames","2026-10-10T18:03:39.882Z","https://www.nhl.com/news/nhl-lineup-projections-2026-27-season","2026-10-10",1,"matched",TRUE,1,1,NA,NA,0,NA,NA
20262027,20262027,24,"ANA",8483445,"Cutter","Gauthier","Cutter Gauthier","F","current_roster",TRUE,"2026-10-10T18:03:41.133Z","2026-10-10_180157_38074132924_1_17a65d0afd5e42418df207b044e3357a",2026020082,"2026-10-10","2026-10-11T02:00:00Z","FUT","Flames","2026-10-10T18:03:39.882Z","https://www.nhl.com/news/nhl-lineup-projections-2026-27-season","2026-10-10",1,"matched",TRUE,1,2,NA,NA,0,NA,NA
20262027,20262027,24,"ANA",8475798,"Mikael","Granlund","Mikael Granlund","F","current_roster",TRUE,"2026-10-10T18:03:41.135Z","2026-10-10_180157_38074132924_1_17a65d0afd5e42418df207b044e3357a",2026020082,"2026-10-10","2026-10-11T02:00:00Z","FUT","Flames","2026-10-10T18:03:39.882Z","https://www.nhl.com/news/nhl-lineup-projections-2026-27-season","2026-10-10",1,"matched",TRUE,1,2,NA,NA,0,NA,NA
20262027,20262027,24,"ANA",8478421,"A.J.","Greer","A.J. Greer","F","current_roster",TRUE,"2026-10-10T18:03:41.137Z","2026-10-10_180157_38074132924_1_17a65d0afd5e42418df207b044e3357a",2026020082,"2026-10-10","2026-10-11T02:00:00Z","FUT","Flames","2026-10-10T18:03:39.882Z","https://www.nhl.com/news/nhl-lineup-projections-2026-27-season","2026-10-10",1,"matched",TRUE,1,3,NA,NA,0,NA,NA
20262027,20262027,24,"ANA",8473986,"Alex","Killorn","Alex Killorn","F","current_roster",TRUE,"2026-10-10T18:03:41.139Z","2026-10-10_180157_38074132924_1_17a65d0afd5e42418df207b044e3357a",2026020082,"2026-10-10","2026-10-11T02:00:00Z","FUT","Flames","2026-10-10T18:03:39.882Z","https://www.nhl.com/news/nhl-lineup-projections-2026-27-season","2026-10-10",1,"matched",TRUE,1,3,NA,NA,0,NA,NA
20262027,20262027,24,"ANA",8486052,"Nikita","Klepov","Nikita Klepov","F","current_roster",TRUE,"2026-10-10T18:03:41.141Z","2026-10-10_180157_38074132924_1_17a65d0afd5e42418df207b044e3357a",2026020082,"2026-10-10","2026-10-11T02:00:00Z","FUT","Flames","2026-10-10T18:03:39.882Z","https://www.nhl.com/news/nhl-lineup-projections-2026-27-season","2026-10-10",1,"matched",TRUE,0,NA,NA,NA,1,NA,NA
20262027,20262027,24,"ANA",8482408,"Jeff","Malott","Jeff Malott","F","current_roster",TRUE,"2026-10-10T18:03:41.143Z","2026-10-10_180157_38074132924_1_17a65d0afd5e42418df207b044e3357a",2026020082,"2026-10-10","2026-10-11T02:00:00Z","FUT","Flames","2026-10-10T18:03:39.882Z","https://www.nhl.com/news/nhl-lineup-projections-2026-27-season","2026-10-10",1,"matched",TRUE,1,4,NA,NA,0,NA,NA
20262027,20262027,24,"ANA",8481754,"Nikita","Nesterenko","Nikita Nesterenko","F","current_roster",TRUE,"2026-10-10T18:03:41.145Z","2026-10-10_180157_38074132924_1_17a65d0afd5e42418df207b044e3357a",2026020082,"2026-10-10","2026-10-11T02:00:00Z","FUT","Flames","2026-10-10T18:03:39.882Z","https://www.nhl.com/news/nhl-lineup-projections-2026-27-season","2026-10-10",1,"matched",TRUE,1,2,NA,NA,0,NA,NA
20262027,20262027,24,"ANA",8480068,"Ryan","Poehling","Ryan Poehling","F","current_roster",TRUE,"2026-10-10T18:03:41.147Z","2026-10-10_180157_38074132924_1_17a65d0afd5e42418df207b044e3357a",2026020082,"2026-10-10","2026-10-11T02:00:00Z","FUT","Flames","2026-10-10T18:03:39.882Z","https://www.nhl.com/news/nhl-lineup-projections-2026-27-season","2026-10-10",1,"matched",TRUE,1,3,NA,NA,0,NA,NA
20262027,20262027,24,"ANA",8484762,"Beckett","Sennecke","Beckett Sennecke","F","current_roster",TRUE,"2026-10-10T18:03:41.149Z","2026-10-10_180157_38074132924_1_17a65d0afd5e42418df207b044e3357a",2026020082,"2026-10-10","2026-10-11T02:00:00Z","FUT","Flames","2026-10-10T18:03:39.882Z","https://www.nhl.com/news/nhl-lineup-projections-2026-27-season","2026-10-10",1,"matched",TRUE,1,1,NA,NA,0,NA,NA
20262027,20262027,24,"ANA",8478366,"Frank","Vatrano","Frank Vatrano","F","current_roster",TRUE,"2026-10-10T18:03:41.151Z","2026-10-10_180157_38074132924_1_17a65d0afd5e42418df207b044e3357a",2026020082,"2026-10-10","2026-10-11T02:00:00Z","FUT","Flames","2026-10-10T18:03:39.882Z","https://www.nhl.com/news/nhl-lineup-projections-2026-27-season","2026-10-10",1,"matched",TRUE,0,NA,NA,NA,1,NA,NA
20262027,20262027,24,"ANA",8485512,"Tim","Washe","Tim Washe","F","current_roster",TRUE,"2026-10-10T18:03:41.153Z","2026-10-10_180157_38074132924_1_17a65d0afd5e42418df207b044e3357a",2026020082,"2026-10-10","2026-10-11T02:00:00Z","FUT","Flames","2026-10-10T18:03:39.882Z","https://www.nhl.com/news/nhl-lineup-projections-2026-27-season","2026-10-10",1,"matched",TRUE,1,4,NA,NA,0,NA,NA
20262027,20262027,24,"ANA",8481563,"Drew","Helleson","Drew Helleson","D","current_roster",TRUE,"2026-10-10T18:03:41.156Z","2026-10-10_180157_38074132924_1_17a65d0afd5e42418df207b044e3357a",2026020082,"2026-10-10","2026-10-11T02:00:00Z","FUT","Flames","2026-10-10T18:03:39.882Z","https://www.nhl.com/news/nhl-lineup-projections-2026-27-season","2026-10-10",1,"matched",TRUE,0,NA,NA,NA,0,NA,"lower body"
20262027,20262027,24,"ANA",8482731,"Tyson","Hinds","Tyson Hinds","D","current_roster",TRUE,"2026-10-10T18:03:41.158Z","2026-10-10_180157_38074132924_1_17a65d0afd5e42418df207b044e3357a",2026020082,"2026-10-10","2026-10-11T02:00:00Z","FUT","Flames","2026-10-10T18:03:39.882Z","https://www.nhl.com/news/nhl-lineup-projections-2026-27-season","2026-10-10",1,"matched",TRUE,1,NA,3,NA,0,NA,NA
20262027,20262027,24,"ANA",8475324,"Nick","Jensen","Nick Jensen","D","current_roster",TRUE,"2026-10-10T18:03:41.160Z","2026-10-10_180157_38074132924_1_17a65d0afd5e42418df207b044e3357a",2026020082,"2026-10-10","2026-10-11T02:00:00Z","FUT","Flames","2026-10-10T18:03:39.882Z","https://www.nhl.com/news/nhl-lineup-projections-2026-27-season","2026-10-10",1,"matched",TRUE,0,NA,NA,NA,1,NA,NA
20262027,20262027,24,"ANA",8481605,"Jackson","LaCombe","Jackson LaCombe","D","current_roster",TRUE,"2026-10-10T18:03:41.162Z","2026-10-10_180157_38074132924_1_17a65d0afd5e42418df207b044e3357a",2026020082,"2026-10-10","2026-10-11T02:00:00Z","FUT","Flames","2026-10-10T18:03:39.882Z","https://www.nhl.com/news/nhl-lineup-projections-2026-27-season","2026-10-10",1,"matched",TRUE,1,NA,1,NA,0,NA,NA
20262027,20262027,24,"ANA",8483482,"Tristan","Luneau","Tristan Luneau","D","current_roster",TRUE,"2026-10-10T18:03:41.164Z","2026-10-10_180157_38074132924_1_17a65d0afd5e42418df207b044e3357a",2026020082,"2026-10-10","2026-10-11T02:00:00Z","FUT","Flames","2026-10-10T18:03:39.882Z","https://www.nhl.com/news/nhl-lineup-projections-2026-27-season","2026-10-10",1,"matched",TRUE,1,NA,3,NA,0,NA,NA
20262027,20262027,24,"ANA",8483490,"Pavel","Mintyukov","Pavel Mintyukov","D","current_roster",TRUE,"2026-10-10T18:03:41.166Z","2026-10-10_180157_38074132924_1_17a65d0afd5e42418df207b044e3357a",2026020082,"2026-10-10","2026-10-11T02:00:00Z","FUT","Flames","2026-10-10T18:03:39.882Z","https://www.nhl.com/news/nhl-lineup-projections-2026-27-season","2026-10-10",1,"matched",TRUE,1,NA,2,NA,0,NA,NA
20262027,20262027,24,"ANA",8484262,"Travis","Mitchell","Travis Mitchell","D","current_roster",TRUE,"2026-10-10T18:03:41.170Z","2026-10-10_180157_38074132924_1_17a65d0afd5e42418df207b044e3357a",2026020082,"2026-10-10","2026-10-11T02:00:00Z","FUT","Flames","2026-10-10T18:03:39.882Z","https://www.nhl.com/news/nhl-lineup-projections-2026-27-season","2026-10-10",1,"matched",TRUE,1,NA,2,NA,0,NA,NA
20262027,20262027,24,"ANA",8482178,"Ian","Moore","Ian Moore","D","current_roster",TRUE,"2026-10-10T18:03:41.172Z","2026-10-10_180157_38074132924_1_17a65d0afd5e42418df207b044e3357a",2026020082,"2026-10-10","2026-10-11T02:00:00Z","FUT","Flames","2026-10-10T18:03:39.882Z","https://www.nhl.com/news/nhl-lineup-projections-2026-27-season","2026-10-10",1,"matched",TRUE,0,NA,NA,NA,0,NA,"lower body"
20262027,20262027,24,"ANA",8483521,"Noah","Warren","Noah Warren","D","current_roster",TRUE,"2026-10-10T18:03:41.174Z","2026-10-10_180157_38074132924_1_17a65d0afd5e42418df207b044e3357a",2026020082,"2026-10-10","2026-10-11T02:00:00Z","FUT","Flames","2026-10-10T18:03:39.882Z","https://www.nhl.com/news/nhl-lineup-projections-2026-27-season","2026-10-10",1,"matched",TRUE,1,NA,1,NA,0,NA,NA
20262027,20262027,24,"ANA",8480843,"Lukas","Dostal","Lukas Dostal","G","current_roster",TRUE,"2026-10-10T18:03:41.177Z","2026-10-10_180157_38074132924_1_17a65d0afd5e42418df207b044e3357a",2026020082,"2026-10-10","2026-10-11T02:00:00Z","FUT","Flames","2026-10-10T18:03:39.882Z","https://www.nhl.com/news/nhl-lineup-projections-2026-27-season","2026-10-10",1,"matched",TRUE,1,NA,NA,"backup",0,NA,NA
20262027,20262027,24,"ANA",8478024,"Ville","Husso","Ville Husso","G","current_roster",TRUE,"2026-10-10T18:03:41.179Z","2026-10-10_180157_38074132924_1_17a65d0afd5e42418df207b044e3357a",2026020082,"2026-10-10","2026-10-11T02:00:00Z","FUT","Flames","2026-10-10T18:03:39.882Z","https://www.nhl.com/news/nhl-lineup-projections-2026-27-season","2026-10-10",1,"matched",TRUE,1,NA,NA,"starter",0,NA,NA
