"observation_id","game_id","teamId","team_abbrev","game_date","retrieved_at","startTimeUTC","article_date","source_url","projection_status","eligible_for_backtest","raw_name","section","group","slot","injury_detail","playerId","match_method","position","forward_line","defense_pairs","issue"
"2026-10-10_180157_38074132924_1_17a65d0afd5e42418df207b044e3357a",2026020070,4,"PHI","2026-10-10","2026-10-10T18:03:39.882Z","2026-10-10T17:00:00Z","2026-10-10","https://www.nhl.com/news/nhl-lineup-projections-2026-27-season","not_pregame",FALSE,"Tyson Foerster","skater",1,1,NA,8482159,"exact_normalized","F",1,NA,NA
"2026-10-10_180157_38074132924_1_17a65d0afd5e42418df207b044e3357a",2026020070,4,"PHI","2026-10-10","2026-10-10T18:03:39.882Z","2026-10-10T17:00:00Z","2026-10-10","https://www.nhl.com/news/nhl-lineup-projections-2026-27-season","not_pregame",FALSE,"Sean Couturier","skater",1,2,NA,8476461,"exact_normalized","F",1,NA,NA
"2026-10-10_180157_38074132924_1_17a65d0afd5e42418df207b044e3357a",2026020070,4,"PHI","2026-10-10","2026-10-10T18:03:39.882Z","2026-10-10T17:00:00Z","2026-10-10","https://www.nhl.com/news/nhl-lineup-projections-2026-27-season","not_pregame",FALSE,"Porter Martone","skater",1,3,NA,8485406,"exact_normalized","F",1,NA,NA
"2026-10-10_180157_38074132924_1_17a65d0afd5e42418df207b044e3357a",2026020070,4,"PHI","2026-10-10","2026-10-10T18:03:39.882Z","2026-10-10T17:00:00Z","2026-10-10","https://www.nhl.com/news/nhl-lineup-projections-2026-27-season","not_pregame",FALSE,"Trevor Zegras","skater",2,1,NA,8481533,"exact_normalized","F",2,NA,NA
"2026-10-10_180157_38074132924_1_17a65d0afd5e42418df207b044e3357a",2026020070,4,"PHI","2026-10-10","2026-10-10T18:03:39.882Z","2026-10-10T17:00:00Z","2026-10-10","https://www.nhl.com/news/nhl-lineup-projections-2026-27-season","not_pregame",FALSE,"Christian Dvorak","skater",2,2,NA,8477989,"exact_normalized","F",2,NA,NA
"2026-10-10_180157_38074132924_1_17a65d0afd5e42418df207b044e3357a",2026020070,4,"PHI","2026-10-10","2026-10-10T18:03:39.882Z","2026-10-10T17:00:00Z","2026-10-10","https://www.nhl.com/news/nhl-lineup-projections-2026-27-season","not_pregame",FALSE,"Owen Tippett","skater",2,3,NA,8480015,"exact_normalized","F",2,NA,NA
"2026-10-10_180157_38074132924_1_17a65d0afd5e42418df207b044e3357a",2026020070,4,"PHI","2026-10-10","2026-10-10T18:03:39.882Z","2026-10-10T17:00:00Z","2026-10-10","https://www.nhl.com/news/nhl-lineup-projections-2026-27-season","not_pregame",FALSE,"Michael Bunting","skater",3,1,NA,8478047,"exact_normalized","F",3,NA,NA
"2026-10-10_180157_38074132924_1_17a65d0afd5e42418df207b044e3357a",2026020070,4,"PHI","2026-10-10","2026-10-10T18:03:39.882Z","2026-10-10T17:00:00Z","2026-10-10","https://www.nhl.com/news/nhl-lineup-projections-2026-27-season","not_pregame",FALSE,"Denver Barkey","skater",3,2,NA,8484142,"exact_normalized","F",3,NA,NA
"2026-10-10_180157_38074132924_1_17a65d0afd5e42418df207b044e3357a",2026020070,4,"PHI","2026-10-10","2026-10-10T18:03:39.882Z","2026-10-10T17:00:00Z","2026-10-10","https://www.nhl.com/news/nhl-lineup-projections-2026-27-season","not_pregame",FALSE,"Matvei Michkov","skater",3,3,NA,8484387,"exact_normalized","F",3,NA,NA
"2026-10-10_180157_38074132924_1_17a65d0afd5e42418df207b044e3357a",2026020070,4,"PHI","2026-10-10","2026-10-10T18:03:39.882Z","2026-10-10T17:00:00Z","2026-10-10","https://www.nhl.com/news/nhl-lineup-projections-2026-27-season","not_pregame",FALSE,"Carl Grundstrom","skater",4,1,NA,8479336,"exact_normalized","F",4,NA,NA
"2026-10-10_180157_38074132924_1_17a65d0afd5e42418df207b044e3357a",2026020070,4,"PHI","2026-10-10","2026-10-10T18:03:39.882Z","2026-10-10T17:00:00Z","2026-10-10","https://www.nhl.com/news/nhl-lineup-projections-2026-27-season","not_pregame",FALSE,"Noah Cates","skater",4,2,NA,8480220,"exact_normalized","F",4,NA,NA
"2026-10-10_180157_38074132924_1_17a65d0afd5e42418df207b044e3357a",2026020070,4,"PHI","2026-10-10","2026-10-10T18:03:39.882Z","2026-10-10T17:00:00Z","2026-10-10","https://www.nhl.com/news/nhl-lineup-projections-2026-27-season","not_pregame",FALSE,"Noel Acciari","skater",4,3,NA,8478569,"exact_normalized","F",4,NA,NA
"2026-10-10_180157_38074132924_1_17a65d0afd5e42418df207b044e3357a",2026020070,4,"PHI","2026-10-10","2026-10-10T18:03:39.882Z","2026-10-10T17:00:00Z","2026-10-10","https://www.nhl.com/news/nhl-lineup-projections-2026-27-season","not_pregame",FALSE,"Travis Sanheim","skater",5,1,NA,8477948,"exact_normalized","D",NA,1,NA
"2026-10-10_180157_38074132924_1_17a65d0afd5e42418df207b044e3357a",2026020070,4,"PHI","2026-10-10","2026-10-10T18:03:39.882Z","2026-10-10T17:00:00Z","2026-10-10","https://www.nhl.com/news/nhl-lineup-projections-2026-27-season","not_pregame",FALSE,"Jamie Drysdale","skater",5,2,NA,8482142,"exact_normalized","D",NA,1,NA
"2026-10-10_180157_38074132924_1_17a65d0afd5e42418df207b044e3357a",2026020070,4,"PHI","2026-10-10","2026-10-10T18:03:39.882Z","2026-10-10T17:00:00Z","2026-10-10","https://www.nhl.com/news/nhl-lineup-projections-2026-27-season","not_pregame",FALSE,"Nick Seeler","skater",6,1,NA,8476372,"exact_normalized","D",NA,2,NA
"2026-10-10_180157_38074132924_1_17a65d0afd5e42418df207b044e3357a",2026020070,4,"PHI","2026-10-10","2026-10-10T18:03:39.882Z","2026-10-10T17:00:00Z","2026-10-10","https://www.nhl.com/news/nhl-lineup-projections-2026-27-season","not_pregame",FALSE,"David Jiricek","skater",6,2,NA,8483460,"exact_normalized","D",NA,2,NA
"2026-10-10_180157_38074132924_1_17a65d0afd5e42418df207b044e3357a",2026020070,4,"PHI","2026-10-10","2026-10-10T18:03:39.882Z","2026-10-10T17:00:00Z","2026-10-10","https://www.nhl.com/news/nhl-lineup-projections-2026-27-season","not_pregame",FALSE,"Simon Benoit","skater",7,1,NA,8481122,"exact_normalized","D",NA,3,NA
"2026-10-10_180157_38074132924_1_17a65d0afd5e42418df207b044e3357a",2026020070,4,"PHI","2026-10-10","2026-10-10T18:03:39.882Z","2026-10-10T17:00:00Z","2026-10-10","https://www.nhl.com/news/nhl-lineup-projections-2026-27-season","not_pregame",FALSE,"Helge Grans","skater",7,2,NA,8482169,"exact_normalized","D",NA,3,NA
"2026-10-10_180157_38074132924_1_17a65d0afd5e42418df207b044e3357a",2026020070,4,"PHI","2026-10-10","2026-10-10T18:03:39.882Z","2026-10-10T17:00:00Z","2026-10-10","https://www.nhl.com/news/nhl-lineup-projections-2026-27-season","not_pregame",FALSE,"Dan Vladar","starter",NA,NA,NA,8478435,"exact_normalized","G",NA,NA,NA
"2026-10-10_180157_38074132924_1_17a65d0afd5e42418df207b044e3357a",2026020070,4,"PHI","2026-10-10","2026-10-10T18:03:39.882Z","2026-10-10T17:00:00Z","2026-10-10","https://www.nhl.com/news/nhl-lineup-projections-2026-27-season","not_pregame",FALSE,"Joseph Woll","backup",NA,NA,NA,8479361,"exact_normalized","G",NA,NA,NA
"2026-10-10_180157_38074132924_1_17a65d0afd5e42418df207b044e3357a",2026020070,4,"PHI","2026-10-10","2026-10-10T18:03:39.882Z","2026-10-10T17:00:00Z","2026-10-10","https://www.nhl.com/news/nhl-lineup-projections-2026-27-season","not_pregame",FALSE,"Garrett Wilson","scratched",NA,NA,NA,8475253,"exact_normalized","F",NA,NA,NA
"2026-10-10_180157_38074132924_1_17a65d0afd5e42418df207b044e3357a",2026020070,4,"PHI","2026-10-10","2026-10-10T18:03:39.882Z","2026-10-10T17:00:00Z","2026-10-10","https://www.nhl.com/news/nhl-lineup-projections-2026-27-season","not_pregame",FALSE,"Nikita Grebenkin","injured",NA,NA,"back",8483733,"exact_normalized","F",NA,NA,NA
"2026-10-10_180157_38074132924_1_17a65d0afd5e42418df207b044e3357a",2026020070,4,"PHI","2026-10-10","2026-10-10T18:03:39.882Z","2026-10-10T17:00:00Z","2026-10-10","https://www.nhl.com/news/nhl-lineup-projections-2026-27-season","not_pregame",FALSE,"Rasmus Ristolainen","injured",NA,NA,"upper body",8477499,"exact_normalized","D",NA,NA,NA
"2026-10-10_180157_38074132924_1_17a65d0afd5e42418df207b044e3357a",2026020070,4,"PHI","2026-10-10","2026-10-10T18:03:39.882Z","2026-10-10T17:00:00Z","2026-10-10","https://www.nhl.com/news/nhl-lineup-projections-2026-27-season","not_pregame",FALSE,"Travis Konecny","injured",NA,NA,"lower body",8478439,"exact_normalized","F",NA,NA,NA
"2026-10-10_180157_38074132924_1_17a65d0afd5e42418df207b044e3357a",2026020070,4,"PHI","2026-10-10","2026-10-10T18:03:39.882Z","2026-10-10T17:00:00Z","2026-10-10","https://www.nhl.com/news/nhl-lineup-projections-2026-27-season","not_pregame",FALSE,"Cam York","injured",NA,NA,"upper body",8481546,"exact_normalized","D",NA,NA,NA
"2026-10-10_180157_38074132924_1_17a65d0afd5e42418df207b044e3357a",2026020070,6,"BOS","2026-10-10","2026-10-10T18:03:39.882Z","2026-10-10T17:00:00Z","2026-10-10","https://www.nhl.com/news/nhl-lineup-projections-2026-27-season","not_pregame",FALSE,"Morgan Geekie","skater",1,1,NA,8479987,"exact_normalized","F",NA,NA,NA
"2026-10-10_180157_38074132924_1_17a65d0afd5e42418df207b044e3357a",2026020070,6,"BOS","2026-10-10","2026-10-10T18:03:39.882Z","2026-10-10T17:00:00Z","2026-10-10","https://www.nhl.com/news/nhl-lineup-projections-2026-27-season","not_pregame",FALSE,"Pavel Zacha","skater",1,2,NA,8478401,"exact_normalized","F",NA,NA,NA
"2026-10-10_180157_38074132924_1_17a65d0afd5e42418df207b044e3357a",2026020070,6,"BOS","2026-10-10","2026-10-10T18:03:39.882Z","2026-10-10T17:00:00Z","2026-10-10","https://www.nhl.com/news/nhl-lineup-projections-2026-27-season","not_pregame",FALSE,"David Pastrnak","skater",1,3,NA,8477956,"exact_normalized","F",NA,NA,NA
"2026-10-10_180157_38074132924_1_17a65d0afd5e42418df207b044e3357a",2026020070,6,"BOS","2026-10-10","2026-10-10T18:03:39.882Z","2026-10-10T17:00:00Z","2026-10-10","https://www.nhl.com/news/nhl-lineup-projections-2026-27-season","not_pregame",FALSE,"Marat Khusnutdinov","skater",2,1,NA,8482177,"exact_normalized","F",NA,NA,NA
"2026-10-10_180157_38074132924_1_17a65d0afd5e42418df207b044e3357a",2026020070,6,"BOS","2026-10-10","2026-10-10T18:03:39.882Z","2026-10-10T17:00:00Z","2026-10-10","https://www.nhl.com/news/nhl-lineup-projections-2026-27-season","not_pregame",FALSE,"Fraser Minten","skater",2,2,NA,8483489,"exact_normalized","F",NA,NA,NA
"2026-10-10_180157_38074132924_1_17a65d0afd5e42418df207b044e3357a",2026020070,6,"BOS","2026-10-10","2026-10-10T18:03:39.882Z","2026-10-10T17:00:00Z","2026-10-10","https://www.nhl.com/news/nhl-lineup-projections-2026-27-season","not_pregame",FALSE,"JJ Peterka","skater",2,3,NA,8482175,"exact_normalized","F",NA,NA,NA
"2026-10-10_180157_38074132924_1_17a65d0afd5e42418df207b044e3357a",2026020070,6,"BOS","2026-10-10","2026-10-10T18:03:39.882Z","2026-10-10T17:00:00Z","2026-10-10","https://www.nhl.com/news/nhl-lineup-projections-2026-27-season","not_pregame",FALSE,"Casey Mittelstadt","skater",3,1,NA,8479999,"exact_normalized","F",NA,NA,NA
"2026-10-10_180157_38074132924_1_17a65d0afd5e42418df207b044e3357a",2026020070,6,"BOS","2026-10-10","2026-10-10T18:03:39.882Z","2026-10-10T17:00:00Z","2026-10-10","https://www.nhl.com/news/nhl-lineup-projections-2026-27-season","not_pregame",FALSE,"Elias Lindholm","skater",3,2,NA,8477496,"exact_normalized","F",NA,NA,NA
"2026-10-10_180157_38074132924_1_17a65d0afd5e42418df207b044e3357a",2026020070,6,"BOS","2026-10-10","2026-10-10T18:03:39.882Z","2026-10-10T17:00:00Z","2026-10-10","https://www.nhl.com/news/nhl-lineup-projections-2026-27-season","not_pregame",FALSE,"James Hagens","skater",3,3,NA,8485395,"exact_normalized","F",NA,NA,NA
"2026-10-10_180157_38074132924_1_17a65d0afd5e42418df207b044e3357a",2026020070,6,"BOS","2026-10-10","2026-10-10T18:03:39.882Z","2026-10-10T17:00:00Z","2026-10-10","https://www.nhl.com/news/nhl-lineup-projections-2026-27-season","not_pregame",FALSE,"Tanner Jeannot","skater",4,1,NA,8479661,"exact_normalized","F",NA,NA,NA
"2026-10-10_180157_38074132924_1_17a65d0afd5e42418df207b044e3357a",2026020070,6,"BOS","2026-10-10","2026-10-10T18:03:39.882Z","2026-10-10T17:00:00Z","2026-10-10","https://www.nhl.com/news/nhl-lineup-projections-2026-27-season","not_pregame",FALSE,"Matt Poitras","skater",4,2,NA,NA,"unmatched",NA,NA,NA,"unmatched"
"2026-10-10_180157_38074132924_1_17a65d0afd5e42418df207b044e3357a",2026020070,6,"BOS","2026-10-10","2026-10-10T18:03:39.882Z","2026-10-10T17:00:00Z","2026-10-10","https://www.nhl.com/news/nhl-lineup-projections-2026-27-season","not_pregame",FALSE,"Mark Kastelic","skater",4,3,NA,8480355,"exact_normalized","F",NA,NA,NA
"2026-10-10_180157_38074132924_1_17a65d0afd5e42418df207b044e3357a",2026020070,6,"BOS","2026-10-10","2026-10-10T18:03:39.882Z","2026-10-10T17:00:00Z","2026-10-10","https://www.nhl.com/news/nhl-lineup-projections-2026-27-season","not_pregame",FALSE,"Hampus Lindholm","skater",5,1,NA,8476854,"exact_normalized","D",NA,NA,NA
"2026-10-10_180157_38074132924_1_17a65d0afd5e42418df207b044e3357a",2026020070,6,"BOS","2026-10-10","2026-10-10T18:03:39.882Z","2026-10-10T17:00:00Z","2026-10-10","https://www.nhl.com/news/nhl-lineup-projections-2026-27-season","not_pregame",FALSE,"Will Borgen","skater",5,2,NA,8478840,"exact_normalized","D",NA,NA,NA
"2026-10-10_180157_38074132924_1_17a65d0afd5e42418df207b044e3357a",2026020070,6,"BOS","2026-10-10","2026-10-10T18:03:39.882Z","2026-10-10T17:00:00Z","2026-10-10","https://www.nhl.com/news/nhl-lineup-projections-2026-27-season","not_pregame",FALSE,"Nikita Zadorov","skater",6,1,NA,8477507,"exact_normalized","D",NA,NA,NA
"2026-10-10_180157_38074132924_1_17a65d0afd5e42418df207b044e3357a",2026020070,6,"BOS","2026-10-10","2026-10-10T18:03:39.882Z","2026-10-10T17:00:00Z","2026-10-10","https://www.nhl.com/news/nhl-lineup-projections-2026-27-season","not_pregame",FALSE,"Connor Clifton","skater",6,2,NA,8477365,"exact_normalized","D",NA,NA,NA
"2026-10-10_180157_38074132924_1_17a65d0afd5e42418df207b044e3357a",2026020070,6,"BOS","2026-10-10","2026-10-10T18:03:39.882Z","2026-10-10T17:00:00Z","2026-10-10","https://www.nhl.com/news/nhl-lineup-projections-2026-27-season","not_pregame",FALSE,"Frederic Brunet","skater",7,1,NA,8483017,"exact_normalized","D",NA,NA,NA
"2026-10-10_180157_38074132924_1_17a65d0afd5e42418df207b044e3357a",2026020070,6,"BOS","2026-10-10","2026-10-10T18:03:39.882Z","2026-10-10T17:00:00Z","2026-10-10","https://www.nhl.com/news/nhl-lineup-projections-2026-27-season","not_pregame",FALSE,"Mason Lohrei","skater",7,2,NA,8482511,"exact_normalized","D",NA,NA,NA
"2026-10-10_180157_38074132924_1_17a65d0afd5e42418df207b044e3357a",2026020070,6,"BOS","2026-10-10","2026-10-10T18:03:39.882Z","2026-10-10T17:00:00Z","2026-10-10","https://www.nhl.com/news/nhl-lineup-projections-2026-27-season","not_pregame",FALSE,"Jeremy Swayman","starter",NA,NA,NA,8480280,"exact_normalized","G",NA,NA,NA
"2026-10-10_180157_38074132924_1_17a65d0afd5e42418df207b044e3357a",2026020070,6,"BOS","2026-10-10","2026-10-10T18:03:39.882Z","2026-10-10T17:00:00Z","2026-10-10","https://www.nhl.com/news/nhl-lineup-projections-2026-27-season","not_pregame",FALSE,"Michael DiPietro","backup",NA,NA,NA,8480022,"exact_normalized","G",NA,NA,NA
"2026-10-10_180157_38074132924_1_17a65d0afd5e42418df207b044e3357a",2026020070,6,"BOS","2026-10-10","2026-10-10T18:03:39.882Z","2026-10-10T17:00:00Z","2026-10-10","https://www.nhl.com/news/nhl-lineup-projections-2026-27-season","not_pregame",FALSE,"Jonathan Aspirot","scratched",NA,NA,NA,8481219,"exact_normalized","D",NA,NA,NA
"2026-10-10_180157_38074132924_1_17a65d0afd5e42418df207b044e3357a",2026020070,6,"BOS","2026-10-10","2026-10-10T18:03:39.882Z","2026-10-10T17:00:00Z","2026-10-10","https://www.nhl.com/news/nhl-lineup-projections-2026-27-season","not_pregame",FALSE,"Sean Kuraly","scratched",NA,NA,NA,8476374,"exact_normalized","F",NA,NA,NA
"2026-10-10_180157_38074132924_1_17a65d0afd5e42418df207b044e3357a",2026020071,23,"VAN","2026-10-10","2026-10-10T18:03:39.882Z","2026-10-10T19:30:00Z","2026-10-10","https://www.nhl.com/news/nhl-lineup-projections-2026-27-season","participant_unresolved",FALSE,"Jake DeBrusk","skater",1,1,NA,8478498,"exact_normalized","F",NA,NA,NA
"2026-10-10_180157_38074132924_1_17a65d0afd5e42418df207b044e3357a",2026020071,23,"VAN","2026-10-10","2026-10-10T18:03:39.882Z","2026-10-10T19:30:00Z","2026-10-10","https://www.nhl.com/news/nhl-lineup-projections-2026-27-season","participant_unresolved",FALSE,"Elias Pettersson","skater",1,2,NA,NA,"ambiguous",NA,NA,NA,"ambiguous"
"2026-10-10_180157_38074132924_1_17a65d0afd5e42418df207b044e3357a",2026020071,23,"VAN","2026-10-10","2026-10-10T18:03:39.882Z","2026-10-10T19:30:00Z","2026-10-10","https://www.nhl.com/news/nhl-lineup-projections-2026-27-season","participant_unresolved",FALSE,"Jonathan Lekkerimaki","skater",1,3,NA,8483476,"exact_normalized","F",NA,NA,NA
"2026-10-10_180157_38074132924_1_17a65d0afd5e42418df207b044e3357a",2026020071,23,"VAN","2026-10-10","2026-10-10T18:03:39.882Z","2026-10-10T19:30:00Z","2026-10-10","https://www.nhl.com/news/nhl-lineup-projections-2026-27-season","participant_unresolved",FALSE,"Paul Cotter","skater",2,1,NA,8481032,"exact_normalized","F",NA,NA,NA
"2026-10-10_180157_38074132924_1_17a65d0afd5e42418df207b044e3357a",2026020071,23,"VAN","2026-10-10","2026-10-10T18:03:39.882Z","2026-10-10T19:30:00Z","2026-10-10","https://www.nhl.com/news/nhl-lineup-projections-2026-27-season","participant_unresolved",FALSE,"Marco Rossi","skater",2,2,NA,8482079,"exact_normalized","F",NA,NA,NA
"2026-10-10_180157_38074132924_1_17a65d0afd5e42418df207b044e3357a",2026020071,23,"VAN","2026-10-10","2026-10-10T18:03:39.882Z","2026-10-10T19:30:00Z","2026-10-10","https://www.nhl.com/news/nhl-lineup-projections-2026-27-season","participant_unresolved",FALSE,"Brock Boeser","skater",2,3,NA,8478444,"exact_normalized","F",NA,NA,NA
"2026-10-10_180157_38074132924_1_17a65d0afd5e42418df207b044e3357a",2026020071,23,"VAN","2026-10-10","2026-10-10T18:03:39.882Z","2026-10-10T19:30:00Z","2026-10-10","https://www.nhl.com/news/nhl-lineup-projections-2026-27-season","participant_unresolved",FALSE,"Liam Ohgren","skater",3,1,NA,8483499,"exact_normalized","F",NA,NA,NA
"2026-10-10_180157_38074132924_1_17a65d0afd5e42418df207b044e3357a",2026020071,23,"VAN","2026-10-10","2026-10-10T18:03:39.882Z","2026-10-10T19:30:00Z","2026-10-10","https://www.nhl.com/news/nhl-lineup-projections-2026-27-season","participant_unresolved",FALSE,"Max Sasson","skater",3,2,NA,8484136,"exact_normalized","F",NA,NA,NA
"2026-10-10_180157_38074132924_1_17a65d0afd5e42418df207b044e3357a",2026020071,23,"VAN","2026-10-10","2026-10-10T18:03:39.882Z","2026-10-10T19:30:00Z","2026-10-10","https://www.nhl.com/news/nhl-lineup-projections-2026-27-season","participant_unresolved",FALSE,"Linus Karlsson","skater",3,3,NA,8481024,"exact_normalized","F",NA,NA,NA
"2026-10-10_180157_38074132924_1_17a65d0afd5e42418df207b044e3357a",2026020071,23,"VAN","2026-10-10","2026-10-10T18:03:39.882Z","2026-10-10T19:30:00Z","2026-10-10","https://www.nhl.com/news/nhl-lineup-projections-2026-27-season","participant_unresolved",FALSE,"Arshdeep Bains","skater",4,1,NA,8483395,"exact_normalized","F",NA,NA,NA
"2026-10-10_180157_38074132924_1_17a65d0afd5e42418df207b044e3357a",2026020071,23,"VAN","2026-10-10","2026-10-10T18:03:39.882Z","2026-10-10T19:30:00Z","2026-10-10","https://www.nhl.com/news/nhl-lineup-projections-2026-27-season","participant_unresolved",FALSE,"Drew O'Connor","skater",4,2,NA,8482055,"exact_normalized","F",NA,NA,NA
"2026-10-10_180157_38074132924_1_17a65d0afd5e42418df207b044e3357a",2026020071,23,"VAN","2026-10-10","2026-10-10T18:03:39.882Z","2026-10-10T19:30:00Z","2026-10-10","https://www.nhl.com/news/nhl-lineup-projections-2026-27-season","participant_unresolved",FALSE,"Aatu Raty","skater",4,3,NA,8482691,"exact_normalized","F",NA,NA,NA
"2026-10-10_180157_38074132924_1_17a65d0afd5e42418df207b044e3357a",2026020071,23,"VAN","2026-10-10","2026-10-10T18:03:39.882Z","2026-10-10T19:30:00Z","2026-10-10","https://www.nhl.com/news/nhl-lineup-projections-2026-27-season","participant_unresolved",FALSE,"Zeev Buium","skater",5,1,NA,8484798,"exact_normalized","D",NA,NA,NA
"2026-10-10_180157_38074132924_1_17a65d0afd5e42418df207b044e3357a",2026020071,23,"VAN","2026-10-10","2026-10-10T18:03:39.882Z","2026-10-10T19:30:00Z","2026-10-10","https://www.nhl.com/news/nhl-lineup-projections-2026-27-season","participant_unresolved",FALSE,"Filip Hronek","skater",5,2,NA,8479425,"exact_normalized","D",NA,NA,NA
"2026-10-10_180157_38074132924_1_17a65d0afd5e42418df207b044e3357a",2026020071,23,"VAN","2026-10-10","2026-10-10T18:03:39.882Z","2026-10-10T19:30:00Z","2026-10-10","https://www.nhl.com/news/nhl-lineup-projections-2026-27-season","participant_unresolved",FALSE,"Jamie Oleksiak","skater",6,1,NA,8476467,"exact_normalized","D",NA,NA,NA
"2026-10-10_180157_38074132924_1_17a65d0afd5e42418df207b044e3357a",2026020071,23,"VAN","2026-10-10","2026-10-10T18:03:39.882Z","2026-10-10T19:30:00Z","2026-10-10","https://www.nhl.com/news/nhl-lineup-projections-2026-27-season","participant_unresolved",FALSE,"Tom Willander","skater",6,2,NA,8484240,"exact_normalized","D",NA,NA,NA
"2026-10-10_180157_38074132924_1_17a65d0afd5e42418df207b044e3357a",2026020071,23,"VAN","2026-10-10","2026-10-10T18:03:39.882Z","2026-10-10T19:30:00Z","2026-10-10","https://www.nhl.com/news/nhl-lineup-projections-2026-27-season","participant_unresolved",FALSE,"Elias Pettersson","skater",7,1,NA,NA,"ambiguous",NA,NA,NA,"ambiguous"
"2026-10-10_180157_38074132924_1_17a65d0afd5e42418df207b044e3357a",2026020071,23,"VAN","2026-10-10","2026-10-10T18:03:39.882Z","2026-10-10T19:30:00Z","2026-10-10","https://www.nhl.com/news/nhl-lineup-projections-2026-27-season","participant_unresolved",FALSE,"Victor Mancini","skater",7,2,NA,8483768,"exact_normalized","D",NA,NA,NA
"2026-10-10_180157_38074132924_1_17a65d0afd5e42418df207b044e3357a",2026020071,23,"VAN","2026-10-10","2026-10-10T18:03:39.882Z","2026-10-10T19:30:00Z","2026-10-10","https://www.nhl.com/news/nhl-lineup-projections-2026-27-season","participant_unresolved",FALSE,"Leevi Merilainen","starter",NA,NA,NA,8482447,"exact_normalized","G",NA,NA,NA
"2026-10-10_180157_38074132924_1_17a65d0afd5e42418df207b044e3357a",2026020071,23,"VAN","2026-10-10","2026-10-10T18:03:39.882Z","2026-10-10T19:30:00Z","2026-10-10","https://www.nhl.com/news/nhl-lineup-projections-2026-27-season","participant_unresolved",FALSE,"Kevin Lankinen","backup",NA,NA,NA,8480947,"exact_normalized","G",NA,NA,NA
"2026-10-10_180157_38074132924_1_17a65d0afd5e42418df207b044e3357a",2026020071,23,"VAN","2026-10-10","2026-10-10T18:03:39.882Z","2026-10-10T19:30:00Z","2026-10-10","https://www.nhl.com/news/nhl-lineup-projections-2026-27-season","participant_unresolved",FALSE,"Brendan Gallagher","scratched",NA,NA,NA,8475848,"exact_normalized","F",NA,NA,NA
"2026-10-10_180157_38074132924_1_17a65d0afd5e42418df207b044e3357a",2026020071,23,"VAN","2026-10-10","2026-10-10T18:03:39.882Z","2026-10-10T19:30:00Z","2026-10-10","https://www.nhl.com/news/nhl-lineup-projections-2026-27-season","participant_unresolved",FALSE,"Guillaume Brisebois","scratched",NA,NA,NA,8478465,"exact_normalized","D",NA,NA,NA
"2026-10-10_180157_38074132924_1_17a65d0afd5e42418df207b044e3357a",2026020071,23,"VAN","2026-10-10","2026-10-10T18:03:39.882Z","2026-10-10T19:30:00Z","2026-10-10","https://www.nhl.com/news/nhl-lineup-projections-2026-27-season","participant_unresolved",FALSE,"Thatcher Demko","injured",NA,NA,"hip",8477967,"exact_normalized","G",NA,NA,NA
"2026-10-10_180157_38074132924_1_17a65d0afd5e42418df207b044e3357a",2026020071,23,"VAN","2026-10-10","2026-10-10T18:03:39.882Z","2026-10-10T19:30:00Z","2026-10-10","https://www.nhl.com/news/nhl-lineup-projections-2026-27-season","participant_unresolved",FALSE,"Filip Chytil","injured",NA,NA,"shoulder",8480078,"exact_normalized","F",NA,NA,NA
"2026-10-10_180157_38074132924_1_17a65d0afd5e42418df207b044e3357a",2026020071,1,"NJD","2026-10-10","2026-10-10T18:03:39.882Z","2026-10-10T19:30:00Z","2026-10-10","https://www.nhl.com/news/nhl-lineup-projections-2026-27-season","matched",TRUE,"Timo Meier","skater",1,1,NA,8478414,"exact_normalized","F",1,NA,NA
"2026-10-10_180157_38074132924_1_17a65d0afd5e42418df207b044e3357a",2026020071,1,"NJD","2026-10-10","2026-10-10T18:03:39.882Z","2026-10-10T19:30:00Z","2026-10-10","https://www.nhl.com/news/nhl-lineup-projections-2026-27-season","matched",TRUE,"Nico Hischier","skater",1,2,NA,8480002,"exact_normalized","F",1,NA,NA
"2026-10-10_180157_38074132924_1_17a65d0afd5e42418df207b044e3357a",2026020071,1,"NJD","2026-10-10","2026-10-10T18:03:39.882Z","2026-10-10T19:30:00Z","2026-10-10","https://www.nhl.com/news/nhl-lineup-projections-2026-27-season","matched",TRUE,"Luke Evangelista","skater",1,3,NA,8482146,"exact_normalized","F",1,NA,NA
"2026-10-10_180157_38074132924_1_17a65d0afd5e42418df207b044e3357a",2026020071,1,"NJD","2026-10-10","2026-10-10T18:03:39.882Z","2026-10-10T19:30:00Z","2026-10-10","https://www.nhl.com/news/nhl-lineup-projections-2026-27-season","matched",TRUE,"Jesper Bratt","skater",2,1,NA,8479407,"exact_normalized","F",2,NA,NA
"2026-10-10_180157_38074132924_1_17a65d0afd5e42418df207b044e3357a",2026020071,1,"NJD","2026-10-10","2026-10-10T18:03:39.882Z","2026-10-10T19:30:00Z","2026-10-10","https://www.nhl.com/news/nhl-lineup-projections-2026-27-season","matched",TRUE,"Jack Hughes","skater",2,2,NA,8481559,"exact_normalized","F",2,NA,NA
"2026-10-10_180157_38074132924_1_17a65d0afd5e42418df207b044e3357a",2026020071,1,"NJD","2026-10-10","2026-10-10T18:03:39.882Z","2026-10-10T19:30:00Z","2026-10-10","https://www.nhl.com/news/nhl-lineup-projections-2026-27-season","matched",TRUE,"Anthony Mantha","skater",2,3,NA,8477511,"exact_normalized","F",2,NA,NA
"2026-10-10_180157_38074132924_1_17a65d0afd5e42418df207b044e3357a",2026020071,1,"NJD","2026-10-10","2026-10-10T18:03:39.882Z","2026-10-10T19:30:00Z","2026-10-10","https://www.nhl.com/news/nhl-lineup-projections-2026-27-season","matched",TRUE,"Arseny Gritsyuk","skater",3,1,NA,8481721,"exact_normalized","F",3,NA,NA
"2026-10-10_180157_38074132924_1_17a65d0afd5e42418df207b044e3357a",2026020071,1,"NJD","2026-10-10","2026-10-10T18:03:39.882Z","2026-10-10T19:30:00Z","2026-10-10","https://www.nhl.com/news/nhl-lineup-projections-2026-27-season","matched",TRUE,"Evan Rodrigues","skater",3,2,NA,8478542,"exact_normalized","F",3,NA,NA
"2026-10-10_180157_38074132924_1_17a65d0afd5e42418df207b044e3357a",2026020071,1,"NJD","2026-10-10","2026-10-10T18:03:39.882Z","2026-10-10T19:30:00Z","2026-10-10","https://www.nhl.com/news/nhl-lineup-projections-2026-27-season","matched",TRUE,"Dawson Mercer","skater",3,3,NA,8482110,"exact_normalized","F",3,NA,NA
"2026-10-10_180157_38074132924_1_17a65d0afd5e42418df207b044e3357a",2026020071,1,"NJD","2026-10-10","2026-10-10T18:03:39.882Z","2026-10-10T19:30:00Z","2026-10-10","https://www.nhl.com/news/nhl-lineup-projections-2026-27-season","matched",TRUE,"Amadeus Lombardi","skater",4,1,NA,8483695,"exact_normalized","F",4,NA,NA
"2026-10-10_180157_38074132924_1_17a65d0afd5e42418df207b044e3357a",2026020071,1,"NJD","2026-10-10","2026-10-10T18:03:39.882Z","2026-10-10T19:30:00Z","2026-10-10","https://www.nhl.com/news/nhl-lineup-projections-2026-27-season","matched",TRUE,"Cody Glass","skater",4,2,NA,8479996,"exact_normalized","F",4,NA,NA
"2026-10-10_180157_38074132924_1_17a65d0afd5e42418df207b044e3357a",2026020071,1,"NJD","2026-10-10","2026-10-10T18:03:39.882Z","2026-10-10T19:30:00Z","2026-10-10","https://www.nhl.com/news/nhl-lineup-projections-2026-27-season","matched",TRUE,"Jesper Boqvist","skater",4,3,NA,8480003,"exact_normalized","F",4,NA,NA
"2026-10-10_180157_38074132924_1_17a65d0afd5e42418df207b044e3357a",2026020071,1,"NJD","2026-10-10","2026-10-10T18:03:39.882Z","2026-10-10T19:30:00Z","2026-10-10","https://www.nhl.com/news/nhl-lineup-projections-2026-27-season","matched",TRUE,"Luke Hughes","skater",5,1,NA,8482684,"exact_normalized","D",NA,1,NA
"2026-10-10_180157_38074132924_1_17a65d0afd5e42418df207b044e3357a",2026020071,1,"NJD","2026-10-10","2026-10-10T18:03:39.882Z","2026-10-10T19:30:00Z","2026-10-10","https://www.nhl.com/news/nhl-lineup-projections-2026-27-season","matched",TRUE,"Brett Pesce","skater",5,2,NA,8477488,"exact_normalized","D",NA,1,NA
"2026-10-10_180157_38074132924_1_17a65d0afd5e42418df207b044e3357a",2026020071,1,"NJD","2026-10-10","2026-10-10T18:03:39.882Z","2026-10-10T19:30:00Z","2026-10-10","https://www.nhl.com/news/nhl-lineup-projections-2026-27-season","matched",TRUE,"Jonas Siegenthaler","skater",6,1,NA,8478399,"exact_normalized","D",NA,2,NA
"2026-10-10_180157_38074132924_1_17a65d0afd5e42418df207b044e3357a",2026020071,1,"NJD","2026-10-10","2026-10-10T18:03:39.882Z","2026-10-10T19:30:00Z","2026-10-10","https://www.nhl.com/news/nhl-lineup-projections-2026-27-season","matched",TRUE,"Dougie Hamilton","skater",6,2,NA,8476462,"exact_normalized","D",NA,2,NA
"2026-10-10_180157_38074132924_1_17a65d0afd5e42418df207b044e3357a",2026020071,1,"NJD","2026-10-10","2026-10-10T18:03:39.882Z","2026-10-10T19:30:00Z","2026-10-10","https://www.nhl.com/news/nhl-lineup-projections-2026-27-season","matched",TRUE,"Brenden Dillon","skater",7,1,NA,8475455,"exact_normalized","D",NA,3,NA
"2026-10-10_180157_38074132924_1_17a65d0afd5e42418df207b044e3357a",2026020071,1,"NJD","2026-10-10","2026-10-10T18:03:39.882Z","2026-10-10T19:30:00Z","2026-10-10","https://www.nhl.com/news/nhl-lineup-projections-2026-27-season","matched",TRUE,"Declan Chisholm","skater",7,2,NA,8480990,"exact_normalized","D",NA,3,NA
"2026-10-10_180157_38074132924_1_17a65d0afd5e42418df207b044e3357a",2026020071,1,"NJD","2026-10-10","2026-10-10T18:03:39.882Z","2026-10-10T19:30:00Z","2026-10-10","https://www.nhl.com/news/nhl-lineup-projections-2026-27-season","matched",TRUE,"Jake Allen","starter",NA,NA,NA,8474596,"exact_normalized","G",NA,NA,NA
"2026-10-10_180157_38074132924_1_17a65d0afd5e42418df207b044e3357a",2026020071,1,"NJD","2026-10-10","2026-10-10T18:03:39.882Z","2026-10-10T19:30:00Z","2026-10-10","https://www.nhl.com/news/nhl-lineup-projections-2026-27-season","matched",TRUE,"Nico Daws","backup",NA,NA,NA,8482076,"exact_normalized","G",NA,NA,NA
"2026-10-10_180157_38074132924_1_17a65d0afd5e42418df207b044e3357a",2026020071,1,"NJD","2026-10-10","2026-10-10T18:03:39.882Z","2026-10-10T19:30:00Z","2026-10-10","https://www.nhl.com/news/nhl-lineup-projections-2026-27-season","matched",TRUE,"Remi Poirier","scratched",NA,NA,NA,8482465,"exact_normalized","G",NA,NA,NA
"2026-10-10_180157_38074132924_1_17a65d0afd5e42418df207b044e3357a",2026020071,1,"NJD","2026-10-10","2026-10-10T18:03:39.882Z","2026-10-10T19:30:00Z","2026-10-10","https://www.nhl.com/news/nhl-lineup-projections-2026-27-season","matched",TRUE,"Connor Brown","injured",NA,NA,"lower body",8477015,"exact_normalized","F",NA,NA,NA
"2026-10-10_180157_38074132924_1_17a65d0afd5e42418df207b044e3357a",2026020071,1,"NJD","2026-10-10","2026-10-10T18:03:39.882Z","2026-10-10T19:30:00Z","2026-10-10","https://www.nhl.com/news/nhl-lineup-projections-2026-27-season","matched",TRUE,"Johnathan Kovacevic","injured",NA,NA,"upper body",8480192,"exact_normalized","D",NA,NA,NA
"2026-10-10_180157_38074132924_1_17a65d0afd5e42418df207b044e3357a",2026020071,1,"NJD","2026-10-10","2026-10-10T18:03:39.882Z","2026-10-10T19:30:00Z","2026-10-10","https://www.nhl.com/news/nhl-lineup-projections-2026-27-season","matched",TRUE,"Nick Bjugstad","injured",NA,NA,"upper body",NA,"unmatched",NA,NA,NA,"unmatched"
"2026-10-10_180157_38074132924_1_17a65d0afd5e42418df207b044e3357a",2026020072,22,"EDM","2026-10-10","2026-10-10T18:03:39.882Z","2026-10-10T20:00:00Z","2026-10-10","https://www.nhl.com/news/nhl-lineup-projections-2026-27-season","matched",TRUE,"Vasily Podkolzin","skater",1,1,NA,8481617,"exact_normalized","F",1,NA,NA
"2026-10-10_180157_38074132924_1_17a65d0afd5e42418df207b044e3357a",2026020072,22,"EDM","2026-10-10","2026-10-10T18:03:39.882Z","2026-10-10T20:00:00Z","2026-10-10","https://www.nhl.com/news/nhl-lineup-projections-2026-27-season","matched",TRUE,"Connor McDavid","skater",1,2,NA,8478402,"exact_normalized","F",1,NA,NA
"2026-10-10_180157_38074132924_1_17a65d0afd5e42418df207b044e3357a",2026020072,22,"EDM","2026-10-10","2026-10-10T18:03:39.882Z","2026-10-10T20:00:00Z","2026-10-10","https://www.nhl.com/news/nhl-lineup-projections-2026-27-season","matched",TRUE,"Leon Draisaitl","skater",1,3,NA,8477934,"exact_normalized","F",1,NA,NA
"2026-10-10_180157_38074132924_1_17a65d0afd5e42418df207b044e3357a",2026020072,22,"EDM","2026-10-10","2026-10-10T18:03:39.882Z","2026-10-10T20:00:00Z","2026-10-10","https://www.nhl.com/news/nhl-lineup-projections-2026-27-season","matched",TRUE,"Filip Hallander","skater",2,1,NA,8480842,"exact_normalized","F",2,NA,NA
"2026-10-10_180157_38074132924_1_17a65d0afd5e42418df207b044e3357a",2026020072,22,"EDM","2026-10-10","2026-10-10T18:03:39.882Z","2026-10-10T20:00:00Z","2026-10-10","https://www.nhl.com/news/nhl-lineup-projections-2026-27-season","matched",TRUE,"Jason Dickinson","skater",2,2,NA,8477450,"exact_normalized","F",2,NA,NA
"2026-10-10_180157_38074132924_1_17a65d0afd5e42418df207b044e3357a",2026020072,22,"EDM","2026-10-10","2026-10-10T18:03:39.882Z","2026-10-10T20:00:00Z","2026-10-10","https://www.nhl.com/news/nhl-lineup-projections-2026-27-season","matched",TRUE,"Kasperi Kapanen","skater",2,3,NA,8477953,"exact_normalized","F",2,NA,NA
"2026-10-10_180157_38074132924_1_17a65d0afd5e42418df207b044e3357a",2026020072,22,"EDM","2026-10-10","2026-10-10T18:03:39.882Z","2026-10-10T20:00:00Z","2026-10-10","https://www.nhl.com/news/nhl-lineup-projections-2026-27-season","matched",TRUE,"Alex Formenton","skater",3,1,NA,8480029,"exact_normalized","F",3,NA,NA
"2026-10-10_180157_38074132924_1_17a65d0afd5e42418df207b044e3357a",2026020072,22,"EDM","2026-10-10","2026-10-10T18:03:39.882Z","2026-10-10T20:00:00Z","2026-10-10","https://www.nhl.com/news/nhl-lineup-projections-2026-27-season","matched",TRUE,"Owen Michaels","skater",3,2,NA,8486161,"exact_normalized","F",3,NA,NA
"2026-10-10_180157_38074132924_1_17a65d0afd5e42418df207b044e3357a",2026020072,22,"EDM","2026-10-10","2026-10-10T18:03:39.882Z","2026-10-10T20:00:00Z","2026-10-10","https://www.nhl.com/news/nhl-lineup-projections-2026-27-season","matched",TRUE,"Mathieu Joseph","skater",3,3,NA,8478472,"exact_normalized","F",3,NA,NA
"2026-10-10_180157_38074132924_1_17a65d0afd5e42418df207b044e3357a",2026020072,22,"EDM","2026-10-10","2026-10-10T18:03:39.882Z","2026-10-10T20:00:00Z","2026-10-10","https://www.nhl.com/news/nhl-lineup-projections-2026-27-season","matched",TRUE,"Max Jones","skater",4,1,NA,8479368,"exact_normalized","F",4,NA,NA
"2026-10-10_180157_38074132924_1_17a65d0afd5e42418df207b044e3357a",2026020072,22,"EDM","2026-10-10","2026-10-10T18:03:39.882Z","2026-10-10T20:00:00Z","2026-10-10","https://www.nhl.com/news/nhl-lineup-projections-2026-27-season","matched",TRUE,"Josh Samanski","skater",4,2,NA,8484509,"exact_normalized","F",4,NA,NA
"2026-10-10_180157_38074132924_1_17a65d0afd5e42418df207b044e3357a",2026020072,22,"EDM","2026-10-10","2026-10-10T18:03:39.882Z","2026-10-10T20:00:00Z","2026-10-10","https://www.nhl.com/news/nhl-lineup-projections-2026-27-season","matched",TRUE,"Isaac Howard","skater",4,3,NA,8483455,"exact_normalized","F",4,NA,NA
"2026-10-10_180157_38074132924_1_17a65d0afd5e42418df207b044e3357a",2026020072,22,"EDM","2026-10-10","2026-10-10T18:03:39.882Z","2026-10-10T20:00:00Z","2026-10-10","https://www.nhl.com/news/nhl-lineup-projections-2026-27-season","matched",TRUE,"Mattias Ekholm","skater",5,1,NA,8475218,"exact_normalized","D",NA,1,NA
"2026-10-10_180157_38074132924_1_17a65d0afd5e42418df207b044e3357a",2026020072,22,"EDM","2026-10-10","2026-10-10T18:03:39.882Z","2026-10-10T20:00:00Z","2026-10-10","https://www.nhl.com/news/nhl-lineup-projections-2026-27-season","matched",TRUE,"Evan Bouchard","skater",5,2,NA,8480803,"exact_normalized","D",NA,1,NA
"2026-10-10_180157_38074132924_1_17a65d0afd5e42418df207b044e3357a",2026020072,22,"EDM","2026-10-10","2026-10-10T18:03:39.882Z","2026-10-10T20:00:00Z","2026-10-10","https://www.nhl.com/news/nhl-lineup-projections-2026-27-season","matched",TRUE,"Ryan Shea","skater",6,1,NA,8478854,"exact_normalized","D",NA,2,NA
"2026-10-10_180157_38074132924_1_17a65d0afd5e42418df207b044e3357a",2026020072,22,"EDM","2026-10-10","2026-10-10T18:03:39.882Z","2026-10-10T20:00:00Z","2026-10-10","https://www.nhl.com/news/nhl-lineup-projections-2026-27-season","matched",TRUE,"Connor Murphy","skater",6,2,NA,8476473,"exact_normalized","D",NA,2,NA
"2026-10-10_180157_38074132924_1_17a65d0afd5e42418df207b044e3357a",2026020072,22,"EDM","2026-10-10","2026-10-10T18:03:39.882Z","2026-10-10T20:00:00Z","2026-10-10","https://www.nhl.com/news/nhl-lineup-projections-2026-27-season","matched",TRUE,"Jake Walman","skater",7,1,NA,8478013,"exact_normalized","D",NA,3,NA
"2026-10-10_180157_38074132924_1_17a65d0afd5e42418df207b044e3357a",2026020072,22,"EDM","2026-10-10","2026-10-10T18:03:39.882Z","2026-10-10T20:00:00Z","2026-10-10","https://www.nhl.com/news/nhl-lineup-projections-2026-27-season","matched",TRUE,"Ty Emberson","skater",7,2,NA,8480834,"exact_normalized","D",NA,3,NA
"2026-10-10_180157_38074132924_1_17a65d0afd5e42418df207b044e3357a",2026020072,22,"EDM","2026-10-10","2026-10-10T18:03:39.882Z","2026-10-10T20:00:00Z","2026-10-10","https://www.nhl.com/news/nhl-lineup-projections-2026-27-season","matched",TRUE,"Tristan Jarry","starter",NA,NA,NA,8477465,"exact_normalized","G",NA,NA,NA
"2026-10-10_180157_38074132924_1_17a65d0afd5e42418df207b044e3357a",2026020072,22,"EDM","2026-10-10","2026-10-10T18:03:39.882Z","2026-10-10T20:00:00Z","2026-10-10","https://www.nhl.com/news/nhl-lineup-projections-2026-27-season","matched",TRUE,"Devon Levi","backup",NA,NA,NA,8482221,"exact_normalized","G",NA,NA,NA
"2026-10-10_180157_38074132924_1_17a65d0afd5e42418df207b044e3357a",2026020072,22,"EDM","2026-10-10","2026-10-10T18:03:39.882Z","2026-10-10T20:00:00Z","2026-10-10","https://www.nhl.com/news/nhl-lineup-projections-2026-27-season","matched",TRUE,"Shakir Mukhamadullin","scratched",NA,NA,NA,8482166,"exact_normalized","D",NA,NA,NA
"2026-10-10_180157_38074132924_1_17a65d0afd5e42418df207b044e3357a",2026020072,22,"EDM","2026-10-10","2026-10-10T18:03:39.882Z","2026-10-10T20:00:00Z","2026-10-10","https://www.nhl.com/news/nhl-lineup-projections-2026-27-season","matched",TRUE,"Trent Frederic","scratched",NA,NA,NA,8479365,"exact_normalized","F",NA,NA,NA
"2026-10-10_180157_38074132924_1_17a65d0afd5e42418df207b044e3357a",2026020072,22,"EDM","2026-10-10","2026-10-10T18:03:39.882Z","2026-10-10T20:00:00Z","2026-10-10","https://www.nhl.com/news/nhl-lineup-projections-2026-27-season","matched",TRUE,"Frederik Andersen","injured",NA,NA,"undisclosed",8475883,"exact_normalized","G",NA,NA,NA
"2026-10-10_180157_38074132924_1_17a65d0afd5e42418df207b044e3357a",2026020072,22,"EDM","2026-10-10","2026-10-10T18:03:39.882Z","2026-10-10T20:00:00Z","2026-10-10","https://www.nhl.com/news/nhl-lineup-projections-2026-27-season","matched",TRUE,"Zach Hyman","injured",NA,NA,"undisclosed",8475786,"exact_normalized","F",NA,NA,NA
"2026-10-10_180157_38074132924_1_17a65d0afd5e42418df207b044e3357a",2026020072,22,"EDM","2026-10-10","2026-10-10T18:03:39.882Z","2026-10-10T20:00:00Z","2026-10-10","https://www.nhl.com/news/nhl-lineup-projections-2026-27-season","matched",TRUE,"Mattias Janmark","injured",NA,NA,"undisclosed",8477406,"exact_normalized","F",NA,NA,NA
"2026-10-10_180157_38074132924_1_17a65d0afd5e42418df207b044e3357a",2026020072,22,"EDM","2026-10-10","2026-10-10T18:03:39.882Z","2026-10-10T20:00:00Z","2026-10-10","https://www.nhl.com/news/nhl-lineup-projections-2026-27-season","matched",TRUE,"Ryan Nugent-Hopkins","injured",NA,NA,"lower body",8476454,"exact_normalized","F",NA,NA,NA
"2026-10-10_180157_38074132924_1_17a65d0afd5e42418df207b044e3357a",2026020072,22,"EDM","2026-10-10","2026-10-10T18:03:39.882Z","2026-10-10T20:00:00Z","2026-10-10","https://www.nhl.com/news/nhl-lineup-projections-2026-27-season","matched",TRUE,"Alec Regula","injured",NA,NA,"undisclosed",8480831,"exact_normalized","D",NA,NA,NA
"2026-10-10_180157_38074132924_1_17a65d0afd5e42418df207b044e3357a",2026020072,22,"EDM","2026-10-10","2026-10-10T18:03:39.882Z","2026-10-10T20:00:00Z","2026-10-10","https://www.nhl.com/news/nhl-lineup-projections-2026-27-season","matched",TRUE,"Matthew Savoie","injured",NA,NA,"undisclosed",NA,"unmatched",NA,NA,NA,"unmatched"
"2026-10-10_180157_38074132924_1_17a65d0afd5e42418df207b044e3357a",2026020072,22,"EDM","2026-10-10","2026-10-10T18:03:39.882Z","2026-10-10T20:00:00Z","2026-10-10","https://www.nhl.com/news/nhl-lineup-projections-2026-27-season","matched",TRUE,"Colton Dach","injured",NA,NA,"undisclosed",8482703,"exact_normalized","F",NA,NA,NA
"2026-10-10_180157_38074132924_1_17a65d0afd5e42418df207b044e3357a",2026020072,28,"SJS","2026-10-10","2026-10-10T18:03:39.882Z","2026-10-10T20:00:00Z","2026-10-10","https://www.nhl.com/news/nhl-lineup-projections-2026-27-season","participant_unresolved",FALSE,"Mason Marchment","skater",1,1,NA,8478975,"exact_normalized","F",NA,NA,NA
"2026-10-10_180157_38074132924_1_17a65d0afd5e42418df207b044e3357a",2026020072,28,"SJS","2026-10-10","2026-10-10T18:03:39.882Z","2026-10-10T20:00:00Z","2026-10-10","https://www.nhl.com/news/nhl-lineup-projections-2026-27-season","participant_unresolved",FALSE,"Will Smith","skater",1,2,NA,8484227,"exact_normalized","F",NA,NA,NA
"2026-10-10_180157_38074132924_1_17a65d0afd5e42418df207b044e3357a",2026020072,28,"SJS","2026-10-10","2026-10-10T18:03:39.882Z","2026-10-10T20:00:00Z","2026-10-10","https://www.nhl.com/news/nhl-lineup-projections-2026-27-season","participant_unresolved",FALSE,"Igor Chernyshov","skater",1,3,NA,8484994,"exact_normalized","F",NA,NA,NA
"2026-10-10_180157_38074132924_1_17a65d0afd5e42418df207b044e3357a",2026020072,28,"SJS","2026-10-10","2026-10-10T18:03:39.882Z","2026-10-10T20:00:00Z","2026-10-10","https://www.nhl.com/news/nhl-lineup-projections-2026-27-season","participant_unresolved",FALSE,"Ivar Stenberg","skater",2,1,NA,8486103,"exact_normalized","F",NA,NA,NA
"2026-10-10_180157_38074132924_1_17a65d0afd5e42418df207b044e3357a",2026020072,28,"SJS","2026-10-10","2026-10-10T18:03:39.882Z","2026-10-10T20:00:00Z","2026-10-10","https://www.nhl.com/news/nhl-lineup-projections-2026-27-season","participant_unresolved",FALSE,"Alexander Wennberg","skater",2,2,NA,8477505,"exact_normalized","F",NA,NA,NA
"2026-10-10_180157_38074132924_1_17a65d0afd5e42418df207b044e3357a",2026020072,28,"SJS","2026-10-10","2026-10-10T18:03:39.882Z","2026-10-10T20:00:00Z","2026-10-10","https://www.nhl.com/news/nhl-lineup-projections-2026-27-season","participant_unresolved",FALSE,"Kiefer Sherwood","skater",2,3,NA,8480748,"exact_normalized","F",NA,NA,NA
"2026-10-10_180157_38074132924_1_17a65d0afd5e42418df207b044e3357a",2026020072,28,"SJS","2026-10-10","2026-10-10T18:03:39.882Z","2026-10-10T20:00:00Z","2026-10-10","https://www.nhl.com/news/nhl-lineup-projections-2026-27-season","participant_unresolved",FALSE,"Collin Graf","skater",3,1,NA,8484911,"exact_normalized","F",NA,NA,NA
"2026-10-10_180157_38074132924_1_17a65d0afd5e42418df207b044e3357a",2026020072,28,"SJS","2026-10-10","2026-10-10T18:03:39.882Z","2026-10-10T20:00:00Z","2026-10-10","https://www.nhl.com/news/nhl-lineup-projections-2026-27-season","participant_unresolved",FALSE,"Michael Misa","skater",3,2,NA,8485402,"exact_normalized","F",NA,NA,NA
"2026-10-10_180157_38074132924_1_17a65d0afd5e42418df207b044e3357a",2026020072,28,"SJS","2026-10-10","2026-10-10T18:03:39.882Z","2026-10-10T20:00:00Z","2026-10-10","https://www.nhl.com/news/nhl-lineup-projections-2026-27-season","participant_unresolved",FALSE,"Tyler Toffoli","skater",3,3,NA,8475726,"exact_normalized","F",NA,NA,NA
"2026-10-10_180157_38074132924_1_17a65d0afd5e42418df207b044e3357a",2026020072,28,"SJS","2026-10-10","2026-10-10T18:03:39.882Z","2026-10-10T20:00:00Z","2026-10-10","https://www.nhl.com/news/nhl-lineup-projections-2026-27-season","participant_unresolved",FALSE,"Barclay Goodrow","skater",4,1,NA,8476624,"exact_normalized","F",NA,NA,NA
"2026-10-10_180157_38074132924_1_17a65d0afd5e42418df207b044e3357a",2026020072,28,"SJS","2026-10-10","2026-10-10T18:03:39.882Z","2026-10-10T20:00:00Z","2026-10-10","https://www.nhl.com/news/nhl-lineup-projections-2026-27-season","participant_unresolved",FALSE,"Zack Ostapchuk","skater",4,2,NA,8482859,"exact_normalized","F",NA,NA,NA
"2026-10-10_180157_38074132924_1_17a65d0afd5e42418df207b044e3357a",2026020072,28,"SJS","2026-10-10","2026-10-10T18:03:39.882Z","2026-10-10T20:00:00Z","2026-10-10","https://www.nhl.com/news/nhl-lineup-projections-2026-27-season","participant_unresolved",FALSE,"Ty Dellandrea","skater",4,3,NA,8480848,"exact_normalized","F",NA,NA,NA
"2026-10-10_180157_38074132924_1_17a65d0afd5e42418df207b044e3357a",2026020072,28,"SJS","2026-10-10","2026-10-10T18:03:39.882Z","2026-10-10T20:00:00Z","2026-10-10","https://www.nhl.com/news/nhl-lineup-projections-2026-27-season","participant_unresolved",FALSE,"Darnell Nurse","skater",5,1,NA,8477498,"exact_normalized","D",NA,NA,NA
"2026-10-10_180157_38074132924_1_17a65d0afd5e42418df207b044e3357a",2026020072,28,"SJS","2026-10-10","2026-10-10T18:03:39.882Z","2026-10-10T20:00:00Z","2026-10-10","https://www.nhl.com/news/nhl-lineup-projections-2026-27-season","participant_unresolved",FALSE,"Michael Kesselring","skater",5,2,NA,8480891,"exact_normalized","D",NA,NA,NA
"2026-10-10_180157_38074132924_1_17a65d0afd5e42418df207b044e3357a",2026020072,28,"SJS","2026-10-10","2026-10-10T18:03:39.882Z","2026-10-10T20:00:00Z","2026-10-10","https://www.nhl.com/news/nhl-lineup-projections-2026-27-season","participant_unresolved",FALSE,"Sam Dickinson","skater",6,1,NA,8484806,"exact_normalized","D",NA,NA,NA
"2026-10-10_180157_38074132924_1_17a65d0afd5e42418df207b044e3357a",2026020072,28,"SJS","2026-10-10","2026-10-10T18:03:39.882Z","2026-10-10T20:00:00Z","2026-10-10","https://www.nhl.com/news/nhl-lineup-projections-2026-27-season","participant_unresolved",FALSE,"Jacob Trouba","skater",6,2,NA,8476885,"exact_normalized","D",NA,NA,NA
"2026-10-10_180157_38074132924_1_17a65d0afd5e42418df207b044e3357a",2026020072,28,"SJS","2026-10-10","2026-10-10T18:03:39.882Z","2026-10-10T20:00:00Z","2026-10-10","https://www.nhl.com/news/nhl-lineup-projections-2026-27-season","participant_unresolved",FALSE,"Dmitri Orlov","skater",7,1,NA,NA,"unmatched",NA,NA,NA,"unmatched"
"2026-10-10_180157_38074132924_1_17a65d0afd5e42418df207b044e3357a",2026020072,28,"SJS","2026-10-10","2026-10-10T18:03:39.882Z","2026-10-10T20:00:00Z","2026-10-10","https://www.nhl.com/news/nhl-lineup-projections-2026-27-season","participant_unresolved",FALSE,"Luca Cagnoni","skater",7,2,NA,8484152,"exact_normalized","D",NA,NA,NA
"2026-10-10_180157_38074132924_1_17a65d0afd5e42418df207b044e3357a",2026020072,28,"SJS","2026-10-10","2026-10-10T18:03:39.882Z","2026-10-10T20:00:00Z","2026-10-10","https://www.nhl.com/news/nhl-lineup-projections-2026-27-season","participant_unresolved",FALSE,"Yaroslav Askarov","starter",NA,NA,NA,8482137,"exact_normalized","G",NA,NA,NA
"2026-10-10_180157_38074132924_1_17a65d0afd5e42418df207b044e3357a",2026020072,28,"SJS","2026-10-10","2026-10-10T18:03:39.882Z","2026-10-10T20:00:00Z","2026-10-10","https://www.nhl.com/news/nhl-lineup-projections-2026-27-season","participant_unresolved",FALSE,"Alex Nedeljkovic","backup",NA,NA,NA,8477968,"exact_normalized","G",NA,NA,NA
"2026-10-10_180157_38074132924_1_17a65d0afd5e42418df207b044e3357a",2026020072,28,"SJS","2026-10-10","2026-10-10T18:03:39.882Z","2026-10-10T20:00:00Z","2026-10-10","https://www.nhl.com/news/nhl-lineup-projections-2026-27-season","participant_unresolved",FALSE,"Adam Gaudette","scratched",NA,NA,NA,8478874,"exact_normalized","F",NA,NA,NA
"2026-10-10_180157_38074132924_1_17a65d0afd5e42418df207b044e3357a",2026020072,28,"SJS","2026-10-10","2026-10-10T18:03:39.882Z","2026-10-10T20:00:00Z","2026-10-10","https://www.nhl.com/news/nhl-lineup-projections-2026-27-season","participant_unresolved",FALSE,"Nolan Allan","scratched",NA,NA,NA,8482700,"exact_normalized","D",NA,NA,NA
"2026-10-10_180157_38074132924_1_17a65d0afd5e42418df207b044e3357a",2026020072,28,"SJS","2026-10-10","2026-10-10T18:03:39.882Z","2026-10-10T20:00:00Z","2026-10-10","https://www.nhl.com/news/nhl-lineup-projections-2026-27-season","participant_unresolved",FALSE,"Macklin Celebrini","injured",NA,NA,"lower body",8484801,"exact_normalized","F",NA,NA,NA
"2026-10-10_180157_38074132924_1_17a65d0afd5e42418df207b044e3357a",2026020073,30,"MIN","2026-10-10","2026-10-10T18:03:39.882Z","2026-10-10T22:00:00Z","2026-10-10","https://www.nhl.com/news/nhl-lineup-projections-2026-27-season","participant_unresolved",FALSE,"Kirill Kaprizov","skater",1,1,NA,8478864,"exact_normalized","F",NA,NA,NA
"2026-10-10_180157_38074132924_1_17a65d0afd5e42418df207b044e3357a",2026020073,30,"MIN","2026-10-10","2026-10-10T18:03:39.882Z","2026-10-10T22:00:00Z","2026-10-10","https://www.nhl.com/news/nhl-lineup-projections-2026-27-season","participant_unresolved",FALSE,"Joel Eriksson Ek","skater",1,2,NA,8478493,"exact_normalized","F",NA,NA,NA
"2026-10-10_180157_38074132924_1_17a65d0afd5e42418df207b044e3357a",2026020073,30,"MIN","2026-10-10","2026-10-10T18:03:39.882Z","2026-10-10T22:00:00Z","2026-10-10","https://www.nhl.com/news/nhl-lineup-projections-2026-27-season","participant_unresolved",FALSE,"Matt Boldy","skater",1,3,NA,8481557,"exact_normalized","F",NA,NA,NA
"2026-10-10_180157_38074132924_1_17a65d0afd5e42418df207b044e3357a",2026020073,30,"MIN","2026-10-10","2026-10-10T18:03:39.882Z","2026-10-10T22:00:00Z","2026-10-10","https://www.nhl.com/news/nhl-lineup-projections-2026-27-season","participant_unresolved",FALSE,"Blake Coleman","skater",2,1,NA,8476399,"exact_normalized","F",NA,NA,NA
"2026-10-10_180157_38074132924_1_17a65d0afd5e42418df207b044e3357a",2026020073,30,"MIN","2026-10-10","2026-10-10T18:03:39.882Z","2026-10-10T22:00:00Z","2026-10-10","https://www.nhl.com/news/nhl-lineup-projections-2026-27-season","participant_unresolved",FALSE,"Ryan Hartman","skater",2,2,NA,8477451,"exact_normalized","F",NA,NA,NA
"2026-10-10_180157_38074132924_1_17a65d0afd5e42418df207b044e3357a",2026020073,30,"MIN","2026-10-10","2026-10-10T18:03:39.882Z","2026-10-10T22:00:00Z","2026-10-10","https://www.nhl.com/news/nhl-lineup-projections-2026-27-season","participant_unresolved",FALSE,"Maxim Shabanov","skater",2,3,NA,8485702,"exact_normalized","F",NA,NA,NA
"2026-10-10_180157_38074132924_1_17a65d0afd5e42418df207b044e3357a",2026020073,30,"MIN","2026-10-10","2026-10-10T18:03:39.882Z","2026-10-10T22:00:00Z","2026-10-10","https://www.nhl.com/news/nhl-lineup-projections-2026-27-season","participant_unresolved",FALSE,"Yakov Trenin","skater",3,1,NA,8478508,"exact_normalized","F",NA,NA,NA
"2026-10-10_180157_38074132924_1_17a65d0afd5e42418df207b044e3357a",2026020073,30,"MIN","2026-10-10","2026-10-10T18:03:39.882Z","2026-10-10T22:00:00Z","2026-10-10","https://www.nhl.com/news/nhl-lineup-projections-2026-27-season","participant_unresolved",FALSE,"Danila Yurov","skater",3,2,NA,8483525,"exact_normalized","F",NA,NA,NA
"2026-10-10_180157_38074132924_1_17a65d0afd5e42418df207b044e3357a",2026020073,30,"MIN","2026-10-10","2026-10-10T18:03:39.882Z","2026-10-10T22:00:00Z","2026-10-10","https://www.nhl.com/news/nhl-lineup-projections-2026-27-season","participant_unresolved",FALSE,"Bobby Brink","skater",3,3,NA,8481553,"exact_normalized","F",NA,NA,NA
"2026-10-10_180157_38074132924_1_17a65d0afd5e42418df207b044e3357a",2026020073,30,"MIN","2026-10-10","2026-10-10T18:03:39.882Z","2026-10-10T22:00:00Z","2026-10-10","https://www.nhl.com/news/nhl-lineup-projections-2026-27-season","participant_unresolved",FALSE,"Nico Sturm","skater",4,1,NA,8481477,"exact_normalized","F",NA,NA,NA
"2026-10-10_180157_38074132924_1_17a65d0afd5e42418df207b044e3357a",2026020073,30,"MIN","2026-10-10","2026-10-10T18:03:39.882Z","2026-10-10T22:00:00Z","2026-10-10","https://www.nhl.com/news/nhl-lineup-projections-2026-27-season","participant_unresolved",FALSE,"Michael McCarron","skater",4,2,NA,8477446,"exact_normalized","F",NA,NA,NA
"2026-10-10_180157_38074132924_1_17a65d0afd5e42418df207b044e3357a",2026020073,30,"MIN","2026-10-10","2026-10-10T18:03:39.882Z","2026-10-10T22:00:00Z","2026-10-10","https://www.nhl.com/news/nhl-lineup-projections-2026-27-season","participant_unresolved",FALSE,"Rieger Lorentz","skater",4,3,NA,NA,"unmatched",NA,NA,NA,"unmatched"
"2026-10-10_180157_38074132924_1_17a65d0afd5e42418df207b044e3357a",2026020073,30,"MIN","2026-10-10","2026-10-10T18:03:39.882Z","2026-10-10T22:00:00Z","2026-10-10","https://www.nhl.com/news/nhl-lineup-projections-2026-27-season","participant_unresolved",FALSE,"Quinn Hughes","skater",5,1,NA,8480800,"exact_normalized","D",NA,NA,NA
"2026-10-10_180157_38074132924_1_17a65d0afd5e42418df207b044e3357a",2026020073,30,"MIN","2026-10-10","2026-10-10T18:03:39.882Z","2026-10-10T22:00:00Z","2026-10-10","https://www.nhl.com/news/nhl-lineup-projections-2026-27-season","participant_unresolved",FALSE,"Jared Spurgeon","skater",5,2,NA,8474716,"exact_normalized","D",NA,NA,NA
"2026-10-10_180157_38074132924_1_17a65d0afd5e42418df207b044e3357a",2026020073,30,"MIN","2026-10-10","2026-10-10T18:03:39.882Z","2026-10-10T22:00:00Z","2026-10-10","https://www.nhl.com/news/nhl-lineup-projections-2026-27-season","participant_unresolved",FALSE,"Olli Maatta","skater",6,1,NA,8476874,"exact_normalized","D",NA,NA,NA
"2026-10-10_180157_38074132924_1_17a65d0afd5e42418df207b044e3357a",2026020073,30,"MIN","2026-10-10","2026-10-10T18:03:39.882Z","2026-10-10T22:00:00Z","2026-10-10","https://www.nhl.com/news/nhl-lineup-projections-2026-27-season","participant_unresolved",FALSE,"Jonas Brodin","skater",6,2,NA,8476463,"exact_normalized","D",NA,NA,NA
"2026-10-10_180157_38074132924_1_17a65d0afd5e42418df207b044e3357a",2026020073,30,"MIN","2026-10-10","2026-10-10T18:03:39.882Z","2026-10-10T22:00:00Z","2026-10-10","https://www.nhl.com/news/nhl-lineup-projections-2026-27-season","participant_unresolved",FALSE,"Daemon Hunt","skater",7,1,NA,8482094,"exact_normalized","D",NA,NA,NA
"2026-10-10_180157_38074132924_1_17a65d0afd5e42418df207b044e3357a",2026020073,30,"MIN","2026-10-10","2026-10-10T18:03:39.882Z","2026-10-10T22:00:00Z","2026-10-10","https://www.nhl.com/news/nhl-lineup-projections-2026-27-season","participant_unresolved",FALSE,"Zach Bogosian","skater",7,2,NA,8474567,"exact_normalized","D",NA,NA,NA
"2026-10-10_180157_38074132924_1_17a65d0afd5e42418df207b044e3357a",2026020073,30,"MIN","2026-10-10","2026-10-10T18:03:39.882Z","2026-10-10T22:00:00Z","2026-10-10","https://www.nhl.com/news/nhl-lineup-projections-2026-27-season","participant_unresolved",FALSE,"Jesper Wallstedt","starter",NA,NA,NA,8482661,"exact_normalized","G",NA,NA,NA
"2026-10-10_180157_38074132924_1_17a65d0afd5e42418df207b044e3357a",2026020073,30,"MIN","2026-10-10","2026-10-10T18:03:39.882Z","2026-10-10T22:00:00Z","2026-10-10","https://www.nhl.com/news/nhl-lineup-projections-2026-27-season","participant_unresolved",FALSE,"Calvin Pickard","backup",NA,NA,NA,8475717,"exact_normalized","G",NA,NA,NA
"2026-10-10_180157_38074132924_1_17a65d0afd5e42418df207b044e3357a",2026020073,30,"MIN","2026-10-10","2026-10-10T18:03:39.882Z","2026-10-10T22:00:00Z","2026-10-10","https://www.nhl.com/news/nhl-lineup-projections-2026-27-season","participant_unresolved",FALSE,"David Spacek","scratched",NA,NA,NA,8483766,"exact_normalized","D",NA,NA,NA
"2026-10-10_180157_38074132924_1_17a65d0afd5e42418df207b044e3357a",2026020073,30,"MIN","2026-10-10","2026-10-10T18:03:39.882Z","2026-10-10T22:00:00Z","2026-10-10","https://www.nhl.com/news/nhl-lineup-projections-2026-27-season","participant_unresolved",FALSE,"Matt Kiersted","scratched",NA,NA,NA,8482641,"exact_normalized","D",NA,NA,NA
"2026-10-10_180157_38074132924_1_17a65d0afd5e42418df207b044e3357a",2026020073,30,"MIN","2026-10-10","2026-10-10T18:03:39.882Z","2026-10-10T22:00:00Z","2026-10-10","https://www.nhl.com/news/nhl-lineup-projections-2026-27-season","participant_unresolved",FALSE,"Marcus Foligno","injured",NA,NA,"lower body",8475220,"exact_normalized","F",NA,NA,NA
"2026-10-10_180157_38074132924_1_17a65d0afd5e42418df207b044e3357a",2026020073,30,"MIN","2026-10-10","2026-10-10T18:03:39.882Z","2026-10-10T22:00:00Z","2026-10-10","https://www.nhl.com/news/nhl-lineup-projections-2026-27-season","participant_unresolved",FALSE,"Brock Faber","injured",NA,NA,"skull fracture",8482122,"exact_normalized","D",NA,NA,NA
"2026-10-10_180157_38074132924_1_17a65d0afd5e42418df207b044e3357a",2026020073,30,"MIN","2026-10-10","2026-10-10T18:03:39.882Z","2026-10-10T22:00:00Z","2026-10-10","https://www.nhl.com/news/nhl-lineup-projections-2026-27-season","participant_unresolved",FALSE,"Filip Gustavsson","injured",NA,NA,"lower body",8479406,"exact_normalized","G",NA,NA,NA
"2026-10-10_180157_38074132924_1_17a65d0afd5e42418df207b044e3357a",2026020073,30,"MIN","2026-10-10","2026-10-10T18:03:39.882Z","2026-10-10T22:00:00Z","2026-10-10","https://www.nhl.com/news/nhl-lineup-projections-2026-27-season","participant_unresolved",FALSE,"Nick Foligno","injured",NA,NA,"upper body",8473422,"exact_normalized","F",NA,NA,NA
"2026-10-10_180157_38074132924_1_17a65d0afd5e42418df207b044e3357a",2026020073,13,"FLA","2026-10-10","2026-10-10T18:03:39.882Z","2026-10-10T22:00:00Z","2026-10-10","https://www.nhl.com/news/nhl-lineup-projections-2026-27-season","matched",TRUE,"Carter Verhaeghe","skater",1,1,NA,8477409,"exact_normalized","F",1,NA,NA
"2026-10-10_180157_38074132924_1_17a65d0afd5e42418df207b044e3357a",2026020073,13,"FLA","2026-10-10","2026-10-10T18:03:39.882Z","2026-10-10T22:00:00Z","2026-10-10","https://www.nhl.com/news/nhl-lineup-projections-2026-27-season","matched",TRUE,"Sam Bennett","skater",1,2,NA,8477935,"exact_normalized","F",1,NA,NA
"2026-10-10_180157_38074132924_1_17a65d0afd5e42418df207b044e3357a",2026020073,13,"FLA","2026-10-10","2026-10-10T18:03:39.882Z","2026-10-10T22:00:00Z","2026-10-10","https://www.nhl.com/news/nhl-lineup-projections-2026-27-season","matched",TRUE,"Matthew Tkachuk","skater",1,3,NA,8479314,"exact_normalized","F",1,NA,NA
"2026-10-10_180157_38074132924_1_17a65d0afd5e42418df207b044e3357a",2026020073,13,"FLA","2026-10-10","2026-10-10T18:03:39.882Z","2026-10-10T22:00:00Z","2026-10-10","https://www.nhl.com/news/nhl-lineup-projections-2026-27-season","matched",TRUE,"Brady Tkachuk","skater",2,1,NA,8480801,"exact_normalized","F",2,NA,NA
"2026-10-10_180157_38074132924_1_17a65d0afd5e42418df207b044e3357a",2026020073,13,"FLA","2026-10-10","2026-10-10T18:03:39.882Z","2026-10-10T22:00:00Z","2026-10-10","https://www.nhl.com/news/nhl-lineup-projections-2026-27-season","matched",TRUE,"Lars Eller","skater",2,2,NA,8474189,"exact_normalized","F",2,NA,NA
"2026-10-10_180157_38074132924_1_17a65d0afd5e42418df207b044e3357a",2026020073,13,"FLA","2026-10-10","2026-10-10T18:03:39.882Z","2026-10-10T22:00:00Z","2026-10-10","https://www.nhl.com/news/nhl-lineup-projections-2026-27-season","matched",TRUE,"Sam Reinhart","skater",2,3,NA,8477933,"exact_normalized","F",2,NA,NA
"2026-10-10_180157_38074132924_1_17a65d0afd5e42418df207b044e3357a",2026020073,13,"FLA","2026-10-10","2026-10-10T18:03:39.882Z","2026-10-10T22:00:00Z","2026-10-10","https://www.nhl.com/news/nhl-lineup-projections-2026-27-season","matched",TRUE,"Eetu Luostarinen","skater",3,1,NA,8480185,"exact_normalized","F",3,NA,NA
"2026-10-10_180157_38074132924_1_17a65d0afd5e42418df207b044e3357a",2026020073,13,"FLA","2026-10-10","2026-10-10T18:03:39.882Z","2026-10-10T22:00:00Z","2026-10-10","https://www.nhl.com/news/nhl-lineup-projections-2026-27-season","matched",TRUE,"Anton Lundell","skater",3,2,NA,8482113,"exact_normalized","F",3,NA,NA
"2026-10-10_180157_38074132924_1_17a65d0afd5e42418df207b044e3357a",2026020073,13,"FLA","2026-10-10","2026-10-10T18:03:39.882Z","2026-10-10T22:00:00Z","2026-10-10","https://www.nhl.com/news/nhl-lineup-projections-2026-27-season","matched",TRUE,"Sandis Vilmanis","skater",3,3,NA,8483771,"exact_normalized","F",3,NA,NA
"2026-10-10_180157_38074132924_1_17a65d0afd5e42418df207b044e3357a",2026020073,13,"FLA","2026-10-10","2026-10-10T18:03:39.882Z","2026-10-10T22:00:00Z","2026-10-10","https://www.nhl.com/news/nhl-lineup-projections-2026-27-season","matched",TRUE,"Bokondji Imama","skater",4,1,NA,8478147,"exact_normalized","F",4,NA,NA
"2026-10-10_180157_38074132924_1_17a65d0afd5e42418df207b044e3357a",2026020073,13,"FLA","2026-10-10","2026-10-10T18:03:39.882Z","2026-10-10T22:00:00Z","2026-10-10","https://www.nhl.com/news/nhl-lineup-projections-2026-27-season","matched",TRUE,"Sam Lafferty","skater",4,2,NA,8478043,"exact_normalized","F",4,NA,NA
"2026-10-10_180157_38074132924_1_17a65d0afd5e42418df207b044e3357a",2026020073,13,"FLA","2026-10-10","2026-10-10T18:03:39.882Z","2026-10-10T22:00:00Z","2026-10-10","https://www.nhl.com/news/nhl-lineup-projections-2026-27-season","matched",TRUE,"Garnet Hathaway","skater",4,3,NA,8477903,"exact_normalized","F",4,NA,NA
"2026-10-10_180157_38074132924_1_17a65d0afd5e42418df207b044e3357a",2026020073,13,"FLA","2026-10-10","2026-10-10T18:03:39.882Z","2026-10-10T22:00:00Z","2026-10-10","https://www.nhl.com/news/nhl-lineup-projections-2026-27-season","matched",TRUE,"Gustav Forsling","skater",5,1,NA,8478055,"exact_normalized","D",NA,1,NA
"2026-10-10_180157_38074132924_1_17a65d0afd5e42418df207b044e3357a",2026020073,13,"FLA","2026-10-10","2026-10-10T18:03:39.882Z","2026-10-10T22:00:00Z","2026-10-10","https://www.nhl.com/news/nhl-lineup-projections-2026-27-season","matched",TRUE,"Aaron Ekblad","skater",5,2,NA,8477932,"exact_normalized","D",NA,1,NA
"2026-10-10_180157_38074132924_1_17a65d0afd5e42418df207b044e3357a",2026020073,13,"FLA","2026-10-10","2026-10-10T18:03:39.882Z","2026-10-10T22:00:00Z","2026-10-10","https://www.nhl.com/news/nhl-lineup-projections-2026-27-season","matched",TRUE,"Niko Mikkola","skater",6,1,NA,8478859,"exact_normalized","D",NA,2,NA
"2026-10-10_180157_38074132924_1_17a65d0afd5e42418df207b044e3357a",2026020073,13,"FLA","2026-10-10","2026-10-10T18:03:39.882Z","2026-10-10T22:00:00Z","2026-10-10","https://www.nhl.com/news/nhl-lineup-projections-2026-27-season","matched",TRUE,"Seth Jones","skater",6,2,NA,8477495,"exact_normalized","D",NA,2,NA
"2026-10-10_180157_38074132924_1_17a65d0afd5e42418df207b044e3357a",2026020073,13,"FLA","2026-10-10","2026-10-10T18:03:39.882Z","2026-10-10T22:00:00Z","2026-10-10","https://www.nhl.com/news/nhl-lineup-projections-2026-27-season","matched",TRUE,"Dmitry Kulikov","skater",7,1,NA,8475179,"exact_normalized","D",NA,3,NA
"2026-10-10_180157_38074132924_1_17a65d0afd5e42418df207b044e3357a",2026020073,13,"FLA","2026-10-10","2026-10-10T18:03:39.882Z","2026-10-10T22:00:00Z","2026-10-10","https://www.nhl.com/news/nhl-lineup-projections-2026-27-season","matched",TRUE,"Radko Gudas","skater",7,2,NA,8475462,"exact_normalized","D",NA,3,NA
"2026-10-10_180157_38074132924_1_17a65d0afd5e42418df207b044e3357a",2026020073,13,"FLA","2026-10-10","2026-10-10T18:03:39.882Z","2026-10-10T22:00:00Z","2026-10-10","https://www.nhl.com/news/nhl-lineup-projections-2026-27-season","matched",TRUE,"Jacob Markstrom","starter",NA,NA,NA,8474593,"exact_normalized","G",NA,NA,NA
"2026-10-10_180157_38074132924_1_17a65d0afd5e42418df207b044e3357a",2026020073,13,"FLA","2026-10-10","2026-10-10T18:03:39.882Z","2026-10-10T22:00:00Z","2026-10-10","https://www.nhl.com/news/nhl-lineup-projections-2026-27-season","matched",TRUE,"Akira Schmid","backup",NA,NA,NA,8481033,"exact_normalized","G",NA,NA,NA
"2026-10-10_180157_38074132924_1_17a65d0afd5e42418df207b044e3357a",2026020073,13,"FLA","2026-10-10","2026-10-10T18:03:39.882Z","2026-10-10T22:00:00Z","2026-10-10","https://www.nhl.com/news/nhl-lineup-projections-2026-27-season","matched",TRUE,"Uvis Balinskis","scratched",NA,NA,NA,8484304,"exact_normalized","D",NA,NA,NA
"2026-10-10_180157_38074132924_1_17a65d0afd5e42418df207b044e3357a",2026020073,13,"FLA","2026-10-10","2026-10-10T18:03:39.882Z","2026-10-10T22:00:00Z","2026-10-10","https://www.nhl.com/news/nhl-lineup-projections-2026-27-season","matched",TRUE,"Aleksander Barkov","injured",NA,NA,"knee",8477493,"exact_normalized","F",NA,NA,NA
"2026-10-10_180157_38074132924_1_17a65d0afd5e42418df207b044e3357a",2026020073,13,"FLA","2026-10-10","2026-10-10T18:03:39.882Z","2026-10-10T22:00:00Z","2026-10-10","https://www.nhl.com/news/nhl-lineup-projections-2026-27-season","matched",TRUE,"Brad Marchand","injured",NA,NA,"knee",8473419,"exact_normalized","F",NA,NA,NA
"2026-10-10_180157_38074132924_1_17a65d0afd5e42418df207b044e3357a",2026020073,13,"FLA","2026-10-10","2026-10-10T18:03:39.882Z","2026-10-10T22:00:00Z","2026-10-10","https://www.nhl.com/news/nhl-lineup-projections-2026-27-season","matched",TRUE,"Jonah Gadjovich","injured",NA,NA,"neck",8479981,"exact_normalized","F",NA,NA,NA
"2026-10-10_180157_38074132924_1_17a65d0afd5e42418df207b044e3357a",2026020074,68,"UTA","2026-10-10","2026-10-10T18:03:39.882Z","2026-10-10T23:00:00Z","2026-10-10","https://www.nhl.com/news/nhl-lineup-projections-2026-27-season","matched",TRUE,"Lawson Crouse","skater",1,1,NA,8478474,"exact_normalized","F",1,NA,NA
"2026-10-10_180157_38074132924_1_17a65d0afd5e42418df207b044e3357a",2026020074,68,"UTA","2026-10-10","2026-10-10T18:03:39.882Z","2026-10-10T23:00:00Z","2026-10-10","https://www.nhl.com/news/nhl-lineup-projections-2026-27-season","matched",TRUE,"Nick Schmaltz","skater",1,2,NA,8477951,"exact_normalized","F",1,NA,NA
"2026-10-10_180157_38074132924_1_17a65d0afd5e42418df207b044e3357a",2026020074,68,"UTA","2026-10-10","2026-10-10T18:03:39.882Z","2026-10-10T23:00:00Z","2026-10-10","https://www.nhl.com/news/nhl-lineup-projections-2026-27-season","matched",TRUE,"Clayton Keller","skater",1,3,NA,8479343,"exact_normalized","F",1,NA,NA
"2026-10-10_180157_38074132924_1_17a65d0afd5e42418df207b044e3357a",2026020074,68,"UTA","2026-10-10","2026-10-10T18:03:39.882Z","2026-10-10T23:00:00Z","2026-10-10","https://www.nhl.com/news/nhl-lineup-projections-2026-27-season","matched",TRUE,"Vincent Trocheck","skater",2,1,NA,8476389,"exact_normalized","F",2,NA,NA
"2026-10-10_180157_38074132924_1_17a65d0afd5e42418df207b044e3357a",2026020074,68,"UTA","2026-10-10","2026-10-10T18:03:39.882Z","2026-10-10T23:00:00Z","2026-10-10","https://www.nhl.com/news/nhl-lineup-projections-2026-27-season","matched",TRUE,"Logan Cooley","skater",2,2,NA,8483431,"exact_normalized","F",2,NA,NA
"2026-10-10_180157_38074132924_1_17a65d0afd5e42418df207b044e3357a",2026020074,68,"UTA","2026-10-10","2026-10-10T18:03:39.882Z","2026-10-10T23:00:00Z","2026-10-10","https://www.nhl.com/news/nhl-lineup-projections-2026-27-season","matched",TRUE,"Dylan Guenther","skater",2,3,NA,8482699,"exact_normalized","F",2,NA,NA
"2026-10-10_180157_38074132924_1_17a65d0afd5e42418df207b044e3357a",2026020074,68,"UTA","2026-10-10","2026-10-10T18:03:39.882Z","2026-10-10T23:00:00Z","2026-10-10","https://www.nhl.com/news/nhl-lineup-projections-2026-27-season","matched",TRUE,"Anders Lee","skater",3,1,NA,8475314,"exact_normalized","F",3,NA,NA
"2026-10-10_180157_38074132924_1_17a65d0afd5e42418df207b044e3357a",2026020074,68,"UTA","2026-10-10","2026-10-10T18:03:39.882Z","2026-10-10T23:00:00Z","2026-10-10","https://www.nhl.com/news/nhl-lineup-projections-2026-27-season","matched",TRUE,"Barrett Hayton","skater",3,2,NA,8480849,"exact_normalized","F",3,NA,NA
"2026-10-10_180157_38074132924_1_17a65d0afd5e42418df207b044e3357a",2026020074,68,"UTA","2026-10-10","2026-10-10T18:03:39.882Z","2026-10-10T23:00:00Z","2026-10-10","https://www.nhl.com/news/nhl-lineup-projections-2026-27-season","matched",TRUE,"Jack McBain","skater",3,3,NA,8480855,"exact_normalized","F",3,NA,NA
"2026-10-10_180157_38074132924_1_17a65d0afd5e42418df207b044e3357a",2026020074,68,"UTA","2026-10-10","2026-10-10T18:03:39.882Z","2026-10-10T23:00:00Z","2026-10-10","https://www.nhl.com/news/nhl-lineup-projections-2026-27-season","matched",TRUE,"Daniil But","skater",4,1,NA,8484388,"exact_normalized","F",4,NA,NA
"2026-10-10_180157_38074132924_1_17a65d0afd5e42418df207b044e3357a",2026020074,68,"UTA","2026-10-10","2026-10-10T18:03:39.882Z","2026-10-10T23:00:00Z","2026-10-10","https://www.nhl.com/news/nhl-lineup-projections-2026-27-season","matched",TRUE,"Kevin Stenlund","skater",4,2,NA,8478831,"exact_normalized","F",4,NA,NA
"2026-10-10_180157_38074132924_1_17a65d0afd5e42418df207b044e3357a",2026020074,68,"UTA","2026-10-10","2026-10-10T18:03:39.882Z","2026-10-10T23:00:00Z","2026-10-10","https://www.nhl.com/news/nhl-lineup-projections-2026-27-season","matched",TRUE,"Kailer Yamamoto","skater",4,3,NA,8479977,"exact_normalized","F",4,NA,NA
"2026-10-10_180157_38074132924_1_17a65d0afd5e42418df207b044e3357a",2026020074,68,"UTA","2026-10-10","2026-10-10T18:03:39.882Z","2026-10-10T23:00:00Z","2026-10-10","https://www.nhl.com/news/nhl-lineup-projections-2026-27-season","matched",TRUE,"Mikhail Sergachev","skater",5,1,NA,8479410,"exact_normalized","D",NA,1,NA
"2026-10-10_180157_38074132924_1_17a65d0afd5e42418df207b044e3357a",2026020074,68,"UTA","2026-10-10","2026-10-10T18:03:39.882Z","2026-10-10T23:00:00Z","2026-10-10","https://www.nhl.com/news/nhl-lineup-projections-2026-27-season","matched",TRUE,"Mackenzie Weegar","skater",5,2,NA,8477346,"exact_normalized","D",NA,1,NA
"2026-10-10_180157_38074132924_1_17a65d0afd5e42418df207b044e3357a",2026020074,68,"UTA","2026-10-10","2026-10-10T18:03:39.882Z","2026-10-10T23:00:00Z","2026-10-10","https://www.nhl.com/news/nhl-lineup-projections-2026-27-season","matched",TRUE,"Nate Schmidt","skater",6,1,NA,8477220,"exact_normalized","D",NA,2,NA
"2026-10-10_180157_38074132924_1_17a65d0afd5e42418df207b044e3357a",2026020074,68,"UTA","2026-10-10","2026-10-10T18:03:39.882Z","2026-10-10T23:00:00Z","2026-10-10","https://www.nhl.com/news/nhl-lineup-projections-2026-27-season","matched",TRUE,"John Marino","skater",6,2,NA,8478507,"exact_normalized","D",NA,2,NA
"2026-10-10_180157_38074132924_1_17a65d0afd5e42418df207b044e3357a",2026020074,68,"UTA","2026-10-10","2026-10-10T18:03:39.882Z","2026-10-10T23:00:00Z","2026-10-10","https://www.nhl.com/news/nhl-lineup-projections-2026-27-season","matched",TRUE,"Andrew Peeke","skater",7,1,NA,8479369,"exact_normalized","D",NA,3,NA
"2026-10-10_180157_38074132924_1_17a65d0afd5e42418df207b044e3357a",2026020074,68,"UTA","2026-10-10","2026-10-10T18:03:39.882Z","2026-10-10T23:00:00Z","2026-10-10","https://www.nhl.com/news/nhl-lineup-projections-2026-27-season","matched",TRUE,"Dmitri Simashev","skater",7,2,NA,8484386,"exact_normalized","D",NA,3,NA
"2026-10-10_180157_38074132924_1_17a65d0afd5e42418df207b044e3357a",2026020074,68,"UTA","2026-10-10","2026-10-10T18:03:39.882Z","2026-10-10T23:00:00Z","2026-10-10","https://www.nhl.com/news/nhl-lineup-projections-2026-27-season","matched",TRUE,"Karel Vejmelka","starter",NA,NA,NA,8478872,"exact_normalized","G",NA,NA,NA
"2026-10-10_180157_38074132924_1_17a65d0afd5e42418df207b044e3357a",2026020074,68,"UTA","2026-10-10","2026-10-10T18:03:39.882Z","2026-10-10T23:00:00Z","2026-10-10","https://www.nhl.com/news/nhl-lineup-projections-2026-27-season","matched",TRUE,"Sebastian Cossa","backup",NA,NA,NA,8482657,"exact_normalized","G",NA,NA,NA
"2026-10-10_180157_38074132924_1_17a65d0afd5e42418df207b044e3357a",2026020074,68,"UTA","2026-10-10","2026-10-10T18:03:39.882Z","2026-10-10T23:00:00Z","2026-10-10","https://www.nhl.com/news/nhl-lineup-projections-2026-27-season","matched",TRUE,"Nick DeSimone","scratched",NA,NA,NA,8480084,"exact_normalized","D",NA,NA,NA
"2026-10-10_180157_38074132924_1_17a65d0afd5e42418df207b044e3357a",2026020074,68,"UTA","2026-10-10","2026-10-10T18:03:39.882Z","2026-10-10T23:00:00Z","2026-10-10","https://www.nhl.com/news/nhl-lineup-projections-2026-27-season","matched",TRUE,"Liam O’Brien","scratched",NA,NA,NA,8477070,"exact_normalized","F",NA,NA,NA
"2026-10-10_180157_38074132924_1_17a65d0afd5e42418df207b044e3357a",2026020074,68,"UTA","2026-10-10","2026-10-10T18:03:39.882Z","2026-10-10T23:00:00Z","2026-10-10","https://www.nhl.com/news/nhl-lineup-projections-2026-27-season","matched",TRUE,"Michael Carcone","scratched",NA,NA,NA,8479619,"exact_normalized","F",NA,NA,NA
"2026-10-10_180157_38074132924_1_17a65d0afd5e42418df207b044e3357a",2026020074,68,"UTA","2026-10-10","2026-10-10T18:03:39.882Z","2026-10-10T23:00:00Z","2026-10-10","https://www.nhl.com/news/nhl-lineup-projections-2026-27-season","matched",TRUE,"Maveric Lamoureux","injured",NA,NA,"shoulder",8483472,"exact_normalized","D",NA,NA,NA
"2026-10-10_180157_38074132924_1_17a65d0afd5e42418df207b044e3357a",2026020074,7,"BUF","2026-10-10","2026-10-10T18:03:39.882Z","2026-10-10T23:00:00Z","2026-10-10","https://www.nhl.com/news/nhl-lineup-projections-2026-27-season","matched",TRUE,"Josh Norris","skater",1,1,NA,8480064,"exact_normalized","F",1,NA,NA
"2026-10-10_180157_38074132924_1_17a65d0afd5e42418df207b044e3357a",2026020074,7,"BUF","2026-10-10","2026-10-10T18:03:39.882Z","2026-10-10T23:00:00Z","2026-10-10","https://www.nhl.com/news/nhl-lineup-projections-2026-27-season","matched",TRUE,"Tage Thompson","skater",1,2,NA,8479420,"exact_normalized","F",1,NA,NA
"2026-10-10_180157_38074132924_1_17a65d0afd5e42418df207b044e3357a",2026020074,7,"BUF","2026-10-10","2026-10-10T18:03:39.882Z","2026-10-10T23:00:00Z","2026-10-10","https://www.nhl.com/news/nhl-lineup-projections-2026-27-season","matched",TRUE,"Jack Quinn","skater",1,3,NA,8482097,"exact_normalized","F",1,NA,NA
"2026-10-10_180157_38074132924_1_17a65d0afd5e42418df207b044e3357a",2026020074,7,"BUF","2026-10-10","2026-10-10T18:03:39.882Z","2026-10-10T23:00:00Z","2026-10-10","https://www.nhl.com/news/nhl-lineup-projections-2026-27-season","matched",TRUE,"Zach Benson","skater",2,1,NA,8484145,"exact_normalized","F",2,NA,NA
"2026-10-10_180157_38074132924_1_17a65d0afd5e42418df207b044e3357a",2026020074,7,"BUF","2026-10-10","2026-10-10T18:03:39.882Z","2026-10-10T23:00:00Z","2026-10-10","https://www.nhl.com/news/nhl-lineup-projections-2026-27-season","matched",TRUE,"Noah Ostlund","skater",2,2,NA,8483500,"exact_normalized","F",2,NA,NA
"2026-10-10_180157_38074132924_1_17a65d0afd5e42418df207b044e3357a",2026020074,7,"BUF","2026-10-10","2026-10-10T18:03:39.882Z","2026-10-10T23:00:00Z","2026-10-10","https://www.nhl.com/news/nhl-lineup-projections-2026-27-season","matched",TRUE,"Josh Doan","skater",2,3,NA,8482659,"exact_normalized","F",2,NA,NA
"2026-10-10_180157_38074132924_1_17a65d0afd5e42418df207b044e3357a",2026020074,7,"BUF","2026-10-10","2026-10-10T18:03:39.882Z","2026-10-10T23:00:00Z","2026-10-10","https://www.nhl.com/news/nhl-lineup-projections-2026-27-season","matched",TRUE,"Peyton Krebs","skater",3,1,NA,8481522,"exact_normalized","F",3,NA,NA
"2026-10-10_180157_38074132924_1_17a65d0afd5e42418df207b044e3357a",2026020074,7,"BUF","2026-10-10","2026-10-10T18:03:39.882Z","2026-10-10T23:00:00Z","2026-10-10","https://www.nhl.com/news/nhl-lineup-projections-2026-27-season","matched",TRUE,"Ryan McLeod","skater",3,2,NA,8480802,"exact_normalized","F",3,NA,NA
"2026-10-10_180157_38074132924_1_17a65d0afd5e42418df207b044e3357a",2026020074,7,"BUF","2026-10-10","2026-10-10T18:03:39.882Z","2026-10-10T23:00:00Z","2026-10-10","https://www.nhl.com/news/nhl-lineup-projections-2026-27-season","matched",TRUE,"Justin Danforth","skater",3,3,NA,8479941,"exact_normalized","F",3,NA,NA
"2026-10-10_180157_38074132924_1_17a65d0afd5e42418df207b044e3357a",2026020074,7,"BUF","2026-10-10","2026-10-10T18:03:39.882Z","2026-10-10T23:00:00Z","2026-10-10","https://www.nhl.com/news/nhl-lineup-projections-2026-27-season","matched",TRUE,"Tyson Kozak","skater",4,1,NA,8482896,"exact_normalized","F",4,NA,NA
"2026-10-10_180157_38074132924_1_17a65d0afd5e42418df207b044e3357a",2026020074,7,"BUF","2026-10-10","2026-10-10T18:03:39.882Z","2026-10-10T23:00:00Z","2026-10-10","https://www.nhl.com/news/nhl-lineup-projections-2026-27-season","matched",TRUE,"Sam Carrick","skater",4,2,NA,8475842,"exact_normalized","F",4,NA,NA
"2026-10-10_180157_38074132924_1_17a65d0afd5e42418df207b044e3357a",2026020074,7,"BUF","2026-10-10","2026-10-10T18:03:39.882Z","2026-10-10T23:00:00Z","2026-10-10","https://www.nhl.com/news/nhl-lineup-projections-2026-27-season","matched",TRUE,"Beck Malenstyn","skater",4,3,NA,8479359,"exact_normalized","F",4,NA,NA
"2026-10-10_180157_38074132924_1_17a65d0afd5e42418df207b044e3357a",2026020074,7,"BUF","2026-10-10","2026-10-10T18:03:39.882Z","2026-10-10T23:00:00Z","2026-10-10","https://www.nhl.com/news/nhl-lineup-projections-2026-27-season","matched",TRUE,"Mattias Samuelsson","skater",5,1,NA,8480807,"exact_normalized","D",NA,1,NA
"2026-10-10_180157_38074132924_1_17a65d0afd5e42418df207b044e3357a",2026020074,7,"BUF","2026-10-10","2026-10-10T18:03:39.882Z","2026-10-10T23:00:00Z","2026-10-10","https://www.nhl.com/news/nhl-lineup-projections-2026-27-season","matched",TRUE,"Rasmus Dahlin","skater",5,2,NA,8480839,"exact_normalized","D",NA,1,NA
"2026-10-10_180157_38074132924_1_17a65d0afd5e42418df207b044e3357a",2026020074,7,"BUF","2026-10-10","2026-10-10T18:03:39.882Z","2026-10-10T23:00:00Z","2026-10-10","https://www.nhl.com/news/nhl-lineup-projections-2026-27-season","matched",TRUE,"Olen Zellweger","skater",6,1,NA,8482803,"exact_normalized","D",NA,2,NA
"2026-10-10_180157_38074132924_1_17a65d0afd5e42418df207b044e3357a",2026020074,7,"BUF","2026-10-10","2026-10-10T18:03:39.882Z","2026-10-10T23:00:00Z","2026-10-10","https://www.nhl.com/news/nhl-lineup-projections-2026-27-season","matched",TRUE,"Owen Power","skater",6,2,NA,8482671,"exact_normalized","D",NA,2,NA
"2026-10-10_180157_38074132924_1_17a65d0afd5e42418df207b044e3357a",2026020074,7,"BUF","2026-10-10","2026-10-10T18:03:39.882Z","2026-10-10T23:00:00Z","2026-10-10","https://www.nhl.com/news/nhl-lineup-projections-2026-27-season","matched",TRUE,"Zach Metsa","skater",7,1,NA,8484305,"exact_normalized","D",NA,3,NA
"2026-10-10_180157_38074132924_1_17a65d0afd5e42418df207b044e3357a",2026020074,7,"BUF","2026-10-10","2026-10-10T18:03:39.882Z","2026-10-10T23:00:00Z","2026-10-10","https://www.nhl.com/news/nhl-lineup-projections-2026-27-season","matched",TRUE,"Louis Crevier","skater",7,2,NA,8481806,"exact_normalized","D",NA,3,NA
"2026-10-10_180157_38074132924_1_17a65d0afd5e42418df207b044e3357a",2026020074,7,"BUF","2026-10-10","2026-10-10T18:03:39.882Z","2026-10-10T23:00:00Z","2026-10-10","https://www.nhl.com/news/nhl-lineup-projections-2026-27-season","matched",TRUE,"Colten Ellis","starter",NA,NA,NA,8481551,"exact_normalized","G",NA,NA,NA
"2026-10-10_180157_38074132924_1_17a65d0afd5e42418df207b044e3357a",2026020074,7,"BUF","2026-10-10","2026-10-10T18:03:39.882Z","2026-10-10T23:00:00Z","2026-10-10","https://www.nhl.com/news/nhl-lineup-projections-2026-27-season","matched",TRUE,"Ukko-Pekka Luukkonen","backup",NA,NA,NA,8480045,"exact_normalized","G",NA,NA,NA
"2026-10-10_180157_38074132924_1_17a65d0afd5e42418df207b044e3357a",2026020074,7,"BUF","2026-10-10","2026-10-10T18:03:39.882Z","2026-10-10T23:00:00Z","2026-10-10","https://www.nhl.com/news/nhl-lineup-projections-2026-27-season","matched",TRUE,"Jiri Kulich","scratched",NA,NA,NA,8483468,"exact_normalized","F",NA,NA,NA
"2026-10-10_180157_38074132924_1_17a65d0afd5e42418df207b044e3357a",2026020074,7,"BUF","2026-10-10","2026-10-10T18:03:39.882Z","2026-10-10T23:00:00Z","2026-10-10","https://www.nhl.com/news/nhl-lineup-projections-2026-27-season","matched",TRUE,"Konsta Helenius","scratched",NA,NA,NA,8484797,"exact_normalized","F",NA,NA,NA
"2026-10-10_180157_38074132924_1_17a65d0afd5e42418df207b044e3357a",2026020074,7,"BUF","2026-10-10","2026-10-10T18:03:39.882Z","2026-10-10T23:00:00Z","2026-10-10","https://www.nhl.com/news/nhl-lineup-projections-2026-27-season","matched",TRUE,"Matt Grzelcyk","scratched",NA,NA,NA,8476891,"exact_normalized","D",NA,NA,NA
"2026-10-10_180157_38074132924_1_17a65d0afd5e42418df207b044e3357a",2026020074,7,"BUF","2026-10-10","2026-10-10T18:03:39.882Z","2026-10-10T23:00:00Z","2026-10-10","https://www.nhl.com/news/nhl-lineup-projections-2026-27-season","matched",TRUE,"Alex Lyon","injured",NA,NA,"upper body",8479312,"exact_normalized","G",NA,NA,NA
"2026-10-10_180157_38074132924_1_17a65d0afd5e42418df207b044e3357a",2026020074,7,"BUF","2026-10-10","2026-10-10T18:03:39.882Z","2026-10-10T23:00:00Z","2026-10-10","https://www.nhl.com/news/nhl-lineup-projections-2026-27-season","matched",TRUE,"Conor Timmins","injured",NA,NA,"lower body",8479982,"exact_normalized","D",NA,NA,NA
"2026-10-10_180157_38074132924_1_17a65d0afd5e42418df207b044e3357a",2026020074,7,"BUF","2026-10-10","2026-10-10T18:03:39.882Z","2026-10-10T23:00:00Z","2026-10-10","https://www.nhl.com/news/nhl-lineup-projections-2026-27-season","matched",TRUE,"Jason Zucker","injured",NA,NA,"sports hernia",NA,"unmatched",NA,NA,NA,"unmatched"
"2026-10-10_180157_38074132924_1_17a65d0afd5e42418df207b044e3357a",2026020075,17,"DET","2026-10-10","2026-10-10T18:03:39.882Z","2026-10-10T23:00:00Z","2026-10-10","https://www.nhl.com/news/nhl-lineup-projections-2026-27-season","matched",TRUE,"Viktor Arvidsson","skater",1,1,NA,8478042,"exact_normalized","F",1,NA,NA
"2026-10-10_180157_38074132924_1_17a65d0afd5e42418df207b044e3357a",2026020075,17,"DET","2026-10-10","2026-10-10T18:03:39.882Z","2026-10-10T23:00:00Z","2026-10-10","https://www.nhl.com/news/nhl-lineup-projections-2026-27-season","matched",TRUE,"Dylan Larkin","skater",1,2,NA,8477946,"exact_normalized","F",1,NA,NA
"2026-10-10_180157_38074132924_1_17a65d0afd5e42418df207b044e3357a",2026020075,17,"DET","2026-10-10","2026-10-10T18:03:39.882Z","2026-10-10T23:00:00Z","2026-10-10","https://www.nhl.com/news/nhl-lineup-projections-2026-27-season","matched",TRUE,"Lucas Raymond","skater",1,3,NA,8482078,"exact_normalized","F",1,NA,NA
"2026-10-10_180157_38074132924_1_17a65d0afd5e42418df207b044e3357a",2026020075,17,"DET","2026-10-10","2026-10-10T18:03:39.882Z","2026-10-10T23:00:00Z","2026-10-10","https://www.nhl.com/news/nhl-lineup-projections-2026-27-season","matched",TRUE,"Michael Brandsegg-Nygard","skater",2,1,NA,8484794,"exact_normalized","F",2,NA,NA
"2026-10-10_180157_38074132924_1_17a65d0afd5e42418df207b044e3357a",2026020075,17,"DET","2026-10-10","2026-10-10T18:03:39.882Z","2026-10-10T23:00:00Z","2026-10-10","https://www.nhl.com/news/nhl-lineup-projections-2026-27-season","matched",TRUE,"Emmitt Finnie","skater",2,2,NA,8484471,"exact_normalized","F",2,NA,NA
"2026-10-10_180157_38074132924_1_17a65d0afd5e42418df207b044e3357a",2026020075,17,"DET","2026-10-10","2026-10-10T18:03:39.882Z","2026-10-10T23:00:00Z","2026-10-10","https://www.nhl.com/news/nhl-lineup-projections-2026-27-season","matched",TRUE,"Alex DeBrincat","skater",2,3,NA,8479337,"exact_normalized","F",2,NA,NA
"2026-10-10_180157_38074132924_1_17a65d0afd5e42418df207b044e3357a",2026020075,17,"DET","2026-10-10","2026-10-10T18:03:39.882Z","2026-10-10T23:00:00Z","2026-10-10","https://www.nhl.com/news/nhl-lineup-projections-2026-27-season","matched",TRUE,"Michael Rasmussen","skater",3,1,NA,8479992,"exact_normalized","F",3,NA,NA
"2026-10-10_180157_38074132924_1_17a65d0afd5e42418df207b044e3357a",2026020075,17,"DET","2026-10-10","2026-10-10T18:03:39.882Z","2026-10-10T23:00:00Z","2026-10-10","https://www.nhl.com/news/nhl-lineup-projections-2026-27-season","matched",TRUE,"Andrew Copp","skater",3,2,NA,8477429,"exact_normalized","F",3,NA,NA
"2026-10-10_180157_38074132924_1_17a65d0afd5e42418df207b044e3357a",2026020075,17,"DET","2026-10-10","2026-10-10T18:03:39.882Z","2026-10-10T23:00:00Z","2026-10-10","https://www.nhl.com/news/nhl-lineup-projections-2026-27-season","matched",TRUE,"Keegan Kolesar","skater",3,3,NA,8478434,"exact_normalized","F",3,NA,NA
"2026-10-10_180157_38074132924_1_17a65d0afd5e42418df207b044e3357a",2026020075,17,"DET","2026-10-10","2026-10-10T18:03:39.882Z","2026-10-10T23:00:00Z","2026-10-10","https://www.nhl.com/news/nhl-lineup-projections-2026-27-season","matched",TRUE,"Nate Danielson","skater",4,1,NA,8484160,"exact_normalized","F",4,NA,NA
"2026-10-10_180157_38074132924_1_17a65d0afd5e42418df207b044e3357a",2026020075,17,"DET","2026-10-10","2026-10-10T18:03:39.882Z","2026-10-10T23:00:00Z","2026-10-10","https://www.nhl.com/news/nhl-lineup-projections-2026-27-season","matched",TRUE,"Carter Mazur","skater",4,2,NA,8482802,"exact_normalized","F",4,NA,NA
"2026-10-10_180157_38074132924_1_17a65d0afd5e42418df207b044e3357a",2026020075,17,"DET","2026-10-10","2026-10-10T18:03:39.882Z","2026-10-10T23:00:00Z","2026-10-10","https://www.nhl.com/news/nhl-lineup-projections-2026-27-season","matched",TRUE,"Albert Johansson","skater",5,1,NA,8481607,"exact_normalized","D",NA,1,NA
"2026-10-10_180157_38074132924_1_17a65d0afd5e42418df207b044e3357a",2026020075,17,"DET","2026-10-10","2026-10-10T18:03:39.882Z","2026-10-10T23:00:00Z","2026-10-10","https://www.nhl.com/news/nhl-lineup-projections-2026-27-season","matched",TRUE,"Moritz Seider","skater",5,2,NA,8481542,"exact_normalized","D",NA,1,NA
"2026-10-10_180157_38074132924_1_17a65d0afd5e42418df207b044e3357a",2026020075,17,"DET","2026-10-10","2026-10-10T18:03:39.882Z","2026-10-10T23:00:00Z","2026-10-10","https://www.nhl.com/news/nhl-lineup-projections-2026-27-season","matched",TRUE,"Anton Johansson","skater",6,1,NA,8483679,"exact_normalized","D",NA,2,NA
"2026-10-10_180157_38074132924_1_17a65d0afd5e42418df207b044e3357a",2026020075,17,"DET","2026-10-10","2026-10-10T18:03:39.882Z","2026-10-10T23:00:00Z","2026-10-10","https://www.nhl.com/news/nhl-lineup-projections-2026-27-season","matched",TRUE,"Ben Chiarot","skater",6,2,NA,8475279,"exact_normalized","D",NA,2,NA
"2026-10-10_180157_38074132924_1_17a65d0afd5e42418df207b044e3357a",2026020075,17,"DET","2026-10-10","2026-10-10T18:03:39.882Z","2026-10-10T23:00:00Z","2026-10-10","https://www.nhl.com/news/nhl-lineup-projections-2026-27-season","matched",TRUE,"William Wallinder","skater",7,1,NA,8482171,"exact_normalized","D",NA,3,NA
"2026-10-10_180157_38074132924_1_17a65d0afd5e42418df207b044e3357a",2026020075,17,"DET","2026-10-10","2026-10-10T18:03:39.882Z","2026-10-10T23:00:00Z","2026-10-10","https://www.nhl.com/news/nhl-lineup-projections-2026-27-season","matched",TRUE,"Justin Faulk","skater",7,2,NA,8475753,"exact_normalized","D",NA,3,NA
"2026-10-10_180157_38074132924_1_17a65d0afd5e42418df207b044e3357a",2026020075,17,"DET","2026-10-10","2026-10-10T18:03:39.882Z","2026-10-10T23:00:00Z","2026-10-10","https://www.nhl.com/news/nhl-lineup-projections-2026-27-season","matched",TRUE,"Axel Sandin-Pellikka","skater",8,1,NA,8484223,"exact_normalized","D",NA,4,NA
"2026-10-10_180157_38074132924_1_17a65d0afd5e42418df207b044e3357a",2026020075,17,"DET","2026-10-10","2026-10-10T18:03:39.882Z","2026-10-10T23:00:00Z","2026-10-10","https://www.nhl.com/news/nhl-lineup-projections-2026-27-season","matched",TRUE,"Daniil Tarasov","starter",NA,NA,NA,8480193,"exact_normalized","G",NA,NA,NA
"2026-10-10_180157_38074132924_1_17a65d0afd5e42418df207b044e3357a",2026020075,17,"DET","2026-10-10","2026-10-10T18:03:39.882Z","2026-10-10T23:00:00Z","2026-10-10","https://www.nhl.com/news/nhl-lineup-projections-2026-27-season","matched",TRUE,"John Gibson","backup",NA,NA,NA,8476434,"exact_normalized","G",NA,NA,NA
"2026-10-10_180157_38074132924_1_17a65d0afd5e42418df207b044e3357a",2026020075,17,"DET","2026-10-10","2026-10-10T18:03:39.882Z","2026-10-10T23:00:00Z","2026-10-10","https://www.nhl.com/news/nhl-lineup-projections-2026-27-season","matched",TRUE,"Andreas Englund","scratched",NA,NA,NA,8477971,"exact_normalized","D",NA,NA,NA
"2026-10-10_180157_38074132924_1_17a65d0afd5e42418df207b044e3357a",2026020075,17,"DET","2026-10-10","2026-10-10T18:03:39.882Z","2026-10-10T23:00:00Z","2026-10-10","https://www.nhl.com/news/nhl-lineup-projections-2026-27-season","matched",TRUE,"Jacob Bernard-Docker","scratched",NA,NA,NA,8480879,"exact_normalized","D",NA,NA,NA
"2026-10-10_180157_38074132924_1_17a65d0afd5e42418df207b044e3357a",2026020075,17,"DET","2026-10-10","2026-10-10T18:03:39.882Z","2026-10-10T23:00:00Z","2026-10-10","https://www.nhl.com/news/nhl-lineup-projections-2026-27-season","matched",TRUE,"Marco Kasper","injured",NA,NA,"upper body",8483464,"exact_normalized","F",NA,NA,NA
"2026-10-10_180157_38074132924_1_17a65d0afd5e42418df207b044e3357a",2026020075,17,"DET","2026-10-10","2026-10-10T18:03:39.882Z","2026-10-10T23:00:00Z","2026-10-10","https://www.nhl.com/news/nhl-lineup-projections-2026-27-season","matched",TRUE,"J.T. Compher","injured",NA,NA,"undisclosed",8477456,"exact_normalized","F",NA,NA,NA
"2026-10-10_180157_38074132924_1_17a65d0afd5e42418df207b044e3357a",2026020075,17,"DET","2026-10-10","2026-10-10T18:03:39.882Z","2026-10-10T23:00:00Z","2026-10-10","https://www.nhl.com/news/nhl-lineup-projections-2026-27-season","matched",TRUE,"Mason Appleton","injured",NA,NA,"undisclosed",8478891,"exact_normalized","F",NA,NA,NA
"2026-10-10_180157_38074132924_1_17a65d0afd5e42418df207b044e3357a",2026020075,8,"MTL","2026-10-10","2026-10-10T18:03:39.882Z","2026-10-10T23:00:00Z","2026-10-10","https://www.nhl.com/news/nhl-lineup-projections-2026-27-season","matched",TRUE,"Cole Caufield","skater",1,1,NA,8481540,"exact_normalized","F",1,NA,NA
"2026-10-10_180157_38074132924_1_17a65d0afd5e42418df207b044e3357a",2026020075,8,"MTL","2026-10-10","2026-10-10T18:03:39.882Z","2026-10-10T23:00:00Z","2026-10-10","https://www.nhl.com/news/nhl-lineup-projections-2026-27-season","matched",TRUE,"Nick Suzuki","skater",1,2,NA,8480018,"exact_normalized","F",1,NA,NA
"2026-10-10_180157_38074132924_1_17a65d0afd5e42418df207b044e3357a",2026020075,8,"MTL","2026-10-10","2026-10-10T18:03:39.882Z","2026-10-10T23:00:00Z","2026-10-10","https://www.nhl.com/news/nhl-lineup-projections-2026-27-season","matched",TRUE,"Juraj Slafkovsky","skater",1,3,NA,8483515,"exact_normalized","F",1,NA,NA
"2026-10-10_180157_38074132924_1_17a65d0afd5e42418df207b044e3357a",2026020075,8,"MTL","2026-10-10","2026-10-10T18:03:39.882Z","2026-10-10T23:00:00Z","2026-10-10","https://www.nhl.com/news/nhl-lineup-projections-2026-27-season","matched",TRUE,"Chris Kreider","skater",2,1,NA,8475184,"exact_normalized","F",2,NA,NA
"2026-10-10_180157_38074132924_1_17a65d0afd5e42418df207b044e3357a",2026020075,8,"MTL","2026-10-10","2026-10-10T18:03:39.882Z","2026-10-10T23:00:00Z","2026-10-10","https://www.nhl.com/news/nhl-lineup-projections-2026-27-season","matched",TRUE,"Alex Newhook","skater",2,2,NA,8481618,"exact_normalized","F",2,NA,NA
"2026-10-10_180157_38074132924_1_17a65d0afd5e42418df207b044e3357a",2026020075,8,"MTL","2026-10-10","2026-10-10T18:03:39.882Z","2026-10-10T23:00:00Z","2026-10-10","https://www.nhl.com/news/nhl-lineup-projections-2026-27-season","matched",TRUE,"Josh Anderson","skater",2,3,NA,8476981,"exact_normalized","F",2,NA,NA
"2026-10-10_180157_38074132924_1_17a65d0afd5e42418df207b044e3357a",2026020075,8,"MTL","2026-10-10","2026-10-10T18:03:39.882Z","2026-10-10T23:00:00Z","2026-10-10","https://www.nhl.com/news/nhl-lineup-projections-2026-27-season","matched",TRUE,"Zachary Bolduc","skater",3,1,NA,8482737,"exact_normalized","F",3,NA,NA
"2026-10-10_180157_38074132924_1_17a65d0afd5e42418df207b044e3357a",2026020075,8,"MTL","2026-10-10","2026-10-10T18:03:39.882Z","2026-10-10T23:00:00Z","2026-10-10","https://www.nhl.com/news/nhl-lineup-projections-2026-27-season","matched",TRUE,"Phillip Danault","skater",3,2,NA,8476479,"exact_normalized","F",3,NA,NA
"2026-10-10_180157_38074132924_1_17a65d0afd5e42418df207b044e3357a",2026020075,8,"MTL","2026-10-10","2026-10-10T18:03:39.882Z","2026-10-10T23:00:00Z","2026-10-10","https://www.nhl.com/news/nhl-lineup-projections-2026-27-season","matched",TRUE,"Alexandre Texier","skater",3,3,NA,8480074,"exact_normalized","F",3,NA,NA
"2026-10-10_180157_38074132924_1_17a65d0afd5e42418df207b044e3357a",2026020075,8,"MTL","2026-10-10","2026-10-10T18:03:39.882Z","2026-10-10T23:00:00Z","2026-10-10","https://www.nhl.com/news/nhl-lineup-projections-2026-27-season","matched",TRUE,"Jake Evans","skater",4,1,NA,8478133,"exact_normalized","F",4,NA,NA
"2026-10-10_180157_38074132924_1_17a65d0afd5e42418df207b044e3357a",2026020075,8,"MTL","2026-10-10","2026-10-10T18:03:39.882Z","2026-10-10T23:00:00Z","2026-10-10","https://www.nhl.com/news/nhl-lineup-projections-2026-27-season","matched",TRUE,"Kirby Dach","skater",4,2,NA,8481523,"exact_normalized","F",4,NA,NA
"2026-10-10_180157_38074132924_1_17a65d0afd5e42418df207b044e3357a",2026020075,8,"MTL","2026-10-10","2026-10-10T18:03:39.882Z","2026-10-10T23:00:00Z","2026-10-10","https://www.nhl.com/news/nhl-lineup-projections-2026-27-season","matched",TRUE,"Lane Hutson","skater",5,1,NA,8483457,"exact_normalized","D",NA,1,NA
"2026-10-10_180157_38074132924_1_17a65d0afd5e42418df207b044e3357a",2026020075,8,"MTL","2026-10-10","2026-10-10T18:03:39.882Z","2026-10-10T23:00:00Z","2026-10-10","https://www.nhl.com/news/nhl-lineup-projections-2026-27-season","matched",TRUE,"Noah Dobson","skater",5,2,NA,8480865,"exact_normalized","D",NA,1,NA
"2026-10-10_180157_38074132924_1_17a65d0afd5e42418df207b044e3357a",2026020075,8,"MTL","2026-10-10","2026-10-10T18:03:39.882Z","2026-10-10T23:00:00Z","2026-10-10","https://www.nhl.com/news/nhl-lineup-projections-2026-27-season","matched",TRUE,"Mike Matheson","skater",6,1,NA,8476875,"exact_normalized","D",NA,2,NA
"2026-10-10_180157_38074132924_1_17a65d0afd5e42418df207b044e3357a",2026020075,8,"MTL","2026-10-10","2026-10-10T18:03:39.882Z","2026-10-10T23:00:00Z","2026-10-10","https://www.nhl.com/news/nhl-lineup-projections-2026-27-season","matched",TRUE,"Alexandre Carrier","skater",6,2,NA,8478851,"exact_normalized","D",NA,2,NA
"2026-10-10_180157_38074132924_1_17a65d0afd5e42418df207b044e3357a",2026020075,8,"MTL","2026-10-10","2026-10-10T18:03:39.882Z","2026-10-10T23:00:00Z","2026-10-10","https://www.nhl.com/news/nhl-lineup-projections-2026-27-season","matched",TRUE,"Kaiden Guhle","skater",7,1,NA,8482087,"exact_normalized","D",NA,3,NA
"2026-10-10_180157_38074132924_1_17a65d0afd5e42418df207b044e3357a",2026020075,8,"MTL","2026-10-10","2026-10-10T18:03:39.882Z","2026-10-10T23:00:00Z","2026-10-10","https://www.nhl.com/news/nhl-lineup-projections-2026-27-season","matched",TRUE,"Adam Engstrom","skater",7,2,NA,8483686,"exact_normalized","D",NA,3,NA
"2026-10-10_180157_38074132924_1_17a65d0afd5e42418df207b044e3357a",2026020075,8,"MTL","2026-10-10","2026-10-10T18:03:39.882Z","2026-10-10T23:00:00Z","2026-10-10","https://www.nhl.com/news/nhl-lineup-projections-2026-27-season","matched",TRUE,"Arber Xhekaj","skater",8,1,NA,8482964,"exact_normalized","D",NA,4,NA
"2026-10-10_180157_38074132924_1_17a65d0afd5e42418df207b044e3357a",2026020075,8,"MTL","2026-10-10","2026-10-10T18:03:39.882Z","2026-10-10T23:00:00Z","2026-10-10","https://www.nhl.com/news/nhl-lineup-projections-2026-27-season","matched",TRUE,"Jacob Fowler","starter",NA,NA,NA,8484170,"exact_normalized","G",NA,NA,NA
"2026-10-10_180157_38074132924_1_17a65d0afd5e42418df207b044e3357a",2026020075,8,"MTL","2026-10-10","2026-10-10T18:03:39.882Z","2026-10-10T23:00:00Z","2026-10-10","https://www.nhl.com/news/nhl-lineup-projections-2026-27-season","matched",TRUE,"Jakub Dobes","backup",NA,NA,NA,8482487,"exact_normalized","G",NA,NA,NA
"2026-10-10_180157_38074132924_1_17a65d0afd5e42418df207b044e3357a",2026020075,8,"MTL","2026-10-10","2026-10-10T18:03:39.882Z","2026-10-10T23:00:00Z","2026-10-10","https://www.nhl.com/news/nhl-lineup-projections-2026-27-season","matched",TRUE,"Samuel Montembeault","injured",NA,NA,"lower body",8478470,"exact_normalized","G",NA,NA,NA
"2026-10-10_180157_38074132924_1_17a65d0afd5e42418df207b044e3357a",2026020075,8,"MTL","2026-10-10","2026-10-10T18:03:39.882Z","2026-10-10T23:00:00Z","2026-10-10","https://www.nhl.com/news/nhl-lineup-projections-2026-27-season","matched",TRUE,"Ivan Demidov","injured",NA,NA,"lower body",8484984,"exact_normalized","F",NA,NA,NA
"2026-10-10_180157_38074132924_1_17a65d0afd5e42418df207b044e3357a",2026020075,8,"MTL","2026-10-10","2026-10-10T18:03:39.882Z","2026-10-10T23:00:00Z","2026-10-10","https://www.nhl.com/news/nhl-lineup-projections-2026-27-season","matched",TRUE,"Oliver Kapanen","injured",NA,NA,"lower body",8482775,"exact_normalized","F",NA,NA,NA
"2026-10-10_180157_38074132924_1_17a65d0afd5e42418df207b044e3357a",2026020075,8,"MTL","2026-10-10","2026-10-10T18:03:39.882Z","2026-10-10T23:00:00Z","2026-10-10","https://www.nhl.com/news/nhl-lineup-projections-2026-27-season","matched",TRUE,"Florian Xhekaj","injured",NA,NA,"undisclosed",8484403,"exact_normalized","F",NA,NA,NA
"2026-10-10_180157_38074132924_1_17a65d0afd5e42418df207b044e3357a",2026020076,18,"NSH","2026-10-10","2026-10-10T18:03:39.882Z","2026-10-10T23:00:00Z","2026-10-10","https://www.nhl.com/news/nhl-lineup-projections-2026-27-season","matched",TRUE,"Steven Stamkos","skater",1,1,NA,8474564,"exact_normalized","F",1,NA,NA
"2026-10-10_180157_38074132924_1_17a65d0afd5e42418df207b044e3357a",2026020076,18,"NSH","2026-10-10","2026-10-10T18:03:39.882Z","2026-10-10T23:00:00Z","2026-10-10","https://www.nhl.com/news/nhl-lineup-projections-2026-27-season","matched",TRUE,"Ryan O’Reilly","skater",1,2,NA,8475158,"exact_normalized","F",1,NA,NA
"2026-10-10_180157_38074132924_1_17a65d0afd5e42418df207b044e3357a",2026020076,18,"NSH","2026-10-10","2026-10-10T18:03:39.882Z","2026-10-10T23:00:00Z","2026-10-10","https://www.nhl.com/news/nhl-lineup-projections-2026-27-season","matched",TRUE,"Jonathan Marchessault","skater",1,3,NA,8476539,"exact_normalized","F",1,NA,NA
"2026-10-10_180157_38074132924_1_17a65d0afd5e42418df207b044e3357a",2026020076,18,"NSH","2026-10-10","2026-10-10T18:03:39.882Z","2026-10-10T23:00:00Z","2026-10-10","https://www.nhl.com/news/nhl-lineup-projections-2026-27-season","matched",TRUE,"Filip Forsberg","skater",2,1,NA,8476887,"exact_normalized","F",2,NA,NA
"2026-10-10_180157_38074132924_1_17a65d0afd5e42418df207b044e3357a",2026020076,18,"NSH","2026-10-10","2026-10-10T18:03:39.882Z","2026-10-10T23:00:00Z","2026-10-10","https://www.nhl.com/news/nhl-lineup-projections-2026-27-season","matched",TRUE,"Matthew Wood","skater",2,2,NA,8484241,"exact_normalized","F",2,NA,NA
"2026-10-10_180157_38074132924_1_17a65d0afd5e42418df207b044e3357a",2026020076,18,"NSH","2026-10-10","2026-10-10T18:03:39.882Z","2026-10-10T23:00:00Z","2026-10-10","https://www.nhl.com/news/nhl-lineup-projections-2026-27-season","matched",TRUE,"Nils Hoglander","skater",2,3,NA,8481535,"exact_normalized","F",2,NA,NA
"2026-10-10_180157_38074132924_1_17a65d0afd5e42418df207b044e3357a",2026020076,18,"NSH","2026-10-10","2026-10-10T18:03:39.882Z","2026-10-10T23:00:00Z","2026-10-10","https://www.nhl.com/news/nhl-lineup-projections-2026-27-season","matched",TRUE,"Reid Schaefer","skater",3,1,NA,8483513,"exact_normalized","F",3,NA,NA
"2026-10-10_180157_38074132924_1_17a65d0afd5e42418df207b044e3357a",2026020076,18,"NSH","2026-10-10","2026-10-10T18:03:39.882Z","2026-10-10T23:00:00Z","2026-10-10","https://www.nhl.com/news/nhl-lineup-projections-2026-27-season","matched",TRUE,"Vitali Pinchuk","skater",3,2,NA,8486189,"exact_normalized","F",3,NA,NA
"2026-10-10_180157_38074132924_1_17a65d0afd5e42418df207b044e3357a",2026020076,18,"NSH","2026-10-10","2026-10-10T18:03:39.882Z","2026-10-10T23:00:00Z","2026-10-10","https://www.nhl.com/news/nhl-lineup-projections-2026-27-season","matched",TRUE,"Alexander Kerfoot","skater",3,3,NA,8477021,"exact_normalized","F",3,NA,NA
"2026-10-10_180157_38074132924_1_17a65d0afd5e42418df207b044e3357a",2026020076,18,"NSH","2026-10-10","2026-10-10T18:03:39.882Z","2026-10-10T23:00:00Z","2026-10-10","https://www.nhl.com/news/nhl-lineup-projections-2026-27-season","matched",TRUE,"Ross Colton","skater",4,1,NA,8479525,"exact_normalized","F",4,NA,NA
"2026-10-10_180157_38074132924_1_17a65d0afd5e42418df207b044e3357a",2026020076,18,"NSH","2026-10-10","2026-10-10T18:03:39.882Z","2026-10-10T23:00:00Z","2026-10-10","https://www.nhl.com/news/nhl-lineup-projections-2026-27-season","matched",TRUE,"Jack Drury","skater",4,2,NA,8480835,"exact_normalized","F",4,NA,NA
"2026-10-10_180157_38074132924_1_17a65d0afd5e42418df207b044e3357a",2026020076,18,"NSH","2026-10-10","2026-10-10T18:03:39.882Z","2026-10-10T23:00:00Z","2026-10-10","https://www.nhl.com/news/nhl-lineup-projections-2026-27-season","matched",TRUE,"Adam Edstrom","skater",4,3,NA,8481726,"exact_normalized","F",4,NA,NA
"2026-10-10_180157_38074132924_1_17a65d0afd5e42418df207b044e3357a",2026020076,18,"NSH","2026-10-10","2026-10-10T18:03:39.882Z","2026-10-10T23:00:00Z","2026-10-10","https://www.nhl.com/news/nhl-lineup-projections-2026-27-season","matched",TRUE,"Nicolas Hague","skater",5,1,NA,8479980,"exact_normalized","D",NA,1,NA
"2026-10-10_180157_38074132924_1_17a65d0afd5e42418df207b044e3357a",2026020076,18,"NSH","2026-10-10","2026-10-10T18:03:39.882Z","2026-10-10T23:00:00Z","2026-10-10","https://www.nhl.com/news/nhl-lineup-projections-2026-27-season","matched",TRUE,"Roman Josi","skater",5,2,NA,8474600,"exact_normalized","D",NA,1,NA
"2026-10-10_180157_38074132924_1_17a65d0afd5e42418df207b044e3357a",2026020076,18,"NSH","2026-10-10","2026-10-10T18:03:39.882Z","2026-10-10T23:00:00Z","2026-10-10","https://www.nhl.com/news/nhl-lineup-projections-2026-27-season","matched",TRUE,"Brady Skjei","skater",6,1,NA,8476869,"exact_normalized","D",NA,2,NA
"2026-10-10_180157_38074132924_1_17a65d0afd5e42418df207b044e3357a",2026020076,18,"NSH","2026-10-10","2026-10-10T18:03:39.882Z","2026-10-10T23:00:00Z","2026-10-10","https://www.nhl.com/news/nhl-lineup-projections-2026-27-season","matched",TRUE,"Nick Perbix","skater",6,2,NA,8480246,"exact_normalized","D",NA,2,NA
"2026-10-10_180157_38074132924_1_17a65d0afd5e42418df207b044e3357a",2026020076,18,"NSH","2026-10-10","2026-10-10T18:03:39.882Z","2026-10-10T23:00:00Z","2026-10-10","https://www.nhl.com/news/nhl-lineup-projections-2026-27-season","matched",TRUE,"Jayden Struble","skater",7,1,NA,8481593,"exact_normalized","D",NA,3,NA
"2026-10-10_180157_38074132924_1_17a65d0afd5e42418df207b044e3357a",2026020076,18,"NSH","2026-10-10","2026-10-10T18:03:39.882Z","2026-10-10T23:00:00Z","2026-10-10","https://www.nhl.com/news/nhl-lineup-projections-2026-27-season","matched",TRUE,"Adam Wilsby","skater",7,2,NA,8482482,"exact_normalized","D",NA,3,NA
"2026-10-10_180157_38074132924_1_17a65d0afd5e42418df207b044e3357a",2026020076,18,"NSH","2026-10-10","2026-10-10T18:03:39.882Z","2026-10-10T23:00:00Z","2026-10-10","https://www.nhl.com/news/nhl-lineup-projections-2026-27-season","matched",TRUE,"Juuse Saros","starter",NA,NA,NA,8477424,"exact_normalized","G",NA,NA,NA
"2026-10-10_180157_38074132924_1_17a65d0afd5e42418df207b044e3357a",2026020076,18,"NSH","2026-10-10","2026-10-10T18:03:39.882Z","2026-10-10T23:00:00Z","2026-10-10","https://www.nhl.com/news/nhl-lineup-projections-2026-27-season","matched",TRUE,"Matt Murray","backup",NA,NA,NA,8483575,"exact_normalized","G",NA,NA,NA
"2026-10-10_180157_38074132924_1_17a65d0afd5e42418df207b044e3357a",2026020076,18,"NSH","2026-10-10","2026-10-10T18:03:39.882Z","2026-10-10T23:00:00Z","2026-10-10","https://www.nhl.com/news/nhl-lineup-projections-2026-27-season","matched",TRUE,"Ilya Lyubushkin","scratched",NA,NA,NA,8480950,"exact_normalized","D",NA,NA,NA
"2026-10-10_180157_38074132924_1_17a65d0afd5e42418df207b044e3357a",2026020076,18,"NSH","2026-10-10","2026-10-10T18:03:39.882Z","2026-10-10T23:00:00Z","2026-10-10","https://www.nhl.com/news/nhl-lineup-projections-2026-27-season","matched",TRUE,"Jack Ahcan","scratched",NA,NA,NA,8482072,"exact_normalized","D",NA,NA,NA
"2026-10-10_180157_38074132924_1_17a65d0afd5e42418df207b044e3357a",2026020076,18,"NSH","2026-10-10","2026-10-10T18:03:39.882Z","2026-10-10T23:00:00Z","2026-10-10","https://www.nhl.com/news/nhl-lineup-projections-2026-27-season","matched",TRUE,"Justus Annunen","injured",NA,NA,"undisclosed",8481020,"exact_normalized","G",NA,NA,NA
"2026-10-10_180157_38074132924_1_17a65d0afd5e42418df207b044e3357a",2026020076,18,"NSH","2026-10-10","2026-10-10T18:03:39.882Z","2026-10-10T23:00:00Z","2026-10-10","https://www.nhl.com/news/nhl-lineup-projections-2026-27-season","matched",TRUE,"Mavrik Bourque","injured",NA,NA,"upper body",8482145,"exact_normalized","F",NA,NA,NA
"2026-10-10_180157_38074132924_1_17a65d0afd5e42418df207b044e3357a",2026020076,18,"NSH","2026-10-10","2026-10-10T18:03:39.882Z","2026-10-10T23:00:00Z","2026-10-10","https://www.nhl.com/news/nhl-lineup-projections-2026-27-season","matched",TRUE,"William Trudeau","injured",NA,NA,"upper body",8482806,"exact_normalized","D",NA,NA,NA
"2026-10-10_180157_38074132924_1_17a65d0afd5e42418df207b044e3357a",2026020076,9,"OTT","2026-10-10","2026-10-10T18:03:39.882Z","2026-10-10T23:00:00Z","2026-10-10","https://www.nhl.com/news/nhl-lineup-projections-2026-27-season","participant_unresolved",FALSE,"Andre Burakovsky","skater",1,1,NA,8477444,"exact_normalized","F",NA,NA,NA
"2026-10-10_180157_38074132924_1_17a65d0afd5e42418df207b044e3357a",2026020076,9,"OTT","2026-10-10","2026-10-10T18:03:39.882Z","2026-10-10T23:00:00Z","2026-10-10","https://www.nhl.com/news/nhl-lineup-projections-2026-27-season","participant_unresolved",FALSE,"Tim Stutzle","skater",1,2,NA,8482116,"exact_normalized","F",NA,NA,NA
"2026-10-10_180157_38074132924_1_17a65d0afd5e42418df207b044e3357a",2026020076,9,"OTT","2026-10-10","2026-10-10T18:03:39.882Z","2026-10-10T23:00:00Z","2026-10-10","https://www.nhl.com/news/nhl-lineup-projections-2026-27-season","participant_unresolved",FALSE,"Drake Batherson","skater",1,3,NA,8480208,"exact_normalized","F",NA,NA,NA
"2026-10-10_180157_38074132924_1_17a65d0afd5e42418df207b044e3357a",2026020076,9,"OTT","2026-10-10","2026-10-10T18:03:39.882Z","2026-10-10T23:00:00Z","2026-10-10","https://www.nhl.com/news/nhl-lineup-projections-2026-27-season","participant_unresolved",FALSE,"Ridly Greig","skater",2,1,NA,8482092,"exact_normalized","F",NA,NA,NA
"2026-10-10_180157_38074132924_1_17a65d0afd5e42418df207b044e3357a",2026020076,9,"OTT","2026-10-10","2026-10-10T18:03:39.882Z","2026-10-10T23:00:00Z","2026-10-10","https://www.nhl.com/news/nhl-lineup-projections-2026-27-season","participant_unresolved",FALSE,"Dylan Cozens","skater",2,2,NA,8481528,"exact_normalized","F",NA,NA,NA
"2026-10-10_180157_38074132924_1_17a65d0afd5e42418df207b044e3357a",2026020076,9,"OTT","2026-10-10","2026-10-10T18:03:39.882Z","2026-10-10T23:00:00Z","2026-10-10","https://www.nhl.com/news/nhl-lineup-projections-2026-27-season","participant_unresolved",FALSE,"Fabian Zetterlund","skater",2,3,NA,8480188,"exact_normalized","F",NA,NA,NA
"2026-10-10_180157_38074132924_1_17a65d0afd5e42418df207b044e3357a",2026020076,9,"OTT","2026-10-10","2026-10-10T18:03:39.882Z","2026-10-10T23:00:00Z","2026-10-10","https://www.nhl.com/news/nhl-lineup-projections-2026-27-season","participant_unresolved",FALSE,"Michael Amadio","skater",3,1,NA,8478020,"exact_normalized","F",NA,NA,NA
"2026-10-10_180157_38074132924_1_17a65d0afd5e42418df207b044e3357a",2026020076,9,"OTT","2026-10-10","2026-10-10T18:03:39.882Z","2026-10-10T23:00:00Z","2026-10-10","https://www.nhl.com/news/nhl-lineup-projections-2026-27-season","participant_unresolved",FALSE,"Shane Pinto","skater",3,2,NA,8481596,"exact_normalized","F",NA,NA,NA
"2026-10-10_180157_38074132924_1_17a65d0afd5e42418df207b044e3357a",2026020076,9,"OTT","2026-10-10","2026-10-10T18:03:39.882Z","2026-10-10T23:00:00Z","2026-10-10","https://www.nhl.com/news/nhl-lineup-projections-2026-27-season","participant_unresolved",FALSE,"Claude Giroux","skater",3,3,NA,8473512,"exact_normalized","F",NA,NA,NA
"2026-10-10_180157_38074132924_1_17a65d0afd5e42418df207b044e3357a",2026020076,9,"OTT","2026-10-10","2026-10-10T18:03:39.882Z","2026-10-10T23:00:00Z","2026-10-10","https://www.nhl.com/news/nhl-lineup-projections-2026-27-season","participant_unresolved",FALSE,"Warren Foegele","skater",4,1,NA,8477998,"exact_normalized","F",NA,NA,NA
"2026-10-10_180157_38074132924_1_17a65d0afd5e42418df207b044e3357a",2026020076,9,"OTT","2026-10-10","2026-10-10T18:03:39.882Z","2026-10-10T23:00:00Z","2026-10-10","https://www.nhl.com/news/nhl-lineup-projections-2026-27-season","participant_unresolved",FALSE,"Stephen Halliday","skater",4,2,NA,8483676,"exact_normalized","F",NA,NA,NA
"2026-10-10_180157_38074132924_1_17a65d0afd5e42418df207b044e3357a",2026020076,9,"OTT","2026-10-10","2026-10-10T18:03:39.882Z","2026-10-10T23:00:00Z","2026-10-10","https://www.nhl.com/news/nhl-lineup-projections-2026-27-season","participant_unresolved",FALSE,"Nick Cousins","skater",4,3,NA,8476393,"exact_normalized","F",NA,NA,NA
"2026-10-10_180157_38074132924_1_17a65d0afd5e42418df207b044e3357a",2026020076,9,"OTT","2026-10-10","2026-10-10T18:03:39.882Z","2026-10-10T23:00:00Z","2026-10-10","https://www.nhl.com/news/nhl-lineup-projections-2026-27-season","participant_unresolved",FALSE,"Thomas Chabot","skater",5,1,NA,8478469,"exact_normalized","D",NA,NA,NA
"2026-10-10_180157_38074132924_1_17a65d0afd5e42418df207b044e3357a",2026020076,9,"OTT","2026-10-10","2026-10-10T18:03:39.882Z","2026-10-10T23:00:00Z","2026-10-10","https://www.nhl.com/news/nhl-lineup-projections-2026-27-season","participant_unresolved",FALSE,"Jordan Spence","skater",5,2,NA,8481606,"exact_normalized","D",NA,NA,NA
"2026-10-10_180157_38074132924_1_17a65d0afd5e42418df207b044e3357a",2026020076,9,"OTT","2026-10-10","2026-10-10T18:03:39.882Z","2026-10-10T23:00:00Z","2026-10-10","https://www.nhl.com/news/nhl-lineup-projections-2026-27-season","participant_unresolved",FALSE,"Tyler Kleven","skater",6,1,NA,8482095,"exact_normalized","D",NA,NA,NA
"2026-10-10_180157_38074132924_1_17a65d0afd5e42418df207b044e3357a",2026020076,9,"OTT","2026-10-10","2026-10-10T18:03:39.882Z","2026-10-10T23:00:00Z","2026-10-10","https://www.nhl.com/news/nhl-lineup-projections-2026-27-season","participant_unresolved",FALSE,"Carter Yakemchuk","skater",6,2,NA,8484759,"exact_normalized","D",NA,NA,NA
"2026-10-10_180157_38074132924_1_17a65d0afd5e42418df207b044e3357a",2026020076,9,"OTT","2026-10-10","2026-10-10T18:03:39.882Z","2026-10-10T23:00:00Z","2026-10-10","https://www.nhl.com/news/nhl-lineup-projections-2026-27-season","participant_unresolved",FALSE,"Nikolas Matinpalo","skater",7,1,NA,8484321,"exact_normalized","D",NA,NA,NA
"2026-10-10_180157_38074132924_1_17a65d0afd5e42418df207b044e3357a",2026020076,9,"OTT","2026-10-10","2026-10-10T18:03:39.882Z","2026-10-10T23:00:00Z","2026-10-10","https://www.nhl.com/news/nhl-lineup-projections-2026-27-season","participant_unresolved",FALSE,"Hoyt Stanley","skater",7,2,NA,NA,"unmatched",NA,NA,NA,"unmatched"
"2026-10-10_180157_38074132924_1_17a65d0afd5e42418df207b044e3357a",2026020076,9,"OTT","2026-10-10","2026-10-10T18:03:39.882Z","2026-10-10T23:00:00Z","2026-10-10","https://www.nhl.com/news/nhl-lineup-projections-2026-27-season","participant_unresolved",FALSE,"Linus Ullmark","starter",NA,NA,NA,8476999,"exact_normalized","G",NA,NA,NA
"2026-10-10_180157_38074132924_1_17a65d0afd5e42418df207b044e3357a",2026020076,9,"OTT","2026-10-10","2026-10-10T18:03:39.882Z","2026-10-10T23:00:00Z","2026-10-10","https://www.nhl.com/news/nhl-lineup-projections-2026-27-season","participant_unresolved",FALSE,"Samuel Ersson","backup",NA,NA,NA,8481035,"exact_normalized","G",NA,NA,NA
"2026-10-10_180157_38074132924_1_17a65d0afd5e42418df207b044e3357a",2026020076,9,"OTT","2026-10-10","2026-10-10T18:03:39.882Z","2026-10-10T23:00:00Z","2026-10-10","https://www.nhl.com/news/nhl-lineup-projections-2026-27-season","participant_unresolved",FALSE,"Hayden Hodgson","scratched",NA,NA,NA,8478173,"exact_normalized","F",NA,NA,NA
"2026-10-10_180157_38074132924_1_17a65d0afd5e42418df207b044e3357a",2026020076,9,"OTT","2026-10-10","2026-10-10T18:03:39.882Z","2026-10-10T23:00:00Z","2026-10-10","https://www.nhl.com/news/nhl-lineup-projections-2026-27-season","participant_unresolved",FALSE,"Artem Zub","injured",NA,NA,"knee",NA,"unmatched",NA,NA,NA,"unmatched"
"2026-10-10_180157_38074132924_1_17a65d0afd5e42418df207b044e3357a",2026020076,9,"OTT","2026-10-10","2026-10-10T18:03:39.882Z","2026-10-10T23:00:00Z","2026-10-10","https://www.nhl.com/news/nhl-lineup-projections-2026-27-season","participant_unresolved",FALSE,"Kurtis MacDermid","injured",NA,NA,"upper body",NA,"unmatched",NA,NA,NA,"unmatched"
"2026-10-10_180157_38074132924_1_17a65d0afd5e42418df207b044e3357a",2026020076,9,"OTT","2026-10-10","2026-10-10T18:03:39.882Z","2026-10-10T23:00:00Z","2026-10-10","https://www.nhl.com/news/nhl-lineup-projections-2026-27-season","participant_unresolved",FALSE,"Jake Sanderson","injured",NA,NA,"undisclosed",8482105,"exact_normalized","D",NA,NA,NA
"2026-10-10_180157_38074132924_1_17a65d0afd5e42418df207b044e3357a",2026020076,9,"OTT","2026-10-10","2026-10-10T18:03:39.882Z","2026-10-10T23:00:00Z","2026-10-10","https://www.nhl.com/news/nhl-lineup-projections-2026-27-season","participant_unresolved",FALSE,"William Eklund","injured",NA,NA,"ankle",8482667,"exact_normalized","F",NA,NA,NA
"2026-10-10_180157_38074132924_1_17a65d0afd5e42418df207b044e3357a",2026020076,9,"OTT","2026-10-10","2026-10-10T18:03:39.882Z","2026-10-10T23:00:00Z","2026-10-10","https://www.nhl.com/news/nhl-lineup-projections-2026-27-season","participant_unresolved",FALSE,"Cameron Crotty","injured",NA,NA,"illness",8480075,"exact_normalized","D",NA,NA,NA
"2026-10-10_180157_38074132924_1_17a65d0afd5e42418df207b044e3357a",2026020077,25,"DAL","2026-10-10","2026-10-10T18:03:39.882Z","2026-10-10T23:00:00Z","2026-10-10","https://www.nhl.com/news/nhl-lineup-projections-2026-27-season","matched",TRUE,"Sam Steel","skater",1,1,NA,8479351,"exact_normalized","F",1,NA,NA
"2026-10-10_180157_38074132924_1_17a65d0afd5e42418df207b044e3357a",2026020077,25,"DAL","2026-10-10","2026-10-10T18:03:39.882Z","2026-10-10T23:00:00Z","2026-10-10","https://www.nhl.com/news/nhl-lineup-projections-2026-27-season","matched",TRUE,"Wyatt Johnston","skater",1,2,NA,8482740,"exact_normalized","F",1,NA,NA
"2026-10-10_180157_38074132924_1_17a65d0afd5e42418df207b044e3357a",2026020077,25,"DAL","2026-10-10","2026-10-10T18:03:39.882Z","2026-10-10T23:00:00Z","2026-10-10","https://www.nhl.com/news/nhl-lineup-projections-2026-27-season","matched",TRUE,"Mikko Rantanen","skater",1,3,NA,8478420,"exact_normalized","F",1,NA,NA
"2026-10-10_180157_38074132924_1_17a65d0afd5e42418df207b044e3357a",2026020077,25,"DAL","2026-10-10","2026-10-10T18:03:39.882Z","2026-10-10T23:00:00Z","2026-10-10","https://www.nhl.com/news/nhl-lineup-projections-2026-27-season","matched",TRUE,"Jason Robertson","skater",2,1,NA,8480027,"exact_normalized","F",2,NA,NA
"2026-10-10_180157_38074132924_1_17a65d0afd5e42418df207b044e3357a",2026020077,25,"DAL","2026-10-10","2026-10-10T18:03:39.882Z","2026-10-10T23:00:00Z","2026-10-10","https://www.nhl.com/news/nhl-lineup-projections-2026-27-season","matched",TRUE,"Roope Hintz","skater",2,2,NA,8478449,"exact_normalized","F",2,NA,NA
"2026-10-10_180157_38074132924_1_17a65d0afd5e42418df207b044e3357a",2026020077,25,"DAL","2026-10-10","2026-10-10T18:03:39.882Z","2026-10-10T23:00:00Z","2026-10-10","https://www.nhl.com/news/nhl-lineup-projections-2026-27-season","matched",TRUE,"Jamie Benn","skater",2,3,NA,8473994,"exact_normalized","F",2,NA,NA
"2026-10-10_180157_38074132924_1_17a65d0afd5e42418df207b044e3357a",2026020077,25,"DAL","2026-10-10","2026-10-10T18:03:39.882Z","2026-10-10T23:00:00Z","2026-10-10","https://www.nhl.com/news/nhl-lineup-projections-2026-27-season","matched",TRUE,"Justin Hryckowian","skater",3,1,NA,8484829,"exact_normalized","F",3,NA,NA
"2026-10-10_180157_38074132924_1_17a65d0afd5e42418df207b044e3357a",2026020077,25,"DAL","2026-10-10","2026-10-10T18:03:39.882Z","2026-10-10T23:00:00Z","2026-10-10","https://www.nhl.com/news/nhl-lineup-projections-2026-27-season","matched",TRUE,"Arttu Hyry","skater",3,2,NA,8484938,"exact_normalized","F",3,NA,NA
"2026-10-10_180157_38074132924_1_17a65d0afd5e42418df207b044e3357a",2026020077,25,"DAL","2026-10-10","2026-10-10T18:03:39.882Z","2026-10-10T23:00:00Z","2026-10-10","https://www.nhl.com/news/nhl-lineup-projections-2026-27-season","matched",TRUE,"Tyler Seguin","skater",3,3,NA,8475794,"exact_normalized","F",3,NA,NA
"2026-10-10_180157_38074132924_1_17a65d0afd5e42418df207b044e3357a",2026020077,25,"DAL","2026-10-10","2026-10-10T18:03:39.882Z","2026-10-10T23:00:00Z","2026-10-10","https://www.nhl.com/news/nhl-lineup-projections-2026-27-season","matched",TRUE,"Oskar Back","skater",4,1,NA,8480840,"exact_normalized","F",4,NA,NA
"2026-10-10_180157_38074132924_1_17a65d0afd5e42418df207b044e3357a",2026020077,25,"DAL","2026-10-10","2026-10-10T18:03:39.882Z","2026-10-10T23:00:00Z","2026-10-10","https://www.nhl.com/news/nhl-lineup-projections-2026-27-season","matched",TRUE,"Radek Faksa","skater",4,2,NA,8476889,"exact_normalized","F",4,NA,NA
"2026-10-10_180157_38074132924_1_17a65d0afd5e42418df207b044e3357a",2026020077,25,"DAL","2026-10-10","2026-10-10T18:03:39.882Z","2026-10-10T23:00:00Z","2026-10-10","https://www.nhl.com/news/nhl-lineup-projections-2026-27-season","matched",TRUE,"Colin Blackwell","skater",4,3,NA,8476278,"exact_normalized","F",4,NA,NA
"2026-10-10_180157_38074132924_1_17a65d0afd5e42418df207b044e3357a",2026020077,25,"DAL","2026-10-10","2026-10-10T18:03:39.882Z","2026-10-10T23:00:00Z","2026-10-10","https://www.nhl.com/news/nhl-lineup-projections-2026-27-season","matched",TRUE,"Esa Lindell","skater",5,1,NA,8476902,"exact_normalized","D",NA,1,NA
"2026-10-10_180157_38074132924_1_17a65d0afd5e42418df207b044e3357a",2026020077,25,"DAL","2026-10-10","2026-10-10T18:03:39.882Z","2026-10-10T23:00:00Z","2026-10-10","https://www.nhl.com/news/nhl-lineup-projections-2026-27-season","matched",TRUE,"Miro Heiskanen","skater",5,2,NA,8480036,"exact_normalized","D",NA,1,NA
"2026-10-10_180157_38074132924_1_17a65d0afd5e42418df207b044e3357a",2026020077,25,"DAL","2026-10-10","2026-10-10T18:03:39.882Z","2026-10-10T23:00:00Z","2026-10-10","https://www.nhl.com/news/nhl-lineup-projections-2026-27-season","matched",TRUE,"Thomas Harley","skater",6,1,NA,8481581,"exact_normalized","D",NA,2,NA
"2026-10-10_180157_38074132924_1_17a65d0afd5e42418df207b044e3357a",2026020077,25,"DAL","2026-10-10","2026-10-10T18:03:39.882Z","2026-10-10T23:00:00Z","2026-10-10","https://www.nhl.com/news/nhl-lineup-projections-2026-27-season","matched",TRUE,"Nils Lundkvist","skater",6,2,NA,8480878,"exact_normalized","D",NA,2,NA
"2026-10-10_180157_38074132924_1_17a65d0afd5e42418df207b044e3357a",2026020077,25,"DAL","2026-10-10","2026-10-10T18:03:39.882Z","2026-10-10T23:00:00Z","2026-10-10","https://www.nhl.com/news/nhl-lineup-projections-2026-27-season","matched",TRUE,"Lian Bichsel","skater",7,1,NA,8483425,"exact_normalized","D",NA,3,NA
"2026-10-10_180157_38074132924_1_17a65d0afd5e42418df207b044e3357a",2026020077,25,"DAL","2026-10-10","2026-10-10T18:03:39.882Z","2026-10-10T23:00:00Z","2026-10-10","https://www.nhl.com/news/nhl-lineup-projections-2026-27-season","matched",TRUE,"Tyler Myers","skater",7,2,NA,8474574,"exact_normalized","D",NA,3,NA
"2026-10-10_180157_38074132924_1_17a65d0afd5e42418df207b044e3357a",2026020077,25,"DAL","2026-10-10","2026-10-10T18:03:39.882Z","2026-10-10T23:00:00Z","2026-10-10","https://www.nhl.com/news/nhl-lineup-projections-2026-27-season","matched",TRUE,"Jake Oettinger","starter",NA,NA,NA,8479979,"exact_normalized","G",NA,NA,NA
"2026-10-10_180157_38074132924_1_17a65d0afd5e42418df207b044e3357a",2026020077,25,"DAL","2026-10-10","2026-10-10T18:03:39.882Z","2026-10-10T23:00:00Z","2026-10-10","https://www.nhl.com/news/nhl-lineup-projections-2026-27-season","matched",TRUE,"Casey DeSmith","backup",NA,NA,NA,8479193,"exact_normalized","G",NA,NA,NA
"2026-10-10_180157_38074132924_1_17a65d0afd5e42418df207b044e3357a",2026020077,25,"DAL","2026-10-10","2026-10-10T18:03:39.882Z","2026-10-10T23:00:00Z","2026-10-10","https://www.nhl.com/news/nhl-lineup-projections-2026-27-season","matched",TRUE,"Kyle Capobianco","scratched",NA,NA,NA,8478476,"exact_normalized","D",NA,NA,NA
"2026-10-10_180157_38074132924_1_17a65d0afd5e42418df207b044e3357a",2026020077,25,"DAL","2026-10-10","2026-10-10T18:03:39.882Z","2026-10-10T23:00:00Z","2026-10-10","https://www.nhl.com/news/nhl-lineup-projections-2026-27-season","matched",TRUE,"Matt Duchene","injured",NA,NA,"lower body",8475168,"exact_normalized","F",NA,NA,NA
"2026-10-10_180157_38074132924_1_17a65d0afd5e42418df207b044e3357a",2026020077,25,"DAL","2026-10-10","2026-10-10T18:03:39.882Z","2026-10-10T23:00:00Z","2026-10-10","https://www.nhl.com/news/nhl-lineup-projections-2026-27-season","matched",TRUE,"Joel Kiviranta","injured",NA,NA,"lower body",8481641,"exact_normalized","F",NA,NA,NA
"2026-10-10_180157_38074132924_1_17a65d0afd5e42418df207b044e3357a",2026020077,5,"PIT","2026-10-10","2026-10-10T18:03:39.882Z","2026-10-10T23:00:00Z","2026-10-10","https://www.nhl.com/news/nhl-lineup-projections-2026-27-season","matched",TRUE,"Rickard Rakell","skater",1,1,NA,8476483,"exact_normalized","F",1,NA,NA
"2026-10-10_180157_38074132924_1_17a65d0afd5e42418df207b044e3357a",2026020077,5,"PIT","2026-10-10","2026-10-10T18:03:39.882Z","2026-10-10T23:00:00Z","2026-10-10","https://www.nhl.com/news/nhl-lineup-projections-2026-27-season","matched",TRUE,"Sidney Crosby","skater",1,2,NA,8471675,"exact_normalized","F",1,NA,NA
"2026-10-10_180157_38074132924_1_17a65d0afd5e42418df207b044e3357a",2026020077,5,"PIT","2026-10-10","2026-10-10T18:03:39.882Z","2026-10-10T23:00:00Z","2026-10-10","https://www.nhl.com/news/nhl-lineup-projections-2026-27-season","matched",TRUE,"Bryan Rust","skater",1,3,NA,8475810,"exact_normalized","F",1,NA,NA
"2026-10-10_180157_38074132924_1_17a65d0afd5e42418df207b044e3357a",2026020077,5,"PIT","2026-10-10","2026-10-10T18:03:39.882Z","2026-10-10T23:00:00Z","2026-10-10","https://www.nhl.com/news/nhl-lineup-projections-2026-27-season","matched",TRUE,"Egor Chinakhov","skater",2,1,NA,8482475,"exact_normalized","F",2,NA,NA
"2026-10-10_180157_38074132924_1_17a65d0afd5e42418df207b044e3357a",2026020077,5,"PIT","2026-10-10","2026-10-10T18:03:39.882Z","2026-10-10T23:00:00Z","2026-10-10","https://www.nhl.com/news/nhl-lineup-projections-2026-27-season","matched",TRUE,"Tommy Novak","skater",2,2,NA,8478438,"exact_normalized","F",2,NA,NA
"2026-10-10_180157_38074132924_1_17a65d0afd5e42418df207b044e3357a",2026020077,5,"PIT","2026-10-10","2026-10-10T18:03:39.882Z","2026-10-10T23:00:00Z","2026-10-10","https://www.nhl.com/news/nhl-lineup-projections-2026-27-season","matched",TRUE,"Evgeni Malkin","skater",2,3,NA,8471215,"exact_normalized","F",2,NA,NA
"2026-10-10_180157_38074132924_1_17a65d0afd5e42418df207b044e3357a",2026020077,5,"PIT","2026-10-10","2026-10-10T18:03:39.882Z","2026-10-10T23:00:00Z","2026-10-10","https://www.nhl.com/news/nhl-lineup-projections-2026-27-season","matched",TRUE,"Hendrix Lapierre","skater",3,1,NA,8482148,"exact_normalized","F",3,NA,NA
"2026-10-10_180157_38074132924_1_17a65d0afd5e42418df207b044e3357a",2026020077,5,"PIT","2026-10-10","2026-10-10T18:03:39.882Z","2026-10-10T23:00:00Z","2026-10-10","https://www.nhl.com/news/nhl-lineup-projections-2026-27-season","matched",TRUE,"Ben Kindel","skater",3,2,NA,8485414,"exact_normalized","F",3,NA,NA
"2026-10-10_180157_38074132924_1_17a65d0afd5e42418df207b044e3357a",2026020077,5,"PIT","2026-10-10","2026-10-10T18:03:39.882Z","2026-10-10T23:00:00Z","2026-10-10","https://www.nhl.com/news/nhl-lineup-projections-2026-27-season","matched",TRUE,"Ville Koivunen","skater",3,3,NA,8482758,"exact_normalized","F",3,NA,NA
"2026-10-10_180157_38074132924_1_17a65d0afd5e42418df207b044e3357a",2026020077,5,"PIT","2026-10-10","2026-10-10T18:03:39.882Z","2026-10-10T23:00:00Z","2026-10-10","https://www.nhl.com/news/nhl-lineup-projections-2026-27-season","matched",TRUE,"Connor Dewar","skater",4,1,NA,8480980,"exact_normalized","F",4,NA,NA
"2026-10-10_180157_38074132924_1_17a65d0afd5e42418df207b044e3357a",2026020077,5,"PIT","2026-10-10","2026-10-10T18:03:39.882Z","2026-10-10T23:00:00Z","2026-10-10","https://www.nhl.com/news/nhl-lineup-projections-2026-27-season","matched",TRUE,"Blake Lizotte","skater",4,2,NA,8481481,"exact_normalized","F",4,NA,NA
"2026-10-10_180157_38074132924_1_17a65d0afd5e42418df207b044e3357a",2026020077,5,"PIT","2026-10-10","2026-10-10T18:03:39.882Z","2026-10-10T23:00:00Z","2026-10-10","https://www.nhl.com/news/nhl-lineup-projections-2026-27-season","matched",TRUE,"Nick Robertson","skater",4,3,NA,8481582,"exact_normalized","F",4,NA,NA
"2026-10-10_180157_38074132924_1_17a65d0afd5e42418df207b044e3357a",2026020077,5,"PIT","2026-10-10","2026-10-10T18:03:39.882Z","2026-10-10T23:00:00Z","2026-10-10","https://www.nhl.com/news/nhl-lineup-projections-2026-27-season","matched",TRUE,"Declan Carlile","skater",5,1,NA,8483398,"exact_normalized","D",NA,1,NA
"2026-10-10_180157_38074132924_1_17a65d0afd5e42418df207b044e3357a",2026020077,5,"PIT","2026-10-10","2026-10-10T18:03:39.882Z","2026-10-10T23:00:00Z","2026-10-10","https://www.nhl.com/news/nhl-lineup-projections-2026-27-season","matched",TRUE,"Erik Karlsson","skater",5,2,NA,8474578,"exact_normalized","D",NA,1,NA
"2026-10-10_180157_38074132924_1_17a65d0afd5e42418df207b044e3357a",2026020077,5,"PIT","2026-10-10","2026-10-10T18:03:39.882Z","2026-10-10T23:00:00Z","2026-10-10","https://www.nhl.com/news/nhl-lineup-projections-2026-27-season","matched",TRUE,"Samuel Girard","skater",6,1,NA,8479398,"exact_normalized","D",NA,2,NA
"2026-10-10_180157_38074132924_1_17a65d0afd5e42418df207b044e3357a",2026020077,5,"PIT","2026-10-10","2026-10-10T18:03:39.882Z","2026-10-10T23:00:00Z","2026-10-10","https://www.nhl.com/news/nhl-lineup-projections-2026-27-season","matched",TRUE,"Kaedan Korczak","skater",6,2,NA,8481527,"exact_normalized","D",NA,2,NA
"2026-10-10_180157_38074132924_1_17a65d0afd5e42418df207b044e3357a",2026020077,5,"PIT","2026-10-10","2026-10-10T18:03:39.882Z","2026-10-10T23:00:00Z","2026-10-10","https://www.nhl.com/news/nhl-lineup-projections-2026-27-season","matched",TRUE,"Trevor van Riemsdyk","skater",7,1,NA,8477845,"exact_normalized","D",NA,3,NA
"2026-10-10_180157_38074132924_1_17a65d0afd5e42418df207b044e3357a",2026020077,5,"PIT","2026-10-10","2026-10-10T18:03:39.882Z","2026-10-10T23:00:00Z","2026-10-10","https://www.nhl.com/news/nhl-lineup-projections-2026-27-season","matched",TRUE,"Kris Letang","skater",7,2,NA,8471724,"exact_normalized","D",NA,3,NA
"2026-10-10_180157_38074132924_1_17a65d0afd5e42418df207b044e3357a",2026020077,5,"PIT","2026-10-10","2026-10-10T18:03:39.882Z","2026-10-10T23:00:00Z","2026-10-10","https://www.nhl.com/news/nhl-lineup-projections-2026-27-season","matched",TRUE,"Arturs Silovs","starter",NA,NA,NA,8481668,"exact_normalized","G",NA,NA,NA
"2026-10-10_180157_38074132924_1_17a65d0afd5e42418df207b044e3357a",2026020077,5,"PIT","2026-10-10","2026-10-10T18:03:39.882Z","2026-10-10T23:00:00Z","2026-10-10","https://www.nhl.com/news/nhl-lineup-projections-2026-27-season","matched",TRUE,"Sergei Murashov","backup",NA,NA,NA,8483703,"exact_normalized","G",NA,NA,NA
"2026-10-10_180157_38074132924_1_17a65d0afd5e42418df207b044e3357a",2026020077,5,"PIT","2026-10-10","2026-10-10T18:03:39.882Z","2026-10-10T23:00:00Z","2026-10-10","https://www.nhl.com/news/nhl-lineup-projections-2026-27-season","matched",TRUE,"Elmer Soderblom","scratched",NA,NA,NA,8481725,"exact_normalized","F",NA,NA,NA
"2026-10-10_180157_38074132924_1_17a65d0afd5e42418df207b044e3357a",2026020077,5,"PIT","2026-10-10","2026-10-10T18:03:39.882Z","2026-10-10T23:00:00Z","2026-10-10","https://www.nhl.com/news/nhl-lineup-projections-2026-27-season","matched",TRUE,"Ilya Solovyov","scratched",NA,NA,NA,8482470,"exact_normalized","D",NA,NA,NA
"2026-10-10_180157_38074132924_1_17a65d0afd5e42418df207b044e3357a",2026020077,5,"PIT","2026-10-10","2026-10-10T18:03:39.882Z","2026-10-10T23:00:00Z","2026-10-10","https://www.nhl.com/news/nhl-lineup-projections-2026-27-season","matched",TRUE,"Spencer Stastney","scratched",NA,NA,NA,8481056,"exact_normalized","D",NA,NA,NA
"2026-10-10_180157_38074132924_1_17a65d0afd5e42418df207b044e3357a",2026020077,5,"PIT","2026-10-10","2026-10-10T18:03:39.882Z","2026-10-10T23:00:00Z","2026-10-10","https://www.nhl.com/news/nhl-lineup-projections-2026-27-season","matched",TRUE,"Justin Brazeau","injured",NA,NA,"lower body",8479638,"exact_normalized","F",NA,NA,NA
"2026-10-10_180157_38074132924_1_17a65d0afd5e42418df207b044e3357a",2026020077,5,"PIT","2026-10-10","2026-10-10T18:03:39.882Z","2026-10-10T23:00:00Z","2026-10-10","https://www.nhl.com/news/nhl-lineup-projections-2026-27-season","matched",TRUE,"Ryan Graves","injured",NA,NA,"knee",NA,"unmatched",NA,NA,NA,"unmatched"
"2026-10-10_180157_38074132924_1_17a65d0afd5e42418df207b044e3357a",2026020078,12,"CAR","2026-10-10","2026-10-10T18:03:39.882Z","2026-10-10T23:00:00Z","2026-10-10","https://www.nhl.com/news/nhl-lineup-projections-2026-27-season","participant_unresolved",FALSE,"William Carrier","skater",1,1,NA,8477478,"exact_normalized","F",NA,NA,NA
"2026-10-10_180157_38074132924_1_17a65d0afd5e42418df207b044e3357a",2026020078,12,"CAR","2026-10-10","2026-10-10T18:03:39.882Z","2026-10-10T23:00:00Z","2026-10-10","https://www.nhl.com/news/nhl-lineup-projections-2026-27-season","participant_unresolved",FALSE,"Sebastian Aho","skater",1,2,NA,8478427,"exact_normalized","F",NA,NA,NA
"2026-10-10_180157_38074132924_1_17a65d0afd5e42418df207b044e3357a",2026020078,12,"CAR","2026-10-10","2026-10-10T18:03:39.882Z","2026-10-10T23:00:00Z","2026-10-10","https://www.nhl.com/news/nhl-lineup-projections-2026-27-season","participant_unresolved",FALSE,"Andrei Svechnikov","skater",1,3,NA,8480830,"exact_normalized","F",NA,NA,NA
"2026-10-10_180157_38074132924_1_17a65d0afd5e42418df207b044e3357a",2026020078,12,"CAR","2026-10-10","2026-10-10T18:03:39.882Z","2026-10-10T23:00:00Z","2026-10-10","https://www.nhl.com/news/nhl-lineup-projections-2026-27-season","participant_unresolved",FALSE,"Taylor Hall","skater",2,1,NA,8475791,"exact_normalized","F",NA,NA,NA
"2026-10-10_180157_38074132924_1_17a65d0afd5e42418df207b044e3357a",2026020078,12,"CAR","2026-10-10","2026-10-10T18:03:39.882Z","2026-10-10T23:00:00Z","2026-10-10","https://www.nhl.com/news/nhl-lineup-projections-2026-27-season","participant_unresolved",FALSE,"Logan Stankoven","skater",2,2,NA,8482702,"exact_normalized","F",NA,NA,NA
"2026-10-10_180157_38074132924_1_17a65d0afd5e42418df207b044e3357a",2026020078,12,"CAR","2026-10-10","2026-10-10T18:03:39.882Z","2026-10-10T23:00:00Z","2026-10-10","https://www.nhl.com/news/nhl-lineup-projections-2026-27-season","participant_unresolved",FALSE,"Jackson Blake","skater",2,3,NA,8482809,"exact_normalized","F",NA,NA,NA
"2026-10-10_180157_38074132924_1_17a65d0afd5e42418df207b044e3357a",2026020078,12,"CAR","2026-10-10","2026-10-10T18:03:39.882Z","2026-10-10T23:00:00Z","2026-10-10","https://www.nhl.com/news/nhl-lineup-projections-2026-27-season","participant_unresolved",FALSE,"Nikolaj Ehlers","skater",3,1,NA,8477940,"exact_normalized","F",NA,NA,NA
"2026-10-10_180157_38074132924_1_17a65d0afd5e42418df207b044e3357a",2026020078,12,"CAR","2026-10-10","2026-10-10T18:03:39.882Z","2026-10-10T23:00:00Z","2026-10-10","https://www.nhl.com/news/nhl-lineup-projections-2026-27-season","participant_unresolved",FALSE,"Jordan Staal","skater",3,2,NA,8473533,"exact_normalized","F",NA,NA,NA
"2026-10-10_180157_38074132924_1_17a65d0afd5e42418df207b044e3357a",2026020078,12,"CAR","2026-10-10","2026-10-10T18:03:39.882Z","2026-10-10T23:00:00Z","2026-10-10","https://www.nhl.com/news/nhl-lineup-projections-2026-27-season","participant_unresolved",FALSE,"Jordan Martinook","skater",3,3,NA,8476921,"exact_normalized","F",NA,NA,NA
"2026-10-10_180157_38074132924_1_17a65d0afd5e42418df207b044e3357a",2026020078,12,"CAR","2026-10-10","2026-10-10T18:03:39.882Z","2026-10-10T23:00:00Z","2026-10-10","https://www.nhl.com/news/nhl-lineup-projections-2026-27-season","participant_unresolved",FALSE,"Jesperi Kotkaniemi","skater",4,1,NA,8480829,"exact_normalized","F",NA,NA,NA
"2026-10-10_180157_38074132924_1_17a65d0afd5e42418df207b044e3357a",2026020078,12,"CAR","2026-10-10","2026-10-10T18:03:39.882Z","2026-10-10T23:00:00Z","2026-10-10","https://www.nhl.com/news/nhl-lineup-projections-2026-27-season","participant_unresolved",FALSE,"Mark Jankowski","skater",4,2,NA,8476873,"exact_normalized","F",NA,NA,NA
"2026-10-10_180157_38074132924_1_17a65d0afd5e42418df207b044e3357a",2026020078,12,"CAR","2026-10-10","2026-10-10T18:03:39.882Z","2026-10-10T23:00:00Z","2026-10-10","https://www.nhl.com/news/nhl-lineup-projections-2026-27-season","participant_unresolved",FALSE,"Eric Robinson","skater",4,3,NA,8480762,"exact_normalized","F",NA,NA,NA
"2026-10-10_180157_38074132924_1_17a65d0afd5e42418df207b044e3357a",2026020078,12,"CAR","2026-10-10","2026-10-10T18:03:39.882Z","2026-10-10T23:00:00Z","2026-10-10","https://www.nhl.com/news/nhl-lineup-projections-2026-27-season","participant_unresolved",FALSE,"Jaccob Slavin","skater",5,1,NA,8476958,"exact_normalized","D",NA,NA,NA
"2026-10-10_180157_38074132924_1_17a65d0afd5e42418df207b044e3357a",2026020078,12,"CAR","2026-10-10","2026-10-10T18:03:39.882Z","2026-10-10T23:00:00Z","2026-10-10","https://www.nhl.com/news/nhl-lineup-projections-2026-27-season","participant_unresolved",FALSE,"Jacob Chatfield","skater",5,2,NA,NA,"unmatched",NA,NA,NA,"unmatched"
"2026-10-10_180157_38074132924_1_17a65d0afd5e42418df207b044e3357a",2026020078,12,"CAR","2026-10-10","2026-10-10T18:03:39.882Z","2026-10-10T23:00:00Z","2026-10-10","https://www.nhl.com/news/nhl-lineup-projections-2026-27-season","participant_unresolved",FALSE,"K’Andre Miller","skater",6,1,NA,8480817,"exact_normalized","D",NA,NA,NA
"2026-10-10_180157_38074132924_1_17a65d0afd5e42418df207b044e3357a",2026020078,12,"CAR","2026-10-10","2026-10-10T18:03:39.882Z","2026-10-10T23:00:00Z","2026-10-10","https://www.nhl.com/news/nhl-lineup-projections-2026-27-season","participant_unresolved",FALSE,"Sean Walker","skater",6,2,NA,8480336,"exact_normalized","D",NA,NA,NA
"2026-10-10_180157_38074132924_1_17a65d0afd5e42418df207b044e3357a",2026020078,12,"CAR","2026-10-10","2026-10-10T18:03:39.882Z","2026-10-10T23:00:00Z","2026-10-10","https://www.nhl.com/news/nhl-lineup-projections-2026-27-season","participant_unresolved",FALSE,"Shayne Gostisbehere","skater",7,1,NA,8476906,"exact_normalized","D",NA,NA,NA
"2026-10-10_180157_38074132924_1_17a65d0afd5e42418df207b044e3357a",2026020078,12,"CAR","2026-10-10","2026-10-10T18:03:39.882Z","2026-10-10T23:00:00Z","2026-10-10","https://www.nhl.com/news/nhl-lineup-projections-2026-27-season","participant_unresolved",FALSE,"Mike Reilly","skater",7,2,NA,8476422,"exact_normalized","D",NA,NA,NA
"2026-10-10_180157_38074132924_1_17a65d0afd5e42418df207b044e3357a",2026020078,12,"CAR","2026-10-10","2026-10-10T18:03:39.882Z","2026-10-10T23:00:00Z","2026-10-10","https://www.nhl.com/news/nhl-lineup-projections-2026-27-season","participant_unresolved",FALSE,"Brandon Bussi","starter",NA,NA,NA,8483548,"exact_normalized","G",NA,NA,NA
"2026-10-10_180157_38074132924_1_17a65d0afd5e42418df207b044e3357a",2026020078,12,"CAR","2026-10-10","2026-10-10T18:03:39.882Z","2026-10-10T23:00:00Z","2026-10-10","https://www.nhl.com/news/nhl-lineup-projections-2026-27-season","participant_unresolved",FALSE,"Pyotr Kochetkov","backup",NA,NA,NA,8481611,"exact_normalized","G",NA,NA,NA
"2026-10-10_180157_38074132924_1_17a65d0afd5e42418df207b044e3357a",2026020078,12,"CAR","2026-10-10","2026-10-10T18:03:39.882Z","2026-10-10T23:00:00Z","2026-10-10","https://www.nhl.com/news/nhl-lineup-projections-2026-27-season","participant_unresolved",FALSE,"Nicolas Deslauriers","scratched",NA,NA,NA,8475235,"exact_normalized","F",NA,NA,NA
"2026-10-10_180157_38074132924_1_17a65d0afd5e42418df207b044e3357a",2026020078,12,"CAR","2026-10-10","2026-10-10T18:03:39.882Z","2026-10-10T23:00:00Z","2026-10-10","https://www.nhl.com/news/nhl-lineup-projections-2026-27-season","participant_unresolved",FALSE,"Juuso Valimaki","scratched",NA,NA,NA,8479976,"exact_normalized","D",NA,NA,NA
"2026-10-10_180157_38074132924_1_17a65d0afd5e42418df207b044e3357a",2026020078,12,"CAR","2026-10-10","2026-10-10T18:03:39.882Z","2026-10-10T23:00:00Z","2026-10-10","https://www.nhl.com/news/nhl-lineup-projections-2026-27-season","participant_unresolved",FALSE,"Seth Jarvis","injured",NA,NA,"shoulder",NA,"unmatched",NA,NA,NA,"unmatched"
"2026-10-10_180157_38074132924_1_17a65d0afd5e42418df207b044e3357a",2026020078,16,"CHI","2026-10-10","2026-10-10T18:03:39.882Z","2026-10-10T23:00:00Z","2026-10-10","https://www.nhl.com/news/nhl-lineup-projections-2026-27-season","unexpected_lineup_structure",FALSE,"Nick Lardis","skater",1,1,NA,8484185,"exact_normalized","F",NA,NA,NA
"2026-10-10_180157_38074132924_1_17a65d0afd5e42418df207b044e3357a",2026020078,16,"CHI","2026-10-10","2026-10-10T18:03:39.882Z","2026-10-10T23:00:00Z","2026-10-10","https://www.nhl.com/news/nhl-lineup-projections-2026-27-season","unexpected_lineup_structure",FALSE,"Ryan Greene","skater",1,2,NA,8483450,"exact_normalized","F",NA,NA,NA
"2026-10-10_180157_38074132924_1_17a65d0afd5e42418df207b044e3357a",2026020078,16,"CHI","2026-10-10","2026-10-10T18:03:39.882Z","2026-10-10T23:00:00Z","2026-10-10","https://www.nhl.com/news/nhl-lineup-projections-2026-27-season","unexpected_lineup_structure",FALSE,"Patrick Kane","skater",1,3,NA,8474141,"exact_normalized","F",NA,NA,NA
"2026-10-10_180157_38074132924_1_17a65d0afd5e42418df207b044e3357a",2026020078,16,"CHI","2026-10-10","2026-10-10T18:03:39.882Z","2026-10-10T23:00:00Z","2026-10-10","https://www.nhl.com/news/nhl-lineup-projections-2026-27-season","unexpected_lineup_structure",FALSE,"Roman Kantserov","skater",2,1,NA,8484390,"exact_normalized","F",NA,NA,NA
"2026-10-10_180157_38074132924_1_17a65d0afd5e42418df207b044e3357a",2026020078,16,"CHI","2026-10-10","2026-10-10T18:03:39.882Z","2026-10-10T23:00:00Z","2026-10-10","https://www.nhl.com/news/nhl-lineup-projections-2026-27-season","unexpected_lineup_structure",FALSE,"Anton Frondell","skater",2,2,NA,8485391,"exact_normalized","F",NA,NA,NA
"2026-10-10_180157_38074132924_1_17a65d0afd5e42418df207b044e3357a",2026020078,16,"CHI","2026-10-10","2026-10-10T18:03:39.882Z","2026-10-10T23:00:00Z","2026-10-10","https://www.nhl.com/news/nhl-lineup-projections-2026-27-season","unexpected_lineup_structure",FALSE,"Tyler Bertuzzi","skater",2,3,NA,8477479,"exact_normalized","F",NA,NA,NA
"2026-10-10_180157_38074132924_1_17a65d0afd5e42418df207b044e3357a",2026020078,16,"CHI","2026-10-10","2026-10-10T18:03:39.882Z","2026-10-10T23:00:00Z","2026-10-10","https://www.nhl.com/news/nhl-lineup-projections-2026-27-season","unexpected_lineup_structure",FALSE,"Ryan Donato","skater",3,1,NA,8477987,"exact_normalized","F",NA,NA,NA
"2026-10-10_180157_38074132924_1_17a65d0afd5e42418df207b044e3357a",2026020078,16,"CHI","2026-10-10","2026-10-10T18:03:39.882Z","2026-10-10T23:00:00Z","2026-10-10","https://www.nhl.com/news/nhl-lineup-projections-2026-27-season","unexpected_lineup_structure",FALSE,"Dominic Toninato","skater",3,2,NA,NA,"unmatched",NA,NA,NA,"unmatched"
"2026-10-10_180157_38074132924_1_17a65d0afd5e42418df207b044e3357a",2026020078,16,"CHI","2026-10-10","2026-10-10T18:03:39.882Z","2026-10-10T23:00:00Z","2026-10-10","https://www.nhl.com/news/nhl-lineup-projections-2026-27-season","unexpected_lineup_structure",FALSE,"Teuvo Teravainen","skater",3,3,NA,8476882,"exact_normalized","F",NA,NA,NA
"2026-10-10_180157_38074132924_1_17a65d0afd5e42418df207b044e3357a",2026020078,16,"CHI","2026-10-10","2026-10-10T18:03:39.882Z","2026-10-10T23:00:00Z","2026-10-10","https://www.nhl.com/news/nhl-lineup-projections-2026-27-season","unexpected_lineup_structure",FALSE,"Cole Smith","skater",4,1,NA,8482062,"exact_normalized","F",NA,NA,NA
"2026-10-10_180157_38074132924_1_17a65d0afd5e42418df207b044e3357a",2026020078,16,"CHI","2026-10-10","2026-10-10T18:03:39.882Z","2026-10-10T23:00:00Z","2026-10-10","https://www.nhl.com/news/nhl-lineup-projections-2026-27-season","unexpected_lineup_structure",FALSE,"Oliver Moore","skater",4,2,NA,8484197,"exact_normalized","F",NA,NA,NA
"2026-10-10_180157_38074132924_1_17a65d0afd5e42418df207b044e3357a",2026020078,16,"CHI","2026-10-10","2026-10-10T18:03:39.882Z","2026-10-10T23:00:00Z","2026-10-10","https://www.nhl.com/news/nhl-lineup-projections-2026-27-season","unexpected_lineup_structure",FALSE,"Jordan Greenway","skater",4,3,NA,8478413,"exact_normalized","F",NA,NA,NA
"2026-10-10_180157_38074132924_1_17a65d0afd5e42418df207b044e3357a",2026020078,16,"CHI","2026-10-10","2026-10-10T18:03:39.882Z","2026-10-10T23:00:00Z","2026-10-10","https://www.nhl.com/news/nhl-lineup-projections-2026-27-season","unexpected_lineup_structure",FALSE,"Bowen Byram","skater",5,1,NA,8481524,"exact_normalized","D",NA,NA,NA
"2026-10-10_180157_38074132924_1_17a65d0afd5e42418df207b044e3357a",2026020078,16,"CHI","2026-10-10","2026-10-10T18:03:39.882Z","2026-10-10T23:00:00Z","2026-10-10","https://www.nhl.com/news/nhl-lineup-projections-2026-27-season","unexpected_lineup_structure",FALSE,"Artyom Levshunov","skater",5,2,NA,8484783,"exact_normalized","D",NA,NA,NA
"2026-10-10_180157_38074132924_1_17a65d0afd5e42418df207b044e3357a",2026020078,16,"CHI","2026-10-10","2026-10-10T18:03:39.882Z","2026-10-10T23:00:00Z","2026-10-10","https://www.nhl.com/news/nhl-lineup-projections-2026-27-season","unexpected_lineup_structure",FALSE,"Alex Vlasic","skater",6,1,NA,8481568,"exact_normalized","D",NA,NA,NA
"2026-10-10_180157_38074132924_1_17a65d0afd5e42418df207b044e3357a",2026020078,16,"CHI","2026-10-10","2026-10-10T18:03:39.882Z","2026-10-10T23:00:00Z","2026-10-10","https://www.nhl.com/news/nhl-lineup-projections-2026-27-season","unexpected_lineup_structure",FALSE,"Ian Cole","skater",6,2,NA,8474013,"exact_normalized","D",NA,NA,NA
"2026-10-10_180157_38074132924_1_17a65d0afd5e42418df207b044e3357a",2026020078,16,"CHI","2026-10-10","2026-10-10T18:03:39.882Z","2026-10-10T23:00:00Z","2026-10-10","https://www.nhl.com/news/nhl-lineup-projections-2026-27-season","unexpected_lineup_structure",FALSE,"Wyatt Kaiser","skater",7,1,NA,8482176,"exact_normalized","D",NA,NA,NA
"2026-10-10_180157_38074132924_1_17a65d0afd5e42418df207b044e3357a",2026020078,16,"CHI","2026-10-10","2026-10-10T18:03:39.882Z","2026-10-10T23:00:00Z","2026-10-10","https://www.nhl.com/news/nhl-lineup-projections-2026-27-season","unexpected_lineup_structure",FALSE,"Sam Rinzel","skater",7,2,NA,8483506,"exact_normalized","D",NA,NA,NA
"2026-10-10_180157_38074132924_1_17a65d0afd5e42418df207b044e3357a",2026020078,16,"CHI","2026-10-10","2026-10-10T18:03:39.882Z","2026-10-10T23:00:00Z","2026-10-10","https://www.nhl.com/news/nhl-lineup-projections-2026-27-season","unexpected_lineup_structure",FALSE,"Spencer Knight","starter",NA,NA,NA,8481519,"exact_normalized","G",NA,NA,NA
"2026-10-10_180157_38074132924_1_17a65d0afd5e42418df207b044e3357a",2026020078,16,"CHI","2026-10-10","2026-10-10T18:03:39.882Z","2026-10-10T23:00:00Z","2026-10-10","https://www.nhl.com/news/nhl-lineup-projections-2026-27-season","unexpected_lineup_structure",FALSE,"Arvid Soderblom","backup",NA,NA,NA,8482821,"exact_normalized","G",NA,NA,NA
"2026-10-10_180157_38074132924_1_17a65d0afd5e42418df207b044e3357a",2026020078,16,"CHI","2026-10-10","2026-10-10T18:03:39.882Z","2026-10-10T23:00:00Z","2026-10-10","https://www.nhl.com/news/nhl-lineup-projections-2026-27-season","unexpected_lineup_structure",FALSE,"Kevin Korchinski","scratched",NA,NA,NA,8483466,"exact_normalized","D",NA,NA,NA
"2026-10-10_180157_38074132924_1_17a65d0afd5e42418df207b044e3357a",2026020078,16,"CHI","2026-10-10","2026-10-10T18:03:39.882Z","2026-10-10T23:00:00Z","2026-10-10","https://www.nhl.com/news/nhl-lineup-projections-2026-27-season","unexpected_lineup_structure",FALSE,"Ethan Del Mastro","scratched",NA,NA,NA,8482807,"exact_normalized","D",NA,NA,NA
"2026-10-10_180157_38074132924_1_17a65d0afd5e42418df207b044e3357a",2026020078,16,"CHI","2026-10-10","2026-10-10T18:03:39.882Z","2026-10-10T23:00:00Z","2026-10-10","https://www.nhl.com/news/nhl-lineup-projections-2026-27-season","unexpected_lineup_structure",FALSE,"Connor Bedard","injured",NA,NA,"shoulder",8484144,"exact_normalized","F",NA,NA,NA
"2026-10-10_180157_38074132924_1_17a65d0afd5e42418df207b044e3357a",2026020078,16,"CHI","2026-10-10","2026-10-10T18:03:39.882Z","2026-10-10T23:00:00Z","2026-10-10","https://www.nhl.com/news/nhl-lineup-projections-2026-27-season","unexpected_lineup_structure",FALSE,"Andrew Mangiapane","injured",NA,NA,"lower body",8478233,"exact_normalized","F",NA,NA,NA
"2026-10-10_180157_38074132924_1_17a65d0afd5e42418df207b044e3357a",2026020079,29,"CBJ","2026-10-10","2026-10-10T18:03:39.882Z","2026-10-10T23:00:00Z","2026-10-10","https://www.nhl.com/news/nhl-lineup-projections-2026-27-season","participant_unresolved",FALSE,"Matthew Knies","skater",1,1,NA,8482720,"exact_normalized","F",NA,NA,NA
"2026-10-10_180157_38074132924_1_17a65d0afd5e42418df207b044e3357a",2026020079,29,"CBJ","2026-10-10","2026-10-10T18:03:39.882Z","2026-10-10T23:00:00Z","2026-10-10","https://www.nhl.com/news/nhl-lineup-projections-2026-27-season","participant_unresolved",FALSE,"Adam Fantilli","skater",1,2,NA,8484166,"exact_normalized","F",NA,NA,NA
"2026-10-10_180157_38074132924_1_17a65d0afd5e42418df207b044e3357a",2026020079,29,"CBJ","2026-10-10","2026-10-10T18:03:39.882Z","2026-10-10T23:00:00Z","2026-10-10","https://www.nhl.com/news/nhl-lineup-projections-2026-27-season","participant_unresolved",FALSE,"Kent Johnson","skater",1,3,NA,8482660,"exact_normalized","F",NA,NA,NA
"2026-10-10_180157_38074132924_1_17a65d0afd5e42418df207b044e3357a",2026020079,29,"CBJ","2026-10-10","2026-10-10T18:03:39.882Z","2026-10-10T23:00:00Z","2026-10-10","https://www.nhl.com/news/nhl-lineup-projections-2026-27-season","participant_unresolved",FALSE,"Valeri Nichushkin","skater",2,1,NA,8477501,"exact_normalized","F",NA,NA,NA
"2026-10-10_180157_38074132924_1_17a65d0afd5e42418df207b044e3357a",2026020079,29,"CBJ","2026-10-10","2026-10-10T18:03:39.882Z","2026-10-10T23:00:00Z","2026-10-10","https://www.nhl.com/news/nhl-lineup-projections-2026-27-season","participant_unresolved",FALSE,"Sean Monahan","skater",2,2,NA,8477497,"exact_normalized","F",NA,NA,NA
"2026-10-10_180157_38074132924_1_17a65d0afd5e42418df207b044e3357a",2026020079,29,"CBJ","2026-10-10","2026-10-10T18:03:39.882Z","2026-10-10T23:00:00Z","2026-10-10","https://www.nhl.com/news/nhl-lineup-projections-2026-27-season","participant_unresolved",FALSE,"Dmitri Voronkov","skater",2,3,NA,8481716,"exact_normalized","F",NA,NA,NA
"2026-10-10_180157_38074132924_1_17a65d0afd5e42418df207b044e3357a",2026020079,29,"CBJ","2026-10-10","2026-10-10T18:03:39.882Z","2026-10-10T23:00:00Z","2026-10-10","https://www.nhl.com/news/nhl-lineup-projections-2026-27-season","participant_unresolved",FALSE,"Cole Sillinger","skater",3,1,NA,8482705,"exact_normalized","F",NA,NA,NA
"2026-10-10_180157_38074132924_1_17a65d0afd5e42418df207b044e3357a",2026020079,29,"CBJ","2026-10-10","2026-10-10T18:03:39.882Z","2026-10-10T23:00:00Z","2026-10-10","https://www.nhl.com/news/nhl-lineup-projections-2026-27-season","participant_unresolved",FALSE,"Charlie Coyle","skater",3,2,NA,8475745,"exact_normalized","F",NA,NA,NA
"2026-10-10_180157_38074132924_1_17a65d0afd5e42418df207b044e3357a",2026020079,29,"CBJ","2026-10-10","2026-10-10T18:03:39.882Z","2026-10-10T23:00:00Z","2026-10-10","https://www.nhl.com/news/nhl-lineup-projections-2026-27-season","participant_unresolved",FALSE,"Mathieu Olivier","skater",3,3,NA,8479671,"exact_normalized","F",NA,NA,NA
"2026-10-10_180157_38074132924_1_17a65d0afd5e42418df207b044e3357a",2026020079,29,"CBJ","2026-10-10","2026-10-10T18:03:39.882Z","2026-10-10T23:00:00Z","2026-10-10","https://www.nhl.com/news/nhl-lineup-projections-2026-27-season","participant_unresolved",FALSE,"Ryan Lomberg","skater",4,1,NA,8479066,"exact_normalized","F",NA,NA,NA
"2026-10-10_180157_38074132924_1_17a65d0afd5e42418df207b044e3357a",2026020079,29,"CBJ","2026-10-10","2026-10-10T18:03:39.882Z","2026-10-10T23:00:00Z","2026-10-10","https://www.nhl.com/news/nhl-lineup-projections-2026-27-season","participant_unresolved",FALSE,"Danton Heinen","skater",4,2,NA,8478046,"exact_normalized","F",NA,NA,NA
"2026-10-10_180157_38074132924_1_17a65d0afd5e42418df207b044e3357a",2026020079,29,"CBJ","2026-10-10","2026-10-10T18:03:39.882Z","2026-10-10T23:00:00Z","2026-10-10","https://www.nhl.com/news/nhl-lineup-projections-2026-27-season","participant_unresolved",FALSE,"Conor Garland","skater",4,3,NA,8478856,"exact_normalized","F",NA,NA,NA
"2026-10-10_180157_38074132924_1_17a65d0afd5e42418df207b044e3357a",2026020079,29,"CBJ","2026-10-10","2026-10-10T18:03:39.882Z","2026-10-10T23:00:00Z","2026-10-10","https://www.nhl.com/news/nhl-lineup-projections-2026-27-season","participant_unresolved",FALSE,"Zach Werenski","skater",5,1,NA,8478460,"exact_normalized","D",NA,NA,NA
"2026-10-10_180157_38074132924_1_17a65d0afd5e42418df207b044e3357a",2026020079,29,"CBJ","2026-10-10","2026-10-10T18:03:39.882Z","2026-10-10T23:00:00Z","2026-10-10","https://www.nhl.com/news/nhl-lineup-projections-2026-27-season","participant_unresolved",FALSE,"Damon Severson","skater",5,2,NA,NA,"unmatched",NA,NA,NA,"unmatched"
"2026-10-10_180157_38074132924_1_17a65d0afd5e42418df207b044e3357a",2026020079,29,"CBJ","2026-10-10","2026-10-10T18:03:39.882Z","2026-10-10T23:00:00Z","2026-10-10","https://www.nhl.com/news/nhl-lineup-projections-2026-27-season","participant_unresolved",FALSE,"Carson Soucy","skater",6,1,NA,8477369,"exact_normalized","D",NA,NA,NA
"2026-10-10_180157_38074132924_1_17a65d0afd5e42418df207b044e3357a",2026020079,29,"CBJ","2026-10-10","2026-10-10T18:03:39.882Z","2026-10-10T23:00:00Z","2026-10-10","https://www.nhl.com/news/nhl-lineup-projections-2026-27-season","participant_unresolved",FALSE,"Denton Mateychuk","skater",6,2,NA,8483485,"exact_normalized","D",NA,NA,NA
"2026-10-10_180157_38074132924_1_17a65d0afd5e42418df207b044e3357a",2026020079,29,"CBJ","2026-10-10","2026-10-10T18:03:39.882Z","2026-10-10T23:00:00Z","2026-10-10","https://www.nhl.com/news/nhl-lineup-projections-2026-27-season","participant_unresolved",FALSE,"Emil Andrae","skater",7,1,NA,8482126,"exact_normalized","D",NA,NA,NA
"2026-10-10_180157_38074132924_1_17a65d0afd5e42418df207b044e3357a",2026020079,29,"CBJ","2026-10-10","2026-10-10T18:03:39.882Z","2026-10-10T23:00:00Z","2026-10-10","https://www.nhl.com/news/nhl-lineup-projections-2026-27-season","participant_unresolved",FALSE,"Erik Gudbranson","skater",7,2,NA,8475790,"exact_normalized","D",NA,NA,NA
"2026-10-10_180157_38074132924_1_17a65d0afd5e42418df207b044e3357a",2026020079,29,"CBJ","2026-10-10","2026-10-10T18:03:39.882Z","2026-10-10T23:00:00Z","2026-10-10","https://www.nhl.com/news/nhl-lineup-projections-2026-27-season","participant_unresolved",FALSE,"Jet Greaves","starter",NA,NA,NA,8482982,"exact_normalized","G",NA,NA,NA
"2026-10-10_180157_38074132924_1_17a65d0afd5e42418df207b044e3357a",2026020079,29,"CBJ","2026-10-10","2026-10-10T18:03:39.882Z","2026-10-10T23:00:00Z","2026-10-10","https://www.nhl.com/news/nhl-lineup-projections-2026-27-season","participant_unresolved",FALSE,"Cam Talbot","backup",NA,NA,NA,8475660,"exact_normalized","G",NA,NA,NA
"2026-10-10_180157_38074132924_1_17a65d0afd5e42418df207b044e3357a",2026020079,29,"CBJ","2026-10-10","2026-10-10T18:03:39.882Z","2026-10-10T23:00:00Z","2026-10-10","https://www.nhl.com/news/nhl-lineup-projections-2026-27-season","participant_unresolved",FALSE,"Luca Del Bel Belluz","scratched",NA,NA,NA,8483432,"exact_normalized","F",NA,NA,NA
"2026-10-10_180157_38074132924_1_17a65d0afd5e42418df207b044e3357a",2026020079,29,"CBJ","2026-10-10","2026-10-10T18:03:39.882Z","2026-10-10T23:00:00Z","2026-10-10","https://www.nhl.com/news/nhl-lineup-projections-2026-27-season","participant_unresolved",FALSE,"Jake Christiansen","scratched",NA,NA,NA,8481161,"exact_normalized","D",NA,NA,NA
"2026-10-10_180157_38074132924_1_17a65d0afd5e42418df207b044e3357a",2026020079,29,"CBJ","2026-10-10","2026-10-10T18:03:39.882Z","2026-10-10T23:00:00Z","2026-10-10","https://www.nhl.com/news/nhl-lineup-projections-2026-27-season","participant_unresolved",FALSE,"Dante Fabbro","injured",NA,NA,"hand",8479371,"exact_normalized","D",NA,NA,NA
"2026-10-10_180157_38074132924_1_17a65d0afd5e42418df207b044e3357a",2026020079,29,"CBJ","2026-10-10","2026-10-10T18:03:39.882Z","2026-10-10T23:00:00Z","2026-10-10","https://www.nhl.com/news/nhl-lineup-projections-2026-27-season","participant_unresolved",FALSE,"Ivan Provorov","injured",NA,NA,"lower body",8478500,"exact_normalized","D",NA,NA,NA
"2026-10-10_180157_38074132924_1_17a65d0afd5e42418df207b044e3357a",2026020079,29,"CBJ","2026-10-10","2026-10-10T18:03:39.882Z","2026-10-10T23:00:00Z","2026-10-10","https://www.nhl.com/news/nhl-lineup-projections-2026-27-season","participant_unresolved",FALSE,"Isac Lundestrom","injured",NA,NA,"lower body",NA,"unmatched",NA,NA,NA,"unmatched"
"2026-10-10_180157_38074132924_1_17a65d0afd5e42418df207b044e3357a",2026020079,19,"STL","2026-10-10","2026-10-10T18:03:39.882Z","2026-10-10T23:00:00Z","2026-10-10","https://www.nhl.com/news/nhl-lineup-projections-2026-27-season","matched",TRUE,"Dylan Holloway","skater",1,1,NA,8482077,"exact_normalized","F",1,NA,NA
"2026-10-10_180157_38074132924_1_17a65d0afd5e42418df207b044e3357a",2026020079,19,"STL","2026-10-10","2026-10-10T18:03:39.882Z","2026-10-10T23:00:00Z","2026-10-10","https://www.nhl.com/news/nhl-lineup-projections-2026-27-season","matched",TRUE,"Robert Thomas","skater",1,2,NA,8480023,"exact_normalized","F",1,NA,NA
"2026-10-10_180157_38074132924_1_17a65d0afd5e42418df207b044e3357a",2026020079,19,"STL","2026-10-10","2026-10-10T18:03:39.882Z","2026-10-10T23:00:00Z","2026-10-10","https://www.nhl.com/news/nhl-lineup-projections-2026-27-season","matched",TRUE,"Jimmy Snuggerud","skater",1,3,NA,8483516,"exact_normalized","F",1,NA,NA
"2026-10-10_180157_38074132924_1_17a65d0afd5e42418df207b044e3357a",2026020079,19,"STL","2026-10-10","2026-10-10T18:03:39.882Z","2026-10-10T23:00:00Z","2026-10-10","https://www.nhl.com/news/nhl-lineup-projections-2026-27-season","matched",TRUE,"Connor McMichael","skater",2,1,NA,8481580,"exact_normalized","F",2,NA,NA
"2026-10-10_180157_38074132924_1_17a65d0afd5e42418df207b044e3357a",2026020079,19,"STL","2026-10-10","2026-10-10T18:03:39.882Z","2026-10-10T23:00:00Z","2026-10-10","https://www.nhl.com/news/nhl-lineup-projections-2026-27-season","matched",TRUE,"Mason McTavish","skater",2,2,NA,8482745,"exact_normalized","F",2,NA,NA
"2026-10-10_180157_38074132924_1_17a65d0afd5e42418df207b044e3357a",2026020079,19,"STL","2026-10-10","2026-10-10T18:03:39.882Z","2026-10-10T23:00:00Z","2026-10-10","https://www.nhl.com/news/nhl-lineup-projections-2026-27-season","matched",TRUE,"Jonatan Berggren","skater",2,3,NA,8481013,"exact_normalized","F",2,NA,NA
"2026-10-10_180157_38074132924_1_17a65d0afd5e42418df207b044e3357a",2026020079,19,"STL","2026-10-10","2026-10-10T18:03:39.882Z","2026-10-10T23:00:00Z","2026-10-10","https://www.nhl.com/news/nhl-lineup-projections-2026-27-season","matched",TRUE,"Jake Neighbours","skater",3,1,NA,8482089,"exact_normalized","F",3,NA,NA
"2026-10-10_180157_38074132924_1_17a65d0afd5e42418df207b044e3357a",2026020079,19,"STL","2026-10-10","2026-10-10T18:03:39.882Z","2026-10-10T23:00:00Z","2026-10-10","https://www.nhl.com/news/nhl-lineup-projections-2026-27-season","matched",TRUE,"Dalibor Dvorsky","skater",3,2,NA,8484164,"exact_normalized","F",3,NA,NA
"2026-10-10_180157_38074132924_1_17a65d0afd5e42418df207b044e3357a",2026020079,19,"STL","2026-10-10","2026-10-10T18:03:39.882Z","2026-10-10T23:00:00Z","2026-10-10","https://www.nhl.com/news/nhl-lineup-projections-2026-27-season","matched",TRUE,"Pavel Buchnevich","skater",3,3,NA,8477402,"exact_normalized","F",3,NA,NA
"2026-10-10_180157_38074132924_1_17a65d0afd5e42418df207b044e3357a",2026020079,19,"STL","2026-10-10","2026-10-10T18:03:39.882Z","2026-10-10T23:00:00Z","2026-10-10","https://www.nhl.com/news/nhl-lineup-projections-2026-27-season","matched",TRUE,"Ross Johnston","skater",4,1,NA,8477527,"exact_normalized","F",4,NA,NA
"2026-10-10_180157_38074132924_1_17a65d0afd5e42418df207b044e3357a",2026020079,19,"STL","2026-10-10","2026-10-10T18:03:39.882Z","2026-10-10T23:00:00Z","2026-10-10","https://www.nhl.com/news/nhl-lineup-projections-2026-27-season","matched",TRUE,"Pius Suter","skater",4,2,NA,8480459,"exact_normalized","F",4,NA,NA
"2026-10-10_180157_38074132924_1_17a65d0afd5e42418df207b044e3357a",2026020079,19,"STL","2026-10-10","2026-10-10T18:03:39.882Z","2026-10-10T23:00:00Z","2026-10-10","https://www.nhl.com/news/nhl-lineup-projections-2026-27-season","matched",TRUE,"Zach Dean","skater",4,3,NA,8482784,"exact_normalized","F",4,NA,NA
"2026-10-10_180157_38074132924_1_17a65d0afd5e42418df207b044e3357a",2026020079,19,"STL","2026-10-10","2026-10-10T18:03:39.882Z","2026-10-10T23:00:00Z","2026-10-10","https://www.nhl.com/news/nhl-lineup-projections-2026-27-season","matched",TRUE,"Philip Broberg","skater",5,1,NA,8481598,"exact_normalized","D",NA,1,NA
"2026-10-10_180157_38074132924_1_17a65d0afd5e42418df207b044e3357a",2026020079,19,"STL","2026-10-10","2026-10-10T18:03:39.882Z","2026-10-10T23:00:00Z","2026-10-10","https://www.nhl.com/news/nhl-lineup-projections-2026-27-season","matched",TRUE,"Adam Jiricek","skater",5,2,NA,8484790,"exact_normalized","D",NA,1,NA
"2026-10-10_180157_38074132924_1_17a65d0afd5e42418df207b044e3357a",2026020079,19,"STL","2026-10-10","2026-10-10T18:03:39.882Z","2026-10-10T23:00:00Z","2026-10-10","https://www.nhl.com/news/nhl-lineup-projections-2026-27-season","matched",TRUE,"Justin Barron","skater",6,1,NA,8482111,"exact_normalized","D",NA,2,NA
"2026-10-10_180157_38074132924_1_17a65d0afd5e42418df207b044e3357a",2026020079,19,"STL","2026-10-10","2026-10-10T18:03:39.882Z","2026-10-10T23:00:00Z","2026-10-10","https://www.nhl.com/news/nhl-lineup-projections-2026-27-season","matched",TRUE,"Colton Parayko","skater",6,2,NA,8476892,"exact_normalized","D",NA,2,NA
"2026-10-10_180157_38074132924_1_17a65d0afd5e42418df207b044e3357a",2026020079,19,"STL","2026-10-10","2026-10-10T18:03:39.882Z","2026-10-10T23:00:00Z","2026-10-10","https://www.nhl.com/news/nhl-lineup-projections-2026-27-season","matched",TRUE,"Cam Fowler","skater",7,1,NA,8475764,"exact_normalized","D",NA,3,NA
"2026-10-10_180157_38074132924_1_17a65d0afd5e42418df207b044e3357a",2026020079,19,"STL","2026-10-10","2026-10-10T18:03:39.882Z","2026-10-10T23:00:00Z","2026-10-10","https://www.nhl.com/news/nhl-lineup-projections-2026-27-season","matched",TRUE,"Brandon Carlo","skater",7,2,NA,8478443,"exact_normalized","D",NA,3,NA
"2026-10-10_180157_38074132924_1_17a65d0afd5e42418df207b044e3357a",2026020079,19,"STL","2026-10-10","2026-10-10T18:03:39.882Z","2026-10-10T23:00:00Z","2026-10-10","https://www.nhl.com/news/nhl-lineup-projections-2026-27-season","matched",TRUE,"Jordan Binnington","starter",NA,NA,NA,8476412,"exact_normalized","G",NA,NA,NA
"2026-10-10_180157_38074132924_1_17a65d0afd5e42418df207b044e3357a",2026020079,19,"STL","2026-10-10","2026-10-10T18:03:39.882Z","2026-10-10T23:00:00Z","2026-10-10","https://www.nhl.com/news/nhl-lineup-projections-2026-27-season","matched",TRUE,"Joel Hofer","backup",NA,NA,NA,8480981,"exact_normalized","G",NA,NA,NA
"2026-10-10_180157_38074132924_1_17a65d0afd5e42418df207b044e3357a",2026020079,19,"STL","2026-10-10","2026-10-10T18:03:39.882Z","2026-10-10T23:00:00Z","2026-10-10","https://www.nhl.com/news/nhl-lineup-projections-2026-27-season","matched",TRUE,"Theo Lindstein","scratched",NA,NA,NA,8484188,"exact_normalized","D",NA,NA,NA
"2026-10-10_180157_38074132924_1_17a65d0afd5e42418df207b044e3357a",2026020079,19,"STL","2026-10-10","2026-10-10T18:03:39.882Z","2026-10-10T23:00:00Z","2026-10-10","https://www.nhl.com/news/nhl-lineup-projections-2026-27-season","matched",TRUE,"Logan Mailloux","injured",NA,NA,"hand",8482733,"exact_normalized","D",NA,NA,NA
"2026-10-10_180157_38074132924_1_17a65d0afd5e42418df207b044e3357a",2026020079,19,"STL","2026-10-10","2026-10-10T18:03:39.882Z","2026-10-10T23:00:00Z","2026-10-10","https://www.nhl.com/news/nhl-lineup-projections-2026-27-season","matched",TRUE,"Tyler Tucker","injured",NA,NA,"knee",8481006,"exact_normalized","D",NA,NA,NA
"2026-10-10_180157_38074132924_1_17a65d0afd5e42418df207b044e3357a",2026020079,19,"STL","2026-10-10","2026-10-10T18:03:39.882Z","2026-10-10T23:00:00Z","2026-10-10","https://www.nhl.com/news/nhl-lineup-projections-2026-27-season","matched",TRUE,"Alexey Toropchenko","injured",NA,NA,"upper body",8480281,"exact_normalized","F",NA,NA,NA
"2026-10-10_180157_38074132924_1_17a65d0afd5e42418df207b044e3357a",2026020079,19,"STL","2026-10-10","2026-10-10T18:03:39.882Z","2026-10-10T23:00:00Z","2026-10-10","https://www.nhl.com/news/nhl-lineup-projections-2026-27-season","matched",TRUE,"Dillon Dube","injured",NA,NA,"neck",8479346,"exact_normalized","F",NA,NA,NA
"2026-10-10_180157_38074132924_1_17a65d0afd5e42418df207b044e3357a",2026020080,10,"TOR","2026-10-10","2026-10-10T18:03:39.882Z","2026-10-10T23:00:00Z","2026-10-10","https://www.nhl.com/news/nhl-lineup-projections-2026-27-season","matched",TRUE,"Kirill Marchenko","skater",1,1,NA,8480893,"exact_normalized","F",1,NA,NA
"2026-10-10_180157_38074132924_1_17a65d0afd5e42418df207b044e3357a",2026020080,10,"TOR","2026-10-10","2026-10-10T18:03:39.882Z","2026-10-10T23:00:00Z","2026-10-10","https://www.nhl.com/news/nhl-lineup-projections-2026-27-season","matched",TRUE,"Auston Matthews","skater",1,2,NA,8479318,"exact_normalized","F",1,NA,NA
"2026-10-10_180157_38074132924_1_17a65d0afd5e42418df207b044e3357a",2026020080,10,"TOR","2026-10-10","2026-10-10T18:03:39.882Z","2026-10-10T23:00:00Z","2026-10-10","https://www.nhl.com/news/nhl-lineup-projections-2026-27-season","matched",TRUE,"Jack Roslovic","skater",1,3,NA,8478458,"exact_normalized","F",1,NA,NA
"2026-10-10_180157_38074132924_1_17a65d0afd5e42418df207b044e3357a",2026020080,10,"TOR","2026-10-10","2026-10-10T18:03:39.882Z","2026-10-10T23:00:00Z","2026-10-10","https://www.nhl.com/news/nhl-lineup-projections-2026-27-season","matched",TRUE,"Easton Cowan","skater",2,1,NA,8484158,"exact_normalized","F",2,NA,NA
"2026-10-10_180157_38074132924_1_17a65d0afd5e42418df207b044e3357a",2026020080,10,"TOR","2026-10-10","2026-10-10T18:03:39.882Z","2026-10-10T23:00:00Z","2026-10-10","https://www.nhl.com/news/nhl-lineup-projections-2026-27-season","matched",TRUE,"Nick Paul","skater",2,2,NA,8477426,"exact_normalized","F",2,NA,NA
"2026-10-10_180157_38074132924_1_17a65d0afd5e42418df207b044e3357a",2026020080,10,"TOR","2026-10-10","2026-10-10T18:03:39.882Z","2026-10-10T23:00:00Z","2026-10-10","https://www.nhl.com/news/nhl-lineup-projections-2026-27-season","matched",TRUE,"William Nylander","skater",2,3,NA,8477939,"exact_normalized","F",2,NA,NA
"2026-10-10_180157_38074132924_1_17a65d0afd5e42418df207b044e3357a",2026020080,10,"TOR","2026-10-10","2026-10-10T18:03:39.882Z","2026-10-10T23:00:00Z","2026-10-10","https://www.nhl.com/news/nhl-lineup-projections-2026-27-season","matched",TRUE,"Gavin McKenna","skater",3,1,NA,8486067,"exact_normalized","F",3,NA,NA
"2026-10-10_180157_38074132924_1_17a65d0afd5e42418df207b044e3357a",2026020080,10,"TOR","2026-10-10","2026-10-10T18:03:39.882Z","2026-10-10T23:00:00Z","2026-10-10","https://www.nhl.com/news/nhl-lineup-projections-2026-27-season","matched",TRUE,"Colton Sissons","skater",3,2,NA,8476925,"exact_normalized","F",3,NA,NA
"2026-10-10_180157_38074132924_1_17a65d0afd5e42418df207b044e3357a",2026020080,10,"TOR","2026-10-10","2026-10-10T18:03:39.882Z","2026-10-10T23:00:00Z","2026-10-10","https://www.nhl.com/news/nhl-lineup-projections-2026-27-season","matched",TRUE,"Bo Groulx","skater",3,3,NA,8480870,"exact_normalized","F",3,NA,NA
"2026-10-10_180157_38074132924_1_17a65d0afd5e42418df207b044e3357a",2026020080,10,"TOR","2026-10-10","2026-10-10T18:03:39.882Z","2026-10-10T23:00:00Z","2026-10-10","https://www.nhl.com/news/nhl-lineup-projections-2026-27-season","matched",TRUE,"Zack MacEwen","skater",4,1,NA,8479772,"exact_normalized","F",4,NA,NA
"2026-10-10_180157_38074132924_1_17a65d0afd5e42418df207b044e3357a",2026020080,10,"TOR","2026-10-10","2026-10-10T18:03:39.882Z","2026-10-10T23:00:00Z","2026-10-10","https://www.nhl.com/news/nhl-lineup-projections-2026-27-season","matched",TRUE,"Teddy Blueger","skater",4,2,NA,8476927,"exact_normalized","F",4,NA,NA
"2026-10-10_180157_38074132924_1_17a65d0afd5e42418df207b044e3357a",2026020080,10,"TOR","2026-10-10","2026-10-10T18:03:39.882Z","2026-10-10T23:00:00Z","2026-10-10","https://www.nhl.com/news/nhl-lineup-projections-2026-27-season","matched",TRUE,"Brandon Duhaime","skater",4,3,NA,8479520,"exact_normalized","F",4,NA,NA
"2026-10-10_180157_38074132924_1_17a65d0afd5e42418df207b044e3357a",2026020080,10,"TOR","2026-10-10","2026-10-10T18:03:39.882Z","2026-10-10T23:00:00Z","2026-10-10","https://www.nhl.com/news/nhl-lineup-projections-2026-27-season","matched",TRUE,"Jake McCabe","skater",5,1,NA,8476931,"exact_normalized","D",NA,1,NA
"2026-10-10_180157_38074132924_1_17a65d0afd5e42418df207b044e3357a",2026020080,10,"TOR","2026-10-10","2026-10-10T18:03:39.882Z","2026-10-10T23:00:00Z","2026-10-10","https://www.nhl.com/news/nhl-lineup-projections-2026-27-season","matched",TRUE,"Darren Raddysh","skater",5,2,NA,8478178,"exact_normalized","D",NA,1,NA
"2026-10-10_180157_38074132924_1_17a65d0afd5e42418df207b044e3357a",2026020080,10,"TOR","2026-10-10","2026-10-10T18:03:39.882Z","2026-10-10T23:00:00Z","2026-10-10","https://www.nhl.com/news/nhl-lineup-projections-2026-27-season","matched",TRUE,"Morgan Rielly","skater",6,1,NA,8476853,"exact_normalized","D",NA,2,NA
"2026-10-10_180157_38074132924_1_17a65d0afd5e42418df207b044e3357a",2026020080,10,"TOR","2026-10-10","2026-10-10T18:03:39.882Z","2026-10-10T23:00:00Z","2026-10-10","https://www.nhl.com/news/nhl-lineup-projections-2026-27-season","matched",TRUE,"Chris Tanev","skater",6,2,NA,8475690,"exact_normalized","D",NA,2,NA
"2026-10-10_180157_38074132924_1_17a65d0afd5e42418df207b044e3357a",2026020080,10,"TOR","2026-10-10","2026-10-10T18:03:39.882Z","2026-10-10T23:00:00Z","2026-10-10","https://www.nhl.com/news/nhl-lineup-projections-2026-27-season","matched",TRUE,"Oliver Ekman-Larsson","skater",7,1,NA,8475171,"exact_normalized","D",NA,3,NA
"2026-10-10_180157_38074132924_1_17a65d0afd5e42418df207b044e3357a",2026020080,10,"TOR","2026-10-10","2026-10-10T18:03:39.882Z","2026-10-10T23:00:00Z","2026-10-10","https://www.nhl.com/news/nhl-lineup-projections-2026-27-season","matched",TRUE,"Troy Stecher","skater",7,2,NA,8479442,"exact_normalized","D",NA,3,NA
"2026-10-10_180157_38074132924_1_17a65d0afd5e42418df207b044e3357a",2026020080,10,"TOR","2026-10-10","2026-10-10T18:03:39.882Z","2026-10-10T23:00:00Z","2026-10-10","https://www.nhl.com/news/nhl-lineup-projections-2026-27-season","matched",TRUE,"Anthony Stolarz","starter",NA,NA,NA,8476932,"exact_normalized","G",NA,NA,NA
"2026-10-10_180157_38074132924_1_17a65d0afd5e42418df207b044e3357a",2026020080,10,"TOR","2026-10-10","2026-10-10T18:03:39.882Z","2026-10-10T23:00:00Z","2026-10-10","https://www.nhl.com/news/nhl-lineup-projections-2026-27-season","matched",TRUE,"Sergei Bobrovsky","backup",NA,NA,NA,8475683,"exact_normalized","G",NA,NA,NA
"2026-10-10_180157_38074132924_1_17a65d0afd5e42418df207b044e3357a",2026020080,10,"TOR","2026-10-10","2026-10-10T18:03:39.882Z","2026-10-10T23:00:00Z","2026-10-10","https://www.nhl.com/news/nhl-lineup-projections-2026-27-season","matched",TRUE,"Nick Blankenburg","scratched",NA,NA,NA,8483565,"exact_normalized","D",NA,NA,NA
"2026-10-10_180157_38074132924_1_17a65d0afd5e42418df207b044e3357a",2026020080,10,"TOR","2026-10-10","2026-10-10T18:03:39.882Z","2026-10-10T23:00:00Z","2026-10-10","https://www.nhl.com/news/nhl-lineup-projections-2026-27-season","matched",TRUE,"Miles Wood","scratched",NA,NA,NA,8477425,"exact_normalized","F",NA,NA,NA
"2026-10-10_180157_38074132924_1_17a65d0afd5e42418df207b044e3357a",2026020080,10,"TOR","2026-10-10","2026-10-10T18:03:39.882Z","2026-10-10T23:00:00Z","2026-10-10","https://www.nhl.com/news/nhl-lineup-projections-2026-27-season","matched",TRUE,"John Tavares","scratched",NA,NA,NA,8475166,"exact_normalized","F",NA,NA,NA
"2026-10-10_180157_38074132924_1_17a65d0afd5e42418df207b044e3357a",2026020080,10,"TOR","2026-10-10","2026-10-10T18:03:39.882Z","2026-10-10T23:00:00Z","2026-10-10","https://www.nhl.com/news/nhl-lineup-projections-2026-27-season","matched",TRUE,"Dakota Joshua","injured",NA,NA,"core",NA,"unmatched",NA,NA,NA,"unmatched"
"2026-10-10_180157_38074132924_1_17a65d0afd5e42418df207b044e3357a",2026020080,10,"TOR","2026-10-10","2026-10-10T18:03:39.882Z","2026-10-10T23:00:00Z","2026-10-10","https://www.nhl.com/news/nhl-lineup-projections-2026-27-season","matched",TRUE,"Max Domi","injured",NA,NA,"undisclosed",NA,"unmatched",NA,NA,NA,"unmatched"
"2026-10-10_180157_38074132924_1_17a65d0afd5e42418df207b044e3357a",2026020080,21,"COL","2026-10-10","2026-10-10T18:03:39.882Z","2026-10-10T23:00:00Z","2026-10-10","https://www.nhl.com/news/nhl-lineup-projections-2026-27-season","matched",TRUE,"Artturi Lehkonen","skater",1,1,NA,8477476,"exact_normalized","F",1,NA,NA
"2026-10-10_180157_38074132924_1_17a65d0afd5e42418df207b044e3357a",2026020080,21,"COL","2026-10-10","2026-10-10T18:03:39.882Z","2026-10-10T23:00:00Z","2026-10-10","https://www.nhl.com/news/nhl-lineup-projections-2026-27-season","matched",TRUE,"Nathan MacKinnon","skater",1,2,NA,8477492,"exact_normalized","F",1,NA,NA
"2026-10-10_180157_38074132924_1_17a65d0afd5e42418df207b044e3357a",2026020080,21,"COL","2026-10-10","2026-10-10T18:03:39.882Z","2026-10-10T23:00:00Z","2026-10-10","https://www.nhl.com/news/nhl-lineup-projections-2026-27-season","matched",TRUE,"Martin Necas","skater",1,3,NA,8480039,"exact_normalized","F",1,NA,NA
"2026-10-10_180157_38074132924_1_17a65d0afd5e42418df207b044e3357a",2026020080,21,"COL","2026-10-10","2026-10-10T18:03:39.882Z","2026-10-10T23:00:00Z","2026-10-10","https://www.nhl.com/news/nhl-lineup-projections-2026-27-season","matched",TRUE,"Gabriel Landeskog","skater",2,1,NA,8476455,"exact_normalized","F",2,NA,NA
"2026-10-10_180157_38074132924_1_17a65d0afd5e42418df207b044e3357a",2026020080,21,"COL","2026-10-10","2026-10-10T18:03:39.882Z","2026-10-10T23:00:00Z","2026-10-10","https://www.nhl.com/news/nhl-lineup-projections-2026-27-season","matched",TRUE,"Brock Nelson","skater",2,2,NA,8475754,"exact_normalized","F",2,NA,NA
"2026-10-10_180157_38074132924_1_17a65d0afd5e42418df207b044e3357a",2026020080,21,"COL","2026-10-10","2026-10-10T18:03:39.882Z","2026-10-10T23:00:00Z","2026-10-10","https://www.nhl.com/news/nhl-lineup-projections-2026-27-season","matched",TRUE,"Nazem Kadri","skater",2,3,NA,8475172,"exact_normalized","F",2,NA,NA
"2026-10-10_180157_38074132924_1_17a65d0afd5e42418df207b044e3357a",2026020080,21,"COL","2026-10-10","2026-10-10T18:03:39.882Z","2026-10-10T23:00:00Z","2026-10-10","https://www.nhl.com/news/nhl-lineup-projections-2026-27-season","matched",TRUE,"Jaden Schwartz","skater",3,1,NA,8475768,"exact_normalized","F",3,NA,NA
"2026-10-10_180157_38074132924_1_17a65d0afd5e42418df207b044e3357a",2026020080,21,"COL","2026-10-10","2026-10-10T18:03:39.882Z","2026-10-10T23:00:00Z","2026-10-10","https://www.nhl.com/news/nhl-lineup-projections-2026-27-season","matched",TRUE,"Fedor Svechkov","skater",3,2,NA,8482768,"exact_normalized","F",3,NA,NA
"2026-10-10_180157_38074132924_1_17a65d0afd5e42418df207b044e3357a",2026020080,21,"COL","2026-10-10","2026-10-10T18:03:39.882Z","2026-10-10T23:00:00Z","2026-10-10","https://www.nhl.com/news/nhl-lineup-projections-2026-27-season","matched",TRUE,"T.J. Hughes","skater",3,3,NA,8486171,"exact_normalized","F",3,NA,NA
"2026-10-10_180157_38074132924_1_17a65d0afd5e42418df207b044e3357a",2026020080,21,"COL","2026-10-10","2026-10-10T18:03:39.882Z","2026-10-10T23:00:00Z","2026-10-10","https://www.nhl.com/news/nhl-lineup-projections-2026-27-season","matched",TRUE,"Parker Kelly","skater",4,1,NA,8480448,"exact_normalized","F",4,NA,NA
"2026-10-10_180157_38074132924_1_17a65d0afd5e42418df207b044e3357a",2026020080,21,"COL","2026-10-10","2026-10-10T18:03:39.882Z","2026-10-10T23:00:00Z","2026-10-10","https://www.nhl.com/news/nhl-lineup-projections-2026-27-season","matched",TRUE,"Nicolas Roy","skater",4,2,NA,8478462,"exact_normalized","F",4,NA,NA
"2026-10-10_180157_38074132924_1_17a65d0afd5e42418df207b044e3357a",2026020080,21,"COL","2026-10-10","2026-10-10T18:03:39.882Z","2026-10-10T23:00:00Z","2026-10-10","https://www.nhl.com/news/nhl-lineup-projections-2026-27-season","matched",TRUE,"Zachary L’Heureux","skater",4,3,NA,8482742,"exact_normalized","F",4,NA,NA
"2026-10-10_180157_38074132924_1_17a65d0afd5e42418df207b044e3357a",2026020080,21,"COL","2026-10-10","2026-10-10T18:03:39.882Z","2026-10-10T23:00:00Z","2026-10-10","https://www.nhl.com/news/nhl-lineup-projections-2026-27-season","matched",TRUE,"Devon Toews","skater",5,1,NA,8478038,"exact_normalized","D",NA,1,NA
"2026-10-10_180157_38074132924_1_17a65d0afd5e42418df207b044e3357a",2026020080,21,"COL","2026-10-10","2026-10-10T18:03:39.882Z","2026-10-10T23:00:00Z","2026-10-10","https://www.nhl.com/news/nhl-lineup-projections-2026-27-season","matched",TRUE,"Cale Makar","skater",5,2,NA,8480069,"exact_normalized","D",NA,1,NA
"2026-10-10_180157_38074132924_1_17a65d0afd5e42418df207b044e3357a",2026020080,21,"COL","2026-10-10","2026-10-10T18:03:39.882Z","2026-10-10T23:00:00Z","2026-10-10","https://www.nhl.com/news/nhl-lineup-projections-2026-27-season","matched",TRUE,"Brett Kulak","skater",6,1,NA,8476967,"exact_normalized","D",NA,2,NA
"2026-10-10_180157_38074132924_1_17a65d0afd5e42418df207b044e3357a",2026020080,21,"COL","2026-10-10","2026-10-10T18:03:39.882Z","2026-10-10T23:00:00Z","2026-10-10","https://www.nhl.com/news/nhl-lineup-projections-2026-27-season","matched",TRUE,"Sam Malinski","skater",6,2,NA,8484258,"exact_normalized","D",NA,2,NA
"2026-10-10_180157_38074132924_1_17a65d0afd5e42418df207b044e3357a",2026020080,21,"COL","2026-10-10","2026-10-10T18:03:39.882Z","2026-10-10T23:00:00Z","2026-10-10","https://www.nhl.com/news/nhl-lineup-projections-2026-27-season","matched",TRUE,"Josh Manson","skater",7,1,NA,8476312,"exact_normalized","D",NA,3,NA
"2026-10-10_180157_38074132924_1_17a65d0afd5e42418df207b044e3357a",2026020080,21,"COL","2026-10-10","2026-10-10T18:03:39.882Z","2026-10-10T23:00:00Z","2026-10-10","https://www.nhl.com/news/nhl-lineup-projections-2026-27-season","matched",TRUE,"Brent Burns","skater",7,2,NA,8470613,"exact_normalized","D",NA,3,NA
"2026-10-10_180157_38074132924_1_17a65d0afd5e42418df207b044e3357a",2026020080,21,"COL","2026-10-10","2026-10-10T18:03:39.882Z","2026-10-10T23:00:00Z","2026-10-10","https://www.nhl.com/news/nhl-lineup-projections-2026-27-season","matched",TRUE,"Mackenzie Blackwood","starter",NA,NA,NA,8478406,"exact_normalized","G",NA,NA,NA
"2026-10-10_180157_38074132924_1_17a65d0afd5e42418df207b044e3357a",2026020080,21,"COL","2026-10-10","2026-10-10T18:03:39.882Z","2026-10-10T23:00:00Z","2026-10-10","https://www.nhl.com/news/nhl-lineup-projections-2026-27-season","matched",TRUE,"Scott Wedgewood","backup",NA,NA,NA,8475809,"exact_normalized","G",NA,NA,NA
"2026-10-10_180157_38074132924_1_17a65d0afd5e42418df207b044e3357a",2026020080,21,"COL","2026-10-10","2026-10-10T18:03:39.882Z","2026-10-10T23:00:00Z","2026-10-10","https://www.nhl.com/news/nhl-lineup-projections-2026-27-season","matched",TRUE,"Noah Juulsen","scratched",NA,NA,NA,8478454,"exact_normalized","D",NA,NA,NA
"2026-10-10_180157_38074132924_1_17a65d0afd5e42418df207b044e3357a",2026020080,21,"COL","2026-10-10","2026-10-10T18:03:39.882Z","2026-10-10T23:00:00Z","2026-10-10","https://www.nhl.com/news/nhl-lineup-projections-2026-27-season","matched",TRUE,"Logan O'Connor","scratched",NA,NA,NA,8481186,"exact_normalized","F",NA,NA,NA
"2026-10-10_180157_38074132924_1_17a65d0afd5e42418df207b044e3357a",2026020081,14,"TBL","2026-10-10","2026-10-10T18:03:39.882Z","2026-10-10T23:30:00Z","2026-10-10","https://www.nhl.com/news/nhl-lineup-projections-2026-27-season","matched",TRUE,"Gage Goncalves","skater",1,1,NA,8482201,"exact_normalized","F",1,NA,NA
"2026-10-10_180157_38074132924_1_17a65d0afd5e42418df207b044e3357a",2026020081,14,"TBL","2026-10-10","2026-10-10T18:03:39.882Z","2026-10-10T23:30:00Z","2026-10-10","https://www.nhl.com/news/nhl-lineup-projections-2026-27-season","matched",TRUE,"Brayden Point","skater",1,2,NA,8478010,"exact_normalized","F",1,NA,NA
"2026-10-10_180157_38074132924_1_17a65d0afd5e42418df207b044e3357a",2026020081,14,"TBL","2026-10-10","2026-10-10T18:03:39.882Z","2026-10-10T23:30:00Z","2026-10-10","https://www.nhl.com/news/nhl-lineup-projections-2026-27-season","matched",TRUE,"Nikita Kucherov","skater",1,3,NA,8476453,"exact_normalized","F",1,NA,NA
"2026-10-10_180157_38074132924_1_17a65d0afd5e42418df207b044e3357a",2026020081,14,"TBL","2026-10-10","2026-10-10T18:03:39.882Z","2026-10-10T23:30:00Z","2026-10-10","https://www.nhl.com/news/nhl-lineup-projections-2026-27-season","matched",TRUE,"Jake Guentzel","skater",2,1,NA,8477404,"exact_normalized","F",2,NA,NA
"2026-10-10_180157_38074132924_1_17a65d0afd5e42418df207b044e3357a",2026020081,14,"TBL","2026-10-10","2026-10-10T18:03:39.882Z","2026-10-10T23:30:00Z","2026-10-10","https://www.nhl.com/news/nhl-lineup-projections-2026-27-season","matched",TRUE,"Anthony Cirelli","skater",2,2,NA,8478519,"exact_normalized","F",2,NA,NA
"2026-10-10_180157_38074132924_1_17a65d0afd5e42418df207b044e3357a",2026020081,14,"TBL","2026-10-10","2026-10-10T18:03:39.882Z","2026-10-10T23:30:00Z","2026-10-10","https://www.nhl.com/news/nhl-lineup-projections-2026-27-season","matched",TRUE,"Brandon Hagel","skater",2,3,NA,8479542,"exact_normalized","F",2,NA,NA
"2026-10-10_180157_38074132924_1_17a65d0afd5e42418df207b044e3357a",2026020081,14,"TBL","2026-10-10","2026-10-10T18:03:39.882Z","2026-10-10T23:30:00Z","2026-10-10","https://www.nhl.com/news/nhl-lineup-projections-2026-27-season","matched",TRUE,"Ilya Mikheyev","skater",3,1,NA,8481624,"exact_normalized","F",3,NA,NA
"2026-10-10_180157_38074132924_1_17a65d0afd5e42418df207b044e3357a",2026020081,14,"TBL","2026-10-10","2026-10-10T18:03:39.882Z","2026-10-10T23:30:00Z","2026-10-10","https://www.nhl.com/news/nhl-lineup-projections-2026-27-season","matched",TRUE,"Zemgus Girgensons","skater",3,2,NA,8476878,"exact_normalized","F",3,NA,NA
"2026-10-10_180157_38074132924_1_17a65d0afd5e42418df207b044e3357a",2026020081,14,"TBL","2026-10-10","2026-10-10T18:03:39.882Z","2026-10-10T23:30:00Z","2026-10-10","https://www.nhl.com/news/nhl-lineup-projections-2026-27-season","matched",TRUE,"Pontus Holmberg","skater",3,3,NA,8480995,"exact_normalized","F",3,NA,NA
"2026-10-10_180157_38074132924_1_17a65d0afd5e42418df207b044e3357a",2026020081,14,"TBL","2026-10-10","2026-10-10T18:03:39.882Z","2026-10-10T23:30:00Z","2026-10-10","https://www.nhl.com/news/nhl-lineup-projections-2026-27-season","matched",TRUE,"Jeffrey Viel","skater",4,1,NA,8479705,"exact_normalized","F",4,NA,NA
"2026-10-10_180157_38074132924_1_17a65d0afd5e42418df207b044e3357a",2026020081,14,"TBL","2026-10-10","2026-10-10T18:03:39.882Z","2026-10-10T23:30:00Z","2026-10-10","https://www.nhl.com/news/nhl-lineup-projections-2026-27-season","matched",TRUE,"- Conor Geekie","skater",4,2,NA,8483447,"exact_normalized","F",4,NA,NA
"2026-10-10_180157_38074132924_1_17a65d0afd5e42418df207b044e3357a",2026020081,14,"TBL","2026-10-10","2026-10-10T18:03:39.882Z","2026-10-10T23:30:00Z","2026-10-10","https://www.nhl.com/news/nhl-lineup-projections-2026-27-season","matched",TRUE,"J.J. Moser","skater",5,1,NA,8482655,"exact_normalized","D",NA,1,NA
"2026-10-10_180157_38074132924_1_17a65d0afd5e42418df207b044e3357a",2026020081,14,"TBL","2026-10-10","2026-10-10T18:03:39.882Z","2026-10-10T23:30:00Z","2026-10-10","https://www.nhl.com/news/nhl-lineup-projections-2026-27-season","matched",TRUE,"John Carlson","skater",5,2,NA,8474590,"exact_normalized","D",NA,1,NA
"2026-10-10_180157_38074132924_1_17a65d0afd5e42418df207b044e3357a",2026020081,14,"TBL","2026-10-10","2026-10-10T18:03:39.882Z","2026-10-10T23:30:00Z","2026-10-10","https://www.nhl.com/news/nhl-lineup-projections-2026-27-season","matched",TRUE,"Ryan McDonagh","skater",6,1,NA,8474151,"exact_normalized","D",NA,2,NA
"2026-10-10_180157_38074132924_1_17a65d0afd5e42418df207b044e3357a",2026020081,14,"TBL","2026-10-10","2026-10-10T18:03:39.882Z","2026-10-10T23:30:00Z","2026-10-10","https://www.nhl.com/news/nhl-lineup-projections-2026-27-season","matched",TRUE,"Erik Cernak","skater",6,2,NA,8478416,"exact_normalized","D",NA,2,NA
"2026-10-10_180157_38074132924_1_17a65d0afd5e42418df207b044e3357a",2026020081,14,"TBL","2026-10-10","2026-10-10T18:03:39.882Z","2026-10-10T23:30:00Z","2026-10-10","https://www.nhl.com/news/nhl-lineup-projections-2026-27-season","matched",TRUE,"Victor Hedman","skater",7,1,NA,8475167,"exact_normalized","D",NA,3,NA
"2026-10-10_180157_38074132924_1_17a65d0afd5e42418df207b044e3357a",2026020081,14,"TBL","2026-10-10","2026-10-10T18:03:39.882Z","2026-10-10T23:30:00Z","2026-10-10","https://www.nhl.com/news/nhl-lineup-projections-2026-27-season","matched",TRUE,"Charle-Edouard D'Astous","skater",7,2,NA,8480426,"exact_normalized","D",NA,3,NA
"2026-10-10_180157_38074132924_1_17a65d0afd5e42418df207b044e3357a",2026020081,14,"TBL","2026-10-10","2026-10-10T18:03:39.882Z","2026-10-10T23:30:00Z","2026-10-10","https://www.nhl.com/news/nhl-lineup-projections-2026-27-season","matched",TRUE,"Max Crozier","skater",8,1,NA,8481719,"exact_normalized","D",NA,4,NA
"2026-10-10_180157_38074132924_1_17a65d0afd5e42418df207b044e3357a",2026020081,14,"TBL","2026-10-10","2026-10-10T18:03:39.882Z","2026-10-10T23:30:00Z","2026-10-10","https://www.nhl.com/news/nhl-lineup-projections-2026-27-season","matched",TRUE,"Andrei Vasilevskiy","starter",NA,NA,NA,8476883,"exact_normalized","G",NA,NA,NA
"2026-10-10_180157_38074132924_1_17a65d0afd5e42418df207b044e3357a",2026020081,14,"TBL","2026-10-10","2026-10-10T18:03:39.882Z","2026-10-10T23:30:00Z","2026-10-10","https://www.nhl.com/news/nhl-lineup-projections-2026-27-season","matched",TRUE,"Dennis Hildeby","backup",NA,NA,NA,8483710,"exact_normalized","G",NA,NA,NA
"2026-10-10_180157_38074132924_1_17a65d0afd5e42418df207b044e3357a",2026020081,14,"TBL","2026-10-10","2026-10-10T18:03:39.882Z","2026-10-10T23:30:00Z","2026-10-10","https://www.nhl.com/news/nhl-lineup-projections-2026-27-season","matched",TRUE,"Scott Sabourin","scratched",NA,NA,NA,8477149,"exact_normalized","F",NA,NA,NA
"2026-10-10_180157_38074132924_1_17a65d0afd5e42418df207b044e3357a",2026020081,14,"TBL","2026-10-10","2026-10-10T18:03:39.882Z","2026-10-10T23:30:00Z","2026-10-10","https://www.nhl.com/news/nhl-lineup-projections-2026-27-season","matched",TRUE,"Emil Lilleberg","injured",NA,NA,"undisclosed",8482929,"exact_normalized","D",NA,NA,NA
"2026-10-10_180157_38074132924_1_17a65d0afd5e42418df207b044e3357a",2026020081,14,"TBL","2026-10-10","2026-10-10T18:03:39.882Z","2026-10-10T23:30:00Z","2026-10-10","https://www.nhl.com/news/nhl-lineup-projections-2026-27-season","matched",TRUE,"Dominic James","injured",NA,NA,"hand",8483752,"exact_normalized","F",NA,NA,NA
"2026-10-10_180157_38074132924_1_17a65d0afd5e42418df207b044e3357a",2026020081,14,"TBL","2026-10-10","2026-10-10T18:03:39.882Z","2026-10-10T23:30:00Z","2026-10-10","https://www.nhl.com/news/nhl-lineup-projections-2026-27-season","matched",TRUE,"Yanni Gourde","injured",NA,NA,"hip",8476826,"exact_normalized","F",NA,NA,NA
"2026-10-10_180157_38074132924_1_17a65d0afd5e42418df207b044e3357a",2026020081,2,"NYI","2026-10-10","2026-10-10T18:03:39.882Z","2026-10-10T23:30:00Z","2026-10-10","https://www.nhl.com/news/nhl-lineup-projections-2026-27-season","participant_unresolved",FALSE,"Emil Heineman","skater",1,1,NA,8482476,"exact_normalized","F",NA,NA,NA
"2026-10-10_180157_38074132924_1_17a65d0afd5e42418df207b044e3357a",2026020081,2,"NYI","2026-10-10","2026-10-10T18:03:39.882Z","2026-10-10T23:30:00Z","2026-10-10","https://www.nhl.com/news/nhl-lineup-projections-2026-27-season","participant_unresolved",FALSE,"Bo Horvat","skater",1,2,NA,8477500,"exact_normalized","F",NA,NA,NA
"2026-10-10_180157_38074132924_1_17a65d0afd5e42418df207b044e3357a",2026020081,2,"NYI","2026-10-10","2026-10-10T18:03:39.882Z","2026-10-10T23:30:00Z","2026-10-10","https://www.nhl.com/news/nhl-lineup-projections-2026-27-season","participant_unresolved",FALSE,"Kyle Palmieri","skater",1,3,NA,8475151,"exact_normalized","F",NA,NA,NA
"2026-10-10_180157_38074132924_1_17a65d0afd5e42418df207b044e3357a",2026020081,2,"NYI","2026-10-10","2026-10-10T18:03:39.882Z","2026-10-10T23:30:00Z","2026-10-10","https://www.nhl.com/news/nhl-lineup-projections-2026-27-season","participant_unresolved",FALSE,"Brayden Schenn","skater",2,1,NA,8475170,"exact_normalized","F",NA,NA,NA
"2026-10-10_180157_38074132924_1_17a65d0afd5e42418df207b044e3357a",2026020081,2,"NYI","2026-10-10","2026-10-10T18:03:39.882Z","2026-10-10T23:30:00Z","2026-10-10","https://www.nhl.com/news/nhl-lineup-projections-2026-27-season","participant_unresolved",FALSE,"Cal Ritchie","skater",2,2,NA,NA,"unmatched",NA,NA,NA,"unmatched"
"2026-10-10_180157_38074132924_1_17a65d0afd5e42418df207b044e3357a",2026020081,2,"NYI","2026-10-10","2026-10-10T18:03:39.882Z","2026-10-10T23:30:00Z","2026-10-10","https://www.nhl.com/news/nhl-lineup-projections-2026-27-season","participant_unresolved",FALSE,"Victor Eklund","skater",2,3,NA,8485388,"exact_normalized","F",NA,NA,NA
"2026-10-10_180157_38074132924_1_17a65d0afd5e42418df207b044e3357a",2026020081,2,"NYI","2026-10-10","2026-10-10T18:03:39.882Z","2026-10-10T23:30:00Z","2026-10-10","https://www.nhl.com/news/nhl-lineup-projections-2026-27-season","participant_unresolved",FALSE,"Simon Holmstrom","skater",3,1,NA,8481601,"exact_normalized","F",NA,NA,NA
"2026-10-10_180157_38074132924_1_17a65d0afd5e42418df207b044e3357a",2026020081,2,"NYI","2026-10-10","2026-10-10T18:03:39.882Z","2026-10-10T23:30:00Z","2026-10-10","https://www.nhl.com/news/nhl-lineup-projections-2026-27-season","participant_unresolved",FALSE,"Jean-Gabriel Pageau","skater",3,2,NA,8476419,"exact_normalized","F",NA,NA,NA
"2026-10-10_180157_38074132924_1_17a65d0afd5e42418df207b044e3357a",2026020081,2,"NYI","2026-10-10","2026-10-10T18:03:39.882Z","2026-10-10T23:30:00Z","2026-10-10","https://www.nhl.com/news/nhl-lineup-projections-2026-27-season","participant_unresolved",FALSE,"Anthony Duclair","skater",3,3,NA,8477407,"exact_normalized","F",NA,NA,NA
"2026-10-10_180157_38074132924_1_17a65d0afd5e42418df207b044e3357a",2026020081,2,"NYI","2026-10-10","2026-10-10T18:03:39.882Z","2026-10-10T23:30:00Z","2026-10-10","https://www.nhl.com/news/nhl-lineup-projections-2026-27-season","participant_unresolved",FALSE,"Ondrej Palat","skater",4,1,NA,8476292,"exact_normalized","F",NA,NA,NA
"2026-10-10_180157_38074132924_1_17a65d0afd5e42418df207b044e3357a",2026020081,2,"NYI","2026-10-10","2026-10-10T18:03:39.882Z","2026-10-10T23:30:00Z","2026-10-10","https://www.nhl.com/news/nhl-lineup-projections-2026-27-season","participant_unresolved",FALSE,"Casey Cizikas","skater",4,2,NA,8475231,"exact_normalized","F",NA,NA,NA
"2026-10-10_180157_38074132924_1_17a65d0afd5e42418df207b044e3357a",2026020081,2,"NYI","2026-10-10","2026-10-10T18:03:39.882Z","2026-10-10T23:30:00Z","2026-10-10","https://www.nhl.com/news/nhl-lineup-projections-2026-27-season","participant_unresolved",FALSE,"Matias Maccelli","skater",4,3,NA,8481711,"exact_normalized","F",NA,NA,NA
"2026-10-10_180157_38074132924_1_17a65d0afd5e42418df207b044e3357a",2026020081,2,"NYI","2026-10-10","2026-10-10T18:03:39.882Z","2026-10-10T23:30:00Z","2026-10-10","https://www.nhl.com/news/nhl-lineup-projections-2026-27-season","participant_unresolved",FALSE,"Logan Stanley","skater",5,1,NA,8479378,"exact_normalized","D",NA,NA,NA
"2026-10-10_180157_38074132924_1_17a65d0afd5e42418df207b044e3357a",2026020081,2,"NYI","2026-10-10","2026-10-10T18:03:39.882Z","2026-10-10T23:30:00Z","2026-10-10","https://www.nhl.com/news/nhl-lineup-projections-2026-27-season","participant_unresolved",FALSE,"Matthew Schaefer","skater",5,2,NA,8485366,"exact_normalized","D",NA,NA,NA
"2026-10-10_180157_38074132924_1_17a65d0afd5e42418df207b044e3357a",2026020081,2,"NYI","2026-10-10","2026-10-10T18:03:39.882Z","2026-10-10T23:30:00Z","2026-10-10","https://www.nhl.com/news/nhl-lineup-projections-2026-27-season","participant_unresolved",FALSE,"Adam Pelech","skater",6,1,NA,8476917,"exact_normalized","D",NA,NA,NA
"2026-10-10_180157_38074132924_1_17a65d0afd5e42418df207b044e3357a",2026020081,2,"NYI","2026-10-10","2026-10-10T18:03:39.882Z","2026-10-10T23:30:00Z","2026-10-10","https://www.nhl.com/news/nhl-lineup-projections-2026-27-season","participant_unresolved",FALSE,"Ryan Pulock","skater",6,2,NA,8477506,"exact_normalized","D",NA,NA,NA
"2026-10-10_180157_38074132924_1_17a65d0afd5e42418df207b044e3357a",2026020081,2,"NYI","2026-10-10","2026-10-10T18:03:39.882Z","2026-10-10T23:30:00Z","2026-10-10","https://www.nhl.com/news/nhl-lineup-projections-2026-27-season","participant_unresolved",FALSE,"Tony DeAngelo","skater",7,1,NA,8477950,"exact_normalized","D",NA,NA,NA
"2026-10-10_180157_38074132924_1_17a65d0afd5e42418df207b044e3357a",2026020081,2,"NYI","2026-10-10","2026-10-10T18:03:39.882Z","2026-10-10T23:30:00Z","2026-10-10","https://www.nhl.com/news/nhl-lineup-projections-2026-27-season","participant_unresolved",FALSE,"Scott Mayfield","skater",7,2,NA,8476429,"exact_normalized","D",NA,NA,NA
"2026-10-10_180157_38074132924_1_17a65d0afd5e42418df207b044e3357a",2026020081,2,"NYI","2026-10-10","2026-10-10T18:03:39.882Z","2026-10-10T23:30:00Z","2026-10-10","https://www.nhl.com/news/nhl-lineup-projections-2026-27-season","participant_unresolved",FALSE,"Ilya Sorokin","starter",NA,NA,NA,8478009,"exact_normalized","G",NA,NA,NA
"2026-10-10_180157_38074132924_1_17a65d0afd5e42418df207b044e3357a",2026020081,2,"NYI","2026-10-10","2026-10-10T18:03:39.882Z","2026-10-10T23:30:00Z","2026-10-10","https://www.nhl.com/news/nhl-lineup-projections-2026-27-season","participant_unresolved",FALSE,"Semyon Varlamov","backup",NA,NA,NA,8473575,"exact_normalized","G",NA,NA,NA
"2026-10-10_180157_38074132924_1_17a65d0afd5e42418df207b044e3357a",2026020081,2,"NYI","2026-10-10","2026-10-10T18:03:39.882Z","2026-10-10T23:30:00Z","2026-10-10","https://www.nhl.com/news/nhl-lineup-projections-2026-27-season","participant_unresolved",FALSE,"Kyle MacLean","scratched",NA,NA,NA,8481237,"exact_normalized","F",NA,NA,NA
"2026-10-10_180157_38074132924_1_17a65d0afd5e42418df207b044e3357a",2026020081,2,"NYI","2026-10-10","2026-10-10T18:03:39.882Z","2026-10-10T23:30:00Z","2026-10-10","https://www.nhl.com/news/nhl-lineup-projections-2026-27-season","participant_unresolved",FALSE,"Matt Kessel","scratched",NA,NA,NA,NA,"unmatched",NA,NA,NA,"unmatched"
"2026-10-10_180157_38074132924_1_17a65d0afd5e42418df207b044e3357a",2026020081,2,"NYI","2026-10-10","2026-10-10T18:03:39.882Z","2026-10-10T23:30:00Z","2026-10-10","https://www.nhl.com/news/nhl-lineup-projections-2026-27-season","participant_unresolved",FALSE,"Mathew Barzal","injured",NA,NA,"knee",NA,"unmatched",NA,NA,NA,"unmatched"
"2026-10-10_180157_38074132924_1_17a65d0afd5e42418df207b044e3357a",2026020081,2,"NYI","2026-10-10","2026-10-10T18:03:39.882Z","2026-10-10T23:30:00Z","2026-10-10","https://www.nhl.com/news/nhl-lineup-projections-2026-27-season","participant_unresolved",FALSE,"Alexander Romanov","injured",NA,NA,"torn right ACL",8481014,"exact_normalized","D",NA,NA,NA
"2026-10-10_180157_38074132924_1_17a65d0afd5e42418df207b044e3357a",2026020082,24,"ANA","2026-10-10","2026-10-10T18:03:39.882Z","2026-10-11T02:00:00Z","2026-10-10","https://www.nhl.com/news/nhl-lineup-projections-2026-27-season","matched",TRUE,"Beckett Sennecke","skater",1,1,NA,8484762,"exact_normalized","F",1,NA,NA
"2026-10-10_180157_38074132924_1_17a65d0afd5e42418df207b044e3357a",2026020082,24,"ANA","2026-10-10","2026-10-10T18:03:39.882Z","2026-10-11T02:00:00Z","2026-10-10","https://www.nhl.com/news/nhl-lineup-projections-2026-27-season","matched",TRUE,"Leo Carlsson","skater",1,2,NA,8484153,"exact_normalized","F",1,NA,NA
"2026-10-10_180157_38074132924_1_17a65d0afd5e42418df207b044e3357a",2026020082,24,"ANA","2026-10-10","2026-10-10T18:03:39.882Z","2026-10-11T02:00:00Z","2026-10-10","https://www.nhl.com/news/nhl-lineup-projections-2026-27-season","matched",TRUE,"Sam Colangelo","skater",1,3,NA,8482118,"exact_normalized","F",1,NA,NA
"2026-10-10_180157_38074132924_1_17a65d0afd5e42418df207b044e3357a",2026020082,24,"ANA","2026-10-10","2026-10-10T18:03:39.882Z","2026-10-11T02:00:00Z","2026-10-10","https://www.nhl.com/news/nhl-lineup-projections-2026-27-season","matched",TRUE,"Nikita Nesterenko","skater",2,1,NA,8481754,"exact_normalized","F",2,NA,NA
"2026-10-10_180157_38074132924_1_17a65d0afd5e42418df207b044e3357a",2026020082,24,"ANA","2026-10-10","2026-10-10T18:03:39.882Z","2026-10-11T02:00:00Z","2026-10-10","https://www.nhl.com/news/nhl-lineup-projections-2026-27-season","matched",TRUE,"Mikael Granlund","skater",2,2,NA,8475798,"exact_normalized","F",2,NA,NA
"2026-10-10_180157_38074132924_1_17a65d0afd5e42418df207b044e3357a",2026020082,24,"ANA","2026-10-10","2026-10-10T18:03:39.882Z","2026-10-11T02:00:00Z","2026-10-10","https://www.nhl.com/news/nhl-lineup-projections-2026-27-season","matched",TRUE,"Cutter Gauthier","skater",2,3,NA,8483445,"exact_normalized","F",2,NA,NA
"2026-10-10_180157_38074132924_1_17a65d0afd5e42418df207b044e3357a",2026020082,24,"ANA","2026-10-10","2026-10-10T18:03:39.882Z","2026-10-11T02:00:00Z","2026-10-10","https://www.nhl.com/news/nhl-lineup-projections-2026-27-season","matched",TRUE,"Alex Killorn","skater",3,1,NA,8473986,"exact_normalized","F",3,NA,NA
"2026-10-10_180157_38074132924_1_17a65d0afd5e42418df207b044e3357a",2026020082,24,"ANA","2026-10-10","2026-10-10T18:03:39.882Z","2026-10-11T02:00:00Z","2026-10-10","https://www.nhl.com/news/nhl-lineup-projections-2026-27-season","matched",TRUE,"Ryan Poehling","skater",3,2,NA,8480068,"exact_normalized","F",3,NA,NA
"2026-10-10_180157_38074132924_1_17a65d0afd5e42418df207b044e3357a",2026020082,24,"ANA","2026-10-10","2026-10-10T18:03:39.882Z","2026-10-11T02:00:00Z","2026-10-10","https://www.nhl.com/news/nhl-lineup-projections-2026-27-season","matched",TRUE,"A.J. Greer","skater",3,3,NA,8478421,"exact_normalized","F",3,NA,NA
"2026-10-10_180157_38074132924_1_17a65d0afd5e42418df207b044e3357a",2026020082,24,"ANA","2026-10-10","2026-10-10T18:03:39.882Z","2026-10-11T02:00:00Z","2026-10-10","https://www.nhl.com/news/nhl-lineup-projections-2026-27-season","matched",TRUE,"Jeff Malott","skater",4,1,NA,8482408,"exact_normalized","F",4,NA,NA
"2026-10-10_180157_38074132924_1_17a65d0afd5e42418df207b044e3357a",2026020082,24,"ANA","2026-10-10","2026-10-10T18:03:39.882Z","2026-10-11T02:00:00Z","2026-10-10","https://www.nhl.com/news/nhl-lineup-projections-2026-27-season","matched",TRUE,"Tim Washe","skater",4,2,NA,8485512,"exact_normalized","F",4,NA,NA
"2026-10-10_180157_38074132924_1_17a65d0afd5e42418df207b044e3357a",2026020082,24,"ANA","2026-10-10","2026-10-10T18:03:39.882Z","2026-10-11T02:00:00Z","2026-10-10","https://www.nhl.com/news/nhl-lineup-projections-2026-27-season","matched",TRUE,"Judd Caulfield","skater",4,3,NA,8481538,"exact_normalized","F",4,NA,NA
"2026-10-10_180157_38074132924_1_17a65d0afd5e42418df207b044e3357a",2026020082,24,"ANA","2026-10-10","2026-10-10T18:03:39.882Z","2026-10-11T02:00:00Z","2026-10-10","https://www.nhl.com/news/nhl-lineup-projections-2026-27-season","matched",TRUE,"Jackson LaCombe","skater",5,1,NA,8481605,"exact_normalized","D",NA,1,NA
"2026-10-10_180157_38074132924_1_17a65d0afd5e42418df207b044e3357a",2026020082,24,"ANA","2026-10-10","2026-10-10T18:03:39.882Z","2026-10-11T02:00:00Z","2026-10-10","https://www.nhl.com/news/nhl-lineup-projections-2026-27-season","matched",TRUE,"Noah Warren","skater",5,2,NA,8483521,"exact_normalized","D",NA,1,NA
"2026-10-10_180157_38074132924_1_17a65d0afd5e42418df207b044e3357a",2026020082,24,"ANA","2026-10-10","2026-10-10T18:03:39.882Z","2026-10-11T02:00:00Z","2026-10-10","https://www.nhl.com/news/nhl-lineup-projections-2026-27-season","matched",TRUE,"Pavel Mintyukov","skater",6,1,NA,8483490,"exact_normalized","D",NA,2,NA
"2026-10-10_180157_38074132924_1_17a65d0afd5e42418df207b044e3357a",2026020082,24,"ANA","2026-10-10","2026-10-10T18:03:39.882Z","2026-10-11T02:00:00Z","2026-10-10","https://www.nhl.com/news/nhl-lineup-projections-2026-27-season","matched",TRUE,"Travis Mitchell","skater",6,2,NA,8484262,"exact_normalized","D",NA,2,NA
"2026-10-10_180157_38074132924_1_17a65d0afd5e42418df207b044e3357a",2026020082,24,"ANA","2026-10-10","2026-10-10T18:03:39.882Z","2026-10-11T02:00:00Z","2026-10-10","https://www.nhl.com/news/nhl-lineup-projections-2026-27-season","matched",TRUE,"Tyson Hinds","skater",7,1,NA,8482731,"exact_normalized","D",NA,3,NA
"2026-10-10_180157_38074132924_1_17a65d0afd5e42418df207b044e3357a",2026020082,24,"ANA","2026-10-10","2026-10-10T18:03:39.882Z","2026-10-11T02:00:00Z","2026-10-10","https://www.nhl.com/news/nhl-lineup-projections-2026-27-season","matched",TRUE,"Tristan Luneau","skater",7,2,NA,8483482,"exact_normalized","D",NA,3,NA
"2026-10-10_180157_38074132924_1_17a65d0afd5e42418df207b044e3357a",2026020082,24,"ANA","2026-10-10","2026-10-10T18:03:39.882Z","2026-10-11T02:00:00Z","2026-10-10","https://www.nhl.com/news/nhl-lineup-projections-2026-27-season","matched",TRUE,"Ville Husso","starter",NA,NA,NA,8478024,"exact_normalized","G",NA,NA,NA
"2026-10-10_180157_38074132924_1_17a65d0afd5e42418df207b044e3357a",2026020082,24,"ANA","2026-10-10","2026-10-10T18:03:39.882Z","2026-10-11T02:00:00Z","2026-10-10","https://www.nhl.com/news/nhl-lineup-projections-2026-27-season","matched",TRUE,"Lukas Dostal","backup",NA,NA,NA,8480843,"exact_normalized","G",NA,NA,NA
"2026-10-10_180157_38074132924_1_17a65d0afd5e42418df207b044e3357a",2026020082,24,"ANA","2026-10-10","2026-10-10T18:03:39.882Z","2026-10-11T02:00:00Z","2026-10-10","https://www.nhl.com/news/nhl-lineup-projections-2026-27-season","matched",TRUE,"Nick Jensen","scratched",NA,NA,NA,8475324,"exact_normalized","D",NA,NA,NA
"2026-10-10_180157_38074132924_1_17a65d0afd5e42418df207b044e3357a",2026020082,24,"ANA","2026-10-10","2026-10-10T18:03:39.882Z","2026-10-11T02:00:00Z","2026-10-10","https://www.nhl.com/news/nhl-lineup-projections-2026-27-season","matched",TRUE,"Frank Vatrano","scratched",NA,NA,NA,8478366,"exact_normalized","F",NA,NA,NA
"2026-10-10_180157_38074132924_1_17a65d0afd5e42418df207b044e3357a",2026020082,24,"ANA","2026-10-10","2026-10-10T18:03:39.882Z","2026-10-11T02:00:00Z","2026-10-10","https://www.nhl.com/news/nhl-lineup-projections-2026-27-season","matched",TRUE,"Nikita Klepov","scratched",NA,NA,NA,8486052,"exact_normalized","F",NA,NA,NA
"2026-10-10_180157_38074132924_1_17a65d0afd5e42418df207b044e3357a",2026020082,24,"ANA","2026-10-10","2026-10-10T18:03:39.882Z","2026-10-11T02:00:00Z","2026-10-10","https://www.nhl.com/news/nhl-lineup-projections-2026-27-season","matched",TRUE,"Drew Helleson","injured",NA,NA,"lower body",8481563,"exact_normalized","D",NA,NA,NA
"2026-10-10_180157_38074132924_1_17a65d0afd5e42418df207b044e3357a",2026020082,24,"ANA","2026-10-10","2026-10-10T18:03:39.882Z","2026-10-11T02:00:00Z","2026-10-10","https://www.nhl.com/news/nhl-lineup-projections-2026-27-season","matched",TRUE,"Ian Moore","injured",NA,NA,"lower body",8482178,"exact_normalized","D",NA,NA,NA
"2026-10-10_180157_38074132924_1_17a65d0afd5e42418df207b044e3357a",2026020082,24,"ANA","2026-10-10","2026-10-10T18:03:39.882Z","2026-10-11T02:00:00Z","2026-10-10","https://www.nhl.com/news/nhl-lineup-projections-2026-27-season","matched",TRUE,"Troy Terry","injured",NA,NA,"hip",NA,"unmatched",NA,NA,NA,"unmatched"
"2026-10-10_180157_38074132924_1_17a65d0afd5e42418df207b044e3357a",2026020082,20,"CGY","2026-10-10","2026-10-10T18:03:39.882Z","2026-10-11T02:00:00Z","2026-10-10","https://www.nhl.com/news/nhl-lineup-projections-2026-27-season","participant_unresolved",FALSE,"Aydar Suniev","skater",1,1,NA,8484234,"exact_normalized","F",NA,NA,NA
"2026-10-10_180157_38074132924_1_17a65d0afd5e42418df207b044e3357a",2026020082,20,"CGY","2026-10-10","2026-10-10T18:03:39.882Z","2026-10-11T02:00:00Z","2026-10-10","https://www.nhl.com/news/nhl-lineup-projections-2026-27-season","participant_unresolved",FALSE,"Morgan Frost","skater",1,2,NA,8480028,"exact_normalized","F",NA,NA,NA
"2026-10-10_180157_38074132924_1_17a65d0afd5e42418df207b044e3357a",2026020082,20,"CGY","2026-10-10","2026-10-10T18:03:39.882Z","2026-10-11T02:00:00Z","2026-10-10","https://www.nhl.com/news/nhl-lineup-projections-2026-27-season","participant_unresolved",FALSE,"Matt Coronato","skater",1,3,NA,8482679,"exact_normalized","F",NA,NA,NA
"2026-10-10_180157_38074132924_1_17a65d0afd5e42418df207b044e3357a",2026020082,20,"CGY","2026-10-10","2026-10-10T18:03:39.882Z","2026-10-11T02:00:00Z","2026-10-10","https://www.nhl.com/news/nhl-lineup-projections-2026-27-season","participant_unresolved",FALSE,"Yegor Sharangovich","skater",2,1,NA,8481068,"exact_normalized","F",NA,NA,NA
"2026-10-10_180157_38074132924_1_17a65d0afd5e42418df207b044e3357a",2026020082,20,"CGY","2026-10-10","2026-10-10T18:03:39.882Z","2026-10-11T02:00:00Z","2026-10-10","https://www.nhl.com/news/nhl-lineup-projections-2026-27-season","participant_unresolved",FALSE,"Mikael Backlund","skater",2,2,NA,8474150,"exact_normalized","F",NA,NA,NA
"2026-10-10_180157_38074132924_1_17a65d0afd5e42418df207b044e3357a",2026020082,20,"CGY","2026-10-10","2026-10-10T18:03:39.882Z","2026-10-11T02:00:00Z","2026-10-10","https://www.nhl.com/news/nhl-lineup-projections-2026-27-season","participant_unresolved",FALSE,"Joel Farabee","skater",2,3,NA,8480797,"exact_normalized","F",NA,NA,NA
"2026-10-10_180157_38074132924_1_17a65d0afd5e42418df207b044e3357a",2026020082,20,"CGY","2026-10-10","2026-10-10T18:03:39.882Z","2026-10-11T02:00:00Z","2026-10-10","https://www.nhl.com/news/nhl-lineup-projections-2026-27-season","participant_unresolved",FALSE,"Matvei Gridin","skater",3,1,NA,8484860,"exact_normalized","F",NA,NA,NA
"2026-10-10_180157_38074132924_1_17a65d0afd5e42418df207b044e3357a",2026020082,20,"CGY","2026-10-10","2026-10-10T18:03:39.882Z","2026-10-11T02:00:00Z","2026-10-10","https://www.nhl.com/news/nhl-lineup-projections-2026-27-season","participant_unresolved",FALSE,"Ryan Strome","skater",3,2,NA,8476458,"exact_normalized","F",NA,NA,NA
"2026-10-10_180157_38074132924_1_17a65d0afd5e42418df207b044e3357a",2026020082,20,"CGY","2026-10-10","2026-10-10T18:03:39.882Z","2026-10-11T02:00:00Z","2026-10-10","https://www.nhl.com/news/nhl-lineup-projections-2026-27-season","participant_unresolved",FALSE,"Maksim Tsyplakov","skater",3,3,NA,NA,"unmatched",NA,NA,NA,"unmatched"
"2026-10-10_180157_38074132924_1_17a65d0afd5e42418df207b044e3357a",2026020082,20,"CGY","2026-10-10","2026-10-10T18:03:39.882Z","2026-10-11T02:00:00Z","2026-10-10","https://www.nhl.com/news/nhl-lineup-projections-2026-27-season","participant_unresolved",FALSE,"Jonathan Castagna","skater",4,1,NA,8484154,"exact_normalized","F",NA,NA,NA
"2026-10-10_180157_38074132924_1_17a65d0afd5e42418df207b044e3357a",2026020082,20,"CGY","2026-10-10","2026-10-10T18:03:39.882Z","2026-10-11T02:00:00Z","2026-10-10","https://www.nhl.com/news/nhl-lineup-projections-2026-27-season","participant_unresolved",FALSE,"Martin Pospisil","skater",4,2,NA,8481028,"exact_normalized","F",NA,NA,NA
"2026-10-10_180157_38074132924_1_17a65d0afd5e42418df207b044e3357a",2026020082,20,"CGY","2026-10-10","2026-10-10T18:03:39.882Z","2026-10-11T02:00:00Z","2026-10-10","https://www.nhl.com/news/nhl-lineup-projections-2026-27-season","participant_unresolved",FALSE,"Adam Klapka","skater",4,3,NA,8483609,"exact_normalized","F",NA,NA,NA
"2026-10-10_180157_38074132924_1_17a65d0afd5e42418df207b044e3357a",2026020082,20,"CGY","2026-10-10","2026-10-10T18:03:39.882Z","2026-10-11T02:00:00Z","2026-10-10","https://www.nhl.com/news/nhl-lineup-projections-2026-27-season","participant_unresolved",FALSE,"Kevin Bahl","skater",5,1,NA,8480860,"exact_normalized","D",NA,NA,NA
"2026-10-10_180157_38074132924_1_17a65d0afd5e42418df207b044e3357a",2026020082,20,"CGY","2026-10-10","2026-10-10T18:03:39.882Z","2026-10-11T02:00:00Z","2026-10-10","https://www.nhl.com/news/nhl-lineup-projections-2026-27-season","participant_unresolved",FALSE,"Simon Nemec","skater",5,2,NA,8483495,"exact_normalized","D",NA,NA,NA
"2026-10-10_180157_38074132924_1_17a65d0afd5e42418df207b044e3357a",2026020082,20,"CGY","2026-10-10","2026-10-10T18:03:39.882Z","2026-10-11T02:00:00Z","2026-10-10","https://www.nhl.com/news/nhl-lineup-projections-2026-27-season","participant_unresolved",FALSE,"Jake Middleton","skater",6,1,NA,8478136,"exact_normalized","D",NA,NA,NA
"2026-10-10_180157_38074132924_1_17a65d0afd5e42418df207b044e3357a",2026020082,20,"CGY","2026-10-10","2026-10-10T18:03:39.882Z","2026-10-11T02:00:00Z","2026-10-10","https://www.nhl.com/news/nhl-lineup-projections-2026-27-season","participant_unresolved",FALSE,"Zayne Parekh","skater",6,2,NA,8484768,"exact_normalized","D",NA,NA,NA
"2026-10-10_180157_38074132924_1_17a65d0afd5e42418df207b044e3357a",2026020082,20,"CGY","2026-10-10","2026-10-10T18:03:39.882Z","2026-10-11T02:00:00Z","2026-10-10","https://www.nhl.com/news/nhl-lineup-projections-2026-27-season","participant_unresolved",FALSE,"Yan Kuznetsov","skater",7,1,NA,8482165,"exact_normalized","D",NA,NA,NA
"2026-10-10_180157_38074132924_1_17a65d0afd5e42418df207b044e3357a",2026020082,20,"CGY","2026-10-10","2026-10-10T18:03:39.882Z","2026-10-11T02:00:00Z","2026-10-10","https://www.nhl.com/news/nhl-lineup-projections-2026-27-season","participant_unresolved",FALSE,"Zach Whitecloud","skater",7,2,NA,8480727,"exact_normalized","D",NA,NA,NA
"2026-10-10_180157_38074132924_1_17a65d0afd5e42418df207b044e3357a",2026020082,20,"CGY","2026-10-10","2026-10-10T18:03:39.882Z","2026-10-11T02:00:00Z","2026-10-10","https://www.nhl.com/news/nhl-lineup-projections-2026-27-season","participant_unresolved",FALSE,"Dustin Wolf","starter",NA,NA,NA,8481692,"exact_normalized","G",NA,NA,NA
"2026-10-10_180157_38074132924_1_17a65d0afd5e42418df207b044e3357a",2026020082,20,"CGY","2026-10-10","2026-10-10T18:03:39.882Z","2026-10-11T02:00:00Z","2026-10-10","https://www.nhl.com/news/nhl-lineup-projections-2026-27-season","participant_unresolved",FALSE,"Devin Cooley","backup",NA,NA,NA,8482445,"exact_normalized","G",NA,NA,NA
"2026-10-10_180157_38074132924_1_17a65d0afd5e42418df207b044e3357a",2026020082,20,"CGY","2026-10-10","2026-10-10T18:03:39.882Z","2026-10-11T02:00:00Z","2026-10-10","https://www.nhl.com/news/nhl-lineup-projections-2026-27-season","participant_unresolved",FALSE,"Brennan Othmann","scratched",NA,NA,NA,8482747,"exact_normalized","F",NA,NA,NA
"2026-10-10_180157_38074132924_1_17a65d0afd5e42418df207b044e3357a",2026020082,20,"CGY","2026-10-10","2026-10-10T18:03:39.882Z","2026-10-11T02:00:00Z","2026-10-10","https://www.nhl.com/news/nhl-lineup-projections-2026-27-season","participant_unresolved",FALSE,"Joel Hanley","scratched",NA,NA,NA,8477810,"exact_normalized","D",NA,NA,NA
"2026-10-10_180157_38074132924_1_17a65d0afd5e42418df207b044e3357a",2026020082,20,"CGY","2026-10-10","2026-10-10T18:03:39.882Z","2026-10-11T02:00:00Z","2026-10-10","https://www.nhl.com/news/nhl-lineup-projections-2026-27-season","participant_unresolved",FALSE,"Jonathan Huberdeau","injured",NA,NA,"hip",8476456,"exact_normalized","F",NA,NA,NA
"2026-10-10_180157_38074132924_1_17a65d0afd5e42418df207b044e3357a",2026020082,20,"CGY","2026-10-10","2026-10-10T18:03:39.882Z","2026-10-11T02:00:00Z","2026-10-10","https://www.nhl.com/news/nhl-lineup-projections-2026-27-season","participant_unresolved",FALSE,"Samuel Honzek","injured",NA,NA,"undisclosed",8484180,"exact_normalized","F",NA,NA,NA
