"season","roster_season","teamId","team_abbrev","playerId","first_name","last_name","player_name","position","roster_source","is_current_roster","directory_observed_at","observation_id","game_id","game_date","startTimeUTC","gameState","opponent_label","retrieved_at","source_url","article_date","schema_version","projection_status","eligible_for_backtest","in_projected_lineup","forward_line","defense_pairs","goalie_role","scratched","injured","injury_detail"
20262027,20262027,4,"PHI",8478569,"Noel","Acciari","Noel Acciari","F","current_roster",TRUE,"2026-10-10T23:35:23.476Z","2026-10-10_233328_38095438164_1_f9a60eb2d38f4b45990bc6497e80ed6a",2026020070,"2026-10-10","2026-10-10T17:00:00Z","OFF","Bruins","2026-10-10T23:35:22.313Z","https://www.nhl.com/news/nhl-lineup-projections-2026-27-season","2026-10-10",1,"not_pregame",FALSE,NA,NA,NA,NA,NA,NA,NA
20262027,20262027,4,"PHI",8484142,"Denver","Barkey","Denver Barkey","F","current_roster",TRUE,"2026-10-10T23:35:23.477Z","2026-10-10_233328_38095438164_1_f9a60eb2d38f4b45990bc6497e80ed6a",2026020070,"2026-10-10","2026-10-10T17:00:00Z","OFF","Bruins","2026-10-10T23:35:22.313Z","https://www.nhl.com/news/nhl-lineup-projections-2026-27-season","2026-10-10",1,"not_pregame",FALSE,NA,NA,NA,NA,NA,NA,NA
20262027,20262027,4,"PHI",8478047,"Michael","Bunting","Michael Bunting","F","current_roster",TRUE,"2026-10-10T23:35:23.479Z","2026-10-10_233328_38095438164_1_f9a60eb2d38f4b45990bc6497e80ed6a",2026020070,"2026-10-10","2026-10-10T17:00:00Z","OFF","Bruins","2026-10-10T23:35:22.313Z","https://www.nhl.com/news/nhl-lineup-projections-2026-27-season","2026-10-10",1,"not_pregame",FALSE,NA,NA,NA,NA,NA,NA,NA
20262027,20262027,4,"PHI",8480220,"Noah","Cates","Noah Cates","F","current_roster",TRUE,"2026-10-10T23:35:23.480Z","2026-10-10_233328_38095438164_1_f9a60eb2d38f4b45990bc6497e80ed6a",2026020070,"2026-10-10","2026-10-10T17:00:00Z","OFF","Bruins","2026-10-10T23:35:22.313Z","https://www.nhl.com/news/nhl-lineup-projections-2026-27-season","2026-10-10",1,"not_pregame",FALSE,NA,NA,NA,NA,NA,NA,NA
20262027,20262027,4,"PHI",8476461,"Sean","Couturier","Sean Couturier","F","current_roster",TRUE,"2026-10-10T23:35:23.481Z","2026-10-10_233328_38095438164_1_f9a60eb2d38f4b45990bc6497e80ed6a",2026020070,"2026-10-10","2026-10-10T17:00:00Z","OFF","Bruins","2026-10-10T23:35:22.313Z","https://www.nhl.com/news/nhl-lineup-projections-2026-27-season","2026-10-10",1,"not_pregame",FALSE,NA,NA,NA,NA,NA,NA,NA
20262027,20262027,4,"PHI",8477989,"Christian","Dvorak","Christian Dvorak","F","current_roster",TRUE,"2026-10-10T23:35:23.483Z","2026-10-10_233328_38095438164_1_f9a60eb2d38f4b45990bc6497e80ed6a",2026020070,"2026-10-10","2026-10-10T17:00:00Z","OFF","Bruins","2026-10-10T23:35:22.313Z","https://www.nhl.com/news/nhl-lineup-projections-2026-27-season","2026-10-10",1,"not_pregame",FALSE,NA,NA,NA,NA,NA,NA,NA
20262027,20262027,4,"PHI",8482159,"Tyson","Foerster","Tyson Foerster","F","current_roster",TRUE,"2026-10-10T23:35:23.484Z","2026-10-10_233328_38095438164_1_f9a60eb2d38f4b45990bc6497e80ed6a",2026020070,"2026-10-10","2026-10-10T17:00:00Z","OFF","Bruins","2026-10-10T23:35:22.313Z","https://www.nhl.com/news/nhl-lineup-projections-2026-27-season","2026-10-10",1,"not_pregame",FALSE,NA,NA,NA,NA,NA,NA,NA
20262027,20262027,4,"PHI",8483733,"Nikita","Grebenkin","Nikita Grebenkin","F","current_roster",TRUE,"2026-10-10T23:35:23.485Z","2026-10-10_233328_38095438164_1_f9a60eb2d38f4b45990bc6497e80ed6a",2026020070,"2026-10-10","2026-10-10T17:00:00Z","OFF","Bruins","2026-10-10T23:35:22.313Z","https://www.nhl.com/news/nhl-lineup-projections-2026-27-season","2026-10-10",1,"not_pregame",FALSE,NA,NA,NA,NA,NA,NA,NA
20262027,20262027,4,"PHI",8479336,"Carl","Grundstrom","Carl Grundstrom","F","current_roster",TRUE,"2026-10-10T23:35:23.487Z","2026-10-10_233328_38095438164_1_f9a60eb2d38f4b45990bc6497e80ed6a",2026020070,"2026-10-10","2026-10-10T17:00:00Z","OFF","Bruins","2026-10-10T23:35:22.313Z","https://www.nhl.com/news/nhl-lineup-projections-2026-27-season","2026-10-10",1,"not_pregame",FALSE,NA,NA,NA,NA,NA,NA,NA
20262027,20262027,4,"PHI",8478439,"Travis","Konecny","Travis Konecny","F","current_roster",TRUE,"2026-10-10T23:35:23.488Z","2026-10-10_233328_38095438164_1_f9a60eb2d38f4b45990bc6497e80ed6a",2026020070,"2026-10-10","2026-10-10T17:00:00Z","OFF","Bruins","2026-10-10T23:35:22.313Z","https://www.nhl.com/news/nhl-lineup-projections-2026-27-season","2026-10-10",1,"not_pregame",FALSE,NA,NA,NA,NA,NA,NA,NA
20262027,20262027,4,"PHI",8485406,"Porter","Martone","Porter Martone","F","current_roster",TRUE,"2026-10-10T23:35:23.489Z","2026-10-10_233328_38095438164_1_f9a60eb2d38f4b45990bc6497e80ed6a",2026020070,"2026-10-10","2026-10-10T17:00:00Z","OFF","Bruins","2026-10-10T23:35:22.313Z","https://www.nhl.com/news/nhl-lineup-projections-2026-27-season","2026-10-10",1,"not_pregame",FALSE,NA,NA,NA,NA,NA,NA,NA
20262027,20262027,4,"PHI",8484387,"Matvei","Michkov","Matvei Michkov","F","current_roster",TRUE,"2026-10-10T23:35:23.491Z","2026-10-10_233328_38095438164_1_f9a60eb2d38f4b45990bc6497e80ed6a",2026020070,"2026-10-10","2026-10-10T17:00:00Z","OFF","Bruins","2026-10-10T23:35:22.313Z","https://www.nhl.com/news/nhl-lineup-projections-2026-27-season","2026-10-10",1,"not_pregame",FALSE,NA,NA,NA,NA,NA,NA,NA
20262027,20262027,4,"PHI",8480015,"Owen","Tippett","Owen Tippett","F","current_roster",TRUE,"2026-10-10T23:35:23.492Z","2026-10-10_233328_38095438164_1_f9a60eb2d38f4b45990bc6497e80ed6a",2026020070,"2026-10-10","2026-10-10T17:00:00Z","OFF","Bruins","2026-10-10T23:35:22.313Z","https://www.nhl.com/news/nhl-lineup-projections-2026-27-season","2026-10-10",1,"not_pregame",FALSE,NA,NA,NA,NA,NA,NA,NA
20262027,20262027,4,"PHI",8475253,"Garrett","Wilson","Garrett Wilson","F","current_roster",TRUE,"2026-10-10T23:35:23.493Z","2026-10-10_233328_38095438164_1_f9a60eb2d38f4b45990bc6497e80ed6a",2026020070,"2026-10-10","2026-10-10T17:00:00Z","OFF","Bruins","2026-10-10T23:35:22.313Z","https://www.nhl.com/news/nhl-lineup-projections-2026-27-season","2026-10-10",1,"not_pregame",FALSE,NA,NA,NA,NA,NA,NA,NA
20262027,20262027,4,"PHI",8481533,"Trevor","Zegras","Trevor Zegras","F","current_roster",TRUE,"2026-10-10T23:35:23.495Z","2026-10-10_233328_38095438164_1_f9a60eb2d38f4b45990bc6497e80ed6a",2026020070,"2026-10-10","2026-10-10T17:00:00Z","OFF","Bruins","2026-10-10T23:35:22.313Z","https://www.nhl.com/news/nhl-lineup-projections-2026-27-season","2026-10-10",1,"not_pregame",FALSE,NA,NA,NA,NA,NA,NA,NA
20262027,20262027,4,"PHI",8481122,"Simon","Benoit","Simon Benoit","D","current_roster",TRUE,"2026-10-10T23:35:23.496Z","2026-10-10_233328_38095438164_1_f9a60eb2d38f4b45990bc6497e80ed6a",2026020070,"2026-10-10","2026-10-10T17:00:00Z","OFF","Bruins","2026-10-10T23:35:22.313Z","https://www.nhl.com/news/nhl-lineup-projections-2026-27-season","2026-10-10",1,"not_pregame",FALSE,NA,NA,NA,NA,NA,NA,NA
20262027,20262027,4,"PHI",8482142,"Jamie","Drysdale","Jamie Drysdale","D","current_roster",TRUE,"2026-10-10T23:35:23.498Z","2026-10-10_233328_38095438164_1_f9a60eb2d38f4b45990bc6497e80ed6a",2026020070,"2026-10-10","2026-10-10T17:00:00Z","OFF","Bruins","2026-10-10T23:35:22.313Z","https://www.nhl.com/news/nhl-lineup-projections-2026-27-season","2026-10-10",1,"not_pregame",FALSE,NA,NA,NA,NA,NA,NA,NA
20262027,20262027,4,"PHI",8482169,"Helge","Grans","Helge Grans","D","current_roster",TRUE,"2026-10-10T23:35:23.502Z","2026-10-10_233328_38095438164_1_f9a60eb2d38f4b45990bc6497e80ed6a",2026020070,"2026-10-10","2026-10-10T17:00:00Z","OFF","Bruins","2026-10-10T23:35:22.313Z","https://www.nhl.com/news/nhl-lineup-projections-2026-27-season","2026-10-10",1,"not_pregame",FALSE,NA,NA,NA,NA,NA,NA,NA
20262027,20262027,4,"PHI",8483460,"David","Jiricek","David Jiricek","D","current_roster",TRUE,"2026-10-10T23:35:23.504Z","2026-10-10_233328_38095438164_1_f9a60eb2d38f4b45990bc6497e80ed6a",2026020070,"2026-10-10","2026-10-10T17:00:00Z","OFF","Bruins","2026-10-10T23:35:22.313Z","https://www.nhl.com/news/nhl-lineup-projections-2026-27-season","2026-10-10",1,"not_pregame",FALSE,NA,NA,NA,NA,NA,NA,NA
20262027,20262027,4,"PHI",8477499,"Rasmus","Ristolainen","Rasmus Ristolainen","D","current_roster",TRUE,"2026-10-10T23:35:23.505Z","2026-10-10_233328_38095438164_1_f9a60eb2d38f4b45990bc6497e80ed6a",2026020070,"2026-10-10","2026-10-10T17:00:00Z","OFF","Bruins","2026-10-10T23:35:22.313Z","https://www.nhl.com/news/nhl-lineup-projections-2026-27-season","2026-10-10",1,"not_pregame",FALSE,NA,NA,NA,NA,NA,NA,NA
20262027,20262027,4,"PHI",8477948,"Travis","Sanheim","Travis Sanheim","D","current_roster",TRUE,"2026-10-10T23:35:23.506Z","2026-10-10_233328_38095438164_1_f9a60eb2d38f4b45990bc6497e80ed6a",2026020070,"2026-10-10","2026-10-10T17:00:00Z","OFF","Bruins","2026-10-10T23:35:22.313Z","https://www.nhl.com/news/nhl-lineup-projections-2026-27-season","2026-10-10",1,"not_pregame",FALSE,NA,NA,NA,NA,NA,NA,NA
20262027,20262027,4,"PHI",8476372,"Nick","Seeler","Nick Seeler","D","current_roster",TRUE,"2026-10-10T23:35:23.508Z","2026-10-10_233328_38095438164_1_f9a60eb2d38f4b45990bc6497e80ed6a",2026020070,"2026-10-10","2026-10-10T17:00:00Z","OFF","Bruins","2026-10-10T23:35:22.313Z","https://www.nhl.com/news/nhl-lineup-projections-2026-27-season","2026-10-10",1,"not_pregame",FALSE,NA,NA,NA,NA,NA,NA,NA
20262027,20262027,4,"PHI",8481546,"Cam","York","Cam York","D","current_roster",TRUE,"2026-10-10T23:35:23.509Z","2026-10-10_233328_38095438164_1_f9a60eb2d38f4b45990bc6497e80ed6a",2026020070,"2026-10-10","2026-10-10T17:00:00Z","OFF","Bruins","2026-10-10T23:35:22.313Z","https://www.nhl.com/news/nhl-lineup-projections-2026-27-season","2026-10-10",1,"not_pregame",FALSE,NA,NA,NA,NA,NA,NA,NA
20262027,20262027,4,"PHI",8478435,"Dan","Vladar","Dan Vladar","G","current_roster",TRUE,"2026-10-10T23:35:23.511Z","2026-10-10_233328_38095438164_1_f9a60eb2d38f4b45990bc6497e80ed6a",2026020070,"2026-10-10","2026-10-10T17:00:00Z","OFF","Bruins","2026-10-10T23:35:22.313Z","https://www.nhl.com/news/nhl-lineup-projections-2026-27-season","2026-10-10",1,"not_pregame",FALSE,NA,NA,NA,NA,NA,NA,NA
20262027,20262027,4,"PHI",8479361,"Joseph","Woll","Joseph Woll","G","current_roster",TRUE,"2026-10-10T23:35:23.512Z","2026-10-10_233328_38095438164_1_f9a60eb2d38f4b45990bc6497e80ed6a",2026020070,"2026-10-10","2026-10-10T17:00:00Z","OFF","Bruins","2026-10-10T23:35:22.313Z","https://www.nhl.com/news/nhl-lineup-projections-2026-27-season","2026-10-10",1,"not_pregame",FALSE,NA,NA,NA,NA,NA,NA,NA
20262027,20262027,6,"BOS",8479987,"Morgan","Geekie","Morgan Geekie","F","current_roster",TRUE,"2026-10-10T23:35:23.356Z","2026-10-10_233328_38095438164_1_f9a60eb2d38f4b45990bc6497e80ed6a",2026020070,"2026-10-10","2026-10-10T17:00:00Z","OFF","Flyers","2026-10-10T23:35:22.313Z","https://www.nhl.com/news/nhl-lineup-projections-2026-27-season","2026-10-10",1,"not_pregame",FALSE,NA,NA,NA,NA,NA,NA,NA
20262027,20262027,6,"BOS",8485395,"James","Hagens","James Hagens","F","current_roster",TRUE,"2026-10-10T23:35:23.358Z","2026-10-10_233328_38095438164_1_f9a60eb2d38f4b45990bc6497e80ed6a",2026020070,"2026-10-10","2026-10-10T17:00:00Z","OFF","Flyers","2026-10-10T23:35:22.313Z","https://www.nhl.com/news/nhl-lineup-projections-2026-27-season","2026-10-10",1,"not_pregame",FALSE,NA,NA,NA,NA,NA,NA,NA
20262027,20262027,6,"BOS",8479661,"Tanner","Jeannot","Tanner Jeannot","F","current_roster",TRUE,"2026-10-10T23:35:23.359Z","2026-10-10_233328_38095438164_1_f9a60eb2d38f4b45990bc6497e80ed6a",2026020070,"2026-10-10","2026-10-10T17:00:00Z","OFF","Flyers","2026-10-10T23:35:22.313Z","https://www.nhl.com/news/nhl-lineup-projections-2026-27-season","2026-10-10",1,"not_pregame",FALSE,NA,NA,NA,NA,NA,NA,NA
20262027,20262027,6,"BOS",8480355,"Mark","Kastelic","Mark Kastelic","F","current_roster",TRUE,"2026-10-10T23:35:23.361Z","2026-10-10_233328_38095438164_1_f9a60eb2d38f4b45990bc6497e80ed6a",2026020070,"2026-10-10","2026-10-10T17:00:00Z","OFF","Flyers","2026-10-10T23:35:22.313Z","https://www.nhl.com/news/nhl-lineup-projections-2026-27-season","2026-10-10",1,"not_pregame",FALSE,NA,NA,NA,NA,NA,NA,NA
20262027,20262027,6,"BOS",8482177,"Marat","Khusnutdinov","Marat Khusnutdinov","F","current_roster",TRUE,"2026-10-10T23:35:23.365Z","2026-10-10_233328_38095438164_1_f9a60eb2d38f4b45990bc6497e80ed6a",2026020070,"2026-10-10","2026-10-10T17:00:00Z","OFF","Flyers","2026-10-10T23:35:22.313Z","https://www.nhl.com/news/nhl-lineup-projections-2026-27-season","2026-10-10",1,"not_pregame",FALSE,NA,NA,NA,NA,NA,NA,NA
20262027,20262027,6,"BOS",8476374,"Sean","Kuraly","Sean Kuraly","F","current_roster",TRUE,"2026-10-10T23:35:23.366Z","2026-10-10_233328_38095438164_1_f9a60eb2d38f4b45990bc6497e80ed6a",2026020070,"2026-10-10","2026-10-10T17:00:00Z","OFF","Flyers","2026-10-10T23:35:22.313Z","https://www.nhl.com/news/nhl-lineup-projections-2026-27-season","2026-10-10",1,"not_pregame",FALSE,NA,NA,NA,NA,NA,NA,NA
20262027,20262027,6,"BOS",8477496,"Elias","Lindholm","Elias Lindholm","F","current_roster",TRUE,"2026-10-10T23:35:23.368Z","2026-10-10_233328_38095438164_1_f9a60eb2d38f4b45990bc6497e80ed6a",2026020070,"2026-10-10","2026-10-10T17:00:00Z","OFF","Flyers","2026-10-10T23:35:22.313Z","https://www.nhl.com/news/nhl-lineup-projections-2026-27-season","2026-10-10",1,"not_pregame",FALSE,NA,NA,NA,NA,NA,NA,NA
20262027,20262027,6,"BOS",8483489,"Fraser","Minten","Fraser Minten","F","current_roster",TRUE,"2026-10-10T23:35:23.369Z","2026-10-10_233328_38095438164_1_f9a60eb2d38f4b45990bc6497e80ed6a",2026020070,"2026-10-10","2026-10-10T17:00:00Z","OFF","Flyers","2026-10-10T23:35:22.313Z","https://www.nhl.com/news/nhl-lineup-projections-2026-27-season","2026-10-10",1,"not_pregame",FALSE,NA,NA,NA,NA,NA,NA,NA
20262027,20262027,6,"BOS",8479999,"Casey","Mittelstadt","Casey Mittelstadt","F","current_roster",TRUE,"2026-10-10T23:35:23.370Z","2026-10-10_233328_38095438164_1_f9a60eb2d38f4b45990bc6497e80ed6a",2026020070,"2026-10-10","2026-10-10T17:00:00Z","OFF","Flyers","2026-10-10T23:35:22.313Z","https://www.nhl.com/news/nhl-lineup-projections-2026-27-season","2026-10-10",1,"not_pregame",FALSE,NA,NA,NA,NA,NA,NA,NA
20262027,20262027,6,"BOS",8477956,"David","Pastrnak","David Pastrnak","F","current_roster",TRUE,"2026-10-10T23:35:23.372Z","2026-10-10_233328_38095438164_1_f9a60eb2d38f4b45990bc6497e80ed6a",2026020070,"2026-10-10","2026-10-10T17:00:00Z","OFF","Flyers","2026-10-10T23:35:22.313Z","https://www.nhl.com/news/nhl-lineup-projections-2026-27-season","2026-10-10",1,"not_pregame",FALSE,NA,NA,NA,NA,NA,NA,NA
20262027,20262027,6,"BOS",8482175,"JJ","Peterka","JJ Peterka","F","current_roster",TRUE,"2026-10-10T23:35:23.373Z","2026-10-10_233328_38095438164_1_f9a60eb2d38f4b45990bc6497e80ed6a",2026020070,"2026-10-10","2026-10-10T17:00:00Z","OFF","Flyers","2026-10-10T23:35:22.313Z","https://www.nhl.com/news/nhl-lineup-projections-2026-27-season","2026-10-10",1,"not_pregame",FALSE,NA,NA,NA,NA,NA,NA,NA
20262027,20262027,6,"BOS",8483505,"Matthew","Poitras","Matthew Poitras","F","current_roster",TRUE,"2026-10-10T23:35:23.374Z","2026-10-10_233328_38095438164_1_f9a60eb2d38f4b45990bc6497e80ed6a",2026020070,"2026-10-10","2026-10-10T17:00:00Z","OFF","Flyers","2026-10-10T23:35:22.313Z","https://www.nhl.com/news/nhl-lineup-projections-2026-27-season","2026-10-10",1,"not_pregame",FALSE,NA,NA,NA,NA,NA,NA,NA
20262027,20262027,6,"BOS",8478401,"Pavel","Zacha","Pavel Zacha","F","current_roster",TRUE,"2026-10-10T23:35:23.376Z","2026-10-10_233328_38095438164_1_f9a60eb2d38f4b45990bc6497e80ed6a",2026020070,"2026-10-10","2026-10-10T17:00:00Z","OFF","Flyers","2026-10-10T23:35:22.313Z","https://www.nhl.com/news/nhl-lineup-projections-2026-27-season","2026-10-10",1,"not_pregame",FALSE,NA,NA,NA,NA,NA,NA,NA
20262027,20262027,6,"BOS",8481219,"Jonathan","Aspirot","Jonathan Aspirot","D","current_roster",TRUE,"2026-10-10T23:35:23.377Z","2026-10-10_233328_38095438164_1_f9a60eb2d38f4b45990bc6497e80ed6a",2026020070,"2026-10-10","2026-10-10T17:00:00Z","OFF","Flyers","2026-10-10T23:35:22.313Z","https://www.nhl.com/news/nhl-lineup-projections-2026-27-season","2026-10-10",1,"not_pregame",FALSE,NA,NA,NA,NA,NA,NA,NA
20262027,20262027,6,"BOS",8478840,"Will","Borgen","Will Borgen","D","current_roster",TRUE,"2026-10-10T23:35:23.379Z","2026-10-10_233328_38095438164_1_f9a60eb2d38f4b45990bc6497e80ed6a",2026020070,"2026-10-10","2026-10-10T17:00:00Z","OFF","Flyers","2026-10-10T23:35:22.313Z","https://www.nhl.com/news/nhl-lineup-projections-2026-27-season","2026-10-10",1,"not_pregame",FALSE,NA,NA,NA,NA,NA,NA,NA
20262027,20262027,6,"BOS",8483017,"Frederic","Brunet","Frederic Brunet","D","current_roster",TRUE,"2026-10-10T23:35:23.380Z","2026-10-10_233328_38095438164_1_f9a60eb2d38f4b45990bc6497e80ed6a",2026020070,"2026-10-10","2026-10-10T17:00:00Z","OFF","Flyers","2026-10-10T23:35:22.313Z","https://www.nhl.com/news/nhl-lineup-projections-2026-27-season","2026-10-10",1,"not_pregame",FALSE,NA,NA,NA,NA,NA,NA,NA
20262027,20262027,6,"BOS",8477365,"Connor","Clifton","Connor Clifton","D","current_roster",TRUE,"2026-10-10T23:35:23.381Z","2026-10-10_233328_38095438164_1_f9a60eb2d38f4b45990bc6497e80ed6a",2026020070,"2026-10-10","2026-10-10T17:00:00Z","OFF","Flyers","2026-10-10T23:35:22.313Z","https://www.nhl.com/news/nhl-lineup-projections-2026-27-season","2026-10-10",1,"not_pregame",FALSE,NA,NA,NA,NA,NA,NA,NA
20262027,20262027,6,"BOS",8476854,"Hampus","Lindholm","Hampus Lindholm","D","current_roster",TRUE,"2026-10-10T23:35:23.383Z","2026-10-10_233328_38095438164_1_f9a60eb2d38f4b45990bc6497e80ed6a",2026020070,"2026-10-10","2026-10-10T17:00:00Z","OFF","Flyers","2026-10-10T23:35:22.313Z","https://www.nhl.com/news/nhl-lineup-projections-2026-27-season","2026-10-10",1,"not_pregame",FALSE,NA,NA,NA,NA,NA,NA,NA
20262027,20262027,6,"BOS",8482511,"Mason","Lohrei","Mason Lohrei","D","current_roster",TRUE,"2026-10-10T23:35:23.384Z","2026-10-10_233328_38095438164_1_f9a60eb2d38f4b45990bc6497e80ed6a",2026020070,"2026-10-10","2026-10-10T17:00:00Z","OFF","Flyers","2026-10-10T23:35:22.313Z","https://www.nhl.com/news/nhl-lineup-projections-2026-27-season","2026-10-10",1,"not_pregame",FALSE,NA,NA,NA,NA,NA,NA,NA
20262027,20262027,6,"BOS",8479325,"Charlie","McAvoy","Charlie McAvoy","D","current_roster",TRUE,"2026-10-10T23:35:23.385Z","2026-10-10_233328_38095438164_1_f9a60eb2d38f4b45990bc6497e80ed6a",2026020070,"2026-10-10","2026-10-10T17:00:00Z","OFF","Flyers","2026-10-10T23:35:22.313Z","https://www.nhl.com/news/nhl-lineup-projections-2026-27-season","2026-10-10",1,"not_pregame",FALSE,NA,NA,NA,NA,NA,NA,NA
20262027,20262027,6,"BOS",8477507,"Nikita","Zadorov","Nikita Zadorov","D","current_roster",TRUE,"2026-10-10T23:35:23.387Z","2026-10-10_233328_38095438164_1_f9a60eb2d38f4b45990bc6497e80ed6a",2026020070,"2026-10-10","2026-10-10T17:00:00Z","OFF","Flyers","2026-10-10T23:35:22.313Z","https://www.nhl.com/news/nhl-lineup-projections-2026-27-season","2026-10-10",1,"not_pregame",FALSE,NA,NA,NA,NA,NA,NA,NA
20262027,20262027,6,"BOS",8480022,"Michael","DiPietro","Michael DiPietro","G","current_roster",TRUE,"2026-10-10T23:35:23.388Z","2026-10-10_233328_38095438164_1_f9a60eb2d38f4b45990bc6497e80ed6a",2026020070,"2026-10-10","2026-10-10T17:00:00Z","OFF","Flyers","2026-10-10T23:35:22.313Z","https://www.nhl.com/news/nhl-lineup-projections-2026-27-season","2026-10-10",1,"not_pregame",FALSE,NA,NA,NA,NA,NA,NA,NA
20262027,20262027,6,"BOS",8480280,"Jeremy","Swayman","Jeremy Swayman","G","current_roster",TRUE,"2026-10-10T23:35:23.390Z","2026-10-10_233328_38095438164_1_f9a60eb2d38f4b45990bc6497e80ed6a",2026020070,"2026-10-10","2026-10-10T17:00:00Z","OFF","Flyers","2026-10-10T23:35:22.313Z","https://www.nhl.com/news/nhl-lineup-projections-2026-27-season","2026-10-10",1,"not_pregame",FALSE,NA,NA,NA,NA,NA,NA,NA
20262027,20262027,23,"VAN",8483395,"Arshdeep","Bains","Arshdeep Bains","F","current_roster",TRUE,"2026-10-10T23:35:23.621Z","2026-10-10_233328_38095438164_1_f9a60eb2d38f4b45990bc6497e80ed6a",2026020071,"2026-10-10","2026-10-10T19:30:00Z","OFF","Devils","2026-10-10T23:35:22.313Z","https://www.nhl.com/news/nhl-lineup-projections-2026-27-season","2026-10-10",1,"not_pregame",FALSE,NA,NA,NA,NA,NA,NA,NA
20262027,20262027,23,"VAN",8478444,"Brock","Boeser","Brock Boeser","F","current_roster",TRUE,"2026-10-10T23:35:23.623Z","2026-10-10_233328_38095438164_1_f9a60eb2d38f4b45990bc6497e80ed6a",2026020071,"2026-10-10","2026-10-10T19:30:00Z","OFF","Devils","2026-10-10T23:35:22.313Z","https://www.nhl.com/news/nhl-lineup-projections-2026-27-season","2026-10-10",1,"not_pregame",FALSE,NA,NA,NA,NA,NA,NA,NA
20262027,20262027,23,"VAN",8480078,"Filip","Chytil","Filip Chytil","F","current_roster",TRUE,"2026-10-10T23:35:23.624Z","2026-10-10_233328_38095438164_1_f9a60eb2d38f4b45990bc6497e80ed6a",2026020071,"2026-10-10","2026-10-10T19:30:00Z","OFF","Devils","2026-10-10T23:35:22.313Z","https://www.nhl.com/news/nhl-lineup-projections-2026-27-season","2026-10-10",1,"not_pregame",FALSE,NA,NA,NA,NA,NA,NA,NA
20262027,20262027,23,"VAN",8481032,"Paul","Cotter","Paul Cotter","F","current_roster",TRUE,"2026-10-10T23:35:23.625Z","2026-10-10_233328_38095438164_1_f9a60eb2d38f4b45990bc6497e80ed6a",2026020071,"2026-10-10","2026-10-10T19:30:00Z","OFF","Devils","2026-10-10T23:35:22.313Z","https://www.nhl.com/news/nhl-lineup-projections-2026-27-season","2026-10-10",1,"not_pregame",FALSE,NA,NA,NA,NA,NA,NA,NA
20262027,20262027,23,"VAN",8478498,"Jake","DeBrusk","Jake DeBrusk","F","current_roster",TRUE,"2026-10-10T23:35:23.627Z","2026-10-10_233328_38095438164_1_f9a60eb2d38f4b45990bc6497e80ed6a",2026020071,"2026-10-10","2026-10-10T19:30:00Z","OFF","Devils","2026-10-10T23:35:22.313Z","https://www.nhl.com/news/nhl-lineup-projections-2026-27-season","2026-10-10",1,"not_pregame",FALSE,NA,NA,NA,NA,NA,NA,NA
20262027,20262027,23,"VAN",8475848,"Brendan","Gallagher","Brendan Gallagher","F","current_roster",TRUE,"2026-10-10T23:35:23.628Z","2026-10-10_233328_38095438164_1_f9a60eb2d38f4b45990bc6497e80ed6a",2026020071,"2026-10-10","2026-10-10T19:30:00Z","OFF","Devils","2026-10-10T23:35:22.313Z","https://www.nhl.com/news/nhl-lineup-projections-2026-27-season","2026-10-10",1,"not_pregame",FALSE,NA,NA,NA,NA,NA,NA,NA
20262027,20262027,23,"VAN",8481024,"Linus","Karlsson","Linus Karlsson","F","current_roster",TRUE,"2026-10-10T23:35:23.629Z","2026-10-10_233328_38095438164_1_f9a60eb2d38f4b45990bc6497e80ed6a",2026020071,"2026-10-10","2026-10-10T19:30:00Z","OFF","Devils","2026-10-10T23:35:22.313Z","https://www.nhl.com/news/nhl-lineup-projections-2026-27-season","2026-10-10",1,"not_pregame",FALSE,NA,NA,NA,NA,NA,NA,NA
20262027,20262027,23,"VAN",8483476,"Jonathan","Lekkerimäki","Jonathan Lekkerimäki","F","current_roster",TRUE,"2026-10-10T23:35:23.634Z","2026-10-10_233328_38095438164_1_f9a60eb2d38f4b45990bc6497e80ed6a",2026020071,"2026-10-10","2026-10-10T19:30:00Z","OFF","Devils","2026-10-10T23:35:22.313Z","https://www.nhl.com/news/nhl-lineup-projections-2026-27-season","2026-10-10",1,"not_pregame",FALSE,NA,NA,NA,NA,NA,NA,NA
20262027,20262027,23,"VAN",8482055,"Drew","O'Connor","Drew O'Connor","F","current_roster",TRUE,"2026-10-10T23:35:23.635Z","2026-10-10_233328_38095438164_1_f9a60eb2d38f4b45990bc6497e80ed6a",2026020071,"2026-10-10","2026-10-10T19:30:00Z","OFF","Devils","2026-10-10T23:35:22.313Z","https://www.nhl.com/news/nhl-lineup-projections-2026-27-season","2026-10-10",1,"not_pregame",FALSE,NA,NA,NA,NA,NA,NA,NA
20262027,20262027,23,"VAN",8483499,"Liam","Ohgren","Liam Ohgren","F","current_roster",TRUE,"2026-10-10T23:35:23.637Z","2026-10-10_233328_38095438164_1_f9a60eb2d38f4b45990bc6497e80ed6a",2026020071,"2026-10-10","2026-10-10T19:30:00Z","OFF","Devils","2026-10-10T23:35:22.313Z","https://www.nhl.com/news/nhl-lineup-projections-2026-27-season","2026-10-10",1,"not_pregame",FALSE,NA,NA,NA,NA,NA,NA,NA
20262027,20262027,23,"VAN",8480012,"Elias","Pettersson","Elias Pettersson","F","current_roster",TRUE,"2026-10-10T23:35:23.638Z","2026-10-10_233328_38095438164_1_f9a60eb2d38f4b45990bc6497e80ed6a",2026020071,"2026-10-10","2026-10-10T19:30:00Z","OFF","Devils","2026-10-10T23:35:22.313Z","https://www.nhl.com/news/nhl-lineup-projections-2026-27-season","2026-10-10",1,"not_pregame",FALSE,NA,NA,NA,NA,NA,NA,NA
20262027,20262027,23,"VAN",8482691,"Aatu","Räty","Aatu Räty","F","current_roster",TRUE,"2026-10-10T23:35:23.639Z","2026-10-10_233328_38095438164_1_f9a60eb2d38f4b45990bc6497e80ed6a",2026020071,"2026-10-10","2026-10-10T19:30:00Z","OFF","Devils","2026-10-10T23:35:22.313Z","https://www.nhl.com/news/nhl-lineup-projections-2026-27-season","2026-10-10",1,"not_pregame",FALSE,NA,NA,NA,NA,NA,NA,NA
20262027,20262027,23,"VAN",8482079,"Marco","Rossi","Marco Rossi","F","current_roster",TRUE,"2026-10-10T23:35:23.640Z","2026-10-10_233328_38095438164_1_f9a60eb2d38f4b45990bc6497e80ed6a",2026020071,"2026-10-10","2026-10-10T19:30:00Z","OFF","Devils","2026-10-10T23:35:22.313Z","https://www.nhl.com/news/nhl-lineup-projections-2026-27-season","2026-10-10",1,"not_pregame",FALSE,NA,NA,NA,NA,NA,NA,NA
20262027,20262027,23,"VAN",8484136,"Max","Sasson","Max Sasson","F","current_roster",TRUE,"2026-10-10T23:35:23.642Z","2026-10-10_233328_38095438164_1_f9a60eb2d38f4b45990bc6497e80ed6a",2026020071,"2026-10-10","2026-10-10T19:30:00Z","OFF","Devils","2026-10-10T23:35:22.313Z","https://www.nhl.com/news/nhl-lineup-projections-2026-27-season","2026-10-10",1,"not_pregame",FALSE,NA,NA,NA,NA,NA,NA,NA
20262027,20262027,23,"VAN",8478465,"Guillaume","Brisebois","Guillaume Brisebois","D","current_roster",TRUE,"2026-10-10T23:35:23.644Z","2026-10-10_233328_38095438164_1_f9a60eb2d38f4b45990bc6497e80ed6a",2026020071,"2026-10-10","2026-10-10T19:30:00Z","OFF","Devils","2026-10-10T23:35:22.313Z","https://www.nhl.com/news/nhl-lineup-projections-2026-27-season","2026-10-10",1,"not_pregame",FALSE,NA,NA,NA,NA,NA,NA,NA
20262027,20262027,23,"VAN",8484798,"Zeev","Buium","Zeev Buium","D","current_roster",TRUE,"2026-10-10T23:35:23.645Z","2026-10-10_233328_38095438164_1_f9a60eb2d38f4b45990bc6497e80ed6a",2026020071,"2026-10-10","2026-10-10T19:30:00Z","OFF","Devils","2026-10-10T23:35:22.313Z","https://www.nhl.com/news/nhl-lineup-projections-2026-27-season","2026-10-10",1,"not_pregame",FALSE,NA,NA,NA,NA,NA,NA,NA
20262027,20262027,23,"VAN",8479425,"Filip","Hronek","Filip Hronek","D","current_roster",TRUE,"2026-10-10T23:35:23.646Z","2026-10-10_233328_38095438164_1_f9a60eb2d38f4b45990bc6497e80ed6a",2026020071,"2026-10-10","2026-10-10T19:30:00Z","OFF","Devils","2026-10-10T23:35:22.313Z","https://www.nhl.com/news/nhl-lineup-projections-2026-27-season","2026-10-10",1,"not_pregame",FALSE,NA,NA,NA,NA,NA,NA,NA
20262027,20262027,23,"VAN",8483768,"Victor","Mancini","Victor Mancini","D","current_roster",TRUE,"2026-10-10T23:35:23.648Z","2026-10-10_233328_38095438164_1_f9a60eb2d38f4b45990bc6497e80ed6a",2026020071,"2026-10-10","2026-10-10T19:30:00Z","OFF","Devils","2026-10-10T23:35:22.313Z","https://www.nhl.com/news/nhl-lineup-projections-2026-27-season","2026-10-10",1,"not_pregame",FALSE,NA,NA,NA,NA,NA,NA,NA
20262027,20262027,23,"VAN",8476467,"Jamie","Oleksiak","Jamie Oleksiak","D","current_roster",TRUE,"2026-10-10T23:35:23.649Z","2026-10-10_233328_38095438164_1_f9a60eb2d38f4b45990bc6497e80ed6a",2026020071,"2026-10-10","2026-10-10T19:30:00Z","OFF","Devils","2026-10-10T23:35:22.313Z","https://www.nhl.com/news/nhl-lineup-projections-2026-27-season","2026-10-10",1,"not_pregame",FALSE,NA,NA,NA,NA,NA,NA,NA
20262027,20262027,23,"VAN",8483678,"Elias","Pettersson","Elias Pettersson","D","current_roster",TRUE,"2026-10-10T23:35:23.650Z","2026-10-10_233328_38095438164_1_f9a60eb2d38f4b45990bc6497e80ed6a",2026020071,"2026-10-10","2026-10-10T19:30:00Z","OFF","Devils","2026-10-10T23:35:22.313Z","https://www.nhl.com/news/nhl-lineup-projections-2026-27-season","2026-10-10",1,"not_pregame",FALSE,NA,NA,NA,NA,NA,NA,NA
20262027,20262027,23,"VAN",8474568,"Luke","Schenn","Luke Schenn","D","current_roster",TRUE,"2026-10-10T23:35:23.652Z","2026-10-10_233328_38095438164_1_f9a60eb2d38f4b45990bc6497e80ed6a",2026020071,"2026-10-10","2026-10-10T19:30:00Z","OFF","Devils","2026-10-10T23:35:22.313Z","https://www.nhl.com/news/nhl-lineup-projections-2026-27-season","2026-10-10",1,"not_pregame",FALSE,NA,NA,NA,NA,NA,NA,NA
20262027,20262027,23,"VAN",8484240,"Tom","Willander","Tom Willander","D","current_roster",TRUE,"2026-10-10T23:35:23.653Z","2026-10-10_233328_38095438164_1_f9a60eb2d38f4b45990bc6497e80ed6a",2026020071,"2026-10-10","2026-10-10T19:30:00Z","OFF","Devils","2026-10-10T23:35:22.313Z","https://www.nhl.com/news/nhl-lineup-projections-2026-27-season","2026-10-10",1,"not_pregame",FALSE,NA,NA,NA,NA,NA,NA,NA
20262027,20262027,23,"VAN",8477967,"Thatcher","Demko","Thatcher Demko","G","current_roster",TRUE,"2026-10-10T23:35:23.655Z","2026-10-10_233328_38095438164_1_f9a60eb2d38f4b45990bc6497e80ed6a",2026020071,"2026-10-10","2026-10-10T19:30:00Z","OFF","Devils","2026-10-10T23:35:22.313Z","https://www.nhl.com/news/nhl-lineup-projections-2026-27-season","2026-10-10",1,"not_pregame",FALSE,NA,NA,NA,NA,NA,NA,NA
20262027,20262027,23,"VAN",8480947,"Kevin","Lankinen","Kevin Lankinen","G","current_roster",TRUE,"2026-10-10T23:35:23.656Z","2026-10-10_233328_38095438164_1_f9a60eb2d38f4b45990bc6497e80ed6a",2026020071,"2026-10-10","2026-10-10T19:30:00Z","OFF","Devils","2026-10-10T23:35:22.313Z","https://www.nhl.com/news/nhl-lineup-projections-2026-27-season","2026-10-10",1,"not_pregame",FALSE,NA,NA,NA,NA,NA,NA,NA
20262027,20262027,23,"VAN",8482447,"Leevi","Meriläinen","Leevi Meriläinen","G","current_roster",TRUE,"2026-10-10T23:35:23.657Z","2026-10-10_233328_38095438164_1_f9a60eb2d38f4b45990bc6497e80ed6a",2026020071,"2026-10-10","2026-10-10T19:30:00Z","OFF","Devils","2026-10-10T23:35:22.313Z","https://www.nhl.com/news/nhl-lineup-projections-2026-27-season","2026-10-10",1,"not_pregame",FALSE,NA,NA,NA,NA,NA,NA,NA
20262027,20262027,1,"NJD",8480003,"Jesper","Boqvist","Jesper Boqvist","F","current_roster",TRUE,"2026-10-10T23:35:22.956Z","2026-10-10_233328_38095438164_1_f9a60eb2d38f4b45990bc6497e80ed6a",2026020071,"2026-10-10","2026-10-10T19:30:00Z","OFF","Canucks","2026-10-10T23:35:22.313Z","https://www.nhl.com/news/nhl-lineup-projections-2026-27-season","2026-10-10",1,"not_pregame",FALSE,NA,NA,NA,NA,NA,NA,NA
20262027,20262027,1,"NJD",8479407,"Jesper","Bratt","Jesper Bratt","F","current_roster",TRUE,"2026-10-10T23:35:22.957Z","2026-10-10_233328_38095438164_1_f9a60eb2d38f4b45990bc6497e80ed6a",2026020071,"2026-10-10","2026-10-10T19:30:00Z","OFF","Canucks","2026-10-10T23:35:22.313Z","https://www.nhl.com/news/nhl-lineup-projections-2026-27-season","2026-10-10",1,"not_pregame",FALSE,NA,NA,NA,NA,NA,NA,NA
20262027,20262027,1,"NJD",8477015,"Connor","Brown","Connor Brown","F","current_roster",TRUE,"2026-10-10T23:35:22.958Z","2026-10-10_233328_38095438164_1_f9a60eb2d38f4b45990bc6497e80ed6a",2026020071,"2026-10-10","2026-10-10T19:30:00Z","OFF","Canucks","2026-10-10T23:35:22.313Z","https://www.nhl.com/news/nhl-lineup-projections-2026-27-season","2026-10-10",1,"not_pregame",FALSE,NA,NA,NA,NA,NA,NA,NA
20262027,20262027,1,"NJD",8482146,"Luke","Evangelista","Luke Evangelista","F","current_roster",TRUE,"2026-10-10T23:35:22.960Z","2026-10-10_233328_38095438164_1_f9a60eb2d38f4b45990bc6497e80ed6a",2026020071,"2026-10-10","2026-10-10T19:30:00Z","OFF","Canucks","2026-10-10T23:35:22.313Z","https://www.nhl.com/news/nhl-lineup-projections-2026-27-season","2026-10-10",1,"not_pregame",FALSE,NA,NA,NA,NA,NA,NA,NA
20262027,20262027,1,"NJD",8479996,"Cody","Glass","Cody Glass","F","current_roster",TRUE,"2026-10-10T23:35:22.961Z","2026-10-10_233328_38095438164_1_f9a60eb2d38f4b45990bc6497e80ed6a",2026020071,"2026-10-10","2026-10-10T19:30:00Z","OFF","Canucks","2026-10-10T23:35:22.313Z","https://www.nhl.com/news/nhl-lineup-projections-2026-27-season","2026-10-10",1,"not_pregame",FALSE,NA,NA,NA,NA,NA,NA,NA
20262027,20262027,1,"NJD",8481721,"Arseny","Gritsyuk","Arseny Gritsyuk","F","current_roster",TRUE,"2026-10-10T23:35:22.962Z","2026-10-10_233328_38095438164_1_f9a60eb2d38f4b45990bc6497e80ed6a",2026020071,"2026-10-10","2026-10-10T19:30:00Z","OFF","Canucks","2026-10-10T23:35:22.313Z","https://www.nhl.com/news/nhl-lineup-projections-2026-27-season","2026-10-10",1,"not_pregame",FALSE,NA,NA,NA,NA,NA,NA,NA
20262027,20262027,1,"NJD",8480002,"Nico","Hischier","Nico Hischier","F","current_roster",TRUE,"2026-10-10T23:35:22.964Z","2026-10-10_233328_38095438164_1_f9a60eb2d38f4b45990bc6497e80ed6a",2026020071,"2026-10-10","2026-10-10T19:30:00Z","OFF","Canucks","2026-10-10T23:35:22.313Z","https://www.nhl.com/news/nhl-lineup-projections-2026-27-season","2026-10-10",1,"not_pregame",FALSE,NA,NA,NA,NA,NA,NA,NA
20262027,20262027,1,"NJD",8481559,"Jack","Hughes","Jack Hughes","F","current_roster",TRUE,"2026-10-10T23:35:22.965Z","2026-10-10_233328_38095438164_1_f9a60eb2d38f4b45990bc6497e80ed6a",2026020071,"2026-10-10","2026-10-10T19:30:00Z","OFF","Canucks","2026-10-10T23:35:22.313Z","https://www.nhl.com/news/nhl-lineup-projections-2026-27-season","2026-10-10",1,"not_pregame",FALSE,NA,NA,NA,NA,NA,NA,NA
20262027,20262027,1,"NJD",8483695,"Amadeus","Lombardi","Amadeus Lombardi","F","current_roster",TRUE,"2026-10-10T23:35:22.966Z","2026-10-10_233328_38095438164_1_f9a60eb2d38f4b45990bc6497e80ed6a",2026020071,"2026-10-10","2026-10-10T19:30:00Z","OFF","Canucks","2026-10-10T23:35:22.313Z","https://www.nhl.com/news/nhl-lineup-projections-2026-27-season","2026-10-10",1,"not_pregame",FALSE,NA,NA,NA,NA,NA,NA,NA
20262027,20262027,1,"NJD",8477511,"Anthony","Mantha","Anthony Mantha","F","current_roster",TRUE,"2026-10-10T23:35:22.968Z","2026-10-10_233328_38095438164_1_f9a60eb2d38f4b45990bc6497e80ed6a",2026020071,"2026-10-10","2026-10-10T19:30:00Z","OFF","Canucks","2026-10-10T23:35:22.313Z","https://www.nhl.com/news/nhl-lineup-projections-2026-27-season","2026-10-10",1,"not_pregame",FALSE,NA,NA,NA,NA,NA,NA,NA
20262027,20262027,1,"NJD",8478414,"Timo","Meier","Timo Meier","F","current_roster",TRUE,"2026-10-10T23:35:22.969Z","2026-10-10_233328_38095438164_1_f9a60eb2d38f4b45990bc6497e80ed6a",2026020071,"2026-10-10","2026-10-10T19:30:00Z","OFF","Canucks","2026-10-10T23:35:22.313Z","https://www.nhl.com/news/nhl-lineup-projections-2026-27-season","2026-10-10",1,"not_pregame",FALSE,NA,NA,NA,NA,NA,NA,NA
20262027,20262027,1,"NJD",8482110,"Dawson","Mercer","Dawson Mercer","F","current_roster",TRUE,"2026-10-10T23:35:22.970Z","2026-10-10_233328_38095438164_1_f9a60eb2d38f4b45990bc6497e80ed6a",2026020071,"2026-10-10","2026-10-10T19:30:00Z","OFF","Canucks","2026-10-10T23:35:22.313Z","https://www.nhl.com/news/nhl-lineup-projections-2026-27-season","2026-10-10",1,"not_pregame",FALSE,NA,NA,NA,NA,NA,NA,NA
20262027,20262027,1,"NJD",8476474,"Stefan","Noesen","Stefan Noesen","F","current_roster",TRUE,"2026-10-10T23:35:22.972Z","2026-10-10_233328_38095438164_1_f9a60eb2d38f4b45990bc6497e80ed6a",2026020071,"2026-10-10","2026-10-10T19:30:00Z","OFF","Canucks","2026-10-10T23:35:22.313Z","https://www.nhl.com/news/nhl-lineup-projections-2026-27-season","2026-10-10",1,"not_pregame",FALSE,NA,NA,NA,NA,NA,NA,NA
20262027,20262027,1,"NJD",8478542,"Evan","Rodrigues","Evan Rodrigues","F","current_roster",TRUE,"2026-10-10T23:35:22.973Z","2026-10-10_233328_38095438164_1_f9a60eb2d38f4b45990bc6497e80ed6a",2026020071,"2026-10-10","2026-10-10T19:30:00Z","OFF","Canucks","2026-10-10T23:35:22.313Z","https://www.nhl.com/news/nhl-lineup-projections-2026-27-season","2026-10-10",1,"not_pregame",FALSE,NA,NA,NA,NA,NA,NA,NA
20262027,20262027,1,"NJD",8480990,"Declan","Chisholm","Declan Chisholm","D","current_roster",TRUE,"2026-10-10T23:35:22.975Z","2026-10-10_233328_38095438164_1_f9a60eb2d38f4b45990bc6497e80ed6a",2026020071,"2026-10-10","2026-10-10T19:30:00Z","OFF","Canucks","2026-10-10T23:35:22.313Z","https://www.nhl.com/news/nhl-lineup-projections-2026-27-season","2026-10-10",1,"not_pregame",FALSE,NA,NA,NA,NA,NA,NA,NA
20262027,20262027,1,"NJD",8475455,"Brenden","Dillon","Brenden Dillon","D","current_roster",TRUE,"2026-10-10T23:35:22.976Z","2026-10-10_233328_38095438164_1_f9a60eb2d38f4b45990bc6497e80ed6a",2026020071,"2026-10-10","2026-10-10T19:30:00Z","OFF","Canucks","2026-10-10T23:35:22.313Z","https://www.nhl.com/news/nhl-lineup-projections-2026-27-season","2026-10-10",1,"not_pregame",FALSE,NA,NA,NA,NA,NA,NA,NA
20262027,20262027,1,"NJD",8476462,"Dougie","Hamilton","Dougie Hamilton","D","current_roster",TRUE,"2026-10-10T23:35:22.977Z","2026-10-10_233328_38095438164_1_f9a60eb2d38f4b45990bc6497e80ed6a",2026020071,"2026-10-10","2026-10-10T19:30:00Z","OFF","Canucks","2026-10-10T23:35:22.313Z","https://www.nhl.com/news/nhl-lineup-projections-2026-27-season","2026-10-10",1,"not_pregame",FALSE,NA,NA,NA,NA,NA,NA,NA
20262027,20262027,1,"NJD",8482684,"Luke","Hughes","Luke Hughes","D","current_roster",TRUE,"2026-10-10T23:35:22.979Z","2026-10-10_233328_38095438164_1_f9a60eb2d38f4b45990bc6497e80ed6a",2026020071,"2026-10-10","2026-10-10T19:30:00Z","OFF","Canucks","2026-10-10T23:35:22.313Z","https://www.nhl.com/news/nhl-lineup-projections-2026-27-season","2026-10-10",1,"not_pregame",FALSE,NA,NA,NA,NA,NA,NA,NA
20262027,20262027,1,"NJD",8480192,"Johnathan","Kovacevic","Johnathan Kovacevic","D","current_roster",TRUE,"2026-10-10T23:35:22.980Z","2026-10-10_233328_38095438164_1_f9a60eb2d38f4b45990bc6497e80ed6a",2026020071,"2026-10-10","2026-10-10T19:30:00Z","OFF","Canucks","2026-10-10T23:35:22.313Z","https://www.nhl.com/news/nhl-lineup-projections-2026-27-season","2026-10-10",1,"not_pregame",FALSE,NA,NA,NA,NA,NA,NA,NA
20262027,20262027,1,"NJD",8477488,"Brett","Pesce","Brett Pesce","D","current_roster",TRUE,"2026-10-10T23:35:22.984Z","2026-10-10_233328_38095438164_1_f9a60eb2d38f4b45990bc6497e80ed6a",2026020071,"2026-10-10","2026-10-10T19:30:00Z","OFF","Canucks","2026-10-10T23:35:22.313Z","https://www.nhl.com/news/nhl-lineup-projections-2026-27-season","2026-10-10",1,"not_pregame",FALSE,NA,NA,NA,NA,NA,NA,NA
20262027,20262027,1,"NJD",8478399,"Jonas","Siegenthaler","Jonas Siegenthaler","D","current_roster",TRUE,"2026-10-10T23:35:22.985Z","2026-10-10_233328_38095438164_1_f9a60eb2d38f4b45990bc6497e80ed6a",2026020071,"2026-10-10","2026-10-10T19:30:00Z","OFF","Canucks","2026-10-10T23:35:22.313Z","https://www.nhl.com/news/nhl-lineup-projections-2026-27-season","2026-10-10",1,"not_pregame",FALSE,NA,NA,NA,NA,NA,NA,NA
20262027,20262027,1,"NJD",8474596,"Jake","Allen","Jake Allen","G","current_roster",TRUE,"2026-10-10T23:35:22.987Z","2026-10-10_233328_38095438164_1_f9a60eb2d38f4b45990bc6497e80ed6a",2026020071,"2026-10-10","2026-10-10T19:30:00Z","OFF","Canucks","2026-10-10T23:35:22.313Z","https://www.nhl.com/news/nhl-lineup-projections-2026-27-season","2026-10-10",1,"not_pregame",FALSE,NA,NA,NA,NA,NA,NA,NA
20262027,20262027,1,"NJD",8482076,"Nico","Daws","Nico Daws","G","current_roster",TRUE,"2026-10-10T23:35:22.988Z","2026-10-10_233328_38095438164_1_f9a60eb2d38f4b45990bc6497e80ed6a",2026020071,"2026-10-10","2026-10-10T19:30:00Z","OFF","Canucks","2026-10-10T23:35:22.313Z","https://www.nhl.com/news/nhl-lineup-projections-2026-27-season","2026-10-10",1,"not_pregame",FALSE,NA,NA,NA,NA,NA,NA,NA
20262027,20262027,1,"NJD",8482465,"Rémi","Poirier","Rémi Poirier","G","current_roster",TRUE,"2026-10-10T23:35:22.990Z","2026-10-10_233328_38095438164_1_f9a60eb2d38f4b45990bc6497e80ed6a",2026020071,"2026-10-10","2026-10-10T19:30:00Z","OFF","Canucks","2026-10-10T23:35:22.313Z","https://www.nhl.com/news/nhl-lineup-projections-2026-27-season","2026-10-10",1,"not_pregame",FALSE,NA,NA,NA,NA,NA,NA,NA
20262027,20262027,22,"EDM",8482703,"Colton","Dach","Colton Dach","F","current_roster",TRUE,"2026-10-10T23:35:23.768Z","2026-10-10_233328_38095438164_1_f9a60eb2d38f4b45990bc6497e80ed6a",2026020072,"2026-10-10","2026-10-10T20:00:00Z","OFF","Sharks","2026-10-10T23:35:22.313Z","https://www.nhl.com/news/nhl-lineup-projections-2026-27-season","2026-10-10",1,"not_pregame",FALSE,NA,NA,NA,NA,NA,NA,NA
20262027,20262027,22,"EDM",8477450,"Jason","Dickinson","Jason Dickinson","F","current_roster",TRUE,"2026-10-10T23:35:23.770Z","2026-10-10_233328_38095438164_1_f9a60eb2d38f4b45990bc6497e80ed6a",2026020072,"2026-10-10","2026-10-10T20:00:00Z","OFF","Sharks","2026-10-10T23:35:22.313Z","https://www.nhl.com/news/nhl-lineup-projections-2026-27-season","2026-10-10",1,"not_pregame",FALSE,NA,NA,NA,NA,NA,NA,NA
20262027,20262027,22,"EDM",8477934,"Leon","Draisaitl","Leon Draisaitl","F","current_roster",TRUE,"2026-10-10T23:35:23.771Z","2026-10-10_233328_38095438164_1_f9a60eb2d38f4b45990bc6497e80ed6a",2026020072,"2026-10-10","2026-10-10T20:00:00Z","OFF","Sharks","2026-10-10T23:35:22.313Z","https://www.nhl.com/news/nhl-lineup-projections-2026-27-season","2026-10-10",1,"not_pregame",FALSE,NA,NA,NA,NA,NA,NA,NA
20262027,20262027,22,"EDM",8480029,"Alex","Formenton","Alex Formenton","F","current_roster",TRUE,"2026-10-10T23:35:23.773Z","2026-10-10_233328_38095438164_1_f9a60eb2d38f4b45990bc6497e80ed6a",2026020072,"2026-10-10","2026-10-10T20:00:00Z","OFF","Sharks","2026-10-10T23:35:22.313Z","https://www.nhl.com/news/nhl-lineup-projections-2026-27-season","2026-10-10",1,"not_pregame",FALSE,NA,NA,NA,NA,NA,NA,NA
20262027,20262027,22,"EDM",8479365,"Trent","Frederic","Trent Frederic","F","current_roster",TRUE,"2026-10-10T23:35:23.774Z","2026-10-10_233328_38095438164_1_f9a60eb2d38f4b45990bc6497e80ed6a",2026020072,"2026-10-10","2026-10-10T20:00:00Z","OFF","Sharks","2026-10-10T23:35:22.313Z","https://www.nhl.com/news/nhl-lineup-projections-2026-27-season","2026-10-10",1,"not_pregame",FALSE,NA,NA,NA,NA,NA,NA,NA
20262027,20262027,22,"EDM",8480842,"Filip","Hallander","Filip Hallander","F","current_roster",TRUE,"2026-10-10T23:35:23.775Z","2026-10-10_233328_38095438164_1_f9a60eb2d38f4b45990bc6497e80ed6a",2026020072,"2026-10-10","2026-10-10T20:00:00Z","OFF","Sharks","2026-10-10T23:35:22.313Z","https://www.nhl.com/news/nhl-lineup-projections-2026-27-season","2026-10-10",1,"not_pregame",FALSE,NA,NA,NA,NA,NA,NA,NA
20262027,20262027,22,"EDM",8483455,"Isaac","Howard","Isaac Howard","F","current_roster",TRUE,"2026-10-10T23:35:23.777Z","2026-10-10_233328_38095438164_1_f9a60eb2d38f4b45990bc6497e80ed6a",2026020072,"2026-10-10","2026-10-10T20:00:00Z","OFF","Sharks","2026-10-10T23:35:22.313Z","https://www.nhl.com/news/nhl-lineup-projections-2026-27-season","2026-10-10",1,"not_pregame",FALSE,NA,NA,NA,NA,NA,NA,NA
20262027,20262027,22,"EDM",8475786,"Zach","Hyman","Zach Hyman","F","current_roster",TRUE,"2026-10-10T23:35:23.778Z","2026-10-10_233328_38095438164_1_f9a60eb2d38f4b45990bc6497e80ed6a",2026020072,"2026-10-10","2026-10-10T20:00:00Z","OFF","Sharks","2026-10-10T23:35:22.313Z","https://www.nhl.com/news/nhl-lineup-projections-2026-27-season","2026-10-10",1,"not_pregame",FALSE,NA,NA,NA,NA,NA,NA,NA
20262027,20262027,22,"EDM",8477406,"Mattias","Janmark","Mattias Janmark","F","current_roster",TRUE,"2026-10-10T23:35:23.779Z","2026-10-10_233328_38095438164_1_f9a60eb2d38f4b45990bc6497e80ed6a",2026020072,"2026-10-10","2026-10-10T20:00:00Z","OFF","Sharks","2026-10-10T23:35:22.313Z","https://www.nhl.com/news/nhl-lineup-projections-2026-27-season","2026-10-10",1,"not_pregame",FALSE,NA,NA,NA,NA,NA,NA,NA
20262027,20262027,22,"EDM",8479368,"Max","Jones","Max Jones","F","current_roster",TRUE,"2026-10-10T23:35:23.781Z","2026-10-10_233328_38095438164_1_f9a60eb2d38f4b45990bc6497e80ed6a",2026020072,"2026-10-10","2026-10-10T20:00:00Z","OFF","Sharks","2026-10-10T23:35:22.313Z","https://www.nhl.com/news/nhl-lineup-projections-2026-27-season","2026-10-10",1,"not_pregame",FALSE,NA,NA,NA,NA,NA,NA,NA
20262027,20262027,22,"EDM",8478472,"Mathieu","Joseph","Mathieu Joseph","F","current_roster",TRUE,"2026-10-10T23:35:23.782Z","2026-10-10_233328_38095438164_1_f9a60eb2d38f4b45990bc6497e80ed6a",2026020072,"2026-10-10","2026-10-10T20:00:00Z","OFF","Sharks","2026-10-10T23:35:22.313Z","https://www.nhl.com/news/nhl-lineup-projections-2026-27-season","2026-10-10",1,"not_pregame",FALSE,NA,NA,NA,NA,NA,NA,NA
20262027,20262027,22,"EDM",8477953,"Kasperi","Kapanen","Kasperi Kapanen","F","current_roster",TRUE,"2026-10-10T23:35:23.783Z","2026-10-10_233328_38095438164_1_f9a60eb2d38f4b45990bc6497e80ed6a",2026020072,"2026-10-10","2026-10-10T20:00:00Z","OFF","Sharks","2026-10-10T23:35:22.313Z","https://www.nhl.com/news/nhl-lineup-projections-2026-27-season","2026-10-10",1,"not_pregame",FALSE,NA,NA,NA,NA,NA,NA,NA
20262027,20262027,22,"EDM",8478402,"Connor","McDavid","Connor McDavid","F","current_roster",TRUE,"2026-10-10T23:35:23.785Z","2026-10-10_233328_38095438164_1_f9a60eb2d38f4b45990bc6497e80ed6a",2026020072,"2026-10-10","2026-10-10T20:00:00Z","OFF","Sharks","2026-10-10T23:35:22.313Z","https://www.nhl.com/news/nhl-lineup-projections-2026-27-season","2026-10-10",1,"not_pregame",FALSE,NA,NA,NA,NA,NA,NA,NA
20262027,20262027,22,"EDM",8486161,"Owen","Michaels","Owen Michaels","F","current_roster",TRUE,"2026-10-10T23:35:23.786Z","2026-10-10_233328_38095438164_1_f9a60eb2d38f4b45990bc6497e80ed6a",2026020072,"2026-10-10","2026-10-10T20:00:00Z","OFF","Sharks","2026-10-10T23:35:22.313Z","https://www.nhl.com/news/nhl-lineup-projections-2026-27-season","2026-10-10",1,"not_pregame",FALSE,NA,NA,NA,NA,NA,NA,NA
20262027,20262027,22,"EDM",8476454,"Ryan","Nugent-Hopkins","Ryan Nugent-Hopkins","F","current_roster",TRUE,"2026-10-10T23:35:23.787Z","2026-10-10_233328_38095438164_1_f9a60eb2d38f4b45990bc6497e80ed6a",2026020072,"2026-10-10","2026-10-10T20:00:00Z","OFF","Sharks","2026-10-10T23:35:22.313Z","https://www.nhl.com/news/nhl-lineup-projections-2026-27-season","2026-10-10",1,"not_pregame",FALSE,NA,NA,NA,NA,NA,NA,NA
20262027,20262027,22,"EDM",8481617,"Vasily","Podkolzin","Vasily Podkolzin","F","current_roster",TRUE,"2026-10-10T23:35:23.788Z","2026-10-10_233328_38095438164_1_f9a60eb2d38f4b45990bc6497e80ed6a",2026020072,"2026-10-10","2026-10-10T20:00:00Z","OFF","Sharks","2026-10-10T23:35:22.313Z","https://www.nhl.com/news/nhl-lineup-projections-2026-27-season","2026-10-10",1,"not_pregame",FALSE,NA,NA,NA,NA,NA,NA,NA
20262027,20262027,22,"EDM",8484509,"Josh","Samanski","Josh Samanski","F","current_roster",TRUE,"2026-10-10T23:35:23.790Z","2026-10-10_233328_38095438164_1_f9a60eb2d38f4b45990bc6497e80ed6a",2026020072,"2026-10-10","2026-10-10T20:00:00Z","OFF","Sharks","2026-10-10T23:35:22.313Z","https://www.nhl.com/news/nhl-lineup-projections-2026-27-season","2026-10-10",1,"not_pregame",FALSE,NA,NA,NA,NA,NA,NA,NA
20262027,20262027,22,"EDM",8483512,"Matt","Savoie","Matt Savoie","F","current_roster",TRUE,"2026-10-10T23:35:23.791Z","2026-10-10_233328_38095438164_1_f9a60eb2d38f4b45990bc6497e80ed6a",2026020072,"2026-10-10","2026-10-10T20:00:00Z","OFF","Sharks","2026-10-10T23:35:22.313Z","https://www.nhl.com/news/nhl-lineup-projections-2026-27-season","2026-10-10",1,"not_pregame",FALSE,NA,NA,NA,NA,NA,NA,NA
20262027,20262027,22,"EDM",8480803,"Evan","Bouchard","Evan Bouchard","D","current_roster",TRUE,"2026-10-10T23:35:23.793Z","2026-10-10_233328_38095438164_1_f9a60eb2d38f4b45990bc6497e80ed6a",2026020072,"2026-10-10","2026-10-10T20:00:00Z","OFF","Sharks","2026-10-10T23:35:22.313Z","https://www.nhl.com/news/nhl-lineup-projections-2026-27-season","2026-10-10",1,"not_pregame",FALSE,NA,NA,NA,NA,NA,NA,NA
20262027,20262027,22,"EDM",8475218,"Mattias","Ekholm","Mattias Ekholm","D","current_roster",TRUE,"2026-10-10T23:35:23.794Z","2026-10-10_233328_38095438164_1_f9a60eb2d38f4b45990bc6497e80ed6a",2026020072,"2026-10-10","2026-10-10T20:00:00Z","OFF","Sharks","2026-10-10T23:35:22.313Z","https://www.nhl.com/news/nhl-lineup-projections-2026-27-season","2026-10-10",1,"not_pregame",FALSE,NA,NA,NA,NA,NA,NA,NA
20262027,20262027,22,"EDM",8480834,"Ty","Emberson","Ty Emberson","D","current_roster",TRUE,"2026-10-10T23:35:23.795Z","2026-10-10_233328_38095438164_1_f9a60eb2d38f4b45990bc6497e80ed6a",2026020072,"2026-10-10","2026-10-10T20:00:00Z","OFF","Sharks","2026-10-10T23:35:22.313Z","https://www.nhl.com/news/nhl-lineup-projections-2026-27-season","2026-10-10",1,"not_pregame",FALSE,NA,NA,NA,NA,NA,NA,NA
20262027,20262027,22,"EDM",8482166,"Shakir","Mukhamadullin","Shakir Mukhamadullin","D","current_roster",TRUE,"2026-10-10T23:35:23.797Z","2026-10-10_233328_38095438164_1_f9a60eb2d38f4b45990bc6497e80ed6a",2026020072,"2026-10-10","2026-10-10T20:00:00Z","OFF","Sharks","2026-10-10T23:35:22.313Z","https://www.nhl.com/news/nhl-lineup-projections-2026-27-season","2026-10-10",1,"not_pregame",FALSE,NA,NA,NA,NA,NA,NA,NA
20262027,20262027,22,"EDM",8476473,"Connor","Murphy","Connor Murphy","D","current_roster",TRUE,"2026-10-10T23:35:23.798Z","2026-10-10_233328_38095438164_1_f9a60eb2d38f4b45990bc6497e80ed6a",2026020072,"2026-10-10","2026-10-10T20:00:00Z","OFF","Sharks","2026-10-10T23:35:22.313Z","https://www.nhl.com/news/nhl-lineup-projections-2026-27-season","2026-10-10",1,"not_pregame",FALSE,NA,NA,NA,NA,NA,NA,NA
20262027,20262027,22,"EDM",8480831,"Alec","Regula","Alec Regula","D","current_roster",TRUE,"2026-10-10T23:35:23.799Z","2026-10-10_233328_38095438164_1_f9a60eb2d38f4b45990bc6497e80ed6a",2026020072,"2026-10-10","2026-10-10T20:00:00Z","OFF","Sharks","2026-10-10T23:35:22.313Z","https://www.nhl.com/news/nhl-lineup-projections-2026-27-season","2026-10-10",1,"not_pregame",FALSE,NA,NA,NA,NA,NA,NA,NA
20262027,20262027,22,"EDM",8478854,"Ryan","Shea","Ryan Shea","D","current_roster",TRUE,"2026-10-10T23:35:23.801Z","2026-10-10_233328_38095438164_1_f9a60eb2d38f4b45990bc6497e80ed6a",2026020072,"2026-10-10","2026-10-10T20:00:00Z","OFF","Sharks","2026-10-10T23:35:22.313Z","https://www.nhl.com/news/nhl-lineup-projections-2026-27-season","2026-10-10",1,"not_pregame",FALSE,NA,NA,NA,NA,NA,NA,NA
20262027,20262027,22,"EDM",8478013,"Jake","Walman","Jake Walman","D","current_roster",TRUE,"2026-10-10T23:35:23.805Z","2026-10-10_233328_38095438164_1_f9a60eb2d38f4b45990bc6497e80ed6a",2026020072,"2026-10-10","2026-10-10T20:00:00Z","OFF","Sharks","2026-10-10T23:35:22.313Z","https://www.nhl.com/news/nhl-lineup-projections-2026-27-season","2026-10-10",1,"not_pregame",FALSE,NA,NA,NA,NA,NA,NA,NA
20262027,20262027,22,"EDM",8475883,"Frederik","Andersen","Frederik Andersen","G","current_roster",TRUE,"2026-10-10T23:35:23.807Z","2026-10-10_233328_38095438164_1_f9a60eb2d38f4b45990bc6497e80ed6a",2026020072,"2026-10-10","2026-10-10T20:00:00Z","OFF","Sharks","2026-10-10T23:35:22.313Z","https://www.nhl.com/news/nhl-lineup-projections-2026-27-season","2026-10-10",1,"not_pregame",FALSE,NA,NA,NA,NA,NA,NA,NA
20262027,20262027,22,"EDM",8477465,"Tristan","Jarry","Tristan Jarry","G","current_roster",TRUE,"2026-10-10T23:35:23.808Z","2026-10-10_233328_38095438164_1_f9a60eb2d38f4b45990bc6497e80ed6a",2026020072,"2026-10-10","2026-10-10T20:00:00Z","OFF","Sharks","2026-10-10T23:35:22.313Z","https://www.nhl.com/news/nhl-lineup-projections-2026-27-season","2026-10-10",1,"not_pregame",FALSE,NA,NA,NA,NA,NA,NA,NA
20262027,20262027,22,"EDM",8482221,"Devon","Levi","Devon Levi","G","current_roster",TRUE,"2026-10-10T23:35:23.810Z","2026-10-10_233328_38095438164_1_f9a60eb2d38f4b45990bc6497e80ed6a",2026020072,"2026-10-10","2026-10-10T20:00:00Z","OFF","Sharks","2026-10-10T23:35:22.313Z","https://www.nhl.com/news/nhl-lineup-projections-2026-27-season","2026-10-10",1,"not_pregame",FALSE,NA,NA,NA,NA,NA,NA,NA
20262027,20262027,28,"SJS",8479718,"Alex","Barré-Boulet","Alex Barré-Boulet","F","current_roster",TRUE,"2026-10-10T23:35:22.779Z","2026-10-10_233328_38095438164_1_f9a60eb2d38f4b45990bc6497e80ed6a",2026020072,"2026-10-10","2026-10-10T20:00:00Z","OFF","Oilers","2026-10-10T23:35:22.313Z","https://www.nhl.com/news/nhl-lineup-projections-2026-27-season","2026-10-10",1,"not_pregame",FALSE,NA,NA,NA,NA,NA,NA,NA
20262027,20262027,28,"SJS",8484801,"Macklin","Celebrini","Macklin Celebrini","F","current_roster",TRUE,"2026-10-10T23:35:22.781Z","2026-10-10_233328_38095438164_1_f9a60eb2d38f4b45990bc6497e80ed6a",2026020072,"2026-10-10","2026-10-10T20:00:00Z","OFF","Oilers","2026-10-10T23:35:22.313Z","https://www.nhl.com/news/nhl-lineup-projections-2026-27-season","2026-10-10",1,"not_pregame",FALSE,NA,NA,NA,NA,NA,NA,NA
20262027,20262027,28,"SJS",8484994,"Igor","Chernyshov","Igor Chernyshov","F","current_roster",TRUE,"2026-10-10T23:35:22.782Z","2026-10-10_233328_38095438164_1_f9a60eb2d38f4b45990bc6497e80ed6a",2026020072,"2026-10-10","2026-10-10T20:00:00Z","OFF","Oilers","2026-10-10T23:35:22.313Z","https://www.nhl.com/news/nhl-lineup-projections-2026-27-season","2026-10-10",1,"not_pregame",FALSE,NA,NA,NA,NA,NA,NA,NA
20262027,20262027,28,"SJS",8480848,"Ty","Dellandrea","Ty Dellandrea","F","current_roster",TRUE,"2026-10-10T23:35:22.783Z","2026-10-10_233328_38095438164_1_f9a60eb2d38f4b45990bc6497e80ed6a",2026020072,"2026-10-10","2026-10-10T20:00:00Z","OFF","Oilers","2026-10-10T23:35:22.313Z","https://www.nhl.com/news/nhl-lineup-projections-2026-27-season","2026-10-10",1,"not_pregame",FALSE,NA,NA,NA,NA,NA,NA,NA
20262027,20262027,28,"SJS",8478874,"Adam","Gaudette","Adam Gaudette","F","current_roster",TRUE,"2026-10-10T23:35:22.785Z","2026-10-10_233328_38095438164_1_f9a60eb2d38f4b45990bc6497e80ed6a",2026020072,"2026-10-10","2026-10-10T20:00:00Z","OFF","Oilers","2026-10-10T23:35:22.313Z","https://www.nhl.com/news/nhl-lineup-projections-2026-27-season","2026-10-10",1,"not_pregame",FALSE,NA,NA,NA,NA,NA,NA,NA
20262027,20262027,28,"SJS",8476624,"Barclay","Goodrow","Barclay Goodrow","F","current_roster",TRUE,"2026-10-10T23:35:22.786Z","2026-10-10_233328_38095438164_1_f9a60eb2d38f4b45990bc6497e80ed6a",2026020072,"2026-10-10","2026-10-10T20:00:00Z","OFF","Oilers","2026-10-10T23:35:22.313Z","https://www.nhl.com/news/nhl-lineup-projections-2026-27-season","2026-10-10",1,"not_pregame",FALSE,NA,NA,NA,NA,NA,NA,NA
20262027,20262027,28,"SJS",8484911,"Collin","Graf","Collin Graf","F","current_roster",TRUE,"2026-10-10T23:35:22.787Z","2026-10-10_233328_38095438164_1_f9a60eb2d38f4b45990bc6497e80ed6a",2026020072,"2026-10-10","2026-10-10T20:00:00Z","OFF","Oilers","2026-10-10T23:35:22.313Z","https://www.nhl.com/news/nhl-lineup-projections-2026-27-season","2026-10-10",1,"not_pregame",FALSE,NA,NA,NA,NA,NA,NA,NA
20262027,20262027,28,"SJS",8478975,"Mason","Marchment","Mason Marchment","F","current_roster",TRUE,"2026-10-10T23:35:22.788Z","2026-10-10_233328_38095438164_1_f9a60eb2d38f4b45990bc6497e80ed6a",2026020072,"2026-10-10","2026-10-10T20:00:00Z","OFF","Oilers","2026-10-10T23:35:22.313Z","https://www.nhl.com/news/nhl-lineup-projections-2026-27-season","2026-10-10",1,"not_pregame",FALSE,NA,NA,NA,NA,NA,NA,NA
20262027,20262027,28,"SJS",8485402,"Michael","Misa","Michael Misa","F","current_roster",TRUE,"2026-10-10T23:35:22.790Z","2026-10-10_233328_38095438164_1_f9a60eb2d38f4b45990bc6497e80ed6a",2026020072,"2026-10-10","2026-10-10T20:00:00Z","OFF","Oilers","2026-10-10T23:35:22.313Z","https://www.nhl.com/news/nhl-lineup-projections-2026-27-season","2026-10-10",1,"not_pregame",FALSE,NA,NA,NA,NA,NA,NA,NA
20262027,20262027,28,"SJS",8482859,"Zack","Ostapchuk","Zack Ostapchuk","F","current_roster",TRUE,"2026-10-10T23:35:22.791Z","2026-10-10_233328_38095438164_1_f9a60eb2d38f4b45990bc6497e80ed6a",2026020072,"2026-10-10","2026-10-10T20:00:00Z","OFF","Oilers","2026-10-10T23:35:22.313Z","https://www.nhl.com/news/nhl-lineup-projections-2026-27-season","2026-10-10",1,"not_pregame",FALSE,NA,NA,NA,NA,NA,NA,NA
20262027,20262027,28,"SJS",8480748,"Kiefer","Sherwood","Kiefer Sherwood","F","current_roster",TRUE,"2026-10-10T23:35:22.792Z","2026-10-10_233328_38095438164_1_f9a60eb2d38f4b45990bc6497e80ed6a",2026020072,"2026-10-10","2026-10-10T20:00:00Z","OFF","Oilers","2026-10-10T23:35:22.313Z","https://www.nhl.com/news/nhl-lineup-projections-2026-27-season","2026-10-10",1,"not_pregame",FALSE,NA,NA,NA,NA,NA,NA,NA
20262027,20262027,28,"SJS",8484227,"Will","Smith","Will Smith","F","current_roster",TRUE,"2026-10-10T23:35:22.794Z","2026-10-10_233328_38095438164_1_f9a60eb2d38f4b45990bc6497e80ed6a",2026020072,"2026-10-10","2026-10-10T20:00:00Z","OFF","Oilers","2026-10-10T23:35:22.313Z","https://www.nhl.com/news/nhl-lineup-projections-2026-27-season","2026-10-10",1,"not_pregame",FALSE,NA,NA,NA,NA,NA,NA,NA
20262027,20262027,28,"SJS",8486103,"Ivar","Stenberg","Ivar Stenberg","F","current_roster",TRUE,"2026-10-10T23:35:22.795Z","2026-10-10_233328_38095438164_1_f9a60eb2d38f4b45990bc6497e80ed6a",2026020072,"2026-10-10","2026-10-10T20:00:00Z","OFF","Oilers","2026-10-10T23:35:22.313Z","https://www.nhl.com/news/nhl-lineup-projections-2026-27-season","2026-10-10",1,"not_pregame",FALSE,NA,NA,NA,NA,NA,NA,NA
20262027,20262027,28,"SJS",8475726,"Tyler","Toffoli","Tyler Toffoli","F","current_roster",TRUE,"2026-10-10T23:35:22.796Z","2026-10-10_233328_38095438164_1_f9a60eb2d38f4b45990bc6497e80ed6a",2026020072,"2026-10-10","2026-10-10T20:00:00Z","OFF","Oilers","2026-10-10T23:35:22.313Z","https://www.nhl.com/news/nhl-lineup-projections-2026-27-season","2026-10-10",1,"not_pregame",FALSE,NA,NA,NA,NA,NA,NA,NA
20262027,20262027,28,"SJS",8477505,"Alexander","Wennberg","Alexander Wennberg","F","current_roster",TRUE,"2026-10-10T23:35:22.797Z","2026-10-10_233328_38095438164_1_f9a60eb2d38f4b45990bc6497e80ed6a",2026020072,"2026-10-10","2026-10-10T20:00:00Z","OFF","Oilers","2026-10-10T23:35:22.313Z","https://www.nhl.com/news/nhl-lineup-projections-2026-27-season","2026-10-10",1,"not_pregame",FALSE,NA,NA,NA,NA,NA,NA,NA
20262027,20262027,28,"SJS",8482700,"Nolan","Allan","Nolan Allan","D","current_roster",TRUE,"2026-10-10T23:35:22.799Z","2026-10-10_233328_38095438164_1_f9a60eb2d38f4b45990bc6497e80ed6a",2026020072,"2026-10-10","2026-10-10T20:00:00Z","OFF","Oilers","2026-10-10T23:35:22.313Z","https://www.nhl.com/news/nhl-lineup-projections-2026-27-season","2026-10-10",1,"not_pregame",FALSE,NA,NA,NA,NA,NA,NA,NA
20262027,20262027,28,"SJS",8484152,"Luca","Cagnoni","Luca Cagnoni","D","current_roster",TRUE,"2026-10-10T23:35:22.800Z","2026-10-10_233328_38095438164_1_f9a60eb2d38f4b45990bc6497e80ed6a",2026020072,"2026-10-10","2026-10-10T20:00:00Z","OFF","Oilers","2026-10-10T23:35:22.313Z","https://www.nhl.com/news/nhl-lineup-projections-2026-27-season","2026-10-10",1,"not_pregame",FALSE,NA,NA,NA,NA,NA,NA,NA
20262027,20262027,28,"SJS",8484806,"Sam","Dickinson","Sam Dickinson","D","current_roster",TRUE,"2026-10-10T23:35:22.802Z","2026-10-10_233328_38095438164_1_f9a60eb2d38f4b45990bc6497e80ed6a",2026020072,"2026-10-10","2026-10-10T20:00:00Z","OFF","Oilers","2026-10-10T23:35:22.313Z","https://www.nhl.com/news/nhl-lineup-projections-2026-27-season","2026-10-10",1,"not_pregame",FALSE,NA,NA,NA,NA,NA,NA,NA
20262027,20262027,28,"SJS",8480891,"Michael","Kesselring","Michael Kesselring","D","current_roster",TRUE,"2026-10-10T23:35:22.803Z","2026-10-10_233328_38095438164_1_f9a60eb2d38f4b45990bc6497e80ed6a",2026020072,"2026-10-10","2026-10-10T20:00:00Z","OFF","Oilers","2026-10-10T23:35:22.313Z","https://www.nhl.com/news/nhl-lineup-projections-2026-27-season","2026-10-10",1,"not_pregame",FALSE,NA,NA,NA,NA,NA,NA,NA
20262027,20262027,28,"SJS",8477498,"Darnell","Nurse","Darnell Nurse","D","current_roster",TRUE,"2026-10-10T23:35:22.804Z","2026-10-10_233328_38095438164_1_f9a60eb2d38f4b45990bc6497e80ed6a",2026020072,"2026-10-10","2026-10-10T20:00:00Z","OFF","Oilers","2026-10-10T23:35:22.313Z","https://www.nhl.com/news/nhl-lineup-projections-2026-27-season","2026-10-10",1,"not_pregame",FALSE,NA,NA,NA,NA,NA,NA,NA
20262027,20262027,28,"SJS",8475200,"Dmitry","Orlov","Dmitry Orlov","D","current_roster",TRUE,"2026-10-10T23:35:22.806Z","2026-10-10_233328_38095438164_1_f9a60eb2d38f4b45990bc6497e80ed6a",2026020072,"2026-10-10","2026-10-10T20:00:00Z","OFF","Oilers","2026-10-10T23:35:22.313Z","https://www.nhl.com/news/nhl-lineup-projections-2026-27-season","2026-10-10",1,"not_pregame",FALSE,NA,NA,NA,NA,NA,NA,NA
20262027,20262027,28,"SJS",8476885,"Jacob","Trouba","Jacob Trouba","D","current_roster",TRUE,"2026-10-10T23:35:22.807Z","2026-10-10_233328_38095438164_1_f9a60eb2d38f4b45990bc6497e80ed6a",2026020072,"2026-10-10","2026-10-10T20:00:00Z","OFF","Oilers","2026-10-10T23:35:22.313Z","https://www.nhl.com/news/nhl-lineup-projections-2026-27-season","2026-10-10",1,"not_pregame",FALSE,NA,NA,NA,NA,NA,NA,NA
20262027,20262027,28,"SJS",8482137,"Yaroslav","Askarov","Yaroslav Askarov","G","current_roster",TRUE,"2026-10-10T23:35:22.808Z","2026-10-10_233328_38095438164_1_f9a60eb2d38f4b45990bc6497e80ed6a",2026020072,"2026-10-10","2026-10-10T20:00:00Z","OFF","Oilers","2026-10-10T23:35:22.313Z","https://www.nhl.com/news/nhl-lineup-projections-2026-27-season","2026-10-10",1,"not_pregame",FALSE,NA,NA,NA,NA,NA,NA,NA
20262027,20262027,28,"SJS",8477968,"Alex","Nedeljkovic","Alex Nedeljkovic","G","current_roster",TRUE,"2026-10-10T23:35:22.812Z","2026-10-10_233328_38095438164_1_f9a60eb2d38f4b45990bc6497e80ed6a",2026020072,"2026-10-10","2026-10-10T20:00:00Z","OFF","Oilers","2026-10-10T23:35:22.313Z","https://www.nhl.com/news/nhl-lineup-projections-2026-27-season","2026-10-10",1,"not_pregame",FALSE,NA,NA,NA,NA,NA,NA,NA
20262027,20262027,30,"MIN",8481557,"Matt","Boldy","Matt Boldy","F","current_roster",TRUE,"2026-10-10T23:35:23.514Z","2026-10-10_233328_38095438164_1_f9a60eb2d38f4b45990bc6497e80ed6a",2026020073,"2026-10-10","2026-10-10T22:00:00Z","LIVE","Panthers","2026-10-10T23:35:22.313Z","https://www.nhl.com/news/nhl-lineup-projections-2026-27-season","2026-10-10",1,"not_pregame",FALSE,NA,NA,NA,NA,NA,NA,NA
20262027,20262027,30,"MIN",8481553,"Bobby","Brink","Bobby Brink","F","current_roster",TRUE,"2026-10-10T23:35:23.516Z","2026-10-10_233328_38095438164_1_f9a60eb2d38f4b45990bc6497e80ed6a",2026020073,"2026-10-10","2026-10-10T22:00:00Z","LIVE","Panthers","2026-10-10T23:35:22.313Z","https://www.nhl.com/news/nhl-lineup-projections-2026-27-season","2026-10-10",1,"not_pregame",FALSE,NA,NA,NA,NA,NA,NA,NA
20262027,20262027,30,"MIN",8476399,"Blake","Coleman","Blake Coleman","F","current_roster",TRUE,"2026-10-10T23:35:23.517Z","2026-10-10_233328_38095438164_1_f9a60eb2d38f4b45990bc6497e80ed6a",2026020073,"2026-10-10","2026-10-10T22:00:00Z","LIVE","Panthers","2026-10-10T23:35:22.313Z","https://www.nhl.com/news/nhl-lineup-projections-2026-27-season","2026-10-10",1,"not_pregame",FALSE,NA,NA,NA,NA,NA,NA,NA
20262027,20262027,30,"MIN",8478493,"Joel","Eriksson Ek","Joel Eriksson Ek","F","current_roster",TRUE,"2026-10-10T23:35:23.519Z","2026-10-10_233328_38095438164_1_f9a60eb2d38f4b45990bc6497e80ed6a",2026020073,"2026-10-10","2026-10-10T22:00:00Z","LIVE","Panthers","2026-10-10T23:35:22.313Z","https://www.nhl.com/news/nhl-lineup-projections-2026-27-season","2026-10-10",1,"not_pregame",FALSE,NA,NA,NA,NA,NA,NA,NA
20262027,20262027,30,"MIN",8475220,"Marcus","Foligno","Marcus Foligno","F","current_roster",TRUE,"2026-10-10T23:35:23.520Z","2026-10-10_233328_38095438164_1_f9a60eb2d38f4b45990bc6497e80ed6a",2026020073,"2026-10-10","2026-10-10T22:00:00Z","LIVE","Panthers","2026-10-10T23:35:22.313Z","https://www.nhl.com/news/nhl-lineup-projections-2026-27-season","2026-10-10",1,"not_pregame",FALSE,NA,NA,NA,NA,NA,NA,NA
20262027,20262027,30,"MIN",8473422,"Nick","Foligno","Nick Foligno","F","current_roster",TRUE,"2026-10-10T23:35:23.521Z","2026-10-10_233328_38095438164_1_f9a60eb2d38f4b45990bc6497e80ed6a",2026020073,"2026-10-10","2026-10-10T22:00:00Z","LIVE","Panthers","2026-10-10T23:35:22.313Z","https://www.nhl.com/news/nhl-lineup-projections-2026-27-season","2026-10-10",1,"not_pregame",FALSE,NA,NA,NA,NA,NA,NA,NA
20262027,20262027,30,"MIN",8477451,"Ryan","Hartman","Ryan Hartman","F","current_roster",TRUE,"2026-10-10T23:35:23.523Z","2026-10-10_233328_38095438164_1_f9a60eb2d38f4b45990bc6497e80ed6a",2026020073,"2026-10-10","2026-10-10T22:00:00Z","LIVE","Panthers","2026-10-10T23:35:22.313Z","https://www.nhl.com/news/nhl-lineup-projections-2026-27-season","2026-10-10",1,"not_pregame",FALSE,NA,NA,NA,NA,NA,NA,NA
20262027,20262027,30,"MIN",8478864,"Kirill","Kaprizov","Kirill Kaprizov","F","current_roster",TRUE,"2026-10-10T23:35:23.524Z","2026-10-10_233328_38095438164_1_f9a60eb2d38f4b45990bc6497e80ed6a",2026020073,"2026-10-10","2026-10-10T22:00:00Z","LIVE","Panthers","2026-10-10T23:35:22.313Z","https://www.nhl.com/news/nhl-lineup-projections-2026-27-season","2026-10-10",1,"not_pregame",FALSE,NA,NA,NA,NA,NA,NA,NA
20262027,20262027,30,"MIN",8483478,"Rieger","Lorenz","Rieger Lorenz","F","current_roster",TRUE,"2026-10-10T23:35:23.525Z","2026-10-10_233328_38095438164_1_f9a60eb2d38f4b45990bc6497e80ed6a",2026020073,"2026-10-10","2026-10-10T22:00:00Z","LIVE","Panthers","2026-10-10T23:35:22.313Z","https://www.nhl.com/news/nhl-lineup-projections-2026-27-season","2026-10-10",1,"not_pregame",FALSE,NA,NA,NA,NA,NA,NA,NA
20262027,20262027,30,"MIN",8477446,"Michael","McCarron","Michael McCarron","F","current_roster",TRUE,"2026-10-10T23:35:23.526Z","2026-10-10_233328_38095438164_1_f9a60eb2d38f4b45990bc6497e80ed6a",2026020073,"2026-10-10","2026-10-10T22:00:00Z","LIVE","Panthers","2026-10-10T23:35:22.313Z","https://www.nhl.com/news/nhl-lineup-projections-2026-27-season","2026-10-10",1,"not_pregame",FALSE,NA,NA,NA,NA,NA,NA,NA
20262027,20262027,30,"MIN",8485702,"Maxim","Shabanov","Maxim Shabanov","F","current_roster",TRUE,"2026-10-10T23:35:23.528Z","2026-10-10_233328_38095438164_1_f9a60eb2d38f4b45990bc6497e80ed6a",2026020073,"2026-10-10","2026-10-10T22:00:00Z","LIVE","Panthers","2026-10-10T23:35:22.313Z","https://www.nhl.com/news/nhl-lineup-projections-2026-27-season","2026-10-10",1,"not_pregame",FALSE,NA,NA,NA,NA,NA,NA,NA
20262027,20262027,30,"MIN",8481477,"Nico","Sturm","Nico Sturm","F","current_roster",TRUE,"2026-10-10T23:35:23.529Z","2026-10-10_233328_38095438164_1_f9a60eb2d38f4b45990bc6497e80ed6a",2026020073,"2026-10-10","2026-10-10T22:00:00Z","LIVE","Panthers","2026-10-10T23:35:22.313Z","https://www.nhl.com/news/nhl-lineup-projections-2026-27-season","2026-10-10",1,"not_pregame",FALSE,NA,NA,NA,NA,NA,NA,NA
20262027,20262027,30,"MIN",8478508,"Yakov","Trenin","Yakov Trenin","F","current_roster",TRUE,"2026-10-10T23:35:23.530Z","2026-10-10_233328_38095438164_1_f9a60eb2d38f4b45990bc6497e80ed6a",2026020073,"2026-10-10","2026-10-10T22:00:00Z","LIVE","Panthers","2026-10-10T23:35:22.313Z","https://www.nhl.com/news/nhl-lineup-projections-2026-27-season","2026-10-10",1,"not_pregame",FALSE,NA,NA,NA,NA,NA,NA,NA
20262027,20262027,30,"MIN",8483525,"Danila","Yurov","Danila Yurov","F","current_roster",TRUE,"2026-10-10T23:35:23.532Z","2026-10-10_233328_38095438164_1_f9a60eb2d38f4b45990bc6497e80ed6a",2026020073,"2026-10-10","2026-10-10T22:00:00Z","LIVE","Panthers","2026-10-10T23:35:22.313Z","https://www.nhl.com/news/nhl-lineup-projections-2026-27-season","2026-10-10",1,"not_pregame",FALSE,NA,NA,NA,NA,NA,NA,NA
20262027,20262027,30,"MIN",8474567,"Zach","Bogosian","Zach Bogosian","D","current_roster",TRUE,"2026-10-10T23:35:23.533Z","2026-10-10_233328_38095438164_1_f9a60eb2d38f4b45990bc6497e80ed6a",2026020073,"2026-10-10","2026-10-10T22:00:00Z","LIVE","Panthers","2026-10-10T23:35:22.313Z","https://www.nhl.com/news/nhl-lineup-projections-2026-27-season","2026-10-10",1,"not_pregame",FALSE,NA,NA,NA,NA,NA,NA,NA
20262027,20262027,30,"MIN",8476463,"Jonas","Brodin","Jonas Brodin","D","current_roster",TRUE,"2026-10-10T23:35:23.535Z","2026-10-10_233328_38095438164_1_f9a60eb2d38f4b45990bc6497e80ed6a",2026020073,"2026-10-10","2026-10-10T22:00:00Z","LIVE","Panthers","2026-10-10T23:35:22.313Z","https://www.nhl.com/news/nhl-lineup-projections-2026-27-season","2026-10-10",1,"not_pregame",FALSE,NA,NA,NA,NA,NA,NA,NA
20262027,20262027,30,"MIN",8482122,"Brock","Faber","Brock Faber","D","current_roster",TRUE,"2026-10-10T23:35:23.536Z","2026-10-10_233328_38095438164_1_f9a60eb2d38f4b45990bc6497e80ed6a",2026020073,"2026-10-10","2026-10-10T22:00:00Z","LIVE","Panthers","2026-10-10T23:35:22.313Z","https://www.nhl.com/news/nhl-lineup-projections-2026-27-season","2026-10-10",1,"not_pregame",FALSE,NA,NA,NA,NA,NA,NA,NA
20262027,20262027,30,"MIN",8480800,"Quinn","Hughes","Quinn Hughes","D","current_roster",TRUE,"2026-10-10T23:35:23.537Z","2026-10-10_233328_38095438164_1_f9a60eb2d38f4b45990bc6497e80ed6a",2026020073,"2026-10-10","2026-10-10T22:00:00Z","LIVE","Panthers","2026-10-10T23:35:22.313Z","https://www.nhl.com/news/nhl-lineup-projections-2026-27-season","2026-10-10",1,"not_pregame",FALSE,NA,NA,NA,NA,NA,NA,NA
20262027,20262027,30,"MIN",8482094,"Daemon","Hunt","Daemon Hunt","D","current_roster",TRUE,"2026-10-10T23:35:23.538Z","2026-10-10_233328_38095438164_1_f9a60eb2d38f4b45990bc6497e80ed6a",2026020073,"2026-10-10","2026-10-10T22:00:00Z","LIVE","Panthers","2026-10-10T23:35:22.313Z","https://www.nhl.com/news/nhl-lineup-projections-2026-27-season","2026-10-10",1,"not_pregame",FALSE,NA,NA,NA,NA,NA,NA,NA
20262027,20262027,30,"MIN",8482641,"Matt","Kiersted","Matt Kiersted","D","current_roster",TRUE,"2026-10-10T23:35:23.540Z","2026-10-10_233328_38095438164_1_f9a60eb2d38f4b45990bc6497e80ed6a",2026020073,"2026-10-10","2026-10-10T22:00:00Z","LIVE","Panthers","2026-10-10T23:35:22.313Z","https://www.nhl.com/news/nhl-lineup-projections-2026-27-season","2026-10-10",1,"not_pregame",FALSE,NA,NA,NA,NA,NA,NA,NA
20262027,20262027,30,"MIN",8476874,"Olli","Maatta","Olli Maatta","D","current_roster",TRUE,"2026-10-10T23:35:23.541Z","2026-10-10_233328_38095438164_1_f9a60eb2d38f4b45990bc6497e80ed6a",2026020073,"2026-10-10","2026-10-10T22:00:00Z","LIVE","Panthers","2026-10-10T23:35:22.313Z","https://www.nhl.com/news/nhl-lineup-projections-2026-27-season","2026-10-10",1,"not_pregame",FALSE,NA,NA,NA,NA,NA,NA,NA
20262027,20262027,30,"MIN",8483766,"David","Spacek","David Spacek","D","current_roster",TRUE,"2026-10-10T23:35:23.545Z","2026-10-10_233328_38095438164_1_f9a60eb2d38f4b45990bc6497e80ed6a",2026020073,"2026-10-10","2026-10-10T22:00:00Z","LIVE","Panthers","2026-10-10T23:35:22.313Z","https://www.nhl.com/news/nhl-lineup-projections-2026-27-season","2026-10-10",1,"not_pregame",FALSE,NA,NA,NA,NA,NA,NA,NA
20262027,20262027,30,"MIN",8474716,"Jared","Spurgeon","Jared Spurgeon","D","current_roster",TRUE,"2026-10-10T23:35:23.547Z","2026-10-10_233328_38095438164_1_f9a60eb2d38f4b45990bc6497e80ed6a",2026020073,"2026-10-10","2026-10-10T22:00:00Z","LIVE","Panthers","2026-10-10T23:35:22.313Z","https://www.nhl.com/news/nhl-lineup-projections-2026-27-season","2026-10-10",1,"not_pregame",FALSE,NA,NA,NA,NA,NA,NA,NA
20262027,20262027,30,"MIN",8479406,"Filip","Gustavsson","Filip Gustavsson","G","current_roster",TRUE,"2026-10-10T23:35:23.549Z","2026-10-10_233328_38095438164_1_f9a60eb2d38f4b45990bc6497e80ed6a",2026020073,"2026-10-10","2026-10-10T22:00:00Z","LIVE","Panthers","2026-10-10T23:35:22.313Z","https://www.nhl.com/news/nhl-lineup-projections-2026-27-season","2026-10-10",1,"not_pregame",FALSE,NA,NA,NA,NA,NA,NA,NA
20262027,20262027,30,"MIN",8475717,"Calvin","Pickard","Calvin Pickard","G","current_roster",TRUE,"2026-10-10T23:35:23.550Z","2026-10-10_233328_38095438164_1_f9a60eb2d38f4b45990bc6497e80ed6a",2026020073,"2026-10-10","2026-10-10T22:00:00Z","LIVE","Panthers","2026-10-10T23:35:22.313Z","https://www.nhl.com/news/nhl-lineup-projections-2026-27-season","2026-10-10",1,"not_pregame",FALSE,NA,NA,NA,NA,NA,NA,NA
20262027,20262027,30,"MIN",8482661,"Jesper","Wallstedt","Jesper Wallstedt","G","current_roster",TRUE,"2026-10-10T23:35:23.551Z","2026-10-10_233328_38095438164_1_f9a60eb2d38f4b45990bc6497e80ed6a",2026020073,"2026-10-10","2026-10-10T22:00:00Z","LIVE","Panthers","2026-10-10T23:35:22.313Z","https://www.nhl.com/news/nhl-lineup-projections-2026-27-season","2026-10-10",1,"not_pregame",FALSE,NA,NA,NA,NA,NA,NA,NA
20262027,20262027,13,"FLA",8477493,"Aleksander","Barkov","Aleksander Barkov","F","current_roster",TRUE,"2026-10-10T23:35:22.815Z","2026-10-10_233328_38095438164_1_f9a60eb2d38f4b45990bc6497e80ed6a",2026020073,"2026-10-10","2026-10-10T22:00:00Z","LIVE","Wild","2026-10-10T23:35:22.313Z","https://www.nhl.com/news/nhl-lineup-projections-2026-27-season","2026-10-10",1,"not_pregame",FALSE,NA,NA,NA,NA,NA,NA,NA
20262027,20262027,13,"FLA",8477935,"Sam","Bennett","Sam Bennett","F","current_roster",TRUE,"2026-10-10T23:35:22.816Z","2026-10-10_233328_38095438164_1_f9a60eb2d38f4b45990bc6497e80ed6a",2026020073,"2026-10-10","2026-10-10T22:00:00Z","LIVE","Wild","2026-10-10T23:35:22.313Z","https://www.nhl.com/news/nhl-lineup-projections-2026-27-season","2026-10-10",1,"not_pregame",FALSE,NA,NA,NA,NA,NA,NA,NA
20262027,20262027,13,"FLA",8474189,"Lars","Eller","Lars Eller","F","current_roster",TRUE,"2026-10-10T23:35:22.818Z","2026-10-10_233328_38095438164_1_f9a60eb2d38f4b45990bc6497e80ed6a",2026020073,"2026-10-10","2026-10-10T22:00:00Z","LIVE","Wild","2026-10-10T23:35:22.313Z","https://www.nhl.com/news/nhl-lineup-projections-2026-27-season","2026-10-10",1,"not_pregame",FALSE,NA,NA,NA,NA,NA,NA,NA
20262027,20262027,13,"FLA",8479981,"Jonah","Gadjovich","Jonah Gadjovich","F","current_roster",TRUE,"2026-10-10T23:35:22.819Z","2026-10-10_233328_38095438164_1_f9a60eb2d38f4b45990bc6497e80ed6a",2026020073,"2026-10-10","2026-10-10T22:00:00Z","LIVE","Wild","2026-10-10T23:35:22.313Z","https://www.nhl.com/news/nhl-lineup-projections-2026-27-season","2026-10-10",1,"not_pregame",FALSE,NA,NA,NA,NA,NA,NA,NA
20262027,20262027,13,"FLA",8477903,"Garnet","Hathaway","Garnet Hathaway","F","current_roster",TRUE,"2026-10-10T23:35:22.820Z","2026-10-10_233328_38095438164_1_f9a60eb2d38f4b45990bc6497e80ed6a",2026020073,"2026-10-10","2026-10-10T22:00:00Z","LIVE","Wild","2026-10-10T23:35:22.313Z","https://www.nhl.com/news/nhl-lineup-projections-2026-27-season","2026-10-10",1,"not_pregame",FALSE,NA,NA,NA,NA,NA,NA,NA
20262027,20262027,13,"FLA",8478147,"Bokondji","Imama","Bokondji Imama","F","current_roster",TRUE,"2026-10-10T23:35:22.822Z","2026-10-10_233328_38095438164_1_f9a60eb2d38f4b45990bc6497e80ed6a",2026020073,"2026-10-10","2026-10-10T22:00:00Z","LIVE","Wild","2026-10-10T23:35:22.313Z","https://www.nhl.com/news/nhl-lineup-projections-2026-27-season","2026-10-10",1,"not_pregame",FALSE,NA,NA,NA,NA,NA,NA,NA
20262027,20262027,13,"FLA",8478043,"Sam","Lafferty","Sam Lafferty","F","current_roster",TRUE,"2026-10-10T23:35:22.823Z","2026-10-10_233328_38095438164_1_f9a60eb2d38f4b45990bc6497e80ed6a",2026020073,"2026-10-10","2026-10-10T22:00:00Z","LIVE","Wild","2026-10-10T23:35:22.313Z","https://www.nhl.com/news/nhl-lineup-projections-2026-27-season","2026-10-10",1,"not_pregame",FALSE,NA,NA,NA,NA,NA,NA,NA
20262027,20262027,13,"FLA",8482113,"Anton","Lundell","Anton Lundell","F","current_roster",TRUE,"2026-10-10T23:35:22.824Z","2026-10-10_233328_38095438164_1_f9a60eb2d38f4b45990bc6497e80ed6a",2026020073,"2026-10-10","2026-10-10T22:00:00Z","LIVE","Wild","2026-10-10T23:35:22.313Z","https://www.nhl.com/news/nhl-lineup-projections-2026-27-season","2026-10-10",1,"not_pregame",FALSE,NA,NA,NA,NA,NA,NA,NA
20262027,20262027,13,"FLA",8480185,"Eetu","Luostarinen","Eetu Luostarinen","F","current_roster",TRUE,"2026-10-10T23:35:22.825Z","2026-10-10_233328_38095438164_1_f9a60eb2d38f4b45990bc6497e80ed6a",2026020073,"2026-10-10","2026-10-10T22:00:00Z","LIVE","Wild","2026-10-10T23:35:22.313Z","https://www.nhl.com/news/nhl-lineup-projections-2026-27-season","2026-10-10",1,"not_pregame",FALSE,NA,NA,NA,NA,NA,NA,NA
20262027,20262027,13,"FLA",8473419,"Brad","Marchand","Brad Marchand","F","current_roster",TRUE,"2026-10-10T23:35:22.827Z","2026-10-10_233328_38095438164_1_f9a60eb2d38f4b45990bc6497e80ed6a",2026020073,"2026-10-10","2026-10-10T22:00:00Z","LIVE","Wild","2026-10-10T23:35:22.313Z","https://www.nhl.com/news/nhl-lineup-projections-2026-27-season","2026-10-10",1,"not_pregame",FALSE,NA,NA,NA,NA,NA,NA,NA
20262027,20262027,13,"FLA",8477933,"Sam","Reinhart","Sam Reinhart","F","current_roster",TRUE,"2026-10-10T23:35:22.828Z","2026-10-10_233328_38095438164_1_f9a60eb2d38f4b45990bc6497e80ed6a",2026020073,"2026-10-10","2026-10-10T22:00:00Z","LIVE","Wild","2026-10-10T23:35:22.313Z","https://www.nhl.com/news/nhl-lineup-projections-2026-27-season","2026-10-10",1,"not_pregame",FALSE,NA,NA,NA,NA,NA,NA,NA
20262027,20262027,13,"FLA",8480801,"Brady","Tkachuk","Brady Tkachuk","F","current_roster",TRUE,"2026-10-10T23:35:22.829Z","2026-10-10_233328_38095438164_1_f9a60eb2d38f4b45990bc6497e80ed6a",2026020073,"2026-10-10","2026-10-10T22:00:00Z","LIVE","Wild","2026-10-10T23:35:22.313Z","https://www.nhl.com/news/nhl-lineup-projections-2026-27-season","2026-10-10",1,"not_pregame",FALSE,NA,NA,NA,NA,NA,NA,NA
20262027,20262027,13,"FLA",8479314,"Matthew","Tkachuk","Matthew Tkachuk","F","current_roster",TRUE,"2026-10-10T23:35:22.830Z","2026-10-10_233328_38095438164_1_f9a60eb2d38f4b45990bc6497e80ed6a",2026020073,"2026-10-10","2026-10-10T22:00:00Z","LIVE","Wild","2026-10-10T23:35:22.313Z","https://www.nhl.com/news/nhl-lineup-projections-2026-27-season","2026-10-10",1,"not_pregame",FALSE,NA,NA,NA,NA,NA,NA,NA
20262027,20262027,13,"FLA",8477409,"Carter","Verhaeghe","Carter Verhaeghe","F","current_roster",TRUE,"2026-10-10T23:35:22.832Z","2026-10-10_233328_38095438164_1_f9a60eb2d38f4b45990bc6497e80ed6a",2026020073,"2026-10-10","2026-10-10T22:00:00Z","LIVE","Wild","2026-10-10T23:35:22.313Z","https://www.nhl.com/news/nhl-lineup-projections-2026-27-season","2026-10-10",1,"not_pregame",FALSE,NA,NA,NA,NA,NA,NA,NA
20262027,20262027,13,"FLA",8483771,"Sandis","Vilmanis","Sandis Vilmanis","F","current_roster",TRUE,"2026-10-10T23:35:22.833Z","2026-10-10_233328_38095438164_1_f9a60eb2d38f4b45990bc6497e80ed6a",2026020073,"2026-10-10","2026-10-10T22:00:00Z","LIVE","Wild","2026-10-10T23:35:22.313Z","https://www.nhl.com/news/nhl-lineup-projections-2026-27-season","2026-10-10",1,"not_pregame",FALSE,NA,NA,NA,NA,NA,NA,NA
20262027,20262027,13,"FLA",8484304,"Uvis","Balinskis","Uvis Balinskis","D","current_roster",TRUE,"2026-10-10T23:35:22.835Z","2026-10-10_233328_38095438164_1_f9a60eb2d38f4b45990bc6497e80ed6a",2026020073,"2026-10-10","2026-10-10T22:00:00Z","LIVE","Wild","2026-10-10T23:35:22.313Z","https://www.nhl.com/news/nhl-lineup-projections-2026-27-season","2026-10-10",1,"not_pregame",FALSE,NA,NA,NA,NA,NA,NA,NA
20262027,20262027,13,"FLA",8477932,"Aaron","Ekblad","Aaron Ekblad","D","current_roster",TRUE,"2026-10-10T23:35:22.836Z","2026-10-10_233328_38095438164_1_f9a60eb2d38f4b45990bc6497e80ed6a",2026020073,"2026-10-10","2026-10-10T22:00:00Z","LIVE","Wild","2026-10-10T23:35:22.313Z","https://www.nhl.com/news/nhl-lineup-projections-2026-27-season","2026-10-10",1,"not_pregame",FALSE,NA,NA,NA,NA,NA,NA,NA
20262027,20262027,13,"FLA",8478055,"Gustav","Forsling","Gustav Forsling","D","current_roster",TRUE,"2026-10-10T23:35:22.837Z","2026-10-10_233328_38095438164_1_f9a60eb2d38f4b45990bc6497e80ed6a",2026020073,"2026-10-10","2026-10-10T22:00:00Z","LIVE","Wild","2026-10-10T23:35:22.313Z","https://www.nhl.com/news/nhl-lineup-projections-2026-27-season","2026-10-10",1,"not_pregame",FALSE,NA,NA,NA,NA,NA,NA,NA
20262027,20262027,13,"FLA",8475462,"Radko","Gudas","Radko Gudas","D","current_roster",TRUE,"2026-10-10T23:35:22.839Z","2026-10-10_233328_38095438164_1_f9a60eb2d38f4b45990bc6497e80ed6a",2026020073,"2026-10-10","2026-10-10T22:00:00Z","LIVE","Wild","2026-10-10T23:35:22.313Z","https://www.nhl.com/news/nhl-lineup-projections-2026-27-season","2026-10-10",1,"not_pregame",FALSE,NA,NA,NA,NA,NA,NA,NA
20262027,20262027,13,"FLA",8477495,"Seth","Jones","Seth Jones","D","current_roster",TRUE,"2026-10-10T23:35:22.840Z","2026-10-10_233328_38095438164_1_f9a60eb2d38f4b45990bc6497e80ed6a",2026020073,"2026-10-10","2026-10-10T22:00:00Z","LIVE","Wild","2026-10-10T23:35:22.313Z","https://www.nhl.com/news/nhl-lineup-projections-2026-27-season","2026-10-10",1,"not_pregame",FALSE,NA,NA,NA,NA,NA,NA,NA
20262027,20262027,13,"FLA",8475179,"Dmitry","Kulikov","Dmitry Kulikov","D","current_roster",TRUE,"2026-10-10T23:35:22.841Z","2026-10-10_233328_38095438164_1_f9a60eb2d38f4b45990bc6497e80ed6a",2026020073,"2026-10-10","2026-10-10T22:00:00Z","LIVE","Wild","2026-10-10T23:35:22.313Z","https://www.nhl.com/news/nhl-lineup-projections-2026-27-season","2026-10-10",1,"not_pregame",FALSE,NA,NA,NA,NA,NA,NA,NA
20262027,20262027,13,"FLA",8478859,"Niko","Mikkola","Niko Mikkola","D","current_roster",TRUE,"2026-10-10T23:35:22.843Z","2026-10-10_233328_38095438164_1_f9a60eb2d38f4b45990bc6497e80ed6a",2026020073,"2026-10-10","2026-10-10T22:00:00Z","LIVE","Wild","2026-10-10T23:35:22.313Z","https://www.nhl.com/news/nhl-lineup-projections-2026-27-season","2026-10-10",1,"not_pregame",FALSE,NA,NA,NA,NA,NA,NA,NA
20262027,20262027,13,"FLA",8474593,"Jacob","Markstrom","Jacob Markstrom","G","current_roster",TRUE,"2026-10-10T23:35:22.844Z","2026-10-10_233328_38095438164_1_f9a60eb2d38f4b45990bc6497e80ed6a",2026020073,"2026-10-10","2026-10-10T22:00:00Z","LIVE","Wild","2026-10-10T23:35:22.313Z","https://www.nhl.com/news/nhl-lineup-projections-2026-27-season","2026-10-10",1,"not_pregame",FALSE,NA,NA,NA,NA,NA,NA,NA
20262027,20262027,13,"FLA",8481033,"Akira","Schmid","Akira Schmid","G","current_roster",TRUE,"2026-10-10T23:35:22.846Z","2026-10-10_233328_38095438164_1_f9a60eb2d38f4b45990bc6497e80ed6a",2026020073,"2026-10-10","2026-10-10T22:00:00Z","LIVE","Wild","2026-10-10T23:35:22.313Z","https://www.nhl.com/news/nhl-lineup-projections-2026-27-season","2026-10-10",1,"not_pregame",FALSE,NA,NA,NA,NA,NA,NA,NA
20262027,20262027,68,"UTA",8484388,"Daniil","But","Daniil But","F","current_roster",TRUE,"2026-10-10T23:35:23.880Z","2026-10-10_233328_38095438164_1_f9a60eb2d38f4b45990bc6497e80ed6a",2026020074,"2026-10-10","2026-10-10T23:00:00Z","LIVE","Sabres","2026-10-10T23:35:22.313Z","https://www.nhl.com/news/nhl-lineup-projections-2026-27-season","2026-10-10",1,"not_pregame",FALSE,NA,NA,NA,NA,NA,NA,NA
20262027,20262027,68,"UTA",8479619,"Michael","Carcone","Michael Carcone","F","current_roster",TRUE,"2026-10-10T23:35:23.881Z","2026-10-10_233328_38095438164_1_f9a60eb2d38f4b45990bc6497e80ed6a",2026020074,"2026-10-10","2026-10-10T23:00:00Z","LIVE","Sabres","2026-10-10T23:35:22.313Z","https://www.nhl.com/news/nhl-lineup-projections-2026-27-season","2026-10-10",1,"not_pregame",FALSE,NA,NA,NA,NA,NA,NA,NA
20262027,20262027,68,"UTA",8483431,"Logan","Cooley","Logan Cooley","F","current_roster",TRUE,"2026-10-10T23:35:23.883Z","2026-10-10_233328_38095438164_1_f9a60eb2d38f4b45990bc6497e80ed6a",2026020074,"2026-10-10","2026-10-10T23:00:00Z","LIVE","Sabres","2026-10-10T23:35:22.313Z","https://www.nhl.com/news/nhl-lineup-projections-2026-27-season","2026-10-10",1,"not_pregame",FALSE,NA,NA,NA,NA,NA,NA,NA
20262027,20262027,68,"UTA",8478474,"Lawson","Crouse","Lawson Crouse","F","current_roster",TRUE,"2026-10-10T23:35:23.884Z","2026-10-10_233328_38095438164_1_f9a60eb2d38f4b45990bc6497e80ed6a",2026020074,"2026-10-10","2026-10-10T23:00:00Z","LIVE","Sabres","2026-10-10T23:35:22.313Z","https://www.nhl.com/news/nhl-lineup-projections-2026-27-season","2026-10-10",1,"not_pregame",FALSE,NA,NA,NA,NA,NA,NA,NA
20262027,20262027,68,"UTA",8482699,"Dylan","Guenther","Dylan Guenther","F","current_roster",TRUE,"2026-10-10T23:35:23.885Z","2026-10-10_233328_38095438164_1_f9a60eb2d38f4b45990bc6497e80ed6a",2026020074,"2026-10-10","2026-10-10T23:00:00Z","LIVE","Sabres","2026-10-10T23:35:22.313Z","https://www.nhl.com/news/nhl-lineup-projections-2026-27-season","2026-10-10",1,"not_pregame",FALSE,NA,NA,NA,NA,NA,NA,NA
20262027,20262027,68,"UTA",8480849,"Barrett","Hayton","Barrett Hayton","F","current_roster",TRUE,"2026-10-10T23:35:23.887Z","2026-10-10_233328_38095438164_1_f9a60eb2d38f4b45990bc6497e80ed6a",2026020074,"2026-10-10","2026-10-10T23:00:00Z","LIVE","Sabres","2026-10-10T23:35:22.313Z","https://www.nhl.com/news/nhl-lineup-projections-2026-27-season","2026-10-10",1,"not_pregame",FALSE,NA,NA,NA,NA,NA,NA,NA
20262027,20262027,68,"UTA",8479343,"Clayton","Keller","Clayton Keller","F","current_roster",TRUE,"2026-10-10T23:35:23.891Z","2026-10-10_233328_38095438164_1_f9a60eb2d38f4b45990bc6497e80ed6a",2026020074,"2026-10-10","2026-10-10T23:00:00Z","LIVE","Sabres","2026-10-10T23:35:22.313Z","https://www.nhl.com/news/nhl-lineup-projections-2026-27-season","2026-10-10",1,"not_pregame",FALSE,NA,NA,NA,NA,NA,NA,NA
20262027,20262027,68,"UTA",8475314,"Anders","Lee","Anders Lee","F","current_roster",TRUE,"2026-10-10T23:35:23.893Z","2026-10-10_233328_38095438164_1_f9a60eb2d38f4b45990bc6497e80ed6a",2026020074,"2026-10-10","2026-10-10T23:00:00Z","LIVE","Sabres","2026-10-10T23:35:22.313Z","https://www.nhl.com/news/nhl-lineup-projections-2026-27-season","2026-10-10",1,"not_pregame",FALSE,NA,NA,NA,NA,NA,NA,NA
20262027,20262027,68,"UTA",8480855,"Jack","McBain","Jack McBain","F","current_roster",TRUE,"2026-10-10T23:35:23.894Z","2026-10-10_233328_38095438164_1_f9a60eb2d38f4b45990bc6497e80ed6a",2026020074,"2026-10-10","2026-10-10T23:00:00Z","LIVE","Sabres","2026-10-10T23:35:22.313Z","https://www.nhl.com/news/nhl-lineup-projections-2026-27-season","2026-10-10",1,"not_pregame",FALSE,NA,NA,NA,NA,NA,NA,NA
20262027,20262027,68,"UTA",8477070,"Liam","O'Brien","Liam O'Brien","F","current_roster",TRUE,"2026-10-10T23:35:23.895Z","2026-10-10_233328_38095438164_1_f9a60eb2d38f4b45990bc6497e80ed6a",2026020074,"2026-10-10","2026-10-10T23:00:00Z","LIVE","Sabres","2026-10-10T23:35:22.313Z","https://www.nhl.com/news/nhl-lineup-projections-2026-27-season","2026-10-10",1,"not_pregame",FALSE,NA,NA,NA,NA,NA,NA,NA
20262027,20262027,68,"UTA",8477951,"Nick","Schmaltz","Nick Schmaltz","F","current_roster",TRUE,"2026-10-10T23:35:23.897Z","2026-10-10_233328_38095438164_1_f9a60eb2d38f4b45990bc6497e80ed6a",2026020074,"2026-10-10","2026-10-10T23:00:00Z","LIVE","Sabres","2026-10-10T23:35:22.313Z","https://www.nhl.com/news/nhl-lineup-projections-2026-27-season","2026-10-10",1,"not_pregame",FALSE,NA,NA,NA,NA,NA,NA,NA
20262027,20262027,68,"UTA",8478831,"Kevin","Stenlund","Kevin Stenlund","F","current_roster",TRUE,"2026-10-10T23:35:23.898Z","2026-10-10_233328_38095438164_1_f9a60eb2d38f4b45990bc6497e80ed6a",2026020074,"2026-10-10","2026-10-10T23:00:00Z","LIVE","Sabres","2026-10-10T23:35:22.313Z","https://www.nhl.com/news/nhl-lineup-projections-2026-27-season","2026-10-10",1,"not_pregame",FALSE,NA,NA,NA,NA,NA,NA,NA
20262027,20262027,68,"UTA",8476389,"Vincent","Trocheck","Vincent Trocheck","F","current_roster",TRUE,"2026-10-10T23:35:23.900Z","2026-10-10_233328_38095438164_1_f9a60eb2d38f4b45990bc6497e80ed6a",2026020074,"2026-10-10","2026-10-10T23:00:00Z","LIVE","Sabres","2026-10-10T23:35:22.313Z","https://www.nhl.com/news/nhl-lineup-projections-2026-27-season","2026-10-10",1,"not_pregame",FALSE,NA,NA,NA,NA,NA,NA,NA
20262027,20262027,68,"UTA",8479977,"Kailer","Yamamoto","Kailer Yamamoto","F","current_roster",TRUE,"2026-10-10T23:35:23.901Z","2026-10-10_233328_38095438164_1_f9a60eb2d38f4b45990bc6497e80ed6a",2026020074,"2026-10-10","2026-10-10T23:00:00Z","LIVE","Sabres","2026-10-10T23:35:22.313Z","https://www.nhl.com/news/nhl-lineup-projections-2026-27-season","2026-10-10",1,"not_pregame",FALSE,NA,NA,NA,NA,NA,NA,NA
20262027,20262027,68,"UTA",8480084,"Nick","DeSimone","Nick DeSimone","D","current_roster",TRUE,"2026-10-10T23:35:23.903Z","2026-10-10_233328_38095438164_1_f9a60eb2d38f4b45990bc6497e80ed6a",2026020074,"2026-10-10","2026-10-10T23:00:00Z","LIVE","Sabres","2026-10-10T23:35:22.313Z","https://www.nhl.com/news/nhl-lineup-projections-2026-27-season","2026-10-10",1,"not_pregame",FALSE,NA,NA,NA,NA,NA,NA,NA
20262027,20262027,68,"UTA",8483472,"Maveric","Lamoureux","Maveric Lamoureux","D","current_roster",TRUE,"2026-10-10T23:35:23.904Z","2026-10-10_233328_38095438164_1_f9a60eb2d38f4b45990bc6497e80ed6a",2026020074,"2026-10-10","2026-10-10T23:00:00Z","LIVE","Sabres","2026-10-10T23:35:22.313Z","https://www.nhl.com/news/nhl-lineup-projections-2026-27-season","2026-10-10",1,"not_pregame",FALSE,NA,NA,NA,NA,NA,NA,NA
20262027,20262027,68,"UTA",8478507,"John","Marino","John Marino","D","current_roster",TRUE,"2026-10-10T23:35:23.905Z","2026-10-10_233328_38095438164_1_f9a60eb2d38f4b45990bc6497e80ed6a",2026020074,"2026-10-10","2026-10-10T23:00:00Z","LIVE","Sabres","2026-10-10T23:35:22.313Z","https://www.nhl.com/news/nhl-lineup-projections-2026-27-season","2026-10-10",1,"not_pregame",FALSE,NA,NA,NA,NA,NA,NA,NA
20262027,20262027,68,"UTA",8479369,"Andrew","Peeke","Andrew Peeke","D","current_roster",TRUE,"2026-10-10T23:35:23.907Z","2026-10-10_233328_38095438164_1_f9a60eb2d38f4b45990bc6497e80ed6a",2026020074,"2026-10-10","2026-10-10T23:00:00Z","LIVE","Sabres","2026-10-10T23:35:22.313Z","https://www.nhl.com/news/nhl-lineup-projections-2026-27-season","2026-10-10",1,"not_pregame",FALSE,NA,NA,NA,NA,NA,NA,NA
20262027,20262027,68,"UTA",8477220,"Nate","Schmidt","Nate Schmidt","D","current_roster",TRUE,"2026-10-10T23:35:23.908Z","2026-10-10_233328_38095438164_1_f9a60eb2d38f4b45990bc6497e80ed6a",2026020074,"2026-10-10","2026-10-10T23:00:00Z","LIVE","Sabres","2026-10-10T23:35:22.313Z","https://www.nhl.com/news/nhl-lineup-projections-2026-27-season","2026-10-10",1,"not_pregame",FALSE,NA,NA,NA,NA,NA,NA,NA
20262027,20262027,68,"UTA",8479410,"Mikhail","Sergachev","Mikhail Sergachev","D","current_roster",TRUE,"2026-10-10T23:35:23.909Z","2026-10-10_233328_38095438164_1_f9a60eb2d38f4b45990bc6497e80ed6a",2026020074,"2026-10-10","2026-10-10T23:00:00Z","LIVE","Sabres","2026-10-10T23:35:22.313Z","https://www.nhl.com/news/nhl-lineup-projections-2026-27-season","2026-10-10",1,"not_pregame",FALSE,NA,NA,NA,NA,NA,NA,NA
20262027,20262027,68,"UTA",8484386,"Dmitri","Simashev","Dmitri Simashev","D","current_roster",TRUE,"2026-10-10T23:35:23.911Z","2026-10-10_233328_38095438164_1_f9a60eb2d38f4b45990bc6497e80ed6a",2026020074,"2026-10-10","2026-10-10T23:00:00Z","LIVE","Sabres","2026-10-10T23:35:22.313Z","https://www.nhl.com/news/nhl-lineup-projections-2026-27-season","2026-10-10",1,"not_pregame",FALSE,NA,NA,NA,NA,NA,NA,NA
20262027,20262027,68,"UTA",8477346,"MacKenzie","Weegar","MacKenzie Weegar","D","current_roster",TRUE,"2026-10-10T23:35:23.912Z","2026-10-10_233328_38095438164_1_f9a60eb2d38f4b45990bc6497e80ed6a",2026020074,"2026-10-10","2026-10-10T23:00:00Z","LIVE","Sabres","2026-10-10T23:35:22.313Z","https://www.nhl.com/news/nhl-lineup-projections-2026-27-season","2026-10-10",1,"not_pregame",FALSE,NA,NA,NA,NA,NA,NA,NA
20262027,20262027,68,"UTA",8482657,"Sebastian","Cossa","Sebastian Cossa","G","current_roster",TRUE,"2026-10-10T23:35:23.914Z","2026-10-10_233328_38095438164_1_f9a60eb2d38f4b45990bc6497e80ed6a",2026020074,"2026-10-10","2026-10-10T23:00:00Z","LIVE","Sabres","2026-10-10T23:35:22.313Z","https://www.nhl.com/news/nhl-lineup-projections-2026-27-season","2026-10-10",1,"not_pregame",FALSE,NA,NA,NA,NA,NA,NA,NA
20262027,20262027,68,"UTA",8478872,"Karel","Vejmelka","Karel Vejmelka","G","current_roster",TRUE,"2026-10-10T23:35:23.915Z","2026-10-10_233328_38095438164_1_f9a60eb2d38f4b45990bc6497e80ed6a",2026020074,"2026-10-10","2026-10-10T23:00:00Z","LIVE","Sabres","2026-10-10T23:35:22.313Z","https://www.nhl.com/news/nhl-lineup-projections-2026-27-season","2026-10-10",1,"not_pregame",FALSE,NA,NA,NA,NA,NA,NA,NA
20262027,20262027,7,"BUF",8484145,"Zach","Benson","Zach Benson","F","current_roster",TRUE,"2026-10-10T23:35:22.743Z","2026-10-10_233328_38095438164_1_f9a60eb2d38f4b45990bc6497e80ed6a",2026020074,"2026-10-10","2026-10-10T23:00:00Z","LIVE","Mammoth","2026-10-10T23:35:22.313Z","https://www.nhl.com/news/nhl-lineup-projections-2026-27-season","2026-10-10",1,"not_pregame",FALSE,NA,NA,NA,NA,NA,NA,NA
20262027,20262027,7,"BUF",8475842,"Sam","Carrick","Sam Carrick","F","current_roster",TRUE,"2026-10-10T23:35:22.744Z","2026-10-10_233328_38095438164_1_f9a60eb2d38f4b45990bc6497e80ed6a",2026020074,"2026-10-10","2026-10-10T23:00:00Z","LIVE","Mammoth","2026-10-10T23:35:22.313Z","https://www.nhl.com/news/nhl-lineup-projections-2026-27-season","2026-10-10",1,"not_pregame",FALSE,NA,NA,NA,NA,NA,NA,NA
20262027,20262027,7,"BUF",8479941,"Justin","Danforth","Justin Danforth","F","current_roster",TRUE,"2026-10-10T23:35:22.745Z","2026-10-10_233328_38095438164_1_f9a60eb2d38f4b45990bc6497e80ed6a",2026020074,"2026-10-10","2026-10-10T23:00:00Z","LIVE","Mammoth","2026-10-10T23:35:22.313Z","https://www.nhl.com/news/nhl-lineup-projections-2026-27-season","2026-10-10",1,"not_pregame",FALSE,NA,NA,NA,NA,NA,NA,NA
20262027,20262027,7,"BUF",8482659,"Josh","Doan","Josh Doan","F","current_roster",TRUE,"2026-10-10T23:35:22.746Z","2026-10-10_233328_38095438164_1_f9a60eb2d38f4b45990bc6497e80ed6a",2026020074,"2026-10-10","2026-10-10T23:00:00Z","LIVE","Mammoth","2026-10-10T23:35:22.313Z","https://www.nhl.com/news/nhl-lineup-projections-2026-27-season","2026-10-10",1,"not_pregame",FALSE,NA,NA,NA,NA,NA,NA,NA
20262027,20262027,7,"BUF",8484797,"Konsta","Helenius","Konsta Helenius","F","current_roster",TRUE,"2026-10-10T23:35:22.748Z","2026-10-10_233328_38095438164_1_f9a60eb2d38f4b45990bc6497e80ed6a",2026020074,"2026-10-10","2026-10-10T23:00:00Z","LIVE","Mammoth","2026-10-10T23:35:22.313Z","https://www.nhl.com/news/nhl-lineup-projections-2026-27-season","2026-10-10",1,"not_pregame",FALSE,NA,NA,NA,NA,NA,NA,NA
20262027,20262027,7,"BUF",8482896,"Tyson","Kozak","Tyson Kozak","F","current_roster",TRUE,"2026-10-10T23:35:22.749Z","2026-10-10_233328_38095438164_1_f9a60eb2d38f4b45990bc6497e80ed6a",2026020074,"2026-10-10","2026-10-10T23:00:00Z","LIVE","Mammoth","2026-10-10T23:35:22.313Z","https://www.nhl.com/news/nhl-lineup-projections-2026-27-season","2026-10-10",1,"not_pregame",FALSE,NA,NA,NA,NA,NA,NA,NA
20262027,20262027,7,"BUF",8481522,"Peyton","Krebs","Peyton Krebs","F","current_roster",TRUE,"2026-10-10T23:35:22.750Z","2026-10-10_233328_38095438164_1_f9a60eb2d38f4b45990bc6497e80ed6a",2026020074,"2026-10-10","2026-10-10T23:00:00Z","LIVE","Mammoth","2026-10-10T23:35:22.313Z","https://www.nhl.com/news/nhl-lineup-projections-2026-27-season","2026-10-10",1,"not_pregame",FALSE,NA,NA,NA,NA,NA,NA,NA
20262027,20262027,7,"BUF",8483468,"Jiri","Kulich","Jiri Kulich","F","current_roster",TRUE,"2026-10-10T23:35:22.752Z","2026-10-10_233328_38095438164_1_f9a60eb2d38f4b45990bc6497e80ed6a",2026020074,"2026-10-10","2026-10-10T23:00:00Z","LIVE","Mammoth","2026-10-10T23:35:22.313Z","https://www.nhl.com/news/nhl-lineup-projections-2026-27-season","2026-10-10",1,"not_pregame",FALSE,NA,NA,NA,NA,NA,NA,NA
20262027,20262027,7,"BUF",8479359,"Beck","Malenstyn","Beck Malenstyn","F","current_roster",TRUE,"2026-10-10T23:35:22.753Z","2026-10-10_233328_38095438164_1_f9a60eb2d38f4b45990bc6497e80ed6a",2026020074,"2026-10-10","2026-10-10T23:00:00Z","LIVE","Mammoth","2026-10-10T23:35:22.313Z","https://www.nhl.com/news/nhl-lineup-projections-2026-27-season","2026-10-10",1,"not_pregame",FALSE,NA,NA,NA,NA,NA,NA,NA
20262027,20262027,7,"BUF",8480802,"Ryan","McLeod","Ryan McLeod","F","current_roster",TRUE,"2026-10-10T23:35:22.754Z","2026-10-10_233328_38095438164_1_f9a60eb2d38f4b45990bc6497e80ed6a",2026020074,"2026-10-10","2026-10-10T23:00:00Z","LIVE","Mammoth","2026-10-10T23:35:22.313Z","https://www.nhl.com/news/nhl-lineup-projections-2026-27-season","2026-10-10",1,"not_pregame",FALSE,NA,NA,NA,NA,NA,NA,NA
20262027,20262027,7,"BUF",8480064,"Josh","Norris","Josh Norris","F","current_roster",TRUE,"2026-10-10T23:35:22.755Z","2026-10-10_233328_38095438164_1_f9a60eb2d38f4b45990bc6497e80ed6a",2026020074,"2026-10-10","2026-10-10T23:00:00Z","LIVE","Mammoth","2026-10-10T23:35:22.313Z","https://www.nhl.com/news/nhl-lineup-projections-2026-27-season","2026-10-10",1,"not_pregame",FALSE,NA,NA,NA,NA,NA,NA,NA
20262027,20262027,7,"BUF",8483500,"Noah","Ostlund","Noah Ostlund","F","current_roster",TRUE,"2026-10-10T23:35:22.757Z","2026-10-10_233328_38095438164_1_f9a60eb2d38f4b45990bc6497e80ed6a",2026020074,"2026-10-10","2026-10-10T23:00:00Z","LIVE","Mammoth","2026-10-10T23:35:22.313Z","https://www.nhl.com/news/nhl-lineup-projections-2026-27-season","2026-10-10",1,"not_pregame",FALSE,NA,NA,NA,NA,NA,NA,NA
20262027,20262027,7,"BUF",8482097,"Jack","Quinn","Jack Quinn","F","current_roster",TRUE,"2026-10-10T23:35:22.758Z","2026-10-10_233328_38095438164_1_f9a60eb2d38f4b45990bc6497e80ed6a",2026020074,"2026-10-10","2026-10-10T23:00:00Z","LIVE","Mammoth","2026-10-10T23:35:22.313Z","https://www.nhl.com/news/nhl-lineup-projections-2026-27-season","2026-10-10",1,"not_pregame",FALSE,NA,NA,NA,NA,NA,NA,NA
20262027,20262027,7,"BUF",8479420,"Tage","Thompson","Tage Thompson","F","current_roster",TRUE,"2026-10-10T23:35:22.759Z","2026-10-10_233328_38095438164_1_f9a60eb2d38f4b45990bc6497e80ed6a",2026020074,"2026-10-10","2026-10-10T23:00:00Z","LIVE","Mammoth","2026-10-10T23:35:22.313Z","https://www.nhl.com/news/nhl-lineup-projections-2026-27-season","2026-10-10",1,"not_pregame",FALSE,NA,NA,NA,NA,NA,NA,NA
20262027,20262027,7,"BUF",8481806,"Louis","Crevier","Louis Crevier","D","current_roster",TRUE,"2026-10-10T23:35:22.761Z","2026-10-10_233328_38095438164_1_f9a60eb2d38f4b45990bc6497e80ed6a",2026020074,"2026-10-10","2026-10-10T23:00:00Z","LIVE","Mammoth","2026-10-10T23:35:22.313Z","https://www.nhl.com/news/nhl-lineup-projections-2026-27-season","2026-10-10",1,"not_pregame",FALSE,NA,NA,NA,NA,NA,NA,NA
20262027,20262027,7,"BUF",8480839,"Rasmus","Dahlin","Rasmus Dahlin","D","current_roster",TRUE,"2026-10-10T23:35:22.762Z","2026-10-10_233328_38095438164_1_f9a60eb2d38f4b45990bc6497e80ed6a",2026020074,"2026-10-10","2026-10-10T23:00:00Z","LIVE","Mammoth","2026-10-10T23:35:22.313Z","https://www.nhl.com/news/nhl-lineup-projections-2026-27-season","2026-10-10",1,"not_pregame",FALSE,NA,NA,NA,NA,NA,NA,NA
20262027,20262027,7,"BUF",8476891,"Matt","Grzelcyk","Matt Grzelcyk","D","current_roster",TRUE,"2026-10-10T23:35:22.764Z","2026-10-10_233328_38095438164_1_f9a60eb2d38f4b45990bc6497e80ed6a",2026020074,"2026-10-10","2026-10-10T23:00:00Z","LIVE","Mammoth","2026-10-10T23:35:22.313Z","https://www.nhl.com/news/nhl-lineup-projections-2026-27-season","2026-10-10",1,"not_pregame",FALSE,NA,NA,NA,NA,NA,NA,NA
20262027,20262027,7,"BUF",8484305,"Zach","Metsa","Zach Metsa","D","current_roster",TRUE,"2026-10-10T23:35:22.765Z","2026-10-10_233328_38095438164_1_f9a60eb2d38f4b45990bc6497e80ed6a",2026020074,"2026-10-10","2026-10-10T23:00:00Z","LIVE","Mammoth","2026-10-10T23:35:22.313Z","https://www.nhl.com/news/nhl-lineup-projections-2026-27-season","2026-10-10",1,"not_pregame",FALSE,NA,NA,NA,NA,NA,NA,NA
20262027,20262027,7,"BUF",8482671,"Owen","Power","Owen Power","D","current_roster",TRUE,"2026-10-10T23:35:22.766Z","2026-10-10_233328_38095438164_1_f9a60eb2d38f4b45990bc6497e80ed6a",2026020074,"2026-10-10","2026-10-10T23:00:00Z","LIVE","Mammoth","2026-10-10T23:35:22.313Z","https://www.nhl.com/news/nhl-lineup-projections-2026-27-season","2026-10-10",1,"not_pregame",FALSE,NA,NA,NA,NA,NA,NA,NA
20262027,20262027,7,"BUF",8480807,"Mattias","Samuelsson","Mattias Samuelsson","D","current_roster",TRUE,"2026-10-10T23:35:22.767Z","2026-10-10_233328_38095438164_1_f9a60eb2d38f4b45990bc6497e80ed6a",2026020074,"2026-10-10","2026-10-10T23:00:00Z","LIVE","Mammoth","2026-10-10T23:35:22.313Z","https://www.nhl.com/news/nhl-lineup-projections-2026-27-season","2026-10-10",1,"not_pregame",FALSE,NA,NA,NA,NA,NA,NA,NA
20262027,20262027,7,"BUF",8479982,"Conor","Timmins","Conor Timmins","D","current_roster",TRUE,"2026-10-10T23:35:22.772Z","2026-10-10_233328_38095438164_1_f9a60eb2d38f4b45990bc6497e80ed6a",2026020074,"2026-10-10","2026-10-10T23:00:00Z","LIVE","Mammoth","2026-10-10T23:35:22.313Z","https://www.nhl.com/news/nhl-lineup-projections-2026-27-season","2026-10-10",1,"not_pregame",FALSE,NA,NA,NA,NA,NA,NA,NA
20262027,20262027,7,"BUF",8482803,"Olen","Zellweger","Olen Zellweger","D","current_roster",TRUE,"2026-10-10T23:35:22.773Z","2026-10-10_233328_38095438164_1_f9a60eb2d38f4b45990bc6497e80ed6a",2026020074,"2026-10-10","2026-10-10T23:00:00Z","LIVE","Mammoth","2026-10-10T23:35:22.313Z","https://www.nhl.com/news/nhl-lineup-projections-2026-27-season","2026-10-10",1,"not_pregame",FALSE,NA,NA,NA,NA,NA,NA,NA
20262027,20262027,7,"BUF",8481551,"Colten","Ellis","Colten Ellis","G","current_roster",TRUE,"2026-10-10T23:35:22.775Z","2026-10-10_233328_38095438164_1_f9a60eb2d38f4b45990bc6497e80ed6a",2026020074,"2026-10-10","2026-10-10T23:00:00Z","LIVE","Mammoth","2026-10-10T23:35:22.313Z","https://www.nhl.com/news/nhl-lineup-projections-2026-27-season","2026-10-10",1,"not_pregame",FALSE,NA,NA,NA,NA,NA,NA,NA
20262027,20262027,7,"BUF",8480045,"Ukko-Pekka","Luukkonen","Ukko-Pekka Luukkonen","G","current_roster",TRUE,"2026-10-10T23:35:22.776Z","2026-10-10_233328_38095438164_1_f9a60eb2d38f4b45990bc6497e80ed6a",2026020074,"2026-10-10","2026-10-10T23:00:00Z","LIVE","Mammoth","2026-10-10T23:35:22.313Z","https://www.nhl.com/news/nhl-lineup-projections-2026-27-season","2026-10-10",1,"not_pregame",FALSE,NA,NA,NA,NA,NA,NA,NA
20262027,20262027,7,"BUF",8479312,"Alex","Lyon","Alex Lyon","G","current_roster",TRUE,"2026-10-10T23:35:22.777Z","2026-10-10_233328_38095438164_1_f9a60eb2d38f4b45990bc6497e80ed6a",2026020074,"2026-10-10","2026-10-10T23:00:00Z","LIVE","Mammoth","2026-10-10T23:35:22.313Z","https://www.nhl.com/news/nhl-lineup-projections-2026-27-season","2026-10-10",1,"not_pregame",FALSE,NA,NA,NA,NA,NA,NA,NA
20262027,20262027,17,"DET",8478891,"Mason","Appleton","Mason Appleton","F","current_roster",TRUE,"2026-10-10T23:35:23.131Z","2026-10-10_233328_38095438164_1_f9a60eb2d38f4b45990bc6497e80ed6a",2026020075,"2026-10-10","2026-10-10T23:00:00Z","LIVE","Canadiens","2026-10-10T23:35:22.313Z","https://www.nhl.com/news/nhl-lineup-projections-2026-27-season","2026-10-10",1,"not_pregame",FALSE,NA,NA,NA,NA,NA,NA,NA
20262027,20262027,17,"DET",8478042,"Viktor","Arvidsson","Viktor Arvidsson","F","current_roster",TRUE,"2026-10-10T23:35:23.133Z","2026-10-10_233328_38095438164_1_f9a60eb2d38f4b45990bc6497e80ed6a",2026020075,"2026-10-10","2026-10-10T23:00:00Z","LIVE","Canadiens","2026-10-10T23:35:22.313Z","https://www.nhl.com/news/nhl-lineup-projections-2026-27-season","2026-10-10",1,"not_pregame",FALSE,NA,NA,NA,NA,NA,NA,NA
20262027,20262027,17,"DET",8484794,"Michael","Brandsegg-Nygård","Michael Brandsegg-Nygård","F","current_roster",TRUE,"2026-10-10T23:35:23.134Z","2026-10-10_233328_38095438164_1_f9a60eb2d38f4b45990bc6497e80ed6a",2026020075,"2026-10-10","2026-10-10T23:00:00Z","LIVE","Canadiens","2026-10-10T23:35:22.313Z","https://www.nhl.com/news/nhl-lineup-projections-2026-27-season","2026-10-10",1,"not_pregame",FALSE,NA,NA,NA,NA,NA,NA,NA
20262027,20262027,17,"DET",8477456,"J.T.","Compher","J.T. Compher","F","current_roster",TRUE,"2026-10-10T23:35:23.136Z","2026-10-10_233328_38095438164_1_f9a60eb2d38f4b45990bc6497e80ed6a",2026020075,"2026-10-10","2026-10-10T23:00:00Z","LIVE","Canadiens","2026-10-10T23:35:22.313Z","https://www.nhl.com/news/nhl-lineup-projections-2026-27-season","2026-10-10",1,"not_pregame",FALSE,NA,NA,NA,NA,NA,NA,NA
20262027,20262027,17,"DET",8477429,"Andrew","Copp","Andrew Copp","F","current_roster",TRUE,"2026-10-10T23:35:23.137Z","2026-10-10_233328_38095438164_1_f9a60eb2d38f4b45990bc6497e80ed6a",2026020075,"2026-10-10","2026-10-10T23:00:00Z","LIVE","Canadiens","2026-10-10T23:35:22.313Z","https://www.nhl.com/news/nhl-lineup-projections-2026-27-season","2026-10-10",1,"not_pregame",FALSE,NA,NA,NA,NA,NA,NA,NA
20262027,20262027,17,"DET",8484160,"Nate","Danielson","Nate Danielson","F","current_roster",TRUE,"2026-10-10T23:35:23.138Z","2026-10-10_233328_38095438164_1_f9a60eb2d38f4b45990bc6497e80ed6a",2026020075,"2026-10-10","2026-10-10T23:00:00Z","LIVE","Canadiens","2026-10-10T23:35:22.313Z","https://www.nhl.com/news/nhl-lineup-projections-2026-27-season","2026-10-10",1,"not_pregame",FALSE,NA,NA,NA,NA,NA,NA,NA
20262027,20262027,17,"DET",8479337,"Alex","DeBrincat","Alex DeBrincat","F","current_roster",TRUE,"2026-10-10T23:35:23.139Z","2026-10-10_233328_38095438164_1_f9a60eb2d38f4b45990bc6497e80ed6a",2026020075,"2026-10-10","2026-10-10T23:00:00Z","LIVE","Canadiens","2026-10-10T23:35:22.313Z","https://www.nhl.com/news/nhl-lineup-projections-2026-27-season","2026-10-10",1,"not_pregame",FALSE,NA,NA,NA,NA,NA,NA,NA
20262027,20262027,17,"DET",8480326,"Sheldon","Dries","Sheldon Dries","F","current_roster",TRUE,"2026-10-10T23:35:23.141Z","2026-10-10_233328_38095438164_1_f9a60eb2d38f4b45990bc6497e80ed6a",2026020075,"2026-10-10","2026-10-10T23:00:00Z","LIVE","Canadiens","2026-10-10T23:35:22.313Z","https://www.nhl.com/news/nhl-lineup-projections-2026-27-season","2026-10-10",1,"not_pregame",FALSE,NA,NA,NA,NA,NA,NA,NA
20262027,20262027,17,"DET",8484471,"Emmitt","Finnie","Emmitt Finnie","F","current_roster",TRUE,"2026-10-10T23:35:23.142Z","2026-10-10_233328_38095438164_1_f9a60eb2d38f4b45990bc6497e80ed6a",2026020075,"2026-10-10","2026-10-10T23:00:00Z","LIVE","Canadiens","2026-10-10T23:35:22.313Z","https://www.nhl.com/news/nhl-lineup-projections-2026-27-season","2026-10-10",1,"not_pregame",FALSE,NA,NA,NA,NA,NA,NA,NA
20262027,20262027,17,"DET",8483464,"Marco","Kasper","Marco Kasper","F","current_roster",TRUE,"2026-10-10T23:35:23.143Z","2026-10-10_233328_38095438164_1_f9a60eb2d38f4b45990bc6497e80ed6a",2026020075,"2026-10-10","2026-10-10T23:00:00Z","LIVE","Canadiens","2026-10-10T23:35:22.313Z","https://www.nhl.com/news/nhl-lineup-projections-2026-27-season","2026-10-10",1,"not_pregame",FALSE,NA,NA,NA,NA,NA,NA,NA
20262027,20262027,17,"DET",8478434,"Keegan","Kolesar","Keegan Kolesar","F","current_roster",TRUE,"2026-10-10T23:35:23.145Z","2026-10-10_233328_38095438164_1_f9a60eb2d38f4b45990bc6497e80ed6a",2026020075,"2026-10-10","2026-10-10T23:00:00Z","LIVE","Canadiens","2026-10-10T23:35:22.313Z","https://www.nhl.com/news/nhl-lineup-projections-2026-27-season","2026-10-10",1,"not_pregame",FALSE,NA,NA,NA,NA,NA,NA,NA
20262027,20262027,17,"DET",8477946,"Dylan","Larkin","Dylan Larkin","F","current_roster",TRUE,"2026-10-10T23:35:23.146Z","2026-10-10_233328_38095438164_1_f9a60eb2d38f4b45990bc6497e80ed6a",2026020075,"2026-10-10","2026-10-10T23:00:00Z","LIVE","Canadiens","2026-10-10T23:35:22.313Z","https://www.nhl.com/news/nhl-lineup-projections-2026-27-season","2026-10-10",1,"not_pregame",FALSE,NA,NA,NA,NA,NA,NA,NA
20262027,20262027,17,"DET",8482802,"Carter","Mazur","Carter Mazur","F","current_roster",TRUE,"2026-10-10T23:35:23.147Z","2026-10-10_233328_38095438164_1_f9a60eb2d38f4b45990bc6497e80ed6a",2026020075,"2026-10-10","2026-10-10T23:00:00Z","LIVE","Canadiens","2026-10-10T23:35:22.313Z","https://www.nhl.com/news/nhl-lineup-projections-2026-27-season","2026-10-10",1,"not_pregame",FALSE,NA,NA,NA,NA,NA,NA,NA
20262027,20262027,17,"DET",8479992,"Michael","Rasmussen","Michael Rasmussen","F","current_roster",TRUE,"2026-10-10T23:35:23.149Z","2026-10-10_233328_38095438164_1_f9a60eb2d38f4b45990bc6497e80ed6a",2026020075,"2026-10-10","2026-10-10T23:00:00Z","LIVE","Canadiens","2026-10-10T23:35:22.313Z","https://www.nhl.com/news/nhl-lineup-projections-2026-27-season","2026-10-10",1,"not_pregame",FALSE,NA,NA,NA,NA,NA,NA,NA
20262027,20262027,17,"DET",8482078,"Lucas","Raymond","Lucas Raymond","F","current_roster",TRUE,"2026-10-10T23:35:23.150Z","2026-10-10_233328_38095438164_1_f9a60eb2d38f4b45990bc6497e80ed6a",2026020075,"2026-10-10","2026-10-10T23:00:00Z","LIVE","Canadiens","2026-10-10T23:35:22.313Z","https://www.nhl.com/news/nhl-lineup-projections-2026-27-season","2026-10-10",1,"not_pregame",FALSE,NA,NA,NA,NA,NA,NA,NA
20262027,20262027,17,"DET",8480879,"Jacob","Bernard-Docker","Jacob Bernard-Docker","D","current_roster",TRUE,"2026-10-10T23:35:23.155Z","2026-10-10_233328_38095438164_1_f9a60eb2d38f4b45990bc6497e80ed6a",2026020075,"2026-10-10","2026-10-10T23:00:00Z","LIVE","Canadiens","2026-10-10T23:35:22.313Z","https://www.nhl.com/news/nhl-lineup-projections-2026-27-season","2026-10-10",1,"not_pregame",FALSE,NA,NA,NA,NA,NA,NA,NA
20262027,20262027,17,"DET",8475279,"Ben","Chiarot","Ben Chiarot","D","current_roster",TRUE,"2026-10-10T23:35:23.157Z","2026-10-10_233328_38095438164_1_f9a60eb2d38f4b45990bc6497e80ed6a",2026020075,"2026-10-10","2026-10-10T23:00:00Z","LIVE","Canadiens","2026-10-10T23:35:22.313Z","https://www.nhl.com/news/nhl-lineup-projections-2026-27-season","2026-10-10",1,"not_pregame",FALSE,NA,NA,NA,NA,NA,NA,NA
20262027,20262027,17,"DET",8477971,"Andreas","Englund","Andreas Englund","D","current_roster",TRUE,"2026-10-10T23:35:23.158Z","2026-10-10_233328_38095438164_1_f9a60eb2d38f4b45990bc6497e80ed6a",2026020075,"2026-10-10","2026-10-10T23:00:00Z","LIVE","Canadiens","2026-10-10T23:35:22.313Z","https://www.nhl.com/news/nhl-lineup-projections-2026-27-season","2026-10-10",1,"not_pregame",FALSE,NA,NA,NA,NA,NA,NA,NA
20262027,20262027,17,"DET",8475753,"Justin","Faulk","Justin Faulk","D","current_roster",TRUE,"2026-10-10T23:35:23.159Z","2026-10-10_233328_38095438164_1_f9a60eb2d38f4b45990bc6497e80ed6a",2026020075,"2026-10-10","2026-10-10T23:00:00Z","LIVE","Canadiens","2026-10-10T23:35:22.313Z","https://www.nhl.com/news/nhl-lineup-projections-2026-27-season","2026-10-10",1,"not_pregame",FALSE,NA,NA,NA,NA,NA,NA,NA
20262027,20262027,17,"DET",8481607,"Albert","Johansson","Albert Johansson","D","current_roster",TRUE,"2026-10-10T23:35:23.161Z","2026-10-10_233328_38095438164_1_f9a60eb2d38f4b45990bc6497e80ed6a",2026020075,"2026-10-10","2026-10-10T23:00:00Z","LIVE","Canadiens","2026-10-10T23:35:22.313Z","https://www.nhl.com/news/nhl-lineup-projections-2026-27-season","2026-10-10",1,"not_pregame",FALSE,NA,NA,NA,NA,NA,NA,NA
20262027,20262027,17,"DET",8483679,"Anton","Johansson","Anton Johansson","D","current_roster",TRUE,"2026-10-10T23:35:23.162Z","2026-10-10_233328_38095438164_1_f9a60eb2d38f4b45990bc6497e80ed6a",2026020075,"2026-10-10","2026-10-10T23:00:00Z","LIVE","Canadiens","2026-10-10T23:35:22.313Z","https://www.nhl.com/news/nhl-lineup-projections-2026-27-season","2026-10-10",1,"not_pregame",FALSE,NA,NA,NA,NA,NA,NA,NA
20262027,20262027,17,"DET",8484223,"Axel","Sandin-Pellikka","Axel Sandin-Pellikka","D","current_roster",TRUE,"2026-10-10T23:35:23.163Z","2026-10-10_233328_38095438164_1_f9a60eb2d38f4b45990bc6497e80ed6a",2026020075,"2026-10-10","2026-10-10T23:00:00Z","LIVE","Canadiens","2026-10-10T23:35:22.313Z","https://www.nhl.com/news/nhl-lineup-projections-2026-27-season","2026-10-10",1,"not_pregame",FALSE,NA,NA,NA,NA,NA,NA,NA
20262027,20262027,17,"DET",8481542,"Moritz","Seider","Moritz Seider","D","current_roster",TRUE,"2026-10-10T23:35:23.165Z","2026-10-10_233328_38095438164_1_f9a60eb2d38f4b45990bc6497e80ed6a",2026020075,"2026-10-10","2026-10-10T23:00:00Z","LIVE","Canadiens","2026-10-10T23:35:22.313Z","https://www.nhl.com/news/nhl-lineup-projections-2026-27-season","2026-10-10",1,"not_pregame",FALSE,NA,NA,NA,NA,NA,NA,NA
20262027,20262027,17,"DET",8482171,"William","Wallinder","William Wallinder","D","current_roster",TRUE,"2026-10-10T23:35:23.166Z","2026-10-10_233328_38095438164_1_f9a60eb2d38f4b45990bc6497e80ed6a",2026020075,"2026-10-10","2026-10-10T23:00:00Z","LIVE","Canadiens","2026-10-10T23:35:22.313Z","https://www.nhl.com/news/nhl-lineup-projections-2026-27-season","2026-10-10",1,"not_pregame",FALSE,NA,NA,NA,NA,NA,NA,NA
20262027,20262027,17,"DET",8476434,"John","Gibson","John Gibson","G","current_roster",TRUE,"2026-10-10T23:35:23.168Z","2026-10-10_233328_38095438164_1_f9a60eb2d38f4b45990bc6497e80ed6a",2026020075,"2026-10-10","2026-10-10T23:00:00Z","LIVE","Canadiens","2026-10-10T23:35:22.313Z","https://www.nhl.com/news/nhl-lineup-projections-2026-27-season","2026-10-10",1,"not_pregame",FALSE,NA,NA,NA,NA,NA,NA,NA
20262027,20262027,17,"DET",8480193,"Daniil","Tarasov","Daniil Tarasov","G","current_roster",TRUE,"2026-10-10T23:35:23.169Z","2026-10-10_233328_38095438164_1_f9a60eb2d38f4b45990bc6497e80ed6a",2026020075,"2026-10-10","2026-10-10T23:00:00Z","LIVE","Canadiens","2026-10-10T23:35:22.313Z","https://www.nhl.com/news/nhl-lineup-projections-2026-27-season","2026-10-10",1,"not_pregame",FALSE,NA,NA,NA,NA,NA,NA,NA
20262027,20262027,8,"MTL",8476981,"Josh","Anderson","Josh Anderson","F","current_roster",TRUE,"2026-10-10T23:35:22.707Z","2026-10-10_233328_38095438164_1_f9a60eb2d38f4b45990bc6497e80ed6a",2026020075,"2026-10-10","2026-10-10T23:00:00Z","LIVE","Red Wings","2026-10-10T23:35:22.313Z","https://www.nhl.com/news/nhl-lineup-projections-2026-27-season","2026-10-10",1,"not_pregame",FALSE,NA,NA,NA,NA,NA,NA,NA
20262027,20262027,8,"MTL",8482737,"Zachary","Bolduc","Zachary Bolduc","F","current_roster",TRUE,"2026-10-10T23:35:22.708Z","2026-10-10_233328_38095438164_1_f9a60eb2d38f4b45990bc6497e80ed6a",2026020075,"2026-10-10","2026-10-10T23:00:00Z","LIVE","Red Wings","2026-10-10T23:35:22.313Z","https://www.nhl.com/news/nhl-lineup-projections-2026-27-season","2026-10-10",1,"not_pregame",FALSE,NA,NA,NA,NA,NA,NA,NA
20262027,20262027,8,"MTL",8481540,"Cole","Caufield","Cole Caufield","F","current_roster",TRUE,"2026-10-10T23:35:22.709Z","2026-10-10_233328_38095438164_1_f9a60eb2d38f4b45990bc6497e80ed6a",2026020075,"2026-10-10","2026-10-10T23:00:00Z","LIVE","Red Wings","2026-10-10T23:35:22.313Z","https://www.nhl.com/news/nhl-lineup-projections-2026-27-season","2026-10-10",1,"not_pregame",FALSE,NA,NA,NA,NA,NA,NA,NA
20262027,20262027,8,"MTL",8481523,"Kirby","Dach","Kirby Dach","F","current_roster",TRUE,"2026-10-10T23:35:22.711Z","2026-10-10_233328_38095438164_1_f9a60eb2d38f4b45990bc6497e80ed6a",2026020075,"2026-10-10","2026-10-10T23:00:00Z","LIVE","Red Wings","2026-10-10T23:35:22.313Z","https://www.nhl.com/news/nhl-lineup-projections-2026-27-season","2026-10-10",1,"not_pregame",FALSE,NA,NA,NA,NA,NA,NA,NA
20262027,20262027,8,"MTL",8476479,"Phillip","Danault","Phillip Danault","F","current_roster",TRUE,"2026-10-10T23:35:22.712Z","2026-10-10_233328_38095438164_1_f9a60eb2d38f4b45990bc6497e80ed6a",2026020075,"2026-10-10","2026-10-10T23:00:00Z","LIVE","Red Wings","2026-10-10T23:35:22.313Z","https://www.nhl.com/news/nhl-lineup-projections-2026-27-season","2026-10-10",1,"not_pregame",FALSE,NA,NA,NA,NA,NA,NA,NA
20262027,20262027,8,"MTL",8484984,"Ivan","Demidov","Ivan Demidov","F","current_roster",TRUE,"2026-10-10T23:35:22.713Z","2026-10-10_233328_38095438164_1_f9a60eb2d38f4b45990bc6497e80ed6a",2026020075,"2026-10-10","2026-10-10T23:00:00Z","LIVE","Red Wings","2026-10-10T23:35:22.313Z","https://www.nhl.com/news/nhl-lineup-projections-2026-27-season","2026-10-10",1,"not_pregame",FALSE,NA,NA,NA,NA,NA,NA,NA
20262027,20262027,8,"MTL",8478133,"Jake","Evans","Jake Evans","F","current_roster",TRUE,"2026-10-10T23:35:22.714Z","2026-10-10_233328_38095438164_1_f9a60eb2d38f4b45990bc6497e80ed6a",2026020075,"2026-10-10","2026-10-10T23:00:00Z","LIVE","Red Wings","2026-10-10T23:35:22.313Z","https://www.nhl.com/news/nhl-lineup-projections-2026-27-season","2026-10-10",1,"not_pregame",FALSE,NA,NA,NA,NA,NA,NA,NA
20262027,20262027,8,"MTL",8482775,"Oliver","Kapanen","Oliver Kapanen","F","current_roster",TRUE,"2026-10-10T23:35:22.716Z","2026-10-10_233328_38095438164_1_f9a60eb2d38f4b45990bc6497e80ed6a",2026020075,"2026-10-10","2026-10-10T23:00:00Z","LIVE","Red Wings","2026-10-10T23:35:22.313Z","https://www.nhl.com/news/nhl-lineup-projections-2026-27-season","2026-10-10",1,"not_pregame",FALSE,NA,NA,NA,NA,NA,NA,NA
20262027,20262027,8,"MTL",8475184,"Chris","Kreider","Chris Kreider","F","current_roster",TRUE,"2026-10-10T23:35:22.717Z","2026-10-10_233328_38095438164_1_f9a60eb2d38f4b45990bc6497e80ed6a",2026020075,"2026-10-10","2026-10-10T23:00:00Z","LIVE","Red Wings","2026-10-10T23:35:22.313Z","https://www.nhl.com/news/nhl-lineup-projections-2026-27-season","2026-10-10",1,"not_pregame",FALSE,NA,NA,NA,NA,NA,NA,NA
20262027,20262027,8,"MTL",8481618,"Alex","Newhook","Alex Newhook","F","current_roster",TRUE,"2026-10-10T23:35:22.718Z","2026-10-10_233328_38095438164_1_f9a60eb2d38f4b45990bc6497e80ed6a",2026020075,"2026-10-10","2026-10-10T23:00:00Z","LIVE","Red Wings","2026-10-10T23:35:22.313Z","https://www.nhl.com/news/nhl-lineup-projections-2026-27-season","2026-10-10",1,"not_pregame",FALSE,NA,NA,NA,NA,NA,NA,NA
20262027,20262027,8,"MTL",8483515,"Juraj","Slafkovský","Juraj Slafkovský","F","current_roster",TRUE,"2026-10-10T23:35:22.720Z","2026-10-10_233328_38095438164_1_f9a60eb2d38f4b45990bc6497e80ed6a",2026020075,"2026-10-10","2026-10-10T23:00:00Z","LIVE","Red Wings","2026-10-10T23:35:22.313Z","https://www.nhl.com/news/nhl-lineup-projections-2026-27-season","2026-10-10",1,"not_pregame",FALSE,NA,NA,NA,NA,NA,NA,NA
20262027,20262027,8,"MTL",8480018,"Nick","Suzuki","Nick Suzuki","F","current_roster",TRUE,"2026-10-10T23:35:22.721Z","2026-10-10_233328_38095438164_1_f9a60eb2d38f4b45990bc6497e80ed6a",2026020075,"2026-10-10","2026-10-10T23:00:00Z","LIVE","Red Wings","2026-10-10T23:35:22.313Z","https://www.nhl.com/news/nhl-lineup-projections-2026-27-season","2026-10-10",1,"not_pregame",FALSE,NA,NA,NA,NA,NA,NA,NA
20262027,20262027,8,"MTL",8480074,"Alexandre","Texier","Alexandre Texier","F","current_roster",TRUE,"2026-10-10T23:35:22.722Z","2026-10-10_233328_38095438164_1_f9a60eb2d38f4b45990bc6497e80ed6a",2026020075,"2026-10-10","2026-10-10T23:00:00Z","LIVE","Red Wings","2026-10-10T23:35:22.313Z","https://www.nhl.com/news/nhl-lineup-projections-2026-27-season","2026-10-10",1,"not_pregame",FALSE,NA,NA,NA,NA,NA,NA,NA
20262027,20262027,8,"MTL",8484403,"Florian","Xhekaj","Florian Xhekaj","F","current_roster",TRUE,"2026-10-10T23:35:22.724Z","2026-10-10_233328_38095438164_1_f9a60eb2d38f4b45990bc6497e80ed6a",2026020075,"2026-10-10","2026-10-10T23:00:00Z","LIVE","Red Wings","2026-10-10T23:35:22.313Z","https://www.nhl.com/news/nhl-lineup-projections-2026-27-season","2026-10-10",1,"not_pregame",FALSE,NA,NA,NA,NA,NA,NA,NA
20262027,20262027,8,"MTL",8478851,"Alexandre","Carrier","Alexandre Carrier","D","current_roster",TRUE,"2026-10-10T23:35:22.725Z","2026-10-10_233328_38095438164_1_f9a60eb2d38f4b45990bc6497e80ed6a",2026020075,"2026-10-10","2026-10-10T23:00:00Z","LIVE","Red Wings","2026-10-10T23:35:22.313Z","https://www.nhl.com/news/nhl-lineup-projections-2026-27-season","2026-10-10",1,"not_pregame",FALSE,NA,NA,NA,NA,NA,NA,NA
20262027,20262027,8,"MTL",8480865,"Noah","Dobson","Noah Dobson","D","current_roster",TRUE,"2026-10-10T23:35:22.730Z","2026-10-10_233328_38095438164_1_f9a60eb2d38f4b45990bc6497e80ed6a",2026020075,"2026-10-10","2026-10-10T23:00:00Z","LIVE","Red Wings","2026-10-10T23:35:22.313Z","https://www.nhl.com/news/nhl-lineup-projections-2026-27-season","2026-10-10",1,"not_pregame",FALSE,NA,NA,NA,NA,NA,NA,NA
20262027,20262027,8,"MTL",8483686,"Adam","Engstrom","Adam Engstrom","D","current_roster",TRUE,"2026-10-10T23:35:22.731Z","2026-10-10_233328_38095438164_1_f9a60eb2d38f4b45990bc6497e80ed6a",2026020075,"2026-10-10","2026-10-10T23:00:00Z","LIVE","Red Wings","2026-10-10T23:35:22.313Z","https://www.nhl.com/news/nhl-lineup-projections-2026-27-season","2026-10-10",1,"not_pregame",FALSE,NA,NA,NA,NA,NA,NA,NA
20262027,20262027,8,"MTL",8482087,"Kaiden","Guhle","Kaiden Guhle","D","current_roster",TRUE,"2026-10-10T23:35:22.732Z","2026-10-10_233328_38095438164_1_f9a60eb2d38f4b45990bc6497e80ed6a",2026020075,"2026-10-10","2026-10-10T23:00:00Z","LIVE","Red Wings","2026-10-10T23:35:22.313Z","https://www.nhl.com/news/nhl-lineup-projections-2026-27-season","2026-10-10",1,"not_pregame",FALSE,NA,NA,NA,NA,NA,NA,NA
20262027,20262027,8,"MTL",8483457,"Lane","Hutson","Lane Hutson","D","current_roster",TRUE,"2026-10-10T23:35:22.734Z","2026-10-10_233328_38095438164_1_f9a60eb2d38f4b45990bc6497e80ed6a",2026020075,"2026-10-10","2026-10-10T23:00:00Z","LIVE","Red Wings","2026-10-10T23:35:22.313Z","https://www.nhl.com/news/nhl-lineup-projections-2026-27-season","2026-10-10",1,"not_pregame",FALSE,NA,NA,NA,NA,NA,NA,NA
20262027,20262027,8,"MTL",8476875,"Mike","Matheson","Mike Matheson","D","current_roster",TRUE,"2026-10-10T23:35:22.735Z","2026-10-10_233328_38095438164_1_f9a60eb2d38f4b45990bc6497e80ed6a",2026020075,"2026-10-10","2026-10-10T23:00:00Z","LIVE","Red Wings","2026-10-10T23:35:22.313Z","https://www.nhl.com/news/nhl-lineup-projections-2026-27-season","2026-10-10",1,"not_pregame",FALSE,NA,NA,NA,NA,NA,NA,NA
20262027,20262027,8,"MTL",8482964,"Arber","Xhekaj","Arber Xhekaj","D","current_roster",TRUE,"2026-10-10T23:35:22.736Z","2026-10-10_233328_38095438164_1_f9a60eb2d38f4b45990bc6497e80ed6a",2026020075,"2026-10-10","2026-10-10T23:00:00Z","LIVE","Red Wings","2026-10-10T23:35:22.313Z","https://www.nhl.com/news/nhl-lineup-projections-2026-27-season","2026-10-10",1,"not_pregame",FALSE,NA,NA,NA,NA,NA,NA,NA
20262027,20262027,8,"MTL",8482487,"Jakub","Dobes","Jakub Dobes","G","current_roster",TRUE,"2026-10-10T23:35:22.738Z","2026-10-10_233328_38095438164_1_f9a60eb2d38f4b45990bc6497e80ed6a",2026020075,"2026-10-10","2026-10-10T23:00:00Z","LIVE","Red Wings","2026-10-10T23:35:22.313Z","https://www.nhl.com/news/nhl-lineup-projections-2026-27-season","2026-10-10",1,"not_pregame",FALSE,NA,NA,NA,NA,NA,NA,NA
20262027,20262027,8,"MTL",8484170,"Jacob","Fowler","Jacob Fowler","G","current_roster",TRUE,"2026-10-10T23:35:22.739Z","2026-10-10_233328_38095438164_1_f9a60eb2d38f4b45990bc6497e80ed6a",2026020075,"2026-10-10","2026-10-10T23:00:00Z","LIVE","Red Wings","2026-10-10T23:35:22.313Z","https://www.nhl.com/news/nhl-lineup-projections-2026-27-season","2026-10-10",1,"not_pregame",FALSE,NA,NA,NA,NA,NA,NA,NA
20262027,20262027,8,"MTL",8478470,"Samuel","Montembeault","Samuel Montembeault","G","current_roster",TRUE,"2026-10-10T23:35:22.740Z","2026-10-10_233328_38095438164_1_f9a60eb2d38f4b45990bc6497e80ed6a",2026020075,"2026-10-10","2026-10-10T23:00:00Z","LIVE","Red Wings","2026-10-10T23:35:22.313Z","https://www.nhl.com/news/nhl-lineup-projections-2026-27-season","2026-10-10",1,"not_pregame",FALSE,NA,NA,NA,NA,NA,NA,NA
20262027,20262027,18,"NSH",8482145,"Mavrik","Bourque","Mavrik Bourque","F","current_roster",TRUE,"2026-10-10T23:35:22.918Z","2026-10-10_233328_38095438164_1_f9a60eb2d38f4b45990bc6497e80ed6a",2026020076,"2026-10-10","2026-10-10T23:00:00Z","LIVE","Senators","2026-10-10T23:35:22.313Z","https://www.nhl.com/news/nhl-lineup-projections-2026-27-season","2026-10-10",1,"not_pregame",FALSE,NA,NA,NA,NA,NA,NA,NA
20262027,20262027,18,"NSH",8479525,"Ross","Colton","Ross Colton","F","current_roster",TRUE,"2026-10-10T23:35:22.919Z","2026-10-10_233328_38095438164_1_f9a60eb2d38f4b45990bc6497e80ed6a",2026020076,"2026-10-10","2026-10-10T23:00:00Z","LIVE","Senators","2026-10-10T23:35:22.313Z","https://www.nhl.com/news/nhl-lineup-projections-2026-27-season","2026-10-10",1,"not_pregame",FALSE,NA,NA,NA,NA,NA,NA,NA
20262027,20262027,18,"NSH",8480835,"Jack","Drury","Jack Drury","F","current_roster",TRUE,"2026-10-10T23:35:22.920Z","2026-10-10_233328_38095438164_1_f9a60eb2d38f4b45990bc6497e80ed6a",2026020076,"2026-10-10","2026-10-10T23:00:00Z","LIVE","Senators","2026-10-10T23:35:22.313Z","https://www.nhl.com/news/nhl-lineup-projections-2026-27-season","2026-10-10",1,"not_pregame",FALSE,NA,NA,NA,NA,NA,NA,NA
20262027,20262027,18,"NSH",8481726,"Adam","Edstrom","Adam Edstrom","F","current_roster",TRUE,"2026-10-10T23:35:22.922Z","2026-10-10_233328_38095438164_1_f9a60eb2d38f4b45990bc6497e80ed6a",2026020076,"2026-10-10","2026-10-10T23:00:00Z","LIVE","Senators","2026-10-10T23:35:22.313Z","https://www.nhl.com/news/nhl-lineup-projections-2026-27-season","2026-10-10",1,"not_pregame",FALSE,NA,NA,NA,NA,NA,NA,NA
20262027,20262027,18,"NSH",8476887,"Filip","Forsberg","Filip Forsberg","F","current_roster",TRUE,"2026-10-10T23:35:22.923Z","2026-10-10_233328_38095438164_1_f9a60eb2d38f4b45990bc6497e80ed6a",2026020076,"2026-10-10","2026-10-10T23:00:00Z","LIVE","Senators","2026-10-10T23:35:22.313Z","https://www.nhl.com/news/nhl-lineup-projections-2026-27-season","2026-10-10",1,"not_pregame",FALSE,NA,NA,NA,NA,NA,NA,NA
20262027,20262027,18,"NSH",8481535,"Nils","Hoglander","Nils Hoglander","F","current_roster",TRUE,"2026-10-10T23:35:22.924Z","2026-10-10_233328_38095438164_1_f9a60eb2d38f4b45990bc6497e80ed6a",2026020076,"2026-10-10","2026-10-10T23:00:00Z","LIVE","Senators","2026-10-10T23:35:22.313Z","https://www.nhl.com/news/nhl-lineup-projections-2026-27-season","2026-10-10",1,"not_pregame",FALSE,NA,NA,NA,NA,NA,NA,NA
20262027,20262027,18,"NSH",8477021,"Alexander","Kerfoot","Alexander Kerfoot","F","current_roster",TRUE,"2026-10-10T23:35:22.926Z","2026-10-10_233328_38095438164_1_f9a60eb2d38f4b45990bc6497e80ed6a",2026020076,"2026-10-10","2026-10-10T23:00:00Z","LIVE","Senators","2026-10-10T23:35:22.313Z","https://www.nhl.com/news/nhl-lineup-projections-2026-27-season","2026-10-10",1,"not_pregame",FALSE,NA,NA,NA,NA,NA,NA,NA
20262027,20262027,18,"NSH",8476539,"Jonathan","Marchessault","Jonathan Marchessault","F","current_roster",TRUE,"2026-10-10T23:35:22.927Z","2026-10-10_233328_38095438164_1_f9a60eb2d38f4b45990bc6497e80ed6a",2026020076,"2026-10-10","2026-10-10T23:00:00Z","LIVE","Senators","2026-10-10T23:35:22.313Z","https://www.nhl.com/news/nhl-lineup-projections-2026-27-season","2026-10-10",1,"not_pregame",FALSE,NA,NA,NA,NA,NA,NA,NA
20262027,20262027,18,"NSH",8475158,"Ryan","O'Reilly","Ryan O'Reilly","F","current_roster",TRUE,"2026-10-10T23:35:22.928Z","2026-10-10_233328_38095438164_1_f9a60eb2d38f4b45990bc6497e80ed6a",2026020076,"2026-10-10","2026-10-10T23:00:00Z","LIVE","Senators","2026-10-10T23:35:22.313Z","https://www.nhl.com/news/nhl-lineup-projections-2026-27-season","2026-10-10",1,"not_pregame",FALSE,NA,NA,NA,NA,NA,NA,NA
20262027,20262027,18,"NSH",8486189,"Vitali","Pinchuk","Vitali Pinchuk","F","current_roster",TRUE,"2026-10-10T23:35:22.930Z","2026-10-10_233328_38095438164_1_f9a60eb2d38f4b45990bc6497e80ed6a",2026020076,"2026-10-10","2026-10-10T23:00:00Z","LIVE","Senators","2026-10-10T23:35:22.313Z","https://www.nhl.com/news/nhl-lineup-projections-2026-27-season","2026-10-10",1,"not_pregame",FALSE,NA,NA,NA,NA,NA,NA,NA
20262027,20262027,18,"NSH",8483513,"Reid","Schaefer","Reid Schaefer","F","current_roster",TRUE,"2026-10-10T23:35:22.931Z","2026-10-10_233328_38095438164_1_f9a60eb2d38f4b45990bc6497e80ed6a",2026020076,"2026-10-10","2026-10-10T23:00:00Z","LIVE","Senators","2026-10-10T23:35:22.313Z","https://www.nhl.com/news/nhl-lineup-projections-2026-27-season","2026-10-10",1,"not_pregame",FALSE,NA,NA,NA,NA,NA,NA,NA
20262027,20262027,18,"NSH",8474564,"Steven","Stamkos","Steven Stamkos","F","current_roster",TRUE,"2026-10-10T23:35:22.932Z","2026-10-10_233328_38095438164_1_f9a60eb2d38f4b45990bc6497e80ed6a",2026020076,"2026-10-10","2026-10-10T23:00:00Z","LIVE","Senators","2026-10-10T23:35:22.313Z","https://www.nhl.com/news/nhl-lineup-projections-2026-27-season","2026-10-10",1,"not_pregame",FALSE,NA,NA,NA,NA,NA,NA,NA
20262027,20262027,18,"NSH",8484241,"Matthew","Wood","Matthew Wood","F","current_roster",TRUE,"2026-10-10T23:35:22.934Z","2026-10-10_233328_38095438164_1_f9a60eb2d38f4b45990bc6497e80ed6a",2026020076,"2026-10-10","2026-10-10T23:00:00Z","LIVE","Senators","2026-10-10T23:35:22.313Z","https://www.nhl.com/news/nhl-lineup-projections-2026-27-season","2026-10-10",1,"not_pregame",FALSE,NA,NA,NA,NA,NA,NA,NA
20262027,20262027,18,"NSH",8482072,"Jack","Ahcan","Jack Ahcan","D","current_roster",TRUE,"2026-10-10T23:35:22.935Z","2026-10-10_233328_38095438164_1_f9a60eb2d38f4b45990bc6497e80ed6a",2026020076,"2026-10-10","2026-10-10T23:00:00Z","LIVE","Senators","2026-10-10T23:35:22.313Z","https://www.nhl.com/news/nhl-lineup-projections-2026-27-season","2026-10-10",1,"not_pregame",FALSE,NA,NA,NA,NA,NA,NA,NA
20262027,20262027,18,"NSH",8479980,"Nicolas","Hague","Nicolas Hague","D","current_roster",TRUE,"2026-10-10T23:35:22.937Z","2026-10-10_233328_38095438164_1_f9a60eb2d38f4b45990bc6497e80ed6a",2026020076,"2026-10-10","2026-10-10T23:00:00Z","LIVE","Senators","2026-10-10T23:35:22.313Z","https://www.nhl.com/news/nhl-lineup-projections-2026-27-season","2026-10-10",1,"not_pregame",FALSE,NA,NA,NA,NA,NA,NA,NA
20262027,20262027,18,"NSH",8474600,"Roman","Josi","Roman Josi","D","current_roster",TRUE,"2026-10-10T23:35:22.941Z","2026-10-10_233328_38095438164_1_f9a60eb2d38f4b45990bc6497e80ed6a",2026020076,"2026-10-10","2026-10-10T23:00:00Z","LIVE","Senators","2026-10-10T23:35:22.313Z","https://www.nhl.com/news/nhl-lineup-projections-2026-27-season","2026-10-10",1,"not_pregame",FALSE,NA,NA,NA,NA,NA,NA,NA
20262027,20262027,18,"NSH",8480950,"Ilya","Lyubushkin","Ilya Lyubushkin","D","current_roster",TRUE,"2026-10-10T23:35:22.942Z","2026-10-10_233328_38095438164_1_f9a60eb2d38f4b45990bc6497e80ed6a",2026020076,"2026-10-10","2026-10-10T23:00:00Z","LIVE","Senators","2026-10-10T23:35:22.313Z","https://www.nhl.com/news/nhl-lineup-projections-2026-27-season","2026-10-10",1,"not_pregame",FALSE,NA,NA,NA,NA,NA,NA,NA
20262027,20262027,18,"NSH",8480246,"Nick","Perbix","Nick Perbix","D","current_roster",TRUE,"2026-10-10T23:35:22.944Z","2026-10-10_233328_38095438164_1_f9a60eb2d38f4b45990bc6497e80ed6a",2026020076,"2026-10-10","2026-10-10T23:00:00Z","LIVE","Senators","2026-10-10T23:35:22.313Z","https://www.nhl.com/news/nhl-lineup-projections-2026-27-season","2026-10-10",1,"not_pregame",FALSE,NA,NA,NA,NA,NA,NA,NA
20262027,20262027,18,"NSH",8476869,"Brady","Skjei","Brady Skjei","D","current_roster",TRUE,"2026-10-10T23:35:22.945Z","2026-10-10_233328_38095438164_1_f9a60eb2d38f4b45990bc6497e80ed6a",2026020076,"2026-10-10","2026-10-10T23:00:00Z","LIVE","Senators","2026-10-10T23:35:22.313Z","https://www.nhl.com/news/nhl-lineup-projections-2026-27-season","2026-10-10",1,"not_pregame",FALSE,NA,NA,NA,NA,NA,NA,NA
20262027,20262027,18,"NSH",8481593,"Jayden","Struble","Jayden Struble","D","current_roster",TRUE,"2026-10-10T23:35:22.946Z","2026-10-10_233328_38095438164_1_f9a60eb2d38f4b45990bc6497e80ed6a",2026020076,"2026-10-10","2026-10-10T23:00:00Z","LIVE","Senators","2026-10-10T23:35:22.313Z","https://www.nhl.com/news/nhl-lineup-projections-2026-27-season","2026-10-10",1,"not_pregame",FALSE,NA,NA,NA,NA,NA,NA,NA
20262027,20262027,18,"NSH",8482806,"William","Trudeau","William Trudeau","D","current_roster",TRUE,"2026-10-10T23:35:22.948Z","2026-10-10_233328_38095438164_1_f9a60eb2d38f4b45990bc6497e80ed6a",2026020076,"2026-10-10","2026-10-10T23:00:00Z","LIVE","Senators","2026-10-10T23:35:22.313Z","https://www.nhl.com/news/nhl-lineup-projections-2026-27-season","2026-10-10",1,"not_pregame",FALSE,NA,NA,NA,NA,NA,NA,NA
20262027,20262027,18,"NSH",8482482,"Adam","Wilsby","Adam Wilsby","D","current_roster",TRUE,"2026-10-10T23:35:22.949Z","2026-10-10_233328_38095438164_1_f9a60eb2d38f4b45990bc6497e80ed6a",2026020076,"2026-10-10","2026-10-10T23:00:00Z","LIVE","Senators","2026-10-10T23:35:22.313Z","https://www.nhl.com/news/nhl-lineup-projections-2026-27-season","2026-10-10",1,"not_pregame",FALSE,NA,NA,NA,NA,NA,NA,NA
20262027,20262027,18,"NSH",8481020,"Justus","Annunen","Justus Annunen","G","current_roster",TRUE,"2026-10-10T23:35:22.951Z","2026-10-10_233328_38095438164_1_f9a60eb2d38f4b45990bc6497e80ed6a",2026020076,"2026-10-10","2026-10-10T23:00:00Z","LIVE","Senators","2026-10-10T23:35:22.313Z","https://www.nhl.com/news/nhl-lineup-projections-2026-27-season","2026-10-10",1,"not_pregame",FALSE,NA,NA,NA,NA,NA,NA,NA
20262027,20262027,18,"NSH",8483575,"Matt","Murray","Matt Murray","G","current_roster",TRUE,"2026-10-10T23:35:22.952Z","2026-10-10_233328_38095438164_1_f9a60eb2d38f4b45990bc6497e80ed6a",2026020076,"2026-10-10","2026-10-10T23:00:00Z","LIVE","Senators","2026-10-10T23:35:22.313Z","https://www.nhl.com/news/nhl-lineup-projections-2026-27-season","2026-10-10",1,"not_pregame",FALSE,NA,NA,NA,NA,NA,NA,NA
20262027,20262027,18,"NSH",8477424,"Juuse","Saros","Juuse Saros","G","current_roster",TRUE,"2026-10-10T23:35:22.954Z","2026-10-10_233328_38095438164_1_f9a60eb2d38f4b45990bc6497e80ed6a",2026020076,"2026-10-10","2026-10-10T23:00:00Z","LIVE","Senators","2026-10-10T23:35:22.313Z","https://www.nhl.com/news/nhl-lineup-projections-2026-27-season","2026-10-10",1,"not_pregame",FALSE,NA,NA,NA,NA,NA,NA,NA
20262027,20262027,9,"OTT",8478020,"Michael","Amadio","Michael Amadio","F","current_roster",TRUE,"2026-10-10T23:35:22.992Z","2026-10-10_233328_38095438164_1_f9a60eb2d38f4b45990bc6497e80ed6a",2026020076,"2026-10-10","2026-10-10T23:00:00Z","LIVE","Predators","2026-10-10T23:35:22.313Z","https://www.nhl.com/news/nhl-lineup-projections-2026-27-season","2026-10-10",1,"not_pregame",FALSE,NA,NA,NA,NA,NA,NA,NA
20262027,20262027,9,"OTT",8480208,"Drake","Batherson","Drake Batherson","F","current_roster",TRUE,"2026-10-10T23:35:22.994Z","2026-10-10_233328_38095438164_1_f9a60eb2d38f4b45990bc6497e80ed6a",2026020076,"2026-10-10","2026-10-10T23:00:00Z","LIVE","Predators","2026-10-10T23:35:22.313Z","https://www.nhl.com/news/nhl-lineup-projections-2026-27-season","2026-10-10",1,"not_pregame",FALSE,NA,NA,NA,NA,NA,NA,NA
20262027,20262027,9,"OTT",8477444,"Andre","Burakovsky","Andre Burakovsky","F","current_roster",TRUE,"2026-10-10T23:35:22.995Z","2026-10-10_233328_38095438164_1_f9a60eb2d38f4b45990bc6497e80ed6a",2026020076,"2026-10-10","2026-10-10T23:00:00Z","LIVE","Predators","2026-10-10T23:35:22.313Z","https://www.nhl.com/news/nhl-lineup-projections-2026-27-season","2026-10-10",1,"not_pregame",FALSE,NA,NA,NA,NA,NA,NA,NA
20262027,20262027,9,"OTT",8476393,"Nick","Cousins","Nick Cousins","F","current_roster",TRUE,"2026-10-10T23:35:22.997Z","2026-10-10_233328_38095438164_1_f9a60eb2d38f4b45990bc6497e80ed6a",2026020076,"2026-10-10","2026-10-10T23:00:00Z","LIVE","Predators","2026-10-10T23:35:22.313Z","https://www.nhl.com/news/nhl-lineup-projections-2026-27-season","2026-10-10",1,"not_pregame",FALSE,NA,NA,NA,NA,NA,NA,NA
20262027,20262027,9,"OTT",8481528,"Dylan","Cozens","Dylan Cozens","F","current_roster",TRUE,"2026-10-10T23:35:22.998Z","2026-10-10_233328_38095438164_1_f9a60eb2d38f4b45990bc6497e80ed6a",2026020076,"2026-10-10","2026-10-10T23:00:00Z","LIVE","Predators","2026-10-10T23:35:22.313Z","https://www.nhl.com/news/nhl-lineup-projections-2026-27-season","2026-10-10",1,"not_pregame",FALSE,NA,NA,NA,NA,NA,NA,NA
20262027,20262027,9,"OTT",8482667,"William","Eklund","William Eklund","F","current_roster",TRUE,"2026-10-10T23:35:22.999Z","2026-10-10_233328_38095438164_1_f9a60eb2d38f4b45990bc6497e80ed6a",2026020076,"2026-10-10","2026-10-10T23:00:00Z","LIVE","Predators","2026-10-10T23:35:22.313Z","https://www.nhl.com/news/nhl-lineup-projections-2026-27-season","2026-10-10",1,"not_pregame",FALSE,NA,NA,NA,NA,NA,NA,NA
20262027,20262027,9,"OTT",8477998,"Warren","Foegele","Warren Foegele","F","current_roster",TRUE,"2026-10-10T23:35:23.001Z","2026-10-10_233328_38095438164_1_f9a60eb2d38f4b45990bc6497e80ed6a",2026020076,"2026-10-10","2026-10-10T23:00:00Z","LIVE","Predators","2026-10-10T23:35:22.313Z","https://www.nhl.com/news/nhl-lineup-projections-2026-27-season","2026-10-10",1,"not_pregame",FALSE,NA,NA,NA,NA,NA,NA,NA
20262027,20262027,9,"OTT",8473512,"Claude","Giroux","Claude Giroux","F","current_roster",TRUE,"2026-10-10T23:35:23.002Z","2026-10-10_233328_38095438164_1_f9a60eb2d38f4b45990bc6497e80ed6a",2026020076,"2026-10-10","2026-10-10T23:00:00Z","LIVE","Predators","2026-10-10T23:35:22.313Z","https://www.nhl.com/news/nhl-lineup-projections-2026-27-season","2026-10-10",1,"not_pregame",FALSE,NA,NA,NA,NA,NA,NA,NA
20262027,20262027,9,"OTT",8482092,"Ridly","Greig","Ridly Greig","F","current_roster",TRUE,"2026-10-10T23:35:23.003Z","2026-10-10_233328_38095438164_1_f9a60eb2d38f4b45990bc6497e80ed6a",2026020076,"2026-10-10","2026-10-10T23:00:00Z","LIVE","Predators","2026-10-10T23:35:22.313Z","https://www.nhl.com/news/nhl-lineup-projections-2026-27-season","2026-10-10",1,"not_pregame",FALSE,NA,NA,NA,NA,NA,NA,NA
20262027,20262027,9,"OTT",8483676,"Stephen","Halliday","Stephen Halliday","F","current_roster",TRUE,"2026-10-10T23:35:23.005Z","2026-10-10_233328_38095438164_1_f9a60eb2d38f4b45990bc6497e80ed6a",2026020076,"2026-10-10","2026-10-10T23:00:00Z","LIVE","Predators","2026-10-10T23:35:22.313Z","https://www.nhl.com/news/nhl-lineup-projections-2026-27-season","2026-10-10",1,"not_pregame",FALSE,NA,NA,NA,NA,NA,NA,NA
20262027,20262027,9,"OTT",8478173,"Hayden","Hodgson","Hayden Hodgson","F","current_roster",TRUE,"2026-10-10T23:35:23.006Z","2026-10-10_233328_38095438164_1_f9a60eb2d38f4b45990bc6497e80ed6a",2026020076,"2026-10-10","2026-10-10T23:00:00Z","LIVE","Predators","2026-10-10T23:35:22.313Z","https://www.nhl.com/news/nhl-lineup-projections-2026-27-season","2026-10-10",1,"not_pregame",FALSE,NA,NA,NA,NA,NA,NA,NA
20262027,20262027,9,"OTT",8481596,"Shane","Pinto","Shane Pinto","F","current_roster",TRUE,"2026-10-10T23:35:23.007Z","2026-10-10_233328_38095438164_1_f9a60eb2d38f4b45990bc6497e80ed6a",2026020076,"2026-10-10","2026-10-10T23:00:00Z","LIVE","Predators","2026-10-10T23:35:22.313Z","https://www.nhl.com/news/nhl-lineup-projections-2026-27-season","2026-10-10",1,"not_pregame",FALSE,NA,NA,NA,NA,NA,NA,NA
20262027,20262027,9,"OTT",8482116,"Tim","Stützle","Tim Stützle","F","current_roster",TRUE,"2026-10-10T23:35:23.009Z","2026-10-10_233328_38095438164_1_f9a60eb2d38f4b45990bc6497e80ed6a",2026020076,"2026-10-10","2026-10-10T23:00:00Z","LIVE","Predators","2026-10-10T23:35:22.313Z","https://www.nhl.com/news/nhl-lineup-projections-2026-27-season","2026-10-10",1,"not_pregame",FALSE,NA,NA,NA,NA,NA,NA,NA
20262027,20262027,9,"OTT",8480188,"Fabian","Zetterlund","Fabian Zetterlund","F","current_roster",TRUE,"2026-10-10T23:35:23.010Z","2026-10-10_233328_38095438164_1_f9a60eb2d38f4b45990bc6497e80ed6a",2026020076,"2026-10-10","2026-10-10T23:00:00Z","LIVE","Predators","2026-10-10T23:35:22.313Z","https://www.nhl.com/news/nhl-lineup-projections-2026-27-season","2026-10-10",1,"not_pregame",FALSE,NA,NA,NA,NA,NA,NA,NA
20262027,20262027,9,"OTT",8478469,"Thomas","Chabot","Thomas Chabot","D","current_roster",TRUE,"2026-10-10T23:35:23.012Z","2026-10-10_233328_38095438164_1_f9a60eb2d38f4b45990bc6497e80ed6a",2026020076,"2026-10-10","2026-10-10T23:00:00Z","LIVE","Predators","2026-10-10T23:35:22.313Z","https://www.nhl.com/news/nhl-lineup-projections-2026-27-season","2026-10-10",1,"not_pregame",FALSE,NA,NA,NA,NA,NA,NA,NA
20262027,20262027,9,"OTT",8480075,"Cameron","Crotty","Cameron Crotty","D","current_roster",TRUE,"2026-10-10T23:35:23.013Z","2026-10-10_233328_38095438164_1_f9a60eb2d38f4b45990bc6497e80ed6a",2026020076,"2026-10-10","2026-10-10T23:00:00Z","LIVE","Predators","2026-10-10T23:35:22.313Z","https://www.nhl.com/news/nhl-lineup-projections-2026-27-season","2026-10-10",1,"not_pregame",FALSE,NA,NA,NA,NA,NA,NA,NA
20262027,20262027,9,"OTT",8482095,"Tyler","Kleven","Tyler Kleven","D","current_roster",TRUE,"2026-10-10T23:35:23.014Z","2026-10-10_233328_38095438164_1_f9a60eb2d38f4b45990bc6497e80ed6a",2026020076,"2026-10-10","2026-10-10T23:00:00Z","LIVE","Predators","2026-10-10T23:35:22.313Z","https://www.nhl.com/news/nhl-lineup-projections-2026-27-season","2026-10-10",1,"not_pregame",FALSE,NA,NA,NA,NA,NA,NA,NA
20262027,20262027,9,"OTT",8484321,"Nikolas","Matinpalo","Nikolas Matinpalo","D","current_roster",TRUE,"2026-10-10T23:35:23.016Z","2026-10-10_233328_38095438164_1_f9a60eb2d38f4b45990bc6497e80ed6a",2026020076,"2026-10-10","2026-10-10T23:00:00Z","LIVE","Predators","2026-10-10T23:35:22.313Z","https://www.nhl.com/news/nhl-lineup-projections-2026-27-season","2026-10-10",1,"not_pregame",FALSE,NA,NA,NA,NA,NA,NA,NA
20262027,20262027,9,"OTT",8482105,"Jake","Sanderson","Jake Sanderson","D","current_roster",TRUE,"2026-10-10T23:35:23.017Z","2026-10-10_233328_38095438164_1_f9a60eb2d38f4b45990bc6497e80ed6a",2026020076,"2026-10-10","2026-10-10T23:00:00Z","LIVE","Predators","2026-10-10T23:35:22.313Z","https://www.nhl.com/news/nhl-lineup-projections-2026-27-season","2026-10-10",1,"not_pregame",FALSE,NA,NA,NA,NA,NA,NA,NA
20262027,20262027,9,"OTT",8481606,"Jordan","Spence","Jordan Spence","D","current_roster",TRUE,"2026-10-10T23:35:23.019Z","2026-10-10_233328_38095438164_1_f9a60eb2d38f4b45990bc6497e80ed6a",2026020076,"2026-10-10","2026-10-10T23:00:00Z","LIVE","Predators","2026-10-10T23:35:22.313Z","https://www.nhl.com/news/nhl-lineup-projections-2026-27-season","2026-10-10",1,"not_pregame",FALSE,NA,NA,NA,NA,NA,NA,NA
20262027,20262027,9,"OTT",8484759,"Carter","Yakemchuk","Carter Yakemchuk","D","current_roster",TRUE,"2026-10-10T23:35:23.020Z","2026-10-10_233328_38095438164_1_f9a60eb2d38f4b45990bc6497e80ed6a",2026020076,"2026-10-10","2026-10-10T23:00:00Z","LIVE","Predators","2026-10-10T23:35:22.313Z","https://www.nhl.com/news/nhl-lineup-projections-2026-27-season","2026-10-10",1,"not_pregame",FALSE,NA,NA,NA,NA,NA,NA,NA
20262027,20262027,9,"OTT",8481035,"Samuel","Ersson","Samuel Ersson","G","current_roster",TRUE,"2026-10-10T23:35:23.021Z","2026-10-10_233328_38095438164_1_f9a60eb2d38f4b45990bc6497e80ed6a",2026020076,"2026-10-10","2026-10-10T23:00:00Z","LIVE","Predators","2026-10-10T23:35:22.313Z","https://www.nhl.com/news/nhl-lineup-projections-2026-27-season","2026-10-10",1,"not_pregame",FALSE,NA,NA,NA,NA,NA,NA,NA
20262027,20262027,9,"OTT",8476999,"Linus","Ullmark","Linus Ullmark","G","current_roster",TRUE,"2026-10-10T23:35:23.023Z","2026-10-10_233328_38095438164_1_f9a60eb2d38f4b45990bc6497e80ed6a",2026020076,"2026-10-10","2026-10-10T23:00:00Z","LIVE","Predators","2026-10-10T23:35:22.313Z","https://www.nhl.com/news/nhl-lineup-projections-2026-27-season","2026-10-10",1,"not_pregame",FALSE,NA,NA,NA,NA,NA,NA,NA
20262027,20262027,25,"DAL",8473994,"Jamie","Benn","Jamie Benn","F","current_roster",TRUE,"2026-10-10T23:35:23.392Z","2026-10-10_233328_38095438164_1_f9a60eb2d38f4b45990bc6497e80ed6a",2026020077,"2026-10-10","2026-10-10T23:00:00Z","LIVE","Penguins","2026-10-10T23:35:22.313Z","https://www.nhl.com/news/nhl-lineup-projections-2026-27-season","2026-10-10",1,"not_pregame",FALSE,NA,NA,NA,NA,NA,NA,NA
20262027,20262027,25,"DAL",8476278,"Colin","Blackwell","Colin Blackwell","F","current_roster",TRUE,"2026-10-10T23:35:23.393Z","2026-10-10_233328_38095438164_1_f9a60eb2d38f4b45990bc6497e80ed6a",2026020077,"2026-10-10","2026-10-10T23:00:00Z","LIVE","Penguins","2026-10-10T23:35:22.313Z","https://www.nhl.com/news/nhl-lineup-projections-2026-27-season","2026-10-10",1,"not_pregame",FALSE,NA,NA,NA,NA,NA,NA,NA
20262027,20262027,25,"DAL",8480840,"Oskar","Bäck","Oskar Bäck","F","current_roster",TRUE,"2026-10-10T23:35:23.395Z","2026-10-10_233328_38095438164_1_f9a60eb2d38f4b45990bc6497e80ed6a",2026020077,"2026-10-10","2026-10-10T23:00:00Z","LIVE","Penguins","2026-10-10T23:35:22.313Z","https://www.nhl.com/news/nhl-lineup-projections-2026-27-season","2026-10-10",1,"not_pregame",FALSE,NA,NA,NA,NA,NA,NA,NA
20262027,20262027,25,"DAL",8475168,"Matt","Duchene","Matt Duchene","F","current_roster",TRUE,"2026-10-10T23:35:23.396Z","2026-10-10_233328_38095438164_1_f9a60eb2d38f4b45990bc6497e80ed6a",2026020077,"2026-10-10","2026-10-10T23:00:00Z","LIVE","Penguins","2026-10-10T23:35:22.313Z","https://www.nhl.com/news/nhl-lineup-projections-2026-27-season","2026-10-10",1,"not_pregame",FALSE,NA,NA,NA,NA,NA,NA,NA
20262027,20262027,25,"DAL",8476889,"Radek","Faksa","Radek Faksa","F","current_roster",TRUE,"2026-10-10T23:35:23.398Z","2026-10-10_233328_38095438164_1_f9a60eb2d38f4b45990bc6497e80ed6a",2026020077,"2026-10-10","2026-10-10T23:00:00Z","LIVE","Penguins","2026-10-10T23:35:22.313Z","https://www.nhl.com/news/nhl-lineup-projections-2026-27-season","2026-10-10",1,"not_pregame",FALSE,NA,NA,NA,NA,NA,NA,NA
20262027,20262027,25,"DAL",8478449,"Roope","Hintz","Roope Hintz","F","current_roster",TRUE,"2026-10-10T23:35:23.399Z","2026-10-10_233328_38095438164_1_f9a60eb2d38f4b45990bc6497e80ed6a",2026020077,"2026-10-10","2026-10-10T23:00:00Z","LIVE","Penguins","2026-10-10T23:35:22.313Z","https://www.nhl.com/news/nhl-lineup-projections-2026-27-season","2026-10-10",1,"not_pregame",FALSE,NA,NA,NA,NA,NA,NA,NA
20262027,20262027,25,"DAL",8484829,"Justin","Hryckowian","Justin Hryckowian","F","current_roster",TRUE,"2026-10-10T23:35:23.400Z","2026-10-10_233328_38095438164_1_f9a60eb2d38f4b45990bc6497e80ed6a",2026020077,"2026-10-10","2026-10-10T23:00:00Z","LIVE","Penguins","2026-10-10T23:35:22.313Z","https://www.nhl.com/news/nhl-lineup-projections-2026-27-season","2026-10-10",1,"not_pregame",FALSE,NA,NA,NA,NA,NA,NA,NA
20262027,20262027,25,"DAL",8484938,"Arttu","Hyry","Arttu Hyry","F","current_roster",TRUE,"2026-10-10T23:35:23.402Z","2026-10-10_233328_38095438164_1_f9a60eb2d38f4b45990bc6497e80ed6a",2026020077,"2026-10-10","2026-10-10T23:00:00Z","LIVE","Penguins","2026-10-10T23:35:22.313Z","https://www.nhl.com/news/nhl-lineup-projections-2026-27-season","2026-10-10",1,"not_pregame",FALSE,NA,NA,NA,NA,NA,NA,NA
20262027,20262027,25,"DAL",8482740,"Wyatt","Johnston","Wyatt Johnston","F","current_roster",TRUE,"2026-10-10T23:35:23.403Z","2026-10-10_233328_38095438164_1_f9a60eb2d38f4b45990bc6497e80ed6a",2026020077,"2026-10-10","2026-10-10T23:00:00Z","LIVE","Penguins","2026-10-10T23:35:22.313Z","https://www.nhl.com/news/nhl-lineup-projections-2026-27-season","2026-10-10",1,"not_pregame",FALSE,NA,NA,NA,NA,NA,NA,NA
20262027,20262027,25,"DAL",8481641,"Joel","Kiviranta","Joel Kiviranta","F","current_roster",TRUE,"2026-10-10T23:35:23.407Z","2026-10-10_233328_38095438164_1_f9a60eb2d38f4b45990bc6497e80ed6a",2026020077,"2026-10-10","2026-10-10T23:00:00Z","LIVE","Penguins","2026-10-10T23:35:22.313Z","https://www.nhl.com/news/nhl-lineup-projections-2026-27-season","2026-10-10",1,"not_pregame",FALSE,NA,NA,NA,NA,NA,NA,NA
20262027,20262027,25,"DAL",8478420,"Mikko","Rantanen","Mikko Rantanen","F","current_roster",TRUE,"2026-10-10T23:35:23.409Z","2026-10-10_233328_38095438164_1_f9a60eb2d38f4b45990bc6497e80ed6a",2026020077,"2026-10-10","2026-10-10T23:00:00Z","LIVE","Penguins","2026-10-10T23:35:22.313Z","https://www.nhl.com/news/nhl-lineup-projections-2026-27-season","2026-10-10",1,"not_pregame",FALSE,NA,NA,NA,NA,NA,NA,NA
20262027,20262027,25,"DAL",8480027,"Jason","Robertson","Jason Robertson","F","current_roster",TRUE,"2026-10-10T23:35:23.410Z","2026-10-10_233328_38095438164_1_f9a60eb2d38f4b45990bc6497e80ed6a",2026020077,"2026-10-10","2026-10-10T23:00:00Z","LIVE","Penguins","2026-10-10T23:35:22.313Z","https://www.nhl.com/news/nhl-lineup-projections-2026-27-season","2026-10-10",1,"not_pregame",FALSE,NA,NA,NA,NA,NA,NA,NA
20262027,20262027,25,"DAL",8475794,"Tyler","Seguin","Tyler Seguin","F","current_roster",TRUE,"2026-10-10T23:35:23.412Z","2026-10-10_233328_38095438164_1_f9a60eb2d38f4b45990bc6497e80ed6a",2026020077,"2026-10-10","2026-10-10T23:00:00Z","LIVE","Penguins","2026-10-10T23:35:22.313Z","https://www.nhl.com/news/nhl-lineup-projections-2026-27-season","2026-10-10",1,"not_pregame",FALSE,NA,NA,NA,NA,NA,NA,NA
20262027,20262027,25,"DAL",8479351,"Sam","Steel","Sam Steel","F","current_roster",TRUE,"2026-10-10T23:35:23.413Z","2026-10-10_233328_38095438164_1_f9a60eb2d38f4b45990bc6497e80ed6a",2026020077,"2026-10-10","2026-10-10T23:00:00Z","LIVE","Penguins","2026-10-10T23:35:22.313Z","https://www.nhl.com/news/nhl-lineup-projections-2026-27-season","2026-10-10",1,"not_pregame",FALSE,NA,NA,NA,NA,NA,NA,NA
20262027,20262027,25,"DAL",8483425,"Lian","Bichsel","Lian Bichsel","D","current_roster",TRUE,"2026-10-10T23:35:23.415Z","2026-10-10_233328_38095438164_1_f9a60eb2d38f4b45990bc6497e80ed6a",2026020077,"2026-10-10","2026-10-10T23:00:00Z","LIVE","Penguins","2026-10-10T23:35:22.313Z","https://www.nhl.com/news/nhl-lineup-projections-2026-27-season","2026-10-10",1,"not_pregame",FALSE,NA,NA,NA,NA,NA,NA,NA
20262027,20262027,25,"DAL",8477335,"Kyle","Burroughs","Kyle Burroughs","D","current_roster",TRUE,"2026-10-10T23:35:23.416Z","2026-10-10_233328_38095438164_1_f9a60eb2d38f4b45990bc6497e80ed6a",2026020077,"2026-10-10","2026-10-10T23:00:00Z","LIVE","Penguins","2026-10-10T23:35:22.313Z","https://www.nhl.com/news/nhl-lineup-projections-2026-27-season","2026-10-10",1,"not_pregame",FALSE,NA,NA,NA,NA,NA,NA,NA
20262027,20262027,25,"DAL",8478476,"Kyle","Capobianco","Kyle Capobianco","D","current_roster",TRUE,"2026-10-10T23:35:23.417Z","2026-10-10_233328_38095438164_1_f9a60eb2d38f4b45990bc6497e80ed6a",2026020077,"2026-10-10","2026-10-10T23:00:00Z","LIVE","Penguins","2026-10-10T23:35:22.313Z","https://www.nhl.com/news/nhl-lineup-projections-2026-27-season","2026-10-10",1,"not_pregame",FALSE,NA,NA,NA,NA,NA,NA,NA
20262027,20262027,25,"DAL",8481581,"Thomas","Harley","Thomas Harley","D","current_roster",TRUE,"2026-10-10T23:35:23.419Z","2026-10-10_233328_38095438164_1_f9a60eb2d38f4b45990bc6497e80ed6a",2026020077,"2026-10-10","2026-10-10T23:00:00Z","LIVE","Penguins","2026-10-10T23:35:22.313Z","https://www.nhl.com/news/nhl-lineup-projections-2026-27-season","2026-10-10",1,"not_pregame",FALSE,NA,NA,NA,NA,NA,NA,NA
20262027,20262027,25,"DAL",8480036,"Miro","Heiskanen","Miro Heiskanen","D","current_roster",TRUE,"2026-10-10T23:35:23.420Z","2026-10-10_233328_38095438164_1_f9a60eb2d38f4b45990bc6497e80ed6a",2026020077,"2026-10-10","2026-10-10T23:00:00Z","LIVE","Penguins","2026-10-10T23:35:22.313Z","https://www.nhl.com/news/nhl-lineup-projections-2026-27-season","2026-10-10",1,"not_pregame",FALSE,NA,NA,NA,NA,NA,NA,NA
20262027,20262027,25,"DAL",8476902,"Esa","Lindell","Esa Lindell","D","current_roster",TRUE,"2026-10-10T23:35:23.421Z","2026-10-10_233328_38095438164_1_f9a60eb2d38f4b45990bc6497e80ed6a",2026020077,"2026-10-10","2026-10-10T23:00:00Z","LIVE","Penguins","2026-10-10T23:35:22.313Z","https://www.nhl.com/news/nhl-lineup-projections-2026-27-season","2026-10-10",1,"not_pregame",FALSE,NA,NA,NA,NA,NA,NA,NA
20262027,20262027,25,"DAL",8480878,"Nils","Lundkvist","Nils Lundkvist","D","current_roster",TRUE,"2026-10-10T23:35:23.423Z","2026-10-10_233328_38095438164_1_f9a60eb2d38f4b45990bc6497e80ed6a",2026020077,"2026-10-10","2026-10-10T23:00:00Z","LIVE","Penguins","2026-10-10T23:35:22.313Z","https://www.nhl.com/news/nhl-lineup-projections-2026-27-season","2026-10-10",1,"not_pregame",FALSE,NA,NA,NA,NA,NA,NA,NA
20262027,20262027,25,"DAL",8474574,"Tyler","Myers","Tyler Myers","D","current_roster",TRUE,"2026-10-10T23:35:23.424Z","2026-10-10_233328_38095438164_1_f9a60eb2d38f4b45990bc6497e80ed6a",2026020077,"2026-10-10","2026-10-10T23:00:00Z","LIVE","Penguins","2026-10-10T23:35:22.313Z","https://www.nhl.com/news/nhl-lineup-projections-2026-27-season","2026-10-10",1,"not_pregame",FALSE,NA,NA,NA,NA,NA,NA,NA
20262027,20262027,25,"DAL",8479193,"Casey","DeSmith","Casey DeSmith","G","current_roster",TRUE,"2026-10-10T23:35:23.426Z","2026-10-10_233328_38095438164_1_f9a60eb2d38f4b45990bc6497e80ed6a",2026020077,"2026-10-10","2026-10-10T23:00:00Z","LIVE","Penguins","2026-10-10T23:35:22.313Z","https://www.nhl.com/news/nhl-lineup-projections-2026-27-season","2026-10-10",1,"not_pregame",FALSE,NA,NA,NA,NA,NA,NA,NA
20262027,20262027,25,"DAL",8479979,"Jake","Oettinger","Jake Oettinger","G","current_roster",TRUE,"2026-10-10T23:35:23.427Z","2026-10-10_233328_38095438164_1_f9a60eb2d38f4b45990bc6497e80ed6a",2026020077,"2026-10-10","2026-10-10T23:00:00Z","LIVE","Penguins","2026-10-10T23:35:22.313Z","https://www.nhl.com/news/nhl-lineup-projections-2026-27-season","2026-10-10",1,"not_pregame",FALSE,NA,NA,NA,NA,NA,NA,NA
20262027,20262027,5,"PIT",8479638,"Justin","Brazeau","Justin Brazeau","F","current_roster",TRUE,"2026-10-10T23:35:23.323Z","2026-10-10_233328_38095438164_1_f9a60eb2d38f4b45990bc6497e80ed6a",2026020077,"2026-10-10","2026-10-10T23:00:00Z","LIVE","Stars","2026-10-10T23:35:22.313Z","https://www.nhl.com/news/nhl-lineup-projections-2026-27-season","2026-10-10",1,"not_pregame",FALSE,NA,NA,NA,NA,NA,NA,NA
20262027,20262027,5,"PIT",8482475,"Egor","Chinakhov","Egor Chinakhov","F","current_roster",TRUE,"2026-10-10T23:35:23.324Z","2026-10-10_233328_38095438164_1_f9a60eb2d38f4b45990bc6497e80ed6a",2026020077,"2026-10-10","2026-10-10T23:00:00Z","LIVE","Stars","2026-10-10T23:35:22.313Z","https://www.nhl.com/news/nhl-lineup-projections-2026-27-season","2026-10-10",1,"not_pregame",FALSE,NA,NA,NA,NA,NA,NA,NA
20262027,20262027,5,"PIT",8471675,"Sidney","Crosby","Sidney Crosby","F","current_roster",TRUE,"2026-10-10T23:35:23.326Z","2026-10-10_233328_38095438164_1_f9a60eb2d38f4b45990bc6497e80ed6a",2026020077,"2026-10-10","2026-10-10T23:00:00Z","LIVE","Stars","2026-10-10T23:35:22.313Z","https://www.nhl.com/news/nhl-lineup-projections-2026-27-season","2026-10-10",1,"not_pregame",FALSE,NA,NA,NA,NA,NA,NA,NA
20262027,20262027,5,"PIT",8480980,"Connor","Dewar","Connor Dewar","F","current_roster",TRUE,"2026-10-10T23:35:23.327Z","2026-10-10_233328_38095438164_1_f9a60eb2d38f4b45990bc6497e80ed6a",2026020077,"2026-10-10","2026-10-10T23:00:00Z","LIVE","Stars","2026-10-10T23:35:22.313Z","https://www.nhl.com/news/nhl-lineup-projections-2026-27-season","2026-10-10",1,"not_pregame",FALSE,NA,NA,NA,NA,NA,NA,NA
20262027,20262027,5,"PIT",8485414,"Ben","Kindel","Ben Kindel","F","current_roster",TRUE,"2026-10-10T23:35:23.328Z","2026-10-10_233328_38095438164_1_f9a60eb2d38f4b45990bc6497e80ed6a",2026020077,"2026-10-10","2026-10-10T23:00:00Z","LIVE","Stars","2026-10-10T23:35:22.313Z","https://www.nhl.com/news/nhl-lineup-projections-2026-27-season","2026-10-10",1,"not_pregame",FALSE,NA,NA,NA,NA,NA,NA,NA
20262027,20262027,5,"PIT",8482758,"Ville","Koivunen","Ville Koivunen","F","current_roster",TRUE,"2026-10-10T23:35:23.330Z","2026-10-10_233328_38095438164_1_f9a60eb2d38f4b45990bc6497e80ed6a",2026020077,"2026-10-10","2026-10-10T23:00:00Z","LIVE","Stars","2026-10-10T23:35:22.313Z","https://www.nhl.com/news/nhl-lineup-projections-2026-27-season","2026-10-10",1,"not_pregame",FALSE,NA,NA,NA,NA,NA,NA,NA
20262027,20262027,5,"PIT",8483808,"Andrei","Kuzmenko","Andrei Kuzmenko","F","current_roster",TRUE,"2026-10-10T23:35:23.331Z","2026-10-10_233328_38095438164_1_f9a60eb2d38f4b45990bc6497e80ed6a",2026020077,"2026-10-10","2026-10-10T23:00:00Z","LIVE","Stars","2026-10-10T23:35:22.313Z","https://www.nhl.com/news/nhl-lineup-projections-2026-27-season","2026-10-10",1,"not_pregame",FALSE,NA,NA,NA,NA,NA,NA,NA
20262027,20262027,5,"PIT",8482148,"Hendrix","Lapierre","Hendrix Lapierre","F","current_roster",TRUE,"2026-10-10T23:35:23.332Z","2026-10-10_233328_38095438164_1_f9a60eb2d38f4b45990bc6497e80ed6a",2026020077,"2026-10-10","2026-10-10T23:00:00Z","LIVE","Stars","2026-10-10T23:35:22.313Z","https://www.nhl.com/news/nhl-lineup-projections-2026-27-season","2026-10-10",1,"not_pregame",FALSE,NA,NA,NA,NA,NA,NA,NA
20262027,20262027,5,"PIT",8481481,"Blake","Lizotte","Blake Lizotte","F","current_roster",TRUE,"2026-10-10T23:35:23.334Z","2026-10-10_233328_38095438164_1_f9a60eb2d38f4b45990bc6497e80ed6a",2026020077,"2026-10-10","2026-10-10T23:00:00Z","LIVE","Stars","2026-10-10T23:35:22.313Z","https://www.nhl.com/news/nhl-lineup-projections-2026-27-season","2026-10-10",1,"not_pregame",FALSE,NA,NA,NA,NA,NA,NA,NA
20262027,20262027,5,"PIT",8471215,"Evgeni","Malkin","Evgeni Malkin","F","current_roster",TRUE,"2026-10-10T23:35:23.335Z","2026-10-10_233328_38095438164_1_f9a60eb2d38f4b45990bc6497e80ed6a",2026020077,"2026-10-10","2026-10-10T23:00:00Z","LIVE","Stars","2026-10-10T23:35:22.313Z","https://www.nhl.com/news/nhl-lineup-projections-2026-27-season","2026-10-10",1,"not_pregame",FALSE,NA,NA,NA,NA,NA,NA,NA
20262027,20262027,5,"PIT",8478438,"Tommy","Novak","Tommy Novak","F","current_roster",TRUE,"2026-10-10T23:35:23.336Z","2026-10-10_233328_38095438164_1_f9a60eb2d38f4b45990bc6497e80ed6a",2026020077,"2026-10-10","2026-10-10T23:00:00Z","LIVE","Stars","2026-10-10T23:35:22.313Z","https://www.nhl.com/news/nhl-lineup-projections-2026-27-season","2026-10-10",1,"not_pregame",FALSE,NA,NA,NA,NA,NA,NA,NA
20262027,20262027,5,"PIT",8476483,"Rickard","Rakell","Rickard Rakell","F","current_roster",TRUE,"2026-10-10T23:35:23.338Z","2026-10-10_233328_38095438164_1_f9a60eb2d38f4b45990bc6497e80ed6a",2026020077,"2026-10-10","2026-10-10T23:00:00Z","LIVE","Stars","2026-10-10T23:35:22.313Z","https://www.nhl.com/news/nhl-lineup-projections-2026-27-season","2026-10-10",1,"not_pregame",FALSE,NA,NA,NA,NA,NA,NA,NA
20262027,20262027,5,"PIT",8481582,"Nick","Robertson","Nick Robertson","F","current_roster",TRUE,"2026-10-10T23:35:23.339Z","2026-10-10_233328_38095438164_1_f9a60eb2d38f4b45990bc6497e80ed6a",2026020077,"2026-10-10","2026-10-10T23:00:00Z","LIVE","Stars","2026-10-10T23:35:22.313Z","https://www.nhl.com/news/nhl-lineup-projections-2026-27-season","2026-10-10",1,"not_pregame",FALSE,NA,NA,NA,NA,NA,NA,NA
20262027,20262027,5,"PIT",8475810,"Bryan","Rust","Bryan Rust","F","current_roster",TRUE,"2026-10-10T23:35:23.340Z","2026-10-10_233328_38095438164_1_f9a60eb2d38f4b45990bc6497e80ed6a",2026020077,"2026-10-10","2026-10-10T23:00:00Z","LIVE","Stars","2026-10-10T23:35:22.313Z","https://www.nhl.com/news/nhl-lineup-projections-2026-27-season","2026-10-10",1,"not_pregame",FALSE,NA,NA,NA,NA,NA,NA,NA
20262027,20262027,5,"PIT",8481725,"Elmer","Soderblom","Elmer Soderblom","F","current_roster",TRUE,"2026-10-10T23:35:23.341Z","2026-10-10_233328_38095438164_1_f9a60eb2d38f4b45990bc6497e80ed6a",2026020077,"2026-10-10","2026-10-10T23:00:00Z","LIVE","Stars","2026-10-10T23:35:22.313Z","https://www.nhl.com/news/nhl-lineup-projections-2026-27-season","2026-10-10",1,"not_pregame",FALSE,NA,NA,NA,NA,NA,NA,NA
20262027,20262027,5,"PIT",8483398,"Declan","Carlile","Declan Carlile","D","current_roster",TRUE,"2026-10-10T23:35:23.343Z","2026-10-10_233328_38095438164_1_f9a60eb2d38f4b45990bc6497e80ed6a",2026020077,"2026-10-10","2026-10-10T23:00:00Z","LIVE","Stars","2026-10-10T23:35:22.313Z","https://www.nhl.com/news/nhl-lineup-projections-2026-27-season","2026-10-10",1,"not_pregame",FALSE,NA,NA,NA,NA,NA,NA,NA
20262027,20262027,5,"PIT",8479398,"Samuel","Girard","Samuel Girard","D","current_roster",TRUE,"2026-10-10T23:35:23.344Z","2026-10-10_233328_38095438164_1_f9a60eb2d38f4b45990bc6497e80ed6a",2026020077,"2026-10-10","2026-10-10T23:00:00Z","LIVE","Stars","2026-10-10T23:35:22.313Z","https://www.nhl.com/news/nhl-lineup-projections-2026-27-season","2026-10-10",1,"not_pregame",FALSE,NA,NA,NA,NA,NA,NA,NA
20262027,20262027,5,"PIT",8474578,"Erik","Karlsson","Erik Karlsson","D","current_roster",TRUE,"2026-10-10T23:35:23.346Z","2026-10-10_233328_38095438164_1_f9a60eb2d38f4b45990bc6497e80ed6a",2026020077,"2026-10-10","2026-10-10T23:00:00Z","LIVE","Stars","2026-10-10T23:35:22.313Z","https://www.nhl.com/news/nhl-lineup-projections-2026-27-season","2026-10-10",1,"not_pregame",FALSE,NA,NA,NA,NA,NA,NA,NA
20262027,20262027,5,"PIT",8481527,"Kaedan","Korczak","Kaedan Korczak","D","current_roster",TRUE,"2026-10-10T23:35:23.347Z","2026-10-10_233328_38095438164_1_f9a60eb2d38f4b45990bc6497e80ed6a",2026020077,"2026-10-10","2026-10-10T23:00:00Z","LIVE","Stars","2026-10-10T23:35:22.313Z","https://www.nhl.com/news/nhl-lineup-projections-2026-27-season","2026-10-10",1,"not_pregame",FALSE,NA,NA,NA,NA,NA,NA,NA
20262027,20262027,5,"PIT",8471724,"Kris","Letang","Kris Letang","D","current_roster",TRUE,"2026-10-10T23:35:23.348Z","2026-10-10_233328_38095438164_1_f9a60eb2d38f4b45990bc6497e80ed6a",2026020077,"2026-10-10","2026-10-10T23:00:00Z","LIVE","Stars","2026-10-10T23:35:22.313Z","https://www.nhl.com/news/nhl-lineup-projections-2026-27-season","2026-10-10",1,"not_pregame",FALSE,NA,NA,NA,NA,NA,NA,NA
20262027,20262027,5,"PIT",8481056,"Spencer","Stastney","Spencer Stastney","D","current_roster",TRUE,"2026-10-10T23:35:23.350Z","2026-10-10_233328_38095438164_1_f9a60eb2d38f4b45990bc6497e80ed6a",2026020077,"2026-10-10","2026-10-10T23:00:00Z","LIVE","Stars","2026-10-10T23:35:22.313Z","https://www.nhl.com/news/nhl-lineup-projections-2026-27-season","2026-10-10",1,"not_pregame",FALSE,NA,NA,NA,NA,NA,NA,NA
20262027,20262027,5,"PIT",8477845,"Trevor","van Riemsdyk","Trevor van Riemsdyk","D","current_roster",TRUE,"2026-10-10T23:35:23.351Z","2026-10-10_233328_38095438164_1_f9a60eb2d38f4b45990bc6497e80ed6a",2026020077,"2026-10-10","2026-10-10T23:00:00Z","LIVE","Stars","2026-10-10T23:35:22.313Z","https://www.nhl.com/news/nhl-lineup-projections-2026-27-season","2026-10-10",1,"not_pregame",FALSE,NA,NA,NA,NA,NA,NA,NA
20262027,20262027,5,"PIT",8483703,"Sergei","Murashov","Sergei Murashov","G","current_roster",TRUE,"2026-10-10T23:35:23.353Z","2026-10-10_233328_38095438164_1_f9a60eb2d38f4b45990bc6497e80ed6a",2026020077,"2026-10-10","2026-10-10T23:00:00Z","LIVE","Stars","2026-10-10T23:35:22.313Z","https://www.nhl.com/news/nhl-lineup-projections-2026-27-season","2026-10-10",1,"not_pregame",FALSE,NA,NA,NA,NA,NA,NA,NA
20262027,20262027,5,"PIT",8481668,"Arturs","Silovs","Arturs Silovs","G","current_roster",TRUE,"2026-10-10T23:35:23.354Z","2026-10-10_233328_38095438164_1_f9a60eb2d38f4b45990bc6497e80ed6a",2026020077,"2026-10-10","2026-10-10T23:00:00Z","LIVE","Stars","2026-10-10T23:35:22.313Z","https://www.nhl.com/news/nhl-lineup-projections-2026-27-season","2026-10-10",1,"not_pregame",FALSE,NA,NA,NA,NA,NA,NA,NA
20262027,20262027,5,"PIT",8482470,"Ilya","Solovyov","Ilya Solovyov","D","cached_fallback",FALSE,"2026-10-10T18:37:37.948Z","2026-10-10_233328_38095438164_1_f9a60eb2d38f4b45990bc6497e80ed6a",2026020077,"2026-10-10","2026-10-10T23:00:00Z","LIVE","Stars","2026-10-10T23:35:22.313Z","https://www.nhl.com/news/nhl-lineup-projections-2026-27-season","2026-10-10",1,"not_pregame",FALSE,NA,NA,NA,NA,NA,NA,NA
20262027,20262027,12,"CAR",8478427,"Sebastian","Aho","Sebastian Aho","F","current_roster",TRUE,"2026-10-10T23:35:22.848Z","2026-10-10_233328_38095438164_1_f9a60eb2d38f4b45990bc6497e80ed6a",2026020078,"2026-10-10","2026-10-10T23:00:00Z","LIVE","Blackhawks","2026-10-10T23:35:22.313Z","https://www.nhl.com/news/nhl-lineup-projections-2026-27-season","2026-10-10",1,"not_pregame",FALSE,NA,NA,NA,NA,NA,NA,NA
20262027,20262027,12,"CAR",8482809,"Jackson","Blake","Jackson Blake","F","current_roster",TRUE,"2026-10-10T23:35:22.849Z","2026-10-10_233328_38095438164_1_f9a60eb2d38f4b45990bc6497e80ed6a",2026020078,"2026-10-10","2026-10-10T23:00:00Z","LIVE","Blackhawks","2026-10-10T23:35:22.313Z","https://www.nhl.com/news/nhl-lineup-projections-2026-27-season","2026-10-10",1,"not_pregame",FALSE,NA,NA,NA,NA,NA,NA,NA
20262027,20262027,12,"CAR",8477478,"William","Carrier","William Carrier","F","current_roster",TRUE,"2026-10-10T23:35:22.851Z","2026-10-10_233328_38095438164_1_f9a60eb2d38f4b45990bc6497e80ed6a",2026020078,"2026-10-10","2026-10-10T23:00:00Z","LIVE","Blackhawks","2026-10-10T23:35:22.313Z","https://www.nhl.com/news/nhl-lineup-projections-2026-27-season","2026-10-10",1,"not_pregame",FALSE,NA,NA,NA,NA,NA,NA,NA
20262027,20262027,12,"CAR",8475235,"Nicolas","Deslauriers","Nicolas Deslauriers","F","current_roster",TRUE,"2026-10-10T23:35:22.852Z","2026-10-10_233328_38095438164_1_f9a60eb2d38f4b45990bc6497e80ed6a",2026020078,"2026-10-10","2026-10-10T23:00:00Z","LIVE","Blackhawks","2026-10-10T23:35:22.313Z","https://www.nhl.com/news/nhl-lineup-projections-2026-27-season","2026-10-10",1,"not_pregame",FALSE,NA,NA,NA,NA,NA,NA,NA
20262027,20262027,12,"CAR",8477940,"Nikolaj","Ehlers","Nikolaj Ehlers","F","current_roster",TRUE,"2026-10-10T23:35:22.856Z","2026-10-10_233328_38095438164_1_f9a60eb2d38f4b45990bc6497e80ed6a",2026020078,"2026-10-10","2026-10-10T23:00:00Z","LIVE","Blackhawks","2026-10-10T23:35:22.313Z","https://www.nhl.com/news/nhl-lineup-projections-2026-27-season","2026-10-10",1,"not_pregame",FALSE,NA,NA,NA,NA,NA,NA,NA
20262027,20262027,12,"CAR",8475791,"Taylor","Hall","Taylor Hall","F","current_roster",TRUE,"2026-10-10T23:35:22.857Z","2026-10-10_233328_38095438164_1_f9a60eb2d38f4b45990bc6497e80ed6a",2026020078,"2026-10-10","2026-10-10T23:00:00Z","LIVE","Blackhawks","2026-10-10T23:35:22.313Z","https://www.nhl.com/news/nhl-lineup-projections-2026-27-season","2026-10-10",1,"not_pregame",FALSE,NA,NA,NA,NA,NA,NA,NA
20262027,20262027,12,"CAR",8476873,"Mark","Jankowski","Mark Jankowski","F","current_roster",TRUE,"2026-10-10T23:35:22.859Z","2026-10-10_233328_38095438164_1_f9a60eb2d38f4b45990bc6497e80ed6a",2026020078,"2026-10-10","2026-10-10T23:00:00Z","LIVE","Blackhawks","2026-10-10T23:35:22.313Z","https://www.nhl.com/news/nhl-lineup-projections-2026-27-season","2026-10-10",1,"not_pregame",FALSE,NA,NA,NA,NA,NA,NA,NA
20262027,20262027,12,"CAR",8480829,"Jesperi","Kotkaniemi","Jesperi Kotkaniemi","F","current_roster",TRUE,"2026-10-10T23:35:22.860Z","2026-10-10_233328_38095438164_1_f9a60eb2d38f4b45990bc6497e80ed6a",2026020078,"2026-10-10","2026-10-10T23:00:00Z","LIVE","Blackhawks","2026-10-10T23:35:22.313Z","https://www.nhl.com/news/nhl-lineup-projections-2026-27-season","2026-10-10",1,"not_pregame",FALSE,NA,NA,NA,NA,NA,NA,NA
20262027,20262027,12,"CAR",8476921,"Jordan","Martinook","Jordan Martinook","F","current_roster",TRUE,"2026-10-10T23:35:22.861Z","2026-10-10_233328_38095438164_1_f9a60eb2d38f4b45990bc6497e80ed6a",2026020078,"2026-10-10","2026-10-10T23:00:00Z","LIVE","Blackhawks","2026-10-10T23:35:22.313Z","https://www.nhl.com/news/nhl-lineup-projections-2026-27-season","2026-10-10",1,"not_pregame",FALSE,NA,NA,NA,NA,NA,NA,NA
20262027,20262027,12,"CAR",8480762,"Eric","Robinson","Eric Robinson","F","current_roster",TRUE,"2026-10-10T23:35:22.863Z","2026-10-10_233328_38095438164_1_f9a60eb2d38f4b45990bc6497e80ed6a",2026020078,"2026-10-10","2026-10-10T23:00:00Z","LIVE","Blackhawks","2026-10-10T23:35:22.313Z","https://www.nhl.com/news/nhl-lineup-projections-2026-27-season","2026-10-10",1,"not_pregame",FALSE,NA,NA,NA,NA,NA,NA,NA
20262027,20262027,12,"CAR",8473533,"Jordan","Staal","Jordan Staal","F","current_roster",TRUE,"2026-10-10T23:35:22.864Z","2026-10-10_233328_38095438164_1_f9a60eb2d38f4b45990bc6497e80ed6a",2026020078,"2026-10-10","2026-10-10T23:00:00Z","LIVE","Blackhawks","2026-10-10T23:35:22.313Z","https://www.nhl.com/news/nhl-lineup-projections-2026-27-season","2026-10-10",1,"not_pregame",FALSE,NA,NA,NA,NA,NA,NA,NA
20262027,20262027,12,"CAR",8482702,"Logan","Stankoven","Logan Stankoven","F","current_roster",TRUE,"2026-10-10T23:35:22.865Z","2026-10-10_233328_38095438164_1_f9a60eb2d38f4b45990bc6497e80ed6a",2026020078,"2026-10-10","2026-10-10T23:00:00Z","LIVE","Blackhawks","2026-10-10T23:35:22.313Z","https://www.nhl.com/news/nhl-lineup-projections-2026-27-season","2026-10-10",1,"not_pregame",FALSE,NA,NA,NA,NA,NA,NA,NA
20262027,20262027,12,"CAR",8480830,"Andrei","Svechnikov","Andrei Svechnikov","F","current_roster",TRUE,"2026-10-10T23:35:22.867Z","2026-10-10_233328_38095438164_1_f9a60eb2d38f4b45990bc6497e80ed6a",2026020078,"2026-10-10","2026-10-10T23:00:00Z","LIVE","Blackhawks","2026-10-10T23:35:22.313Z","https://www.nhl.com/news/nhl-lineup-projections-2026-27-season","2026-10-10",1,"not_pregame",FALSE,NA,NA,NA,NA,NA,NA,NA
20262027,20262027,12,"CAR",8478970,"Jalen","Chatfield","Jalen Chatfield","D","current_roster",TRUE,"2026-10-10T23:35:22.868Z","2026-10-10_233328_38095438164_1_f9a60eb2d38f4b45990bc6497e80ed6a",2026020078,"2026-10-10","2026-10-10T23:00:00Z","LIVE","Blackhawks","2026-10-10T23:35:22.313Z","https://www.nhl.com/news/nhl-lineup-projections-2026-27-season","2026-10-10",1,"not_pregame",FALSE,NA,NA,NA,NA,NA,NA,NA
20262027,20262027,12,"CAR",8476906,"Shayne","Gostisbehere","Shayne Gostisbehere","D","current_roster",TRUE,"2026-10-10T23:35:22.870Z","2026-10-10_233328_38095438164_1_f9a60eb2d38f4b45990bc6497e80ed6a",2026020078,"2026-10-10","2026-10-10T23:00:00Z","LIVE","Blackhawks","2026-10-10T23:35:22.313Z","https://www.nhl.com/news/nhl-lineup-projections-2026-27-season","2026-10-10",1,"not_pregame",FALSE,NA,NA,NA,NA,NA,NA,NA
20262027,20262027,12,"CAR",8480817,"K'Andre","Miller","K'Andre Miller","D","current_roster",TRUE,"2026-10-10T23:35:22.871Z","2026-10-10_233328_38095438164_1_f9a60eb2d38f4b45990bc6497e80ed6a",2026020078,"2026-10-10","2026-10-10T23:00:00Z","LIVE","Blackhawks","2026-10-10T23:35:22.313Z","https://www.nhl.com/news/nhl-lineup-projections-2026-27-season","2026-10-10",1,"not_pregame",FALSE,NA,NA,NA,NA,NA,NA,NA
20262027,20262027,12,"CAR",8476422,"Mike","Reilly","Mike Reilly","D","current_roster",TRUE,"2026-10-10T23:35:22.872Z","2026-10-10_233328_38095438164_1_f9a60eb2d38f4b45990bc6497e80ed6a",2026020078,"2026-10-10","2026-10-10T23:00:00Z","LIVE","Blackhawks","2026-10-10T23:35:22.313Z","https://www.nhl.com/news/nhl-lineup-projections-2026-27-season","2026-10-10",1,"not_pregame",FALSE,NA,NA,NA,NA,NA,NA,NA
20262027,20262027,12,"CAR",8476958,"Jaccob","Slavin","Jaccob Slavin","D","current_roster",TRUE,"2026-10-10T23:35:22.873Z","2026-10-10_233328_38095438164_1_f9a60eb2d38f4b45990bc6497e80ed6a",2026020078,"2026-10-10","2026-10-10T23:00:00Z","LIVE","Blackhawks","2026-10-10T23:35:22.313Z","https://www.nhl.com/news/nhl-lineup-projections-2026-27-season","2026-10-10",1,"not_pregame",FALSE,NA,NA,NA,NA,NA,NA,NA
20262027,20262027,12,"CAR",8479976,"Juuso","Välimäki","Juuso Välimäki","D","current_roster",TRUE,"2026-10-10T23:35:22.875Z","2026-10-10_233328_38095438164_1_f9a60eb2d38f4b45990bc6497e80ed6a",2026020078,"2026-10-10","2026-10-10T23:00:00Z","LIVE","Blackhawks","2026-10-10T23:35:22.313Z","https://www.nhl.com/news/nhl-lineup-projections-2026-27-season","2026-10-10",1,"not_pregame",FALSE,NA,NA,NA,NA,NA,NA,NA
20262027,20262027,12,"CAR",8480336,"Sean","Walker","Sean Walker","D","current_roster",TRUE,"2026-10-10T23:35:22.876Z","2026-10-10_233328_38095438164_1_f9a60eb2d38f4b45990bc6497e80ed6a",2026020078,"2026-10-10","2026-10-10T23:00:00Z","LIVE","Blackhawks","2026-10-10T23:35:22.313Z","https://www.nhl.com/news/nhl-lineup-projections-2026-27-season","2026-10-10",1,"not_pregame",FALSE,NA,NA,NA,NA,NA,NA,NA
20262027,20262027,12,"CAR",8483548,"Brandon","Bussi","Brandon Bussi","G","current_roster",TRUE,"2026-10-10T23:35:22.878Z","2026-10-10_233328_38095438164_1_f9a60eb2d38f4b45990bc6497e80ed6a",2026020078,"2026-10-10","2026-10-10T23:00:00Z","LIVE","Blackhawks","2026-10-10T23:35:22.313Z","https://www.nhl.com/news/nhl-lineup-projections-2026-27-season","2026-10-10",1,"not_pregame",FALSE,NA,NA,NA,NA,NA,NA,NA
20262027,20262027,12,"CAR",8481611,"Pyotr","Kochetkov","Pyotr Kochetkov","G","current_roster",TRUE,"2026-10-10T23:35:22.879Z","2026-10-10_233328_38095438164_1_f9a60eb2d38f4b45990bc6497e80ed6a",2026020078,"2026-10-10","2026-10-10T23:00:00Z","LIVE","Blackhawks","2026-10-10T23:35:22.313Z","https://www.nhl.com/news/nhl-lineup-projections-2026-27-season","2026-10-10",1,"not_pregame",FALSE,NA,NA,NA,NA,NA,NA,NA
20262027,20262027,16,"CHI",8484144,"Connor","Bedard","Connor Bedard","F","current_roster",TRUE,"2026-10-10T23:35:23.248Z","2026-10-10_233328_38095438164_1_f9a60eb2d38f4b45990bc6497e80ed6a",2026020078,"2026-10-10","2026-10-10T23:00:00Z","LIVE","Hurricanes","2026-10-10T23:35:22.313Z","https://www.nhl.com/news/nhl-lineup-projections-2026-27-season","2026-10-10",1,"not_pregame",FALSE,NA,NA,NA,NA,NA,NA,NA
20262027,20262027,16,"CHI",8477479,"Tyler","Bertuzzi","Tyler Bertuzzi","F","current_roster",TRUE,"2026-10-10T23:35:23.250Z","2026-10-10_233328_38095438164_1_f9a60eb2d38f4b45990bc6497e80ed6a",2026020078,"2026-10-10","2026-10-10T23:00:00Z","LIVE","Hurricanes","2026-10-10T23:35:22.313Z","https://www.nhl.com/news/nhl-lineup-projections-2026-27-season","2026-10-10",1,"not_pregame",FALSE,NA,NA,NA,NA,NA,NA,NA
20262027,20262027,16,"CHI",8477987,"Ryan","Donato","Ryan Donato","F","current_roster",TRUE,"2026-10-10T23:35:23.251Z","2026-10-10_233328_38095438164_1_f9a60eb2d38f4b45990bc6497e80ed6a",2026020078,"2026-10-10","2026-10-10T23:00:00Z","LIVE","Hurricanes","2026-10-10T23:35:22.313Z","https://www.nhl.com/news/nhl-lineup-projections-2026-27-season","2026-10-10",1,"not_pregame",FALSE,NA,NA,NA,NA,NA,NA,NA
20262027,20262027,16,"CHI",8485391,"Anton","Frondell","Anton Frondell","F","current_roster",TRUE,"2026-10-10T23:35:23.252Z","2026-10-10_233328_38095438164_1_f9a60eb2d38f4b45990bc6497e80ed6a",2026020078,"2026-10-10","2026-10-10T23:00:00Z","LIVE","Hurricanes","2026-10-10T23:35:22.313Z","https://www.nhl.com/news/nhl-lineup-projections-2026-27-season","2026-10-10",1,"not_pregame",FALSE,NA,NA,NA,NA,NA,NA,NA
20262027,20262027,16,"CHI",8483450,"Ryan","Greene","Ryan Greene","F","current_roster",TRUE,"2026-10-10T23:35:23.253Z","2026-10-10_233328_38095438164_1_f9a60eb2d38f4b45990bc6497e80ed6a",2026020078,"2026-10-10","2026-10-10T23:00:00Z","LIVE","Hurricanes","2026-10-10T23:35:22.313Z","https://www.nhl.com/news/nhl-lineup-projections-2026-27-season","2026-10-10",1,"not_pregame",FALSE,NA,NA,NA,NA,NA,NA,NA
20262027,20262027,16,"CHI",8478413,"Jordan","Greenway","Jordan Greenway","F","current_roster",TRUE,"2026-10-10T23:35:23.255Z","2026-10-10_233328_38095438164_1_f9a60eb2d38f4b45990bc6497e80ed6a",2026020078,"2026-10-10","2026-10-10T23:00:00Z","LIVE","Hurricanes","2026-10-10T23:35:22.313Z","https://www.nhl.com/news/nhl-lineup-projections-2026-27-season","2026-10-10",1,"not_pregame",FALSE,NA,NA,NA,NA,NA,NA,NA
20262027,20262027,16,"CHI",8474141,"Patrick","Kane","Patrick Kane","F","current_roster",TRUE,"2026-10-10T23:35:23.256Z","2026-10-10_233328_38095438164_1_f9a60eb2d38f4b45990bc6497e80ed6a",2026020078,"2026-10-10","2026-10-10T23:00:00Z","LIVE","Hurricanes","2026-10-10T23:35:22.313Z","https://www.nhl.com/news/nhl-lineup-projections-2026-27-season","2026-10-10",1,"not_pregame",FALSE,NA,NA,NA,NA,NA,NA,NA
20262027,20262027,16,"CHI",8484390,"Roman","Kantserov","Roman Kantserov","F","current_roster",TRUE,"2026-10-10T23:35:23.258Z","2026-10-10_233328_38095438164_1_f9a60eb2d38f4b45990bc6497e80ed6a",2026020078,"2026-10-10","2026-10-10T23:00:00Z","LIVE","Hurricanes","2026-10-10T23:35:22.313Z","https://www.nhl.com/news/nhl-lineup-projections-2026-27-season","2026-10-10",1,"not_pregame",FALSE,NA,NA,NA,NA,NA,NA,NA
20262027,20262027,16,"CHI",8484185,"Nick","Lardis","Nick Lardis","F","current_roster",TRUE,"2026-10-10T23:35:23.259Z","2026-10-10_233328_38095438164_1_f9a60eb2d38f4b45990bc6497e80ed6a",2026020078,"2026-10-10","2026-10-10T23:00:00Z","LIVE","Hurricanes","2026-10-10T23:35:22.313Z","https://www.nhl.com/news/nhl-lineup-projections-2026-27-season","2026-10-10",1,"not_pregame",FALSE,NA,NA,NA,NA,NA,NA,NA
20262027,20262027,16,"CHI",8478233,"Andrew","Mangiapane","Andrew Mangiapane","F","current_roster",TRUE,"2026-10-10T23:35:23.260Z","2026-10-10_233328_38095438164_1_f9a60eb2d38f4b45990bc6497e80ed6a",2026020078,"2026-10-10","2026-10-10T23:00:00Z","LIVE","Hurricanes","2026-10-10T23:35:22.313Z","https://www.nhl.com/news/nhl-lineup-projections-2026-27-season","2026-10-10",1,"not_pregame",FALSE,NA,NA,NA,NA,NA,NA,NA
20262027,20262027,16,"CHI",8484197,"Oliver","Moore","Oliver Moore","F","current_roster",TRUE,"2026-10-10T23:35:23.262Z","2026-10-10_233328_38095438164_1_f9a60eb2d38f4b45990bc6497e80ed6a",2026020078,"2026-10-10","2026-10-10T23:00:00Z","LIVE","Hurricanes","2026-10-10T23:35:22.313Z","https://www.nhl.com/news/nhl-lineup-projections-2026-27-season","2026-10-10",1,"not_pregame",FALSE,NA,NA,NA,NA,NA,NA,NA
20262027,20262027,16,"CHI",8483493,"Frank","Nazar","Frank Nazar","F","current_roster",TRUE,"2026-10-10T23:35:23.263Z","2026-10-10_233328_38095438164_1_f9a60eb2d38f4b45990bc6497e80ed6a",2026020078,"2026-10-10","2026-10-10T23:00:00Z","LIVE","Hurricanes","2026-10-10T23:35:22.313Z","https://www.nhl.com/news/nhl-lineup-projections-2026-27-season","2026-10-10",1,"not_pregame",FALSE,NA,NA,NA,NA,NA,NA,NA
20262027,20262027,16,"CHI",8482062,"Cole","Smith","Cole Smith","F","current_roster",TRUE,"2026-10-10T23:35:23.264Z","2026-10-10_233328_38095438164_1_f9a60eb2d38f4b45990bc6497e80ed6a",2026020078,"2026-10-10","2026-10-10T23:00:00Z","LIVE","Hurricanes","2026-10-10T23:35:22.313Z","https://www.nhl.com/news/nhl-lineup-projections-2026-27-season","2026-10-10",1,"not_pregame",FALSE,NA,NA,NA,NA,NA,NA,NA
20262027,20262027,16,"CHI",8476882,"Teuvo","Teravainen","Teuvo Teravainen","F","current_roster",TRUE,"2026-10-10T23:35:23.265Z","2026-10-10_233328_38095438164_1_f9a60eb2d38f4b45990bc6497e80ed6a",2026020078,"2026-10-10","2026-10-10T23:00:00Z","LIVE","Hurricanes","2026-10-10T23:35:22.313Z","https://www.nhl.com/news/nhl-lineup-projections-2026-27-season","2026-10-10",1,"not_pregame",FALSE,NA,NA,NA,NA,NA,NA,NA
20262027,20262027,16,"CHI",8481524,"Bowen","Byram","Bowen Byram","D","current_roster",TRUE,"2026-10-10T23:35:23.267Z","2026-10-10_233328_38095438164_1_f9a60eb2d38f4b45990bc6497e80ed6a",2026020078,"2026-10-10","2026-10-10T23:00:00Z","LIVE","Hurricanes","2026-10-10T23:35:22.313Z","https://www.nhl.com/news/nhl-lineup-projections-2026-27-season","2026-10-10",1,"not_pregame",FALSE,NA,NA,NA,NA,NA,NA,NA
20262027,20262027,16,"CHI",8474013,"Ian","Cole","Ian Cole","D","current_roster",TRUE,"2026-10-10T23:35:23.269Z","2026-10-10_233328_38095438164_1_f9a60eb2d38f4b45990bc6497e80ed6a",2026020078,"2026-10-10","2026-10-10T23:00:00Z","LIVE","Hurricanes","2026-10-10T23:35:22.313Z","https://www.nhl.com/news/nhl-lineup-projections-2026-27-season","2026-10-10",1,"not_pregame",FALSE,NA,NA,NA,NA,NA,NA,NA
20262027,20262027,16,"CHI",8482807,"Ethan","Del Mastro","Ethan Del Mastro","D","current_roster",TRUE,"2026-10-10T23:35:23.270Z","2026-10-10_233328_38095438164_1_f9a60eb2d38f4b45990bc6497e80ed6a",2026020078,"2026-10-10","2026-10-10T23:00:00Z","LIVE","Hurricanes","2026-10-10T23:35:22.313Z","https://www.nhl.com/news/nhl-lineup-projections-2026-27-season","2026-10-10",1,"not_pregame",FALSE,NA,NA,NA,NA,NA,NA,NA
20262027,20262027,16,"CHI",8482176,"Wyatt","Kaiser","Wyatt Kaiser","D","current_roster",TRUE,"2026-10-10T23:35:23.271Z","2026-10-10_233328_38095438164_1_f9a60eb2d38f4b45990bc6497e80ed6a",2026020078,"2026-10-10","2026-10-10T23:00:00Z","LIVE","Hurricanes","2026-10-10T23:35:22.313Z","https://www.nhl.com/news/nhl-lineup-projections-2026-27-season","2026-10-10",1,"not_pregame",FALSE,NA,NA,NA,NA,NA,NA,NA
20262027,20262027,16,"CHI",8483466,"Kevin","Korchinski","Kevin Korchinski","D","current_roster",TRUE,"2026-10-10T23:35:23.273Z","2026-10-10_233328_38095438164_1_f9a60eb2d38f4b45990bc6497e80ed6a",2026020078,"2026-10-10","2026-10-10T23:00:00Z","LIVE","Hurricanes","2026-10-10T23:35:22.313Z","https://www.nhl.com/news/nhl-lineup-projections-2026-27-season","2026-10-10",1,"not_pregame",FALSE,NA,NA,NA,NA,NA,NA,NA
20262027,20262027,16,"CHI",8484783,"Artyom","Levshunov","Artyom Levshunov","D","current_roster",TRUE,"2026-10-10T23:35:23.274Z","2026-10-10_233328_38095438164_1_f9a60eb2d38f4b45990bc6497e80ed6a",2026020078,"2026-10-10","2026-10-10T23:00:00Z","LIVE","Hurricanes","2026-10-10T23:35:22.313Z","https://www.nhl.com/news/nhl-lineup-projections-2026-27-season","2026-10-10",1,"not_pregame",FALSE,NA,NA,NA,NA,NA,NA,NA
20262027,20262027,16,"CHI",8483506,"Sam","Rinzel","Sam Rinzel","D","current_roster",TRUE,"2026-10-10T23:35:23.275Z","2026-10-10_233328_38095438164_1_f9a60eb2d38f4b45990bc6497e80ed6a",2026020078,"2026-10-10","2026-10-10T23:00:00Z","LIVE","Hurricanes","2026-10-10T23:35:22.313Z","https://www.nhl.com/news/nhl-lineup-projections-2026-27-season","2026-10-10",1,"not_pregame",FALSE,NA,NA,NA,NA,NA,NA,NA
20262027,20262027,16,"CHI",8481568,"Alex","Vlasic","Alex Vlasic","D","current_roster",TRUE,"2026-10-10T23:35:23.277Z","2026-10-10_233328_38095438164_1_f9a60eb2d38f4b45990bc6497e80ed6a",2026020078,"2026-10-10","2026-10-10T23:00:00Z","LIVE","Hurricanes","2026-10-10T23:35:22.313Z","https://www.nhl.com/news/nhl-lineup-projections-2026-27-season","2026-10-10",1,"not_pregame",FALSE,NA,NA,NA,NA,NA,NA,NA
20262027,20262027,16,"CHI",8481519,"Spencer","Knight","Spencer Knight","G","current_roster",TRUE,"2026-10-10T23:35:23.281Z","2026-10-10_233328_38095438164_1_f9a60eb2d38f4b45990bc6497e80ed6a",2026020078,"2026-10-10","2026-10-10T23:00:00Z","LIVE","Hurricanes","2026-10-10T23:35:22.313Z","https://www.nhl.com/news/nhl-lineup-projections-2026-27-season","2026-10-10",1,"not_pregame",FALSE,NA,NA,NA,NA,NA,NA,NA
20262027,20262027,16,"CHI",8482821,"Arvid","Soderblom","Arvid Soderblom","G","current_roster",TRUE,"2026-10-10T23:35:23.283Z","2026-10-10_233328_38095438164_1_f9a60eb2d38f4b45990bc6497e80ed6a",2026020078,"2026-10-10","2026-10-10T23:00:00Z","LIVE","Hurricanes","2026-10-10T23:35:22.313Z","https://www.nhl.com/news/nhl-lineup-projections-2026-27-season","2026-10-10",1,"not_pregame",FALSE,NA,NA,NA,NA,NA,NA,NA
20262027,20262027,29,"CBJ",8475745,"Charlie","Coyle","Charlie Coyle","F","current_roster",TRUE,"2026-10-10T23:35:23.553Z","2026-10-10_233328_38095438164_1_f9a60eb2d38f4b45990bc6497e80ed6a",2026020079,"2026-10-10","2026-10-10T23:00:00Z","LIVE","Blues","2026-10-10T23:35:22.313Z","https://www.nhl.com/news/nhl-lineup-projections-2026-27-season","2026-10-10",1,"not_pregame",FALSE,NA,NA,NA,NA,NA,NA,NA
20262027,20262027,29,"CBJ",8483432,"Luca","Del Bel Belluz","Luca Del Bel Belluz","F","current_roster",TRUE,"2026-10-10T23:35:23.555Z","2026-10-10_233328_38095438164_1_f9a60eb2d38f4b45990bc6497e80ed6a",2026020079,"2026-10-10","2026-10-10T23:00:00Z","LIVE","Blues","2026-10-10T23:35:22.313Z","https://www.nhl.com/news/nhl-lineup-projections-2026-27-season","2026-10-10",1,"not_pregame",FALSE,NA,NA,NA,NA,NA,NA,NA
20262027,20262027,29,"CBJ",8484166,"Adam","Fantilli","Adam Fantilli","F","current_roster",TRUE,"2026-10-10T23:35:23.556Z","2026-10-10_233328_38095438164_1_f9a60eb2d38f4b45990bc6497e80ed6a",2026020079,"2026-10-10","2026-10-10T23:00:00Z","LIVE","Blues","2026-10-10T23:35:22.313Z","https://www.nhl.com/news/nhl-lineup-projections-2026-27-season","2026-10-10",1,"not_pregame",FALSE,NA,NA,NA,NA,NA,NA,NA
20262027,20262027,29,"CBJ",8478856,"Conor","Garland","Conor Garland","F","current_roster",TRUE,"2026-10-10T23:35:23.558Z","2026-10-10_233328_38095438164_1_f9a60eb2d38f4b45990bc6497e80ed6a",2026020079,"2026-10-10","2026-10-10T23:00:00Z","LIVE","Blues","2026-10-10T23:35:22.313Z","https://www.nhl.com/news/nhl-lineup-projections-2026-27-season","2026-10-10",1,"not_pregame",FALSE,NA,NA,NA,NA,NA,NA,NA
20262027,20262027,29,"CBJ",8478046,"Danton","Heinen","Danton Heinen","F","current_roster",TRUE,"2026-10-10T23:35:23.559Z","2026-10-10_233328_38095438164_1_f9a60eb2d38f4b45990bc6497e80ed6a",2026020079,"2026-10-10","2026-10-10T23:00:00Z","LIVE","Blues","2026-10-10T23:35:22.313Z","https://www.nhl.com/news/nhl-lineup-projections-2026-27-season","2026-10-10",1,"not_pregame",FALSE,NA,NA,NA,NA,NA,NA,NA
20262027,20262027,29,"CBJ",8482660,"Kent","Johnson","Kent Johnson","F","current_roster",TRUE,"2026-10-10T23:35:23.560Z","2026-10-10_233328_38095438164_1_f9a60eb2d38f4b45990bc6497e80ed6a",2026020079,"2026-10-10","2026-10-10T23:00:00Z","LIVE","Blues","2026-10-10T23:35:22.313Z","https://www.nhl.com/news/nhl-lineup-projections-2026-27-season","2026-10-10",1,"not_pregame",FALSE,NA,NA,NA,NA,NA,NA,NA
20262027,20262027,29,"CBJ",8482720,"Matthew","Knies","Matthew Knies","F","current_roster",TRUE,"2026-10-10T23:35:23.562Z","2026-10-10_233328_38095438164_1_f9a60eb2d38f4b45990bc6497e80ed6a",2026020079,"2026-10-10","2026-10-10T23:00:00Z","LIVE","Blues","2026-10-10T23:35:22.313Z","https://www.nhl.com/news/nhl-lineup-projections-2026-27-season","2026-10-10",1,"not_pregame",FALSE,NA,NA,NA,NA,NA,NA,NA
20262027,20262027,29,"CBJ",8479066,"Ryan","Lomberg","Ryan Lomberg","F","current_roster",TRUE,"2026-10-10T23:35:23.563Z","2026-10-10_233328_38095438164_1_f9a60eb2d38f4b45990bc6497e80ed6a",2026020079,"2026-10-10","2026-10-10T23:00:00Z","LIVE","Blues","2026-10-10T23:35:22.313Z","https://www.nhl.com/news/nhl-lineup-projections-2026-27-season","2026-10-10",1,"not_pregame",FALSE,NA,NA,NA,NA,NA,NA,NA
20262027,20262027,29,"CBJ",8477497,"Sean","Monahan","Sean Monahan","F","current_roster",TRUE,"2026-10-10T23:35:23.564Z","2026-10-10_233328_38095438164_1_f9a60eb2d38f4b45990bc6497e80ed6a",2026020079,"2026-10-10","2026-10-10T23:00:00Z","LIVE","Blues","2026-10-10T23:35:22.313Z","https://www.nhl.com/news/nhl-lineup-projections-2026-27-season","2026-10-10",1,"not_pregame",FALSE,NA,NA,NA,NA,NA,NA,NA
20262027,20262027,29,"CBJ",8477501,"Valeri","Nichushkin","Valeri Nichushkin","F","current_roster",TRUE,"2026-10-10T23:35:23.566Z","2026-10-10_233328_38095438164_1_f9a60eb2d38f4b45990bc6497e80ed6a",2026020079,"2026-10-10","2026-10-10T23:00:00Z","LIVE","Blues","2026-10-10T23:35:22.313Z","https://www.nhl.com/news/nhl-lineup-projections-2026-27-season","2026-10-10",1,"not_pregame",FALSE,NA,NA,NA,NA,NA,NA,NA
20262027,20262027,29,"CBJ",8479671,"Mathieu","Olivier","Mathieu Olivier","F","current_roster",TRUE,"2026-10-10T23:35:23.567Z","2026-10-10_233328_38095438164_1_f9a60eb2d38f4b45990bc6497e80ed6a",2026020079,"2026-10-10","2026-10-10T23:00:00Z","LIVE","Blues","2026-10-10T23:35:22.313Z","https://www.nhl.com/news/nhl-lineup-projections-2026-27-season","2026-10-10",1,"not_pregame",FALSE,NA,NA,NA,NA,NA,NA,NA
20262027,20262027,29,"CBJ",8482705,"Cole","Sillinger","Cole Sillinger","F","current_roster",TRUE,"2026-10-10T23:35:23.568Z","2026-10-10_233328_38095438164_1_f9a60eb2d38f4b45990bc6497e80ed6a",2026020079,"2026-10-10","2026-10-10T23:00:00Z","LIVE","Blues","2026-10-10T23:35:22.313Z","https://www.nhl.com/news/nhl-lineup-projections-2026-27-season","2026-10-10",1,"not_pregame",FALSE,NA,NA,NA,NA,NA,NA,NA
20262027,20262027,29,"CBJ",8481716,"Dmitri","Voronkov","Dmitri Voronkov","F","current_roster",TRUE,"2026-10-10T23:35:23.570Z","2026-10-10_233328_38095438164_1_f9a60eb2d38f4b45990bc6497e80ed6a",2026020079,"2026-10-10","2026-10-10T23:00:00Z","LIVE","Blues","2026-10-10T23:35:22.313Z","https://www.nhl.com/news/nhl-lineup-projections-2026-27-season","2026-10-10",1,"not_pregame",FALSE,NA,NA,NA,NA,NA,NA,NA
20262027,20262027,29,"CBJ",8482126,"Emil","Andrae","Emil Andrae","D","current_roster",TRUE,"2026-10-10T23:35:23.571Z","2026-10-10_233328_38095438164_1_f9a60eb2d38f4b45990bc6497e80ed6a",2026020079,"2026-10-10","2026-10-10T23:00:00Z","LIVE","Blues","2026-10-10T23:35:22.313Z","https://www.nhl.com/news/nhl-lineup-projections-2026-27-season","2026-10-10",1,"not_pregame",FALSE,NA,NA,NA,NA,NA,NA,NA
20262027,20262027,29,"CBJ",8481161,"Jake","Christiansen","Jake Christiansen","D","current_roster",TRUE,"2026-10-10T23:35:23.573Z","2026-10-10_233328_38095438164_1_f9a60eb2d38f4b45990bc6497e80ed6a",2026020079,"2026-10-10","2026-10-10T23:00:00Z","LIVE","Blues","2026-10-10T23:35:22.313Z","https://www.nhl.com/news/nhl-lineup-projections-2026-27-season","2026-10-10",1,"not_pregame",FALSE,NA,NA,NA,NA,NA,NA,NA
20262027,20262027,29,"CBJ",8479371,"Dante","Fabbro","Dante Fabbro","D","current_roster",TRUE,"2026-10-10T23:35:23.574Z","2026-10-10_233328_38095438164_1_f9a60eb2d38f4b45990bc6497e80ed6a",2026020079,"2026-10-10","2026-10-10T23:00:00Z","LIVE","Blues","2026-10-10T23:35:22.313Z","https://www.nhl.com/news/nhl-lineup-projections-2026-27-season","2026-10-10",1,"not_pregame",FALSE,NA,NA,NA,NA,NA,NA,NA
20262027,20262027,29,"CBJ",8475790,"Erik","Gudbranson","Erik Gudbranson","D","current_roster",TRUE,"2026-10-10T23:35:23.575Z","2026-10-10_233328_38095438164_1_f9a60eb2d38f4b45990bc6497e80ed6a",2026020079,"2026-10-10","2026-10-10T23:00:00Z","LIVE","Blues","2026-10-10T23:35:22.313Z","https://www.nhl.com/news/nhl-lineup-projections-2026-27-season","2026-10-10",1,"not_pregame",FALSE,NA,NA,NA,NA,NA,NA,NA
20262027,20262027,29,"CBJ",8483485,"Denton","Mateychuk","Denton Mateychuk","D","current_roster",TRUE,"2026-10-10T23:35:23.577Z","2026-10-10_233328_38095438164_1_f9a60eb2d38f4b45990bc6497e80ed6a",2026020079,"2026-10-10","2026-10-10T23:00:00Z","LIVE","Blues","2026-10-10T23:35:22.313Z","https://www.nhl.com/news/nhl-lineup-projections-2026-27-season","2026-10-10",1,"not_pregame",FALSE,NA,NA,NA,NA,NA,NA,NA
20262027,20262027,29,"CBJ",8478500,"Ivan","Provorov","Ivan Provorov","D","current_roster",TRUE,"2026-10-10T23:35:23.578Z","2026-10-10_233328_38095438164_1_f9a60eb2d38f4b45990bc6497e80ed6a",2026020079,"2026-10-10","2026-10-10T23:00:00Z","LIVE","Blues","2026-10-10T23:35:22.313Z","https://www.nhl.com/news/nhl-lineup-projections-2026-27-season","2026-10-10",1,"not_pregame",FALSE,NA,NA,NA,NA,NA,NA,NA
20262027,20262027,29,"CBJ",8477369,"Carson","Soucy","Carson Soucy","D","current_roster",TRUE,"2026-10-10T23:35:23.579Z","2026-10-10_233328_38095438164_1_f9a60eb2d38f4b45990bc6497e80ed6a",2026020079,"2026-10-10","2026-10-10T23:00:00Z","LIVE","Blues","2026-10-10T23:35:22.313Z","https://www.nhl.com/news/nhl-lineup-projections-2026-27-season","2026-10-10",1,"not_pregame",FALSE,NA,NA,NA,NA,NA,NA,NA
20262027,20262027,29,"CBJ",8478460,"Zach","Werenski","Zach Werenski","D","current_roster",TRUE,"2026-10-10T23:35:23.580Z","2026-10-10_233328_38095438164_1_f9a60eb2d38f4b45990bc6497e80ed6a",2026020079,"2026-10-10","2026-10-10T23:00:00Z","LIVE","Blues","2026-10-10T23:35:22.313Z","https://www.nhl.com/news/nhl-lineup-projections-2026-27-season","2026-10-10",1,"not_pregame",FALSE,NA,NA,NA,NA,NA,NA,NA
20262027,20262027,29,"CBJ",8482982,"Jet","Greaves","Jet Greaves","G","current_roster",TRUE,"2026-10-10T23:35:23.582Z","2026-10-10_233328_38095438164_1_f9a60eb2d38f4b45990bc6497e80ed6a",2026020079,"2026-10-10","2026-10-10T23:00:00Z","LIVE","Blues","2026-10-10T23:35:22.313Z","https://www.nhl.com/news/nhl-lineup-projections-2026-27-season","2026-10-10",1,"not_pregame",FALSE,NA,NA,NA,NA,NA,NA,NA
20262027,20262027,29,"CBJ",8475660,"Cam","Talbot","Cam Talbot","G","current_roster",TRUE,"2026-10-10T23:35:23.583Z","2026-10-10_233328_38095438164_1_f9a60eb2d38f4b45990bc6497e80ed6a",2026020079,"2026-10-10","2026-10-10T23:00:00Z","LIVE","Blues","2026-10-10T23:35:22.313Z","https://www.nhl.com/news/nhl-lineup-projections-2026-27-season","2026-10-10",1,"not_pregame",FALSE,NA,NA,NA,NA,NA,NA,NA
20262027,20262027,19,"STL",8481013,"Jonatan","Berggren","Jonatan Berggren","F","current_roster",TRUE,"2026-10-10T23:35:23.094Z","2026-10-10_233328_38095438164_1_f9a60eb2d38f4b45990bc6497e80ed6a",2026020079,"2026-10-10","2026-10-10T23:00:00Z","LIVE","Blue Jackets","2026-10-10T23:35:22.313Z","https://www.nhl.com/news/nhl-lineup-projections-2026-27-season","2026-10-10",1,"not_pregame",FALSE,NA,NA,NA,NA,NA,NA,NA
20262027,20262027,19,"STL",8477402,"Pavel","Buchnevich","Pavel Buchnevich","F","current_roster",TRUE,"2026-10-10T23:35:23.095Z","2026-10-10_233328_38095438164_1_f9a60eb2d38f4b45990bc6497e80ed6a",2026020079,"2026-10-10","2026-10-10T23:00:00Z","LIVE","Blue Jackets","2026-10-10T23:35:22.313Z","https://www.nhl.com/news/nhl-lineup-projections-2026-27-season","2026-10-10",1,"not_pregame",FALSE,NA,NA,NA,NA,NA,NA,NA
20262027,20262027,19,"STL",8482784,"Zach","Dean","Zach Dean","F","current_roster",TRUE,"2026-10-10T23:35:23.096Z","2026-10-10_233328_38095438164_1_f9a60eb2d38f4b45990bc6497e80ed6a",2026020079,"2026-10-10","2026-10-10T23:00:00Z","LIVE","Blue Jackets","2026-10-10T23:35:22.313Z","https://www.nhl.com/news/nhl-lineup-projections-2026-27-season","2026-10-10",1,"not_pregame",FALSE,NA,NA,NA,NA,NA,NA,NA
20262027,20262027,19,"STL",8479346,"Dillon","Dube","Dillon Dube","F","current_roster",TRUE,"2026-10-10T23:35:23.098Z","2026-10-10_233328_38095438164_1_f9a60eb2d38f4b45990bc6497e80ed6a",2026020079,"2026-10-10","2026-10-10T23:00:00Z","LIVE","Blue Jackets","2026-10-10T23:35:22.313Z","https://www.nhl.com/news/nhl-lineup-projections-2026-27-season","2026-10-10",1,"not_pregame",FALSE,NA,NA,NA,NA,NA,NA,NA
20262027,20262027,19,"STL",8484164,"Dalibor","Dvorsky","Dalibor Dvorsky","F","current_roster",TRUE,"2026-10-10T23:35:23.099Z","2026-10-10_233328_38095438164_1_f9a60eb2d38f4b45990bc6497e80ed6a",2026020079,"2026-10-10","2026-10-10T23:00:00Z","LIVE","Blue Jackets","2026-10-10T23:35:22.313Z","https://www.nhl.com/news/nhl-lineup-projections-2026-27-season","2026-10-10",1,"not_pregame",FALSE,NA,NA,NA,NA,NA,NA,NA
20262027,20262027,19,"STL",8482077,"Dylan","Holloway","Dylan Holloway","F","current_roster",TRUE,"2026-10-10T23:35:23.100Z","2026-10-10_233328_38095438164_1_f9a60eb2d38f4b45990bc6497e80ed6a",2026020079,"2026-10-10","2026-10-10T23:00:00Z","LIVE","Blue Jackets","2026-10-10T23:35:22.313Z","https://www.nhl.com/news/nhl-lineup-projections-2026-27-season","2026-10-10",1,"not_pregame",FALSE,NA,NA,NA,NA,NA,NA,NA
20262027,20262027,19,"STL",8477527,"Ross","Johnston","Ross Johnston","F","current_roster",TRUE,"2026-10-10T23:35:23.102Z","2026-10-10_233328_38095438164_1_f9a60eb2d38f4b45990bc6497e80ed6a",2026020079,"2026-10-10","2026-10-10T23:00:00Z","LIVE","Blue Jackets","2026-10-10T23:35:22.313Z","https://www.nhl.com/news/nhl-lineup-projections-2026-27-season","2026-10-10",1,"not_pregame",FALSE,NA,NA,NA,NA,NA,NA,NA
20262027,20262027,19,"STL",8481580,"Connor","McMichael","Connor McMichael","F","current_roster",TRUE,"2026-10-10T23:35:23.103Z","2026-10-10_233328_38095438164_1_f9a60eb2d38f4b45990bc6497e80ed6a",2026020079,"2026-10-10","2026-10-10T23:00:00Z","LIVE","Blue Jackets","2026-10-10T23:35:22.313Z","https://www.nhl.com/news/nhl-lineup-projections-2026-27-season","2026-10-10",1,"not_pregame",FALSE,NA,NA,NA,NA,NA,NA,NA
20262027,20262027,19,"STL",8482745,"Mason","McTavish","Mason McTavish","F","current_roster",TRUE,"2026-10-10T23:35:23.104Z","2026-10-10_233328_38095438164_1_f9a60eb2d38f4b45990bc6497e80ed6a",2026020079,"2026-10-10","2026-10-10T23:00:00Z","LIVE","Blue Jackets","2026-10-10T23:35:22.313Z","https://www.nhl.com/news/nhl-lineup-projections-2026-27-season","2026-10-10",1,"not_pregame",FALSE,NA,NA,NA,NA,NA,NA,NA
20262027,20262027,19,"STL",8482089,"Jake","Neighbours","Jake Neighbours","F","current_roster",TRUE,"2026-10-10T23:35:23.106Z","2026-10-10_233328_38095438164_1_f9a60eb2d38f4b45990bc6497e80ed6a",2026020079,"2026-10-10","2026-10-10T23:00:00Z","LIVE","Blue Jackets","2026-10-10T23:35:22.313Z","https://www.nhl.com/news/nhl-lineup-projections-2026-27-season","2026-10-10",1,"not_pregame",FALSE,NA,NA,NA,NA,NA,NA,NA
20262027,20262027,19,"STL",8483516,"Jimmy","Snuggerud","Jimmy Snuggerud","F","current_roster",TRUE,"2026-10-10T23:35:23.107Z","2026-10-10_233328_38095438164_1_f9a60eb2d38f4b45990bc6497e80ed6a",2026020079,"2026-10-10","2026-10-10T23:00:00Z","LIVE","Blue Jackets","2026-10-10T23:35:22.313Z","https://www.nhl.com/news/nhl-lineup-projections-2026-27-season","2026-10-10",1,"not_pregame",FALSE,NA,NA,NA,NA,NA,NA,NA
20262027,20262027,19,"STL",8480459,"Pius","Suter","Pius Suter","F","current_roster",TRUE,"2026-10-10T23:35:23.111Z","2026-10-10_233328_38095438164_1_f9a60eb2d38f4b45990bc6497e80ed6a",2026020079,"2026-10-10","2026-10-10T23:00:00Z","LIVE","Blue Jackets","2026-10-10T23:35:22.313Z","https://www.nhl.com/news/nhl-lineup-projections-2026-27-season","2026-10-10",1,"not_pregame",FALSE,NA,NA,NA,NA,NA,NA,NA
20262027,20262027,19,"STL",8480023,"Robert","Thomas","Robert Thomas","F","current_roster",TRUE,"2026-10-10T23:35:23.113Z","2026-10-10_233328_38095438164_1_f9a60eb2d38f4b45990bc6497e80ed6a",2026020079,"2026-10-10","2026-10-10T23:00:00Z","LIVE","Blue Jackets","2026-10-10T23:35:22.313Z","https://www.nhl.com/news/nhl-lineup-projections-2026-27-season","2026-10-10",1,"not_pregame",FALSE,NA,NA,NA,NA,NA,NA,NA
20262027,20262027,19,"STL",8480281,"Alexey","Toropchenko","Alexey Toropchenko","F","current_roster",TRUE,"2026-10-10T23:35:23.114Z","2026-10-10_233328_38095438164_1_f9a60eb2d38f4b45990bc6497e80ed6a",2026020079,"2026-10-10","2026-10-10T23:00:00Z","LIVE","Blue Jackets","2026-10-10T23:35:22.313Z","https://www.nhl.com/news/nhl-lineup-projections-2026-27-season","2026-10-10",1,"not_pregame",FALSE,NA,NA,NA,NA,NA,NA,NA
20262027,20262027,19,"STL",8482111,"Justin","Barron","Justin Barron","D","current_roster",TRUE,"2026-10-10T23:35:23.116Z","2026-10-10_233328_38095438164_1_f9a60eb2d38f4b45990bc6497e80ed6a",2026020079,"2026-10-10","2026-10-10T23:00:00Z","LIVE","Blue Jackets","2026-10-10T23:35:22.313Z","https://www.nhl.com/news/nhl-lineup-projections-2026-27-season","2026-10-10",1,"not_pregame",FALSE,NA,NA,NA,NA,NA,NA,NA
20262027,20262027,19,"STL",8481598,"Philip","Broberg","Philip Broberg","D","current_roster",TRUE,"2026-10-10T23:35:23.117Z","2026-10-10_233328_38095438164_1_f9a60eb2d38f4b45990bc6497e80ed6a",2026020079,"2026-10-10","2026-10-10T23:00:00Z","LIVE","Blue Jackets","2026-10-10T23:35:22.313Z","https://www.nhl.com/news/nhl-lineup-projections-2026-27-season","2026-10-10",1,"not_pregame",FALSE,NA,NA,NA,NA,NA,NA,NA
20262027,20262027,19,"STL",8478443,"Brandon","Carlo","Brandon Carlo","D","current_roster",TRUE,"2026-10-10T23:35:23.119Z","2026-10-10_233328_38095438164_1_f9a60eb2d38f4b45990bc6497e80ed6a",2026020079,"2026-10-10","2026-10-10T23:00:00Z","LIVE","Blue Jackets","2026-10-10T23:35:22.313Z","https://www.nhl.com/news/nhl-lineup-projections-2026-27-season","2026-10-10",1,"not_pregame",FALSE,NA,NA,NA,NA,NA,NA,NA
20262027,20262027,19,"STL",8475764,"Cam","Fowler","Cam Fowler","D","current_roster",TRUE,"2026-10-10T23:35:23.120Z","2026-10-10_233328_38095438164_1_f9a60eb2d38f4b45990bc6497e80ed6a",2026020079,"2026-10-10","2026-10-10T23:00:00Z","LIVE","Blue Jackets","2026-10-10T23:35:22.313Z","https://www.nhl.com/news/nhl-lineup-projections-2026-27-season","2026-10-10",1,"not_pregame",FALSE,NA,NA,NA,NA,NA,NA,NA
20262027,20262027,19,"STL",8484790,"Adam","Jiricek","Adam Jiricek","D","current_roster",TRUE,"2026-10-10T23:35:23.121Z","2026-10-10_233328_38095438164_1_f9a60eb2d38f4b45990bc6497e80ed6a",2026020079,"2026-10-10","2026-10-10T23:00:00Z","LIVE","Blue Jackets","2026-10-10T23:35:22.313Z","https://www.nhl.com/news/nhl-lineup-projections-2026-27-season","2026-10-10",1,"not_pregame",FALSE,NA,NA,NA,NA,NA,NA,NA
20262027,20262027,19,"STL",8484188,"Theo","Lindstein","Theo Lindstein","D","current_roster",TRUE,"2026-10-10T23:35:23.122Z","2026-10-10_233328_38095438164_1_f9a60eb2d38f4b45990bc6497e80ed6a",2026020079,"2026-10-10","2026-10-10T23:00:00Z","LIVE","Blue Jackets","2026-10-10T23:35:22.313Z","https://www.nhl.com/news/nhl-lineup-projections-2026-27-season","2026-10-10",1,"not_pregame",FALSE,NA,NA,NA,NA,NA,NA,NA
20262027,20262027,19,"STL",8482733,"Logan","Mailloux","Logan Mailloux","D","current_roster",TRUE,"2026-10-10T23:35:23.124Z","2026-10-10_233328_38095438164_1_f9a60eb2d38f4b45990bc6497e80ed6a",2026020079,"2026-10-10","2026-10-10T23:00:00Z","LIVE","Blue Jackets","2026-10-10T23:35:22.313Z","https://www.nhl.com/news/nhl-lineup-projections-2026-27-season","2026-10-10",1,"not_pregame",FALSE,NA,NA,NA,NA,NA,NA,NA
20262027,20262027,19,"STL",8476892,"Colton","Parayko","Colton Parayko","D","current_roster",TRUE,"2026-10-10T23:35:23.125Z","2026-10-10_233328_38095438164_1_f9a60eb2d38f4b45990bc6497e80ed6a",2026020079,"2026-10-10","2026-10-10T23:00:00Z","LIVE","Blue Jackets","2026-10-10T23:35:22.313Z","https://www.nhl.com/news/nhl-lineup-projections-2026-27-season","2026-10-10",1,"not_pregame",FALSE,NA,NA,NA,NA,NA,NA,NA
20262027,20262027,19,"STL",8481006,"Tyler","Tucker","Tyler Tucker","D","current_roster",TRUE,"2026-10-10T23:35:23.126Z","2026-10-10_233328_38095438164_1_f9a60eb2d38f4b45990bc6497e80ed6a",2026020079,"2026-10-10","2026-10-10T23:00:00Z","LIVE","Blue Jackets","2026-10-10T23:35:22.313Z","https://www.nhl.com/news/nhl-lineup-projections-2026-27-season","2026-10-10",1,"not_pregame",FALSE,NA,NA,NA,NA,NA,NA,NA
20262027,20262027,19,"STL",8476412,"Jordan","Binnington","Jordan Binnington","G","current_roster",TRUE,"2026-10-10T23:35:23.128Z","2026-10-10_233328_38095438164_1_f9a60eb2d38f4b45990bc6497e80ed6a",2026020079,"2026-10-10","2026-10-10T23:00:00Z","LIVE","Blue Jackets","2026-10-10T23:35:22.313Z","https://www.nhl.com/news/nhl-lineup-projections-2026-27-season","2026-10-10",1,"not_pregame",FALSE,NA,NA,NA,NA,NA,NA,NA
20262027,20262027,19,"STL",8480981,"Joel","Hofer","Joel Hofer","G","current_roster",TRUE,"2026-10-10T23:35:23.129Z","2026-10-10_233328_38095438164_1_f9a60eb2d38f4b45990bc6497e80ed6a",2026020079,"2026-10-10","2026-10-10T23:00:00Z","LIVE","Blue Jackets","2026-10-10T23:35:22.313Z","https://www.nhl.com/news/nhl-lineup-projections-2026-27-season","2026-10-10",1,"not_pregame",FALSE,NA,NA,NA,NA,NA,NA,NA
20262027,20262027,10,"TOR",8476927,"Teddy","Blueger","Teddy Blueger","F","current_roster",TRUE,"2026-10-10T23:35:23.733Z","2026-10-10_233328_38095438164_1_f9a60eb2d38f4b45990bc6497e80ed6a",2026020080,"2026-10-10","2026-10-10T23:00:00Z","LIVE","Avalanche","2026-10-10T23:35:22.313Z","https://www.nhl.com/news/nhl-lineup-projections-2026-27-season","2026-10-10",1,"not_pregame",FALSE,NA,NA,NA,NA,NA,NA,NA
20262027,20262027,10,"TOR",8484158,"Easton","Cowan","Easton Cowan","F","current_roster",TRUE,"2026-10-10T23:35:23.734Z","2026-10-10_233328_38095438164_1_f9a60eb2d38f4b45990bc6497e80ed6a",2026020080,"2026-10-10","2026-10-10T23:00:00Z","LIVE","Avalanche","2026-10-10T23:35:22.313Z","https://www.nhl.com/news/nhl-lineup-projections-2026-27-season","2026-10-10",1,"not_pregame",FALSE,NA,NA,NA,NA,NA,NA,NA
20262027,20262027,10,"TOR",8479520,"Brandon","Duhaime","Brandon Duhaime","F","current_roster",TRUE,"2026-10-10T23:35:23.736Z","2026-10-10_233328_38095438164_1_f9a60eb2d38f4b45990bc6497e80ed6a",2026020080,"2026-10-10","2026-10-10T23:00:00Z","LIVE","Avalanche","2026-10-10T23:35:22.313Z","https://www.nhl.com/news/nhl-lineup-projections-2026-27-season","2026-10-10",1,"not_pregame",FALSE,NA,NA,NA,NA,NA,NA,NA
20262027,20262027,10,"TOR",8480870,"Bo","Groulx","Bo Groulx","F","current_roster",TRUE,"2026-10-10T23:35:23.737Z","2026-10-10_233328_38095438164_1_f9a60eb2d38f4b45990bc6497e80ed6a",2026020080,"2026-10-10","2026-10-10T23:00:00Z","LIVE","Avalanche","2026-10-10T23:35:22.313Z","https://www.nhl.com/news/nhl-lineup-projections-2026-27-season","2026-10-10",1,"not_pregame",FALSE,NA,NA,NA,NA,NA,NA,NA
20262027,20262027,10,"TOR",8479772,"Zack","MacEwen","Zack MacEwen","F","current_roster",TRUE,"2026-10-10T23:35:23.738Z","2026-10-10_233328_38095438164_1_f9a60eb2d38f4b45990bc6497e80ed6a",2026020080,"2026-10-10","2026-10-10T23:00:00Z","LIVE","Avalanche","2026-10-10T23:35:22.313Z","https://www.nhl.com/news/nhl-lineup-projections-2026-27-season","2026-10-10",1,"not_pregame",FALSE,NA,NA,NA,NA,NA,NA,NA
20262027,20262027,10,"TOR",8480893,"Kirill","Marchenko","Kirill Marchenko","F","current_roster",TRUE,"2026-10-10T23:35:23.740Z","2026-10-10_233328_38095438164_1_f9a60eb2d38f4b45990bc6497e80ed6a",2026020080,"2026-10-10","2026-10-10T23:00:00Z","LIVE","Avalanche","2026-10-10T23:35:22.313Z","https://www.nhl.com/news/nhl-lineup-projections-2026-27-season","2026-10-10",1,"not_pregame",FALSE,NA,NA,NA,NA,NA,NA,NA
20262027,20262027,10,"TOR",8479318,"Auston","Matthews","Auston Matthews","F","current_roster",TRUE,"2026-10-10T23:35:23.741Z","2026-10-10_233328_38095438164_1_f9a60eb2d38f4b45990bc6497e80ed6a",2026020080,"2026-10-10","2026-10-10T23:00:00Z","LIVE","Avalanche","2026-10-10T23:35:22.313Z","https://www.nhl.com/news/nhl-lineup-projections-2026-27-season","2026-10-10",1,"not_pregame",FALSE,NA,NA,NA,NA,NA,NA,NA
20262027,20262027,10,"TOR",8486067,"Gavin","McKenna","Gavin McKenna","F","current_roster",TRUE,"2026-10-10T23:35:23.742Z","2026-10-10_233328_38095438164_1_f9a60eb2d38f4b45990bc6497e80ed6a",2026020080,"2026-10-10","2026-10-10T23:00:00Z","LIVE","Avalanche","2026-10-10T23:35:22.313Z","https://www.nhl.com/news/nhl-lineup-projections-2026-27-season","2026-10-10",1,"not_pregame",FALSE,NA,NA,NA,NA,NA,NA,NA
20262027,20262027,10,"TOR",8477939,"William","Nylander","William Nylander","F","current_roster",TRUE,"2026-10-10T23:35:23.744Z","2026-10-10_233328_38095438164_1_f9a60eb2d38f4b45990bc6497e80ed6a",2026020080,"2026-10-10","2026-10-10T23:00:00Z","LIVE","Avalanche","2026-10-10T23:35:22.313Z","https://www.nhl.com/news/nhl-lineup-projections-2026-27-season","2026-10-10",1,"not_pregame",FALSE,NA,NA,NA,NA,NA,NA,NA
20262027,20262027,10,"TOR",8477426,"Nick","Paul","Nick Paul","F","current_roster",TRUE,"2026-10-10T23:35:23.745Z","2026-10-10_233328_38095438164_1_f9a60eb2d38f4b45990bc6497e80ed6a",2026020080,"2026-10-10","2026-10-10T23:00:00Z","LIVE","Avalanche","2026-10-10T23:35:22.313Z","https://www.nhl.com/news/nhl-lineup-projections-2026-27-season","2026-10-10",1,"not_pregame",FALSE,NA,NA,NA,NA,NA,NA,NA
20262027,20262027,10,"TOR",8478458,"Jack","Roslovic","Jack Roslovic","F","current_roster",TRUE,"2026-10-10T23:35:23.746Z","2026-10-10_233328_38095438164_1_f9a60eb2d38f4b45990bc6497e80ed6a",2026020080,"2026-10-10","2026-10-10T23:00:00Z","LIVE","Avalanche","2026-10-10T23:35:22.313Z","https://www.nhl.com/news/nhl-lineup-projections-2026-27-season","2026-10-10",1,"not_pregame",FALSE,NA,NA,NA,NA,NA,NA,NA
20262027,20262027,10,"TOR",8476925,"Colton","Sissons","Colton Sissons","F","current_roster",TRUE,"2026-10-10T23:35:23.747Z","2026-10-10_233328_38095438164_1_f9a60eb2d38f4b45990bc6497e80ed6a",2026020080,"2026-10-10","2026-10-10T23:00:00Z","LIVE","Avalanche","2026-10-10T23:35:22.313Z","https://www.nhl.com/news/nhl-lineup-projections-2026-27-season","2026-10-10",1,"not_pregame",FALSE,NA,NA,NA,NA,NA,NA,NA
20262027,20262027,10,"TOR",8475166,"John","Tavares","John Tavares","F","current_roster",TRUE,"2026-10-10T23:35:23.749Z","2026-10-10_233328_38095438164_1_f9a60eb2d38f4b45990bc6497e80ed6a",2026020080,"2026-10-10","2026-10-10T23:00:00Z","LIVE","Avalanche","2026-10-10T23:35:22.313Z","https://www.nhl.com/news/nhl-lineup-projections-2026-27-season","2026-10-10",1,"not_pregame",FALSE,NA,NA,NA,NA,NA,NA,NA
20262027,20262027,10,"TOR",8477425,"Miles","Wood","Miles Wood","F","current_roster",TRUE,"2026-10-10T23:35:23.750Z","2026-10-10_233328_38095438164_1_f9a60eb2d38f4b45990bc6497e80ed6a",2026020080,"2026-10-10","2026-10-10T23:00:00Z","LIVE","Avalanche","2026-10-10T23:35:22.313Z","https://www.nhl.com/news/nhl-lineup-projections-2026-27-season","2026-10-10",1,"not_pregame",FALSE,NA,NA,NA,NA,NA,NA,NA
20262027,20262027,10,"TOR",8483565,"Nick","Blankenburg","Nick Blankenburg","D","current_roster",TRUE,"2026-10-10T23:35:23.752Z","2026-10-10_233328_38095438164_1_f9a60eb2d38f4b45990bc6497e80ed6a",2026020080,"2026-10-10","2026-10-10T23:00:00Z","LIVE","Avalanche","2026-10-10T23:35:22.313Z","https://www.nhl.com/news/nhl-lineup-projections-2026-27-season","2026-10-10",1,"not_pregame",FALSE,NA,NA,NA,NA,NA,NA,NA
20262027,20262027,10,"TOR",8475171,"Oliver","Ekman-Larsson","Oliver Ekman-Larsson","D","current_roster",TRUE,"2026-10-10T23:35:23.753Z","2026-10-10_233328_38095438164_1_f9a60eb2d38f4b45990bc6497e80ed6a",2026020080,"2026-10-10","2026-10-10T23:00:00Z","LIVE","Avalanche","2026-10-10T23:35:22.313Z","https://www.nhl.com/news/nhl-lineup-projections-2026-27-season","2026-10-10",1,"not_pregame",FALSE,NA,NA,NA,NA,NA,NA,NA
20262027,20262027,10,"TOR",8476931,"Jake","McCabe","Jake McCabe","D","current_roster",TRUE,"2026-10-10T23:35:23.754Z","2026-10-10_233328_38095438164_1_f9a60eb2d38f4b45990bc6497e80ed6a",2026020080,"2026-10-10","2026-10-10T23:00:00Z","LIVE","Avalanche","2026-10-10T23:35:22.313Z","https://www.nhl.com/news/nhl-lineup-projections-2026-27-season","2026-10-10",1,"not_pregame",FALSE,NA,NA,NA,NA,NA,NA,NA
20262027,20262027,10,"TOR",8478178,"Darren","Raddysh","Darren Raddysh","D","current_roster",TRUE,"2026-10-10T23:35:23.756Z","2026-10-10_233328_38095438164_1_f9a60eb2d38f4b45990bc6497e80ed6a",2026020080,"2026-10-10","2026-10-10T23:00:00Z","LIVE","Avalanche","2026-10-10T23:35:22.313Z","https://www.nhl.com/news/nhl-lineup-projections-2026-27-season","2026-10-10",1,"not_pregame",FALSE,NA,NA,NA,NA,NA,NA,NA
20262027,20262027,10,"TOR",8476853,"Morgan","Rielly","Morgan Rielly","D","current_roster",TRUE,"2026-10-10T23:35:23.757Z","2026-10-10_233328_38095438164_1_f9a60eb2d38f4b45990bc6497e80ed6a",2026020080,"2026-10-10","2026-10-10T23:00:00Z","LIVE","Avalanche","2026-10-10T23:35:22.313Z","https://www.nhl.com/news/nhl-lineup-projections-2026-27-season","2026-10-10",1,"not_pregame",FALSE,NA,NA,NA,NA,NA,NA,NA
20262027,20262027,10,"TOR",8479442,"Troy","Stecher","Troy Stecher","D","current_roster",TRUE,"2026-10-10T23:35:23.761Z","2026-10-10_233328_38095438164_1_f9a60eb2d38f4b45990bc6497e80ed6a",2026020080,"2026-10-10","2026-10-10T23:00:00Z","LIVE","Avalanche","2026-10-10T23:35:22.313Z","https://www.nhl.com/news/nhl-lineup-projections-2026-27-season","2026-10-10",1,"not_pregame",FALSE,NA,NA,NA,NA,NA,NA,NA
20262027,20262027,10,"TOR",8475690,"Chris","Tanev","Chris Tanev","D","current_roster",TRUE,"2026-10-10T23:35:23.763Z","2026-10-10_233328_38095438164_1_f9a60eb2d38f4b45990bc6497e80ed6a",2026020080,"2026-10-10","2026-10-10T23:00:00Z","LIVE","Avalanche","2026-10-10T23:35:22.313Z","https://www.nhl.com/news/nhl-lineup-projections-2026-27-season","2026-10-10",1,"not_pregame",FALSE,NA,NA,NA,NA,NA,NA,NA
20262027,20262027,10,"TOR",8475683,"Sergei","Bobrovsky","Sergei Bobrovsky","G","current_roster",TRUE,"2026-10-10T23:35:23.765Z","2026-10-10_233328_38095438164_1_f9a60eb2d38f4b45990bc6497e80ed6a",2026020080,"2026-10-10","2026-10-10T23:00:00Z","LIVE","Avalanche","2026-10-10T23:35:22.313Z","https://www.nhl.com/news/nhl-lineup-projections-2026-27-season","2026-10-10",1,"not_pregame",FALSE,NA,NA,NA,NA,NA,NA,NA
20262027,20262027,10,"TOR",8476932,"Anthony","Stolarz","Anthony Stolarz","G","current_roster",TRUE,"2026-10-10T23:35:23.766Z","2026-10-10_233328_38095438164_1_f9a60eb2d38f4b45990bc6497e80ed6a",2026020080,"2026-10-10","2026-10-10T23:00:00Z","LIVE","Avalanche","2026-10-10T23:35:22.313Z","https://www.nhl.com/news/nhl-lineup-projections-2026-27-season","2026-10-10",1,"not_pregame",FALSE,NA,NA,NA,NA,NA,NA,NA
20262027,20262027,21,"COL",8486171,"T.J.","Hughes","T.J. Hughes","F","current_roster",TRUE,"2026-10-10T23:35:23.028Z","2026-10-10_233328_38095438164_1_f9a60eb2d38f4b45990bc6497e80ed6a",2026020080,"2026-10-10","2026-10-10T23:00:00Z","LIVE","Maple Leafs","2026-10-10T23:35:22.313Z","https://www.nhl.com/news/nhl-lineup-projections-2026-27-season","2026-10-10",1,"not_pregame",FALSE,NA,NA,NA,NA,NA,NA,NA
20262027,20262027,21,"COL",8475172,"Nazem","Kadri","Nazem Kadri","F","current_roster",TRUE,"2026-10-10T23:35:23.029Z","2026-10-10_233328_38095438164_1_f9a60eb2d38f4b45990bc6497e80ed6a",2026020080,"2026-10-10","2026-10-10T23:00:00Z","LIVE","Maple Leafs","2026-10-10T23:35:22.313Z","https://www.nhl.com/news/nhl-lineup-projections-2026-27-season","2026-10-10",1,"not_pregame",FALSE,NA,NA,NA,NA,NA,NA,NA
20262027,20262027,21,"COL",8480448,"Parker","Kelly","Parker Kelly","F","current_roster",TRUE,"2026-10-10T23:35:23.031Z","2026-10-10_233328_38095438164_1_f9a60eb2d38f4b45990bc6497e80ed6a",2026020080,"2026-10-10","2026-10-10T23:00:00Z","LIVE","Maple Leafs","2026-10-10T23:35:22.313Z","https://www.nhl.com/news/nhl-lineup-projections-2026-27-season","2026-10-10",1,"not_pregame",FALSE,NA,NA,NA,NA,NA,NA,NA
20262027,20262027,21,"COL",8482742,"Zachary","L'Heureux","Zachary L'Heureux","F","current_roster",TRUE,"2026-10-10T23:35:23.032Z","2026-10-10_233328_38095438164_1_f9a60eb2d38f4b45990bc6497e80ed6a",2026020080,"2026-10-10","2026-10-10T23:00:00Z","LIVE","Maple Leafs","2026-10-10T23:35:22.313Z","https://www.nhl.com/news/nhl-lineup-projections-2026-27-season","2026-10-10",1,"not_pregame",FALSE,NA,NA,NA,NA,NA,NA,NA
20262027,20262027,21,"COL",8476455,"Gabriel","Landeskog","Gabriel Landeskog","F","current_roster",TRUE,"2026-10-10T23:35:23.033Z","2026-10-10_233328_38095438164_1_f9a60eb2d38f4b45990bc6497e80ed6a",2026020080,"2026-10-10","2026-10-10T23:00:00Z","LIVE","Maple Leafs","2026-10-10T23:35:22.313Z","https://www.nhl.com/news/nhl-lineup-projections-2026-27-season","2026-10-10",1,"not_pregame",FALSE,NA,NA,NA,NA,NA,NA,NA
20262027,20262027,21,"COL",8477476,"Artturi","Lehkonen","Artturi Lehkonen","F","current_roster",TRUE,"2026-10-10T23:35:23.035Z","2026-10-10_233328_38095438164_1_f9a60eb2d38f4b45990bc6497e80ed6a",2026020080,"2026-10-10","2026-10-10T23:00:00Z","LIVE","Maple Leafs","2026-10-10T23:35:22.313Z","https://www.nhl.com/news/nhl-lineup-projections-2026-27-season","2026-10-10",1,"not_pregame",FALSE,NA,NA,NA,NA,NA,NA,NA
20262027,20262027,21,"COL",8477492,"Nathan","MacKinnon","Nathan MacKinnon","F","current_roster",TRUE,"2026-10-10T23:35:23.036Z","2026-10-10_233328_38095438164_1_f9a60eb2d38f4b45990bc6497e80ed6a",2026020080,"2026-10-10","2026-10-10T23:00:00Z","LIVE","Maple Leafs","2026-10-10T23:35:22.313Z","https://www.nhl.com/news/nhl-lineup-projections-2026-27-season","2026-10-10",1,"not_pregame",FALSE,NA,NA,NA,NA,NA,NA,NA
20262027,20262027,21,"COL",8480039,"Martin","Necas","Martin Necas","F","current_roster",TRUE,"2026-10-10T23:35:23.037Z","2026-10-10_233328_38095438164_1_f9a60eb2d38f4b45990bc6497e80ed6a",2026020080,"2026-10-10","2026-10-10T23:00:00Z","LIVE","Maple Leafs","2026-10-10T23:35:22.313Z","https://www.nhl.com/news/nhl-lineup-projections-2026-27-season","2026-10-10",1,"not_pregame",FALSE,NA,NA,NA,NA,NA,NA,NA
20262027,20262027,21,"COL",8475754,"Brock","Nelson","Brock Nelson","F","current_roster",TRUE,"2026-10-10T23:35:23.039Z","2026-10-10_233328_38095438164_1_f9a60eb2d38f4b45990bc6497e80ed6a",2026020080,"2026-10-10","2026-10-10T23:00:00Z","LIVE","Maple Leafs","2026-10-10T23:35:22.313Z","https://www.nhl.com/news/nhl-lineup-projections-2026-27-season","2026-10-10",1,"not_pregame",FALSE,NA,NA,NA,NA,NA,NA,NA
20262027,20262027,21,"COL",8481186,"Logan","O'Connor","Logan O'Connor","F","current_roster",TRUE,"2026-10-10T23:35:23.040Z","2026-10-10_233328_38095438164_1_f9a60eb2d38f4b45990bc6497e80ed6a",2026020080,"2026-10-10","2026-10-10T23:00:00Z","LIVE","Maple Leafs","2026-10-10T23:35:22.313Z","https://www.nhl.com/news/nhl-lineup-projections-2026-27-season","2026-10-10",1,"not_pregame",FALSE,NA,NA,NA,NA,NA,NA,NA
20262027,20262027,21,"COL",8478462,"Nicolas","Roy","Nicolas Roy","F","current_roster",TRUE,"2026-10-10T23:35:23.041Z","2026-10-10_233328_38095438164_1_f9a60eb2d38f4b45990bc6497e80ed6a",2026020080,"2026-10-10","2026-10-10T23:00:00Z","LIVE","Maple Leafs","2026-10-10T23:35:22.313Z","https://www.nhl.com/news/nhl-lineup-projections-2026-27-season","2026-10-10",1,"not_pregame",FALSE,NA,NA,NA,NA,NA,NA,NA
20262027,20262027,21,"COL",8475768,"Jaden","Schwartz","Jaden Schwartz","F","current_roster",TRUE,"2026-10-10T23:35:23.042Z","2026-10-10_233328_38095438164_1_f9a60eb2d38f4b45990bc6497e80ed6a",2026020080,"2026-10-10","2026-10-10T23:00:00Z","LIVE","Maple Leafs","2026-10-10T23:35:22.313Z","https://www.nhl.com/news/nhl-lineup-projections-2026-27-season","2026-10-10",1,"not_pregame",FALSE,NA,NA,NA,NA,NA,NA,NA
20262027,20262027,21,"COL",8482768,"Fedor","Svechkov","Fedor Svechkov","F","current_roster",TRUE,"2026-10-10T23:35:23.044Z","2026-10-10_233328_38095438164_1_f9a60eb2d38f4b45990bc6497e80ed6a",2026020080,"2026-10-10","2026-10-10T23:00:00Z","LIVE","Maple Leafs","2026-10-10T23:35:22.313Z","https://www.nhl.com/news/nhl-lineup-projections-2026-27-season","2026-10-10",1,"not_pregame",FALSE,NA,NA,NA,NA,NA,NA,NA
20262027,20262027,21,"COL",8470613,"Brent","Burns","Brent Burns","D","current_roster",TRUE,"2026-10-10T23:35:23.045Z","2026-10-10_233328_38095438164_1_f9a60eb2d38f4b45990bc6497e80ed6a",2026020080,"2026-10-10","2026-10-10T23:00:00Z","LIVE","Maple Leafs","2026-10-10T23:35:22.313Z","https://www.nhl.com/news/nhl-lineup-projections-2026-27-season","2026-10-10",1,"not_pregame",FALSE,NA,NA,NA,NA,NA,NA,NA
20262027,20262027,21,"COL",8478454,"Noah","Juulsen","Noah Juulsen","D","current_roster",TRUE,"2026-10-10T23:35:23.047Z","2026-10-10_233328_38095438164_1_f9a60eb2d38f4b45990bc6497e80ed6a",2026020080,"2026-10-10","2026-10-10T23:00:00Z","LIVE","Maple Leafs","2026-10-10T23:35:22.313Z","https://www.nhl.com/news/nhl-lineup-projections-2026-27-season","2026-10-10",1,"not_pregame",FALSE,NA,NA,NA,NA,NA,NA,NA
20262027,20262027,21,"COL",8476967,"Brett","Kulak","Brett Kulak","D","current_roster",TRUE,"2026-10-10T23:35:23.048Z","2026-10-10_233328_38095438164_1_f9a60eb2d38f4b45990bc6497e80ed6a",2026020080,"2026-10-10","2026-10-10T23:00:00Z","LIVE","Maple Leafs","2026-10-10T23:35:22.313Z","https://www.nhl.com/news/nhl-lineup-projections-2026-27-season","2026-10-10",1,"not_pregame",FALSE,NA,NA,NA,NA,NA,NA,NA
20262027,20262027,21,"COL",8480069,"Cale","Makar","Cale Makar","D","current_roster",TRUE,"2026-10-10T23:35:23.049Z","2026-10-10_233328_38095438164_1_f9a60eb2d38f4b45990bc6497e80ed6a",2026020080,"2026-10-10","2026-10-10T23:00:00Z","LIVE","Maple Leafs","2026-10-10T23:35:22.313Z","https://www.nhl.com/news/nhl-lineup-projections-2026-27-season","2026-10-10",1,"not_pregame",FALSE,NA,NA,NA,NA,NA,NA,NA
20262027,20262027,21,"COL",8484258,"Sam","Malinski","Sam Malinski","D","current_roster",TRUE,"2026-10-10T23:35:23.051Z","2026-10-10_233328_38095438164_1_f9a60eb2d38f4b45990bc6497e80ed6a",2026020080,"2026-10-10","2026-10-10T23:00:00Z","LIVE","Maple Leafs","2026-10-10T23:35:22.313Z","https://www.nhl.com/news/nhl-lineup-projections-2026-27-season","2026-10-10",1,"not_pregame",FALSE,NA,NA,NA,NA,NA,NA,NA
20262027,20262027,21,"COL",8476312,"Josh","Manson","Josh Manson","D","current_roster",TRUE,"2026-10-10T23:35:23.052Z","2026-10-10_233328_38095438164_1_f9a60eb2d38f4b45990bc6497e80ed6a",2026020080,"2026-10-10","2026-10-10T23:00:00Z","LIVE","Maple Leafs","2026-10-10T23:35:22.313Z","https://www.nhl.com/news/nhl-lineup-projections-2026-27-season","2026-10-10",1,"not_pregame",FALSE,NA,NA,NA,NA,NA,NA,NA
20262027,20262027,21,"COL",8478038,"Devon","Toews","Devon Toews","D","current_roster",TRUE,"2026-10-10T23:35:23.053Z","2026-10-10_233328_38095438164_1_f9a60eb2d38f4b45990bc6497e80ed6a",2026020080,"2026-10-10","2026-10-10T23:00:00Z","LIVE","Maple Leafs","2026-10-10T23:35:22.313Z","https://www.nhl.com/news/nhl-lineup-projections-2026-27-season","2026-10-10",1,"not_pregame",FALSE,NA,NA,NA,NA,NA,NA,NA
20262027,20262027,21,"COL",8478406,"Mackenzie","Blackwood","Mackenzie Blackwood","G","current_roster",TRUE,"2026-10-10T23:35:23.055Z","2026-10-10_233328_38095438164_1_f9a60eb2d38f4b45990bc6497e80ed6a",2026020080,"2026-10-10","2026-10-10T23:00:00Z","LIVE","Maple Leafs","2026-10-10T23:35:22.313Z","https://www.nhl.com/news/nhl-lineup-projections-2026-27-season","2026-10-10",1,"not_pregame",FALSE,NA,NA,NA,NA,NA,NA,NA
20262027,20262027,21,"COL",8475809,"Scott","Wedgewood","Scott Wedgewood","G","current_roster",TRUE,"2026-10-10T23:35:23.056Z","2026-10-10_233328_38095438164_1_f9a60eb2d38f4b45990bc6497e80ed6a",2026020080,"2026-10-10","2026-10-10T23:00:00Z","LIVE","Maple Leafs","2026-10-10T23:35:22.313Z","https://www.nhl.com/news/nhl-lineup-projections-2026-27-season","2026-10-10",1,"not_pregame",FALSE,NA,NA,NA,NA,NA,NA,NA
20262027,20262027,14,"TBL",8478519,"Anthony","Cirelli","Anthony Cirelli","F","current_roster",TRUE,"2026-10-10T23:35:23.429Z","2026-10-10_233328_38095438164_1_f9a60eb2d38f4b45990bc6497e80ed6a",2026020081,"2026-10-10","2026-10-10T23:30:00Z","PRE","Islanders","2026-10-10T23:35:22.313Z","https://www.nhl.com/news/nhl-lineup-projections-2026-27-season","2026-10-10",1,"not_pregame",FALSE,NA,NA,NA,NA,NA,NA,NA
20262027,20262027,14,"TBL",8483447,"Conor","Geekie","Conor Geekie","F","current_roster",TRUE,"2026-10-10T23:35:23.431Z","2026-10-10_233328_38095438164_1_f9a60eb2d38f4b45990bc6497e80ed6a",2026020081,"2026-10-10","2026-10-10T23:30:00Z","PRE","Islanders","2026-10-10T23:35:22.313Z","https://www.nhl.com/news/nhl-lineup-projections-2026-27-season","2026-10-10",1,"not_pregame",FALSE,NA,NA,NA,NA,NA,NA,NA
20262027,20262027,14,"TBL",8476878,"Zemgus","Girgensons","Zemgus Girgensons","F","current_roster",TRUE,"2026-10-10T23:35:23.432Z","2026-10-10_233328_38095438164_1_f9a60eb2d38f4b45990bc6497e80ed6a",2026020081,"2026-10-10","2026-10-10T23:30:00Z","PRE","Islanders","2026-10-10T23:35:22.313Z","https://www.nhl.com/news/nhl-lineup-projections-2026-27-season","2026-10-10",1,"not_pregame",FALSE,NA,NA,NA,NA,NA,NA,NA
20262027,20262027,14,"TBL",8482201,"Gage","Goncalves","Gage Goncalves","F","current_roster",TRUE,"2026-10-10T23:35:23.433Z","2026-10-10_233328_38095438164_1_f9a60eb2d38f4b45990bc6497e80ed6a",2026020081,"2026-10-10","2026-10-10T23:30:00Z","PRE","Islanders","2026-10-10T23:35:22.313Z","https://www.nhl.com/news/nhl-lineup-projections-2026-27-season","2026-10-10",1,"not_pregame",FALSE,NA,NA,NA,NA,NA,NA,NA
20262027,20262027,14,"TBL",8476826,"Yanni","Gourde","Yanni Gourde","F","current_roster",TRUE,"2026-10-10T23:35:23.435Z","2026-10-10_233328_38095438164_1_f9a60eb2d38f4b45990bc6497e80ed6a",2026020081,"2026-10-10","2026-10-10T23:30:00Z","PRE","Islanders","2026-10-10T23:35:22.313Z","https://www.nhl.com/news/nhl-lineup-projections-2026-27-season","2026-10-10",1,"not_pregame",FALSE,NA,NA,NA,NA,NA,NA,NA
20262027,20262027,14,"TBL",8477404,"Jake","Guentzel","Jake Guentzel","F","current_roster",TRUE,"2026-10-10T23:35:23.436Z","2026-10-10_233328_38095438164_1_f9a60eb2d38f4b45990bc6497e80ed6a",2026020081,"2026-10-10","2026-10-10T23:30:00Z","PRE","Islanders","2026-10-10T23:35:22.313Z","https://www.nhl.com/news/nhl-lineup-projections-2026-27-season","2026-10-10",1,"not_pregame",FALSE,NA,NA,NA,NA,NA,NA,NA
20262027,20262027,14,"TBL",8479542,"Brandon","Hagel","Brandon Hagel","F","current_roster",TRUE,"2026-10-10T23:35:23.437Z","2026-10-10_233328_38095438164_1_f9a60eb2d38f4b45990bc6497e80ed6a",2026020081,"2026-10-10","2026-10-10T23:30:00Z","PRE","Islanders","2026-10-10T23:35:22.313Z","https://www.nhl.com/news/nhl-lineup-projections-2026-27-season","2026-10-10",1,"not_pregame",FALSE,NA,NA,NA,NA,NA,NA,NA
20262027,20262027,14,"TBL",8480995,"Pontus","Holmberg","Pontus Holmberg","F","current_roster",TRUE,"2026-10-10T23:35:23.438Z","2026-10-10_233328_38095438164_1_f9a60eb2d38f4b45990bc6497e80ed6a",2026020081,"2026-10-10","2026-10-10T23:30:00Z","PRE","Islanders","2026-10-10T23:35:22.313Z","https://www.nhl.com/news/nhl-lineup-projections-2026-27-season","2026-10-10",1,"not_pregame",FALSE,NA,NA,NA,NA,NA,NA,NA
20262027,20262027,14,"TBL",8483752,"Dominic","James","Dominic James","F","current_roster",TRUE,"2026-10-10T23:35:23.440Z","2026-10-10_233328_38095438164_1_f9a60eb2d38f4b45990bc6497e80ed6a",2026020081,"2026-10-10","2026-10-10T23:30:00Z","PRE","Islanders","2026-10-10T23:35:22.313Z","https://www.nhl.com/news/nhl-lineup-projections-2026-27-season","2026-10-10",1,"not_pregame",FALSE,NA,NA,NA,NA,NA,NA,NA
20262027,20262027,14,"TBL",8476453,"Nikita","Kucherov","Nikita Kucherov","F","current_roster",TRUE,"2026-10-10T23:35:23.441Z","2026-10-10_233328_38095438164_1_f9a60eb2d38f4b45990bc6497e80ed6a",2026020081,"2026-10-10","2026-10-10T23:30:00Z","PRE","Islanders","2026-10-10T23:35:22.313Z","https://www.nhl.com/news/nhl-lineup-projections-2026-27-season","2026-10-10",1,"not_pregame",FALSE,NA,NA,NA,NA,NA,NA,NA
20262027,20262027,14,"TBL",8481624,"Ilya","Mikheyev","Ilya Mikheyev","F","current_roster",TRUE,"2026-10-10T23:35:23.442Z","2026-10-10_233328_38095438164_1_f9a60eb2d38f4b45990bc6497e80ed6a",2026020081,"2026-10-10","2026-10-10T23:30:00Z","PRE","Islanders","2026-10-10T23:35:22.313Z","https://www.nhl.com/news/nhl-lineup-projections-2026-27-season","2026-10-10",1,"not_pregame",FALSE,NA,NA,NA,NA,NA,NA,NA
20262027,20262027,14,"TBL",8478010,"Brayden","Point","Brayden Point","F","current_roster",TRUE,"2026-10-10T23:35:23.444Z","2026-10-10_233328_38095438164_1_f9a60eb2d38f4b45990bc6497e80ed6a",2026020081,"2026-10-10","2026-10-10T23:30:00Z","PRE","Islanders","2026-10-10T23:35:22.313Z","https://www.nhl.com/news/nhl-lineup-projections-2026-27-season","2026-10-10",1,"not_pregame",FALSE,NA,NA,NA,NA,NA,NA,NA
20262027,20262027,14,"TBL",8477149,"Scott","Sabourin","Scott Sabourin","F","current_roster",TRUE,"2026-10-10T23:35:23.445Z","2026-10-10_233328_38095438164_1_f9a60eb2d38f4b45990bc6497e80ed6a",2026020081,"2026-10-10","2026-10-10T23:30:00Z","PRE","Islanders","2026-10-10T23:35:22.313Z","https://www.nhl.com/news/nhl-lineup-projections-2026-27-season","2026-10-10",1,"not_pregame",FALSE,NA,NA,NA,NA,NA,NA,NA
20262027,20262027,14,"TBL",8479705,"Jeffrey","Viel","Jeffrey Viel","F","current_roster",TRUE,"2026-10-10T23:35:23.459Z","2026-10-10_233328_38095438164_1_f9a60eb2d38f4b45990bc6497e80ed6a",2026020081,"2026-10-10","2026-10-10T23:30:00Z","PRE","Islanders","2026-10-10T23:35:22.313Z","https://www.nhl.com/news/nhl-lineup-projections-2026-27-season","2026-10-10",1,"not_pregame",FALSE,NA,NA,NA,NA,NA,NA,NA
20262027,20262027,14,"TBL",8474590,"John","Carlson","John Carlson","D","current_roster",TRUE,"2026-10-10T23:35:23.461Z","2026-10-10_233328_38095438164_1_f9a60eb2d38f4b45990bc6497e80ed6a",2026020081,"2026-10-10","2026-10-10T23:30:00Z","PRE","Islanders","2026-10-10T23:35:22.313Z","https://www.nhl.com/news/nhl-lineup-projections-2026-27-season","2026-10-10",1,"not_pregame",FALSE,NA,NA,NA,NA,NA,NA,NA
20262027,20262027,14,"TBL",8478416,"Erik","Cernak","Erik Cernak","D","current_roster",TRUE,"2026-10-10T23:35:23.463Z","2026-10-10_233328_38095438164_1_f9a60eb2d38f4b45990bc6497e80ed6a",2026020081,"2026-10-10","2026-10-10T23:30:00Z","PRE","Islanders","2026-10-10T23:35:22.313Z","https://www.nhl.com/news/nhl-lineup-projections-2026-27-season","2026-10-10",1,"not_pregame",FALSE,NA,NA,NA,NA,NA,NA,NA
20262027,20262027,14,"TBL",8481719,"Max","Crozier","Max Crozier","D","current_roster",TRUE,"2026-10-10T23:35:23.464Z","2026-10-10_233328_38095438164_1_f9a60eb2d38f4b45990bc6497e80ed6a",2026020081,"2026-10-10","2026-10-10T23:30:00Z","PRE","Islanders","2026-10-10T23:35:22.313Z","https://www.nhl.com/news/nhl-lineup-projections-2026-27-season","2026-10-10",1,"not_pregame",FALSE,NA,NA,NA,NA,NA,NA,NA
20262027,20262027,14,"TBL",8480426,"Charle-Edouard","D'Astous","Charle-Edouard D'Astous","D","current_roster",TRUE,"2026-10-10T23:35:23.465Z","2026-10-10_233328_38095438164_1_f9a60eb2d38f4b45990bc6497e80ed6a",2026020081,"2026-10-10","2026-10-10T23:30:00Z","PRE","Islanders","2026-10-10T23:35:22.313Z","https://www.nhl.com/news/nhl-lineup-projections-2026-27-season","2026-10-10",1,"not_pregame",FALSE,NA,NA,NA,NA,NA,NA,NA
20262027,20262027,14,"TBL",8475167,"Victor","Hedman","Victor Hedman","D","current_roster",TRUE,"2026-10-10T23:35:23.466Z","2026-10-10_233328_38095438164_1_f9a60eb2d38f4b45990bc6497e80ed6a",2026020081,"2026-10-10","2026-10-10T23:30:00Z","PRE","Islanders","2026-10-10T23:35:22.313Z","https://www.nhl.com/news/nhl-lineup-projections-2026-27-season","2026-10-10",1,"not_pregame",FALSE,NA,NA,NA,NA,NA,NA,NA
20262027,20262027,14,"TBL",8482929,"Emil","Lilleberg","Emil Lilleberg","D","current_roster",TRUE,"2026-10-10T23:35:23.468Z","2026-10-10_233328_38095438164_1_f9a60eb2d38f4b45990bc6497e80ed6a",2026020081,"2026-10-10","2026-10-10T23:30:00Z","PRE","Islanders","2026-10-10T23:35:22.313Z","https://www.nhl.com/news/nhl-lineup-projections-2026-27-season","2026-10-10",1,"not_pregame",FALSE,NA,NA,NA,NA,NA,NA,NA
20262027,20262027,14,"TBL",8474151,"Ryan","McDonagh","Ryan McDonagh","D","current_roster",TRUE,"2026-10-10T23:35:23.469Z","2026-10-10_233328_38095438164_1_f9a60eb2d38f4b45990bc6497e80ed6a",2026020081,"2026-10-10","2026-10-10T23:30:00Z","PRE","Islanders","2026-10-10T23:35:22.313Z","https://www.nhl.com/news/nhl-lineup-projections-2026-27-season","2026-10-10",1,"not_pregame",FALSE,NA,NA,NA,NA,NA,NA,NA
20262027,20262027,14,"TBL",8482655,"J.J.","Moser","J.J. Moser","D","current_roster",TRUE,"2026-10-10T23:35:23.470Z","2026-10-10_233328_38095438164_1_f9a60eb2d38f4b45990bc6497e80ed6a",2026020081,"2026-10-10","2026-10-10T23:30:00Z","PRE","Islanders","2026-10-10T23:35:22.313Z","https://www.nhl.com/news/nhl-lineup-projections-2026-27-season","2026-10-10",1,"not_pregame",FALSE,NA,NA,NA,NA,NA,NA,NA
20262027,20262027,14,"TBL",8483710,"Dennis","Hildeby","Dennis Hildeby","G","current_roster",TRUE,"2026-10-10T23:35:23.472Z","2026-10-10_233328_38095438164_1_f9a60eb2d38f4b45990bc6497e80ed6a",2026020081,"2026-10-10","2026-10-10T23:30:00Z","PRE","Islanders","2026-10-10T23:35:22.313Z","https://www.nhl.com/news/nhl-lineup-projections-2026-27-season","2026-10-10",1,"not_pregame",FALSE,NA,NA,NA,NA,NA,NA,NA
20262027,20262027,14,"TBL",8476883,"Andrei","Vasilevskiy","Andrei Vasilevskiy","G","current_roster",TRUE,"2026-10-10T23:35:23.473Z","2026-10-10_233328_38095438164_1_f9a60eb2d38f4b45990bc6497e80ed6a",2026020081,"2026-10-10","2026-10-10T23:30:00Z","PRE","Islanders","2026-10-10T23:35:22.313Z","https://www.nhl.com/news/nhl-lineup-projections-2026-27-season","2026-10-10",1,"not_pregame",FALSE,NA,NA,NA,NA,NA,NA,NA
20262027,20262027,2,"NYI",8475231,"Casey","Cizikas","Casey Cizikas","F","current_roster",TRUE,"2026-10-10T23:35:23.586Z","2026-10-10_233328_38095438164_1_f9a60eb2d38f4b45990bc6497e80ed6a",2026020081,"2026-10-10","2026-10-10T23:30:00Z","PRE","Lightning","2026-10-10T23:35:22.313Z","https://www.nhl.com/news/nhl-lineup-projections-2026-27-season","2026-10-10",1,"not_pregame",FALSE,NA,NA,NA,NA,NA,NA,NA
20262027,20262027,2,"NYI",8477407,"Anthony","Duclair","Anthony Duclair","F","current_roster",TRUE,"2026-10-10T23:35:23.590Z","2026-10-10_233328_38095438164_1_f9a60eb2d38f4b45990bc6497e80ed6a",2026020081,"2026-10-10","2026-10-10T23:30:00Z","PRE","Lightning","2026-10-10T23:35:22.313Z","https://www.nhl.com/news/nhl-lineup-projections-2026-27-season","2026-10-10",1,"not_pregame",FALSE,NA,NA,NA,NA,NA,NA,NA
20262027,20262027,2,"NYI",8485388,"Victor","Eklund","Victor Eklund","F","current_roster",TRUE,"2026-10-10T23:35:23.592Z","2026-10-10_233328_38095438164_1_f9a60eb2d38f4b45990bc6497e80ed6a",2026020081,"2026-10-10","2026-10-10T23:30:00Z","PRE","Lightning","2026-10-10T23:35:22.313Z","https://www.nhl.com/news/nhl-lineup-projections-2026-27-season","2026-10-10",1,"not_pregame",FALSE,NA,NA,NA,NA,NA,NA,NA
20262027,20262027,2,"NYI",8482476,"Emil","Heineman","Emil Heineman","F","current_roster",TRUE,"2026-10-10T23:35:23.593Z","2026-10-10_233328_38095438164_1_f9a60eb2d38f4b45990bc6497e80ed6a",2026020081,"2026-10-10","2026-10-10T23:30:00Z","PRE","Lightning","2026-10-10T23:35:22.313Z","https://www.nhl.com/news/nhl-lineup-projections-2026-27-season","2026-10-10",1,"not_pregame",FALSE,NA,NA,NA,NA,NA,NA,NA
20262027,20262027,2,"NYI",8481601,"Simon","Holmstrom","Simon Holmstrom","F","current_roster",TRUE,"2026-10-10T23:35:23.595Z","2026-10-10_233328_38095438164_1_f9a60eb2d38f4b45990bc6497e80ed6a",2026020081,"2026-10-10","2026-10-10T23:30:00Z","PRE","Lightning","2026-10-10T23:35:22.313Z","https://www.nhl.com/news/nhl-lineup-projections-2026-27-season","2026-10-10",1,"not_pregame",FALSE,NA,NA,NA,NA,NA,NA,NA
20262027,20262027,2,"NYI",8477500,"Bo","Horvat","Bo Horvat","F","current_roster",TRUE,"2026-10-10T23:35:23.596Z","2026-10-10_233328_38095438164_1_f9a60eb2d38f4b45990bc6497e80ed6a",2026020081,"2026-10-10","2026-10-10T23:30:00Z","PRE","Lightning","2026-10-10T23:35:22.313Z","https://www.nhl.com/news/nhl-lineup-projections-2026-27-season","2026-10-10",1,"not_pregame",FALSE,NA,NA,NA,NA,NA,NA,NA
20262027,20262027,2,"NYI",8481711,"Matias","Maccelli","Matias Maccelli","F","current_roster",TRUE,"2026-10-10T23:35:23.597Z","2026-10-10_233328_38095438164_1_f9a60eb2d38f4b45990bc6497e80ed6a",2026020081,"2026-10-10","2026-10-10T23:30:00Z","PRE","Lightning","2026-10-10T23:35:22.313Z","https://www.nhl.com/news/nhl-lineup-projections-2026-27-season","2026-10-10",1,"not_pregame",FALSE,NA,NA,NA,NA,NA,NA,NA
20262027,20262027,2,"NYI",8481237,"Kyle","MacLean","Kyle MacLean","F","current_roster",TRUE,"2026-10-10T23:35:23.598Z","2026-10-10_233328_38095438164_1_f9a60eb2d38f4b45990bc6497e80ed6a",2026020081,"2026-10-10","2026-10-10T23:30:00Z","PRE","Lightning","2026-10-10T23:35:22.313Z","https://www.nhl.com/news/nhl-lineup-projections-2026-27-season","2026-10-10",1,"not_pregame",FALSE,NA,NA,NA,NA,NA,NA,NA
20262027,20262027,2,"NYI",8476419,"Jean-Gabriel","Pageau","Jean-Gabriel Pageau","F","current_roster",TRUE,"2026-10-10T23:35:23.600Z","2026-10-10_233328_38095438164_1_f9a60eb2d38f4b45990bc6497e80ed6a",2026020081,"2026-10-10","2026-10-10T23:30:00Z","PRE","Lightning","2026-10-10T23:35:22.313Z","https://www.nhl.com/news/nhl-lineup-projections-2026-27-season","2026-10-10",1,"not_pregame",FALSE,NA,NA,NA,NA,NA,NA,NA
20262027,20262027,2,"NYI",8476292,"Ondrej","Palat","Ondrej Palat","F","current_roster",TRUE,"2026-10-10T23:35:23.601Z","2026-10-10_233328_38095438164_1_f9a60eb2d38f4b45990bc6497e80ed6a",2026020081,"2026-10-10","2026-10-10T23:30:00Z","PRE","Lightning","2026-10-10T23:35:22.313Z","https://www.nhl.com/news/nhl-lineup-projections-2026-27-season","2026-10-10",1,"not_pregame",FALSE,NA,NA,NA,NA,NA,NA,NA
20262027,20262027,2,"NYI",8475151,"Kyle","Palmieri","Kyle Palmieri","F","current_roster",TRUE,"2026-10-10T23:35:23.602Z","2026-10-10_233328_38095438164_1_f9a60eb2d38f4b45990bc6497e80ed6a",2026020081,"2026-10-10","2026-10-10T23:30:00Z","PRE","Lightning","2026-10-10T23:35:22.313Z","https://www.nhl.com/news/nhl-lineup-projections-2026-27-season","2026-10-10",1,"not_pregame",FALSE,NA,NA,NA,NA,NA,NA,NA
20262027,20262027,2,"NYI",8484221,"Calum","Ritchie","Calum Ritchie","F","current_roster",TRUE,"2026-10-10T23:35:23.604Z","2026-10-10_233328_38095438164_1_f9a60eb2d38f4b45990bc6497e80ed6a",2026020081,"2026-10-10","2026-10-10T23:30:00Z","PRE","Lightning","2026-10-10T23:35:22.313Z","https://www.nhl.com/news/nhl-lineup-projections-2026-27-season","2026-10-10",1,"not_pregame",FALSE,NA,NA,NA,NA,NA,NA,NA
20262027,20262027,2,"NYI",8475170,"Brayden","Schenn","Brayden Schenn","F","current_roster",TRUE,"2026-10-10T23:35:23.605Z","2026-10-10_233328_38095438164_1_f9a60eb2d38f4b45990bc6497e80ed6a",2026020081,"2026-10-10","2026-10-10T23:30:00Z","PRE","Lightning","2026-10-10T23:35:22.313Z","https://www.nhl.com/news/nhl-lineup-projections-2026-27-season","2026-10-10",1,"not_pregame",FALSE,NA,NA,NA,NA,NA,NA,NA
20262027,20262027,2,"NYI",8477950,"Tony","DeAngelo","Tony DeAngelo","D","current_roster",TRUE,"2026-10-10T23:35:23.607Z","2026-10-10_233328_38095438164_1_f9a60eb2d38f4b45990bc6497e80ed6a",2026020081,"2026-10-10","2026-10-10T23:30:00Z","PRE","Lightning","2026-10-10T23:35:22.313Z","https://www.nhl.com/news/nhl-lineup-projections-2026-27-season","2026-10-10",1,"not_pregame",FALSE,NA,NA,NA,NA,NA,NA,NA
20262027,20262027,2,"NYI",8482516,"Matthew","Kessel","Matthew Kessel","D","current_roster",TRUE,"2026-10-10T23:35:23.608Z","2026-10-10_233328_38095438164_1_f9a60eb2d38f4b45990bc6497e80ed6a",2026020081,"2026-10-10","2026-10-10T23:30:00Z","PRE","Lightning","2026-10-10T23:35:22.313Z","https://www.nhl.com/news/nhl-lineup-projections-2026-27-season","2026-10-10",1,"not_pregame",FALSE,NA,NA,NA,NA,NA,NA,NA
20262027,20262027,2,"NYI",8476429,"Scott","Mayfield","Scott Mayfield","D","current_roster",TRUE,"2026-10-10T23:35:23.610Z","2026-10-10_233328_38095438164_1_f9a60eb2d38f4b45990bc6497e80ed6a",2026020081,"2026-10-10","2026-10-10T23:30:00Z","PRE","Lightning","2026-10-10T23:35:22.313Z","https://www.nhl.com/news/nhl-lineup-projections-2026-27-season","2026-10-10",1,"not_pregame",FALSE,NA,NA,NA,NA,NA,NA,NA
20262027,20262027,2,"NYI",8476917,"Adam","Pelech","Adam Pelech","D","current_roster",TRUE,"2026-10-10T23:35:23.611Z","2026-10-10_233328_38095438164_1_f9a60eb2d38f4b45990bc6497e80ed6a",2026020081,"2026-10-10","2026-10-10T23:30:00Z","PRE","Lightning","2026-10-10T23:35:22.313Z","https://www.nhl.com/news/nhl-lineup-projections-2026-27-season","2026-10-10",1,"not_pregame",FALSE,NA,NA,NA,NA,NA,NA,NA
20262027,20262027,2,"NYI",8477506,"Ryan","Pulock","Ryan Pulock","D","current_roster",TRUE,"2026-10-10T23:35:23.612Z","2026-10-10_233328_38095438164_1_f9a60eb2d38f4b45990bc6497e80ed6a",2026020081,"2026-10-10","2026-10-10T23:30:00Z","PRE","Lightning","2026-10-10T23:35:22.313Z","https://www.nhl.com/news/nhl-lineup-projections-2026-27-season","2026-10-10",1,"not_pregame",FALSE,NA,NA,NA,NA,NA,NA,NA
20262027,20262027,2,"NYI",8481014,"Alexander","Romanov","Alexander Romanov","D","current_roster",TRUE,"2026-10-10T23:35:23.614Z","2026-10-10_233328_38095438164_1_f9a60eb2d38f4b45990bc6497e80ed6a",2026020081,"2026-10-10","2026-10-10T23:30:00Z","PRE","Lightning","2026-10-10T23:35:22.313Z","https://www.nhl.com/news/nhl-lineup-projections-2026-27-season","2026-10-10",1,"not_pregame",FALSE,NA,NA,NA,NA,NA,NA,NA
20262027,20262027,2,"NYI",8485366,"Matthew","Schaefer","Matthew Schaefer","D","current_roster",TRUE,"2026-10-10T23:35:23.615Z","2026-10-10_233328_38095438164_1_f9a60eb2d38f4b45990bc6497e80ed6a",2026020081,"2026-10-10","2026-10-10T23:30:00Z","PRE","Lightning","2026-10-10T23:35:22.313Z","https://www.nhl.com/news/nhl-lineup-projections-2026-27-season","2026-10-10",1,"not_pregame",FALSE,NA,NA,NA,NA,NA,NA,NA
20262027,20262027,2,"NYI",8479378,"Logan","Stanley","Logan Stanley","D","current_roster",TRUE,"2026-10-10T23:35:23.616Z","2026-10-10_233328_38095438164_1_f9a60eb2d38f4b45990bc6497e80ed6a",2026020081,"2026-10-10","2026-10-10T23:30:00Z","PRE","Lightning","2026-10-10T23:35:22.313Z","https://www.nhl.com/news/nhl-lineup-projections-2026-27-season","2026-10-10",1,"not_pregame",FALSE,NA,NA,NA,NA,NA,NA,NA
20262027,20262027,2,"NYI",8478009,"Ilya","Sorokin","Ilya Sorokin","G","current_roster",TRUE,"2026-10-10T23:35:23.618Z","2026-10-10_233328_38095438164_1_f9a60eb2d38f4b45990bc6497e80ed6a",2026020081,"2026-10-10","2026-10-10T23:30:00Z","PRE","Lightning","2026-10-10T23:35:22.313Z","https://www.nhl.com/news/nhl-lineup-projections-2026-27-season","2026-10-10",1,"not_pregame",FALSE,NA,NA,NA,NA,NA,NA,NA
20262027,20262027,2,"NYI",8473575,"Semyon","Varlamov","Semyon Varlamov","G","current_roster",TRUE,"2026-10-10T23:35:23.619Z","2026-10-10_233328_38095438164_1_f9a60eb2d38f4b45990bc6497e80ed6a",2026020081,"2026-10-10","2026-10-10T23:30:00Z","PRE","Lightning","2026-10-10T23:35:22.313Z","https://www.nhl.com/news/nhl-lineup-projections-2026-27-season","2026-10-10",1,"not_pregame",FALSE,NA,NA,NA,NA,NA,NA,NA
