"season","roster_season","teamId","team_abbrev","playerId","first_name","last_name","player_name","position","roster_source","is_current_roster","directory_observed_at","observation_id","game_id","game_date","startTimeUTC","gameState","opponent_label","retrieved_at","source_url","article_date","schema_version","projection_status","eligible_for_backtest","in_projected_lineup","forward_line","defense_pairs","goalie_role","scratched","injured","injury_detail"
20262027,20262027,1,"NJD",8480003,"Jesper","Boqvist","Jesper Boqvist","F","current_roster",TRUE,"2026-10-10T18:37:37.385Z","2026-10-10_183528_38076385967_1_3277d3d56c734dd4b736386363cae6b6",2026020071,"2026-10-10","2026-10-10T19:30:00Z","FUT","Canucks","2026-10-10T18:37:36.511Z","https://www.nhl.com/news/nhl-lineup-projections-2026-27-season","2026-10-10",1,"matched",TRUE,1,4,NA,NA,0,NA,NA
20262027,20262027,1,"NJD",8479407,"Jesper","Bratt","Jesper Bratt","F","current_roster",TRUE,"2026-10-10T18:37:37.387Z","2026-10-10_183528_38076385967_1_3277d3d56c734dd4b736386363cae6b6",2026020071,"2026-10-10","2026-10-10T19:30:00Z","FUT","Canucks","2026-10-10T18:37:36.511Z","https://www.nhl.com/news/nhl-lineup-projections-2026-27-season","2026-10-10",1,"matched",TRUE,1,2,NA,NA,0,NA,NA
20262027,20262027,1,"NJD",8477015,"Connor","Brown","Connor Brown","F","current_roster",TRUE,"2026-10-10T18:37:37.389Z","2026-10-10_183528_38076385967_1_3277d3d56c734dd4b736386363cae6b6",2026020071,"2026-10-10","2026-10-10T19:30:00Z","FUT","Canucks","2026-10-10T18:37:36.511Z","https://www.nhl.com/news/nhl-lineup-projections-2026-27-season","2026-10-10",1,"matched",TRUE,0,NA,NA,NA,0,NA,"lower body"
20262027,20262027,1,"NJD",8482146,"Luke","Evangelista","Luke Evangelista","F","current_roster",TRUE,"2026-10-10T18:37:37.391Z","2026-10-10_183528_38076385967_1_3277d3d56c734dd4b736386363cae6b6",2026020071,"2026-10-10","2026-10-10T19:30:00Z","FUT","Canucks","2026-10-10T18:37:36.511Z","https://www.nhl.com/news/nhl-lineup-projections-2026-27-season","2026-10-10",1,"matched",TRUE,1,1,NA,NA,0,NA,NA
20262027,20262027,1,"NJD",8479996,"Cody","Glass","Cody Glass","F","current_roster",TRUE,"2026-10-10T18:37:37.393Z","2026-10-10_183528_38076385967_1_3277d3d56c734dd4b736386363cae6b6",2026020071,"2026-10-10","2026-10-10T19:30:00Z","FUT","Canucks","2026-10-10T18:37:36.511Z","https://www.nhl.com/news/nhl-lineup-projections-2026-27-season","2026-10-10",1,"matched",TRUE,1,4,NA,NA,0,NA,NA
20262027,20262027,1,"NJD",8481721,"Arseny","Gritsyuk","Arseny Gritsyuk","F","current_roster",TRUE,"2026-10-10T18:37:37.395Z","2026-10-10_183528_38076385967_1_3277d3d56c734dd4b736386363cae6b6",2026020071,"2026-10-10","2026-10-10T19:30:00Z","FUT","Canucks","2026-10-10T18:37:36.511Z","https://www.nhl.com/news/nhl-lineup-projections-2026-27-season","2026-10-10",1,"matched",TRUE,1,3,NA,NA,0,NA,NA
20262027,20262027,1,"NJD",8480002,"Nico","Hischier","Nico Hischier","F","current_roster",TRUE,"2026-10-10T18:37:37.397Z","2026-10-10_183528_38076385967_1_3277d3d56c734dd4b736386363cae6b6",2026020071,"2026-10-10","2026-10-10T19:30:00Z","FUT","Canucks","2026-10-10T18:37:36.511Z","https://www.nhl.com/news/nhl-lineup-projections-2026-27-season","2026-10-10",1,"matched",TRUE,1,1,NA,NA,0,NA,NA
20262027,20262027,1,"NJD",8481559,"Jack","Hughes","Jack Hughes","F","current_roster",TRUE,"2026-10-10T18:37:37.399Z","2026-10-10_183528_38076385967_1_3277d3d56c734dd4b736386363cae6b6",2026020071,"2026-10-10","2026-10-10T19:30:00Z","FUT","Canucks","2026-10-10T18:37:36.511Z","https://www.nhl.com/news/nhl-lineup-projections-2026-27-season","2026-10-10",1,"matched",TRUE,1,2,NA,NA,0,NA,NA
20262027,20262027,1,"NJD",8483695,"Amadeus","Lombardi","Amadeus Lombardi","F","current_roster",TRUE,"2026-10-10T18:37:37.401Z","2026-10-10_183528_38076385967_1_3277d3d56c734dd4b736386363cae6b6",2026020071,"2026-10-10","2026-10-10T19:30:00Z","FUT","Canucks","2026-10-10T18:37:36.511Z","https://www.nhl.com/news/nhl-lineup-projections-2026-27-season","2026-10-10",1,"matched",TRUE,1,4,NA,NA,0,NA,NA
20262027,20262027,1,"NJD",8477511,"Anthony","Mantha","Anthony Mantha","F","current_roster",TRUE,"2026-10-10T18:37:37.402Z","2026-10-10_183528_38076385967_1_3277d3d56c734dd4b736386363cae6b6",2026020071,"2026-10-10","2026-10-10T19:30:00Z","FUT","Canucks","2026-10-10T18:37:36.511Z","https://www.nhl.com/news/nhl-lineup-projections-2026-27-season","2026-10-10",1,"matched",TRUE,1,2,NA,NA,0,NA,NA
20262027,20262027,1,"NJD",8478414,"Timo","Meier","Timo Meier","F","current_roster",TRUE,"2026-10-10T18:37:37.404Z","2026-10-10_183528_38076385967_1_3277d3d56c734dd4b736386363cae6b6",2026020071,"2026-10-10","2026-10-10T19:30:00Z","FUT","Canucks","2026-10-10T18:37:36.511Z","https://www.nhl.com/news/nhl-lineup-projections-2026-27-season","2026-10-10",1,"matched",TRUE,1,1,NA,NA,0,NA,NA
20262027,20262027,1,"NJD",8482110,"Dawson","Mercer","Dawson Mercer","F","current_roster",TRUE,"2026-10-10T18:37:37.406Z","2026-10-10_183528_38076385967_1_3277d3d56c734dd4b736386363cae6b6",2026020071,"2026-10-10","2026-10-10T19:30:00Z","FUT","Canucks","2026-10-10T18:37:36.511Z","https://www.nhl.com/news/nhl-lineup-projections-2026-27-season","2026-10-10",1,"matched",TRUE,1,3,NA,NA,0,NA,NA
20262027,20262027,1,"NJD",8476474,"Stefan","Noesen","Stefan Noesen","F","current_roster",TRUE,"2026-10-10T18:37:37.408Z","2026-10-10_183528_38076385967_1_3277d3d56c734dd4b736386363cae6b6",2026020071,"2026-10-10","2026-10-10T19:30:00Z","FUT","Canucks","2026-10-10T18:37:36.511Z","https://www.nhl.com/news/nhl-lineup-projections-2026-27-season","2026-10-10",1,"matched",TRUE,0,NA,NA,NA,0,NA,NA
20262027,20262027,1,"NJD",8478542,"Evan","Rodrigues","Evan Rodrigues","F","current_roster",TRUE,"2026-10-10T18:37:37.410Z","2026-10-10_183528_38076385967_1_3277d3d56c734dd4b736386363cae6b6",2026020071,"2026-10-10","2026-10-10T19:30:00Z","FUT","Canucks","2026-10-10T18:37:36.511Z","https://www.nhl.com/news/nhl-lineup-projections-2026-27-season","2026-10-10",1,"matched",TRUE,1,3,NA,NA,0,NA,NA
20262027,20262027,1,"NJD",8480990,"Declan","Chisholm","Declan Chisholm","D","current_roster",TRUE,"2026-10-10T18:37:37.413Z","2026-10-10_183528_38076385967_1_3277d3d56c734dd4b736386363cae6b6",2026020071,"2026-10-10","2026-10-10T19:30:00Z","FUT","Canucks","2026-10-10T18:37:36.511Z","https://www.nhl.com/news/nhl-lineup-projections-2026-27-season","2026-10-10",1,"matched",TRUE,1,NA,3,NA,0,NA,NA
20262027,20262027,1,"NJD",8475455,"Brenden","Dillon","Brenden Dillon","D","current_roster",TRUE,"2026-10-10T18:37:37.415Z","2026-10-10_183528_38076385967_1_3277d3d56c734dd4b736386363cae6b6",2026020071,"2026-10-10","2026-10-10T19:30:00Z","FUT","Canucks","2026-10-10T18:37:36.511Z","https://www.nhl.com/news/nhl-lineup-projections-2026-27-season","2026-10-10",1,"matched",TRUE,1,NA,3,NA,0,NA,NA
20262027,20262027,1,"NJD",8476462,"Dougie","Hamilton","Dougie Hamilton","D","current_roster",TRUE,"2026-10-10T18:37:37.417Z","2026-10-10_183528_38076385967_1_3277d3d56c734dd4b736386363cae6b6",2026020071,"2026-10-10","2026-10-10T19:30:00Z","FUT","Canucks","2026-10-10T18:37:36.511Z","https://www.nhl.com/news/nhl-lineup-projections-2026-27-season","2026-10-10",1,"matched",TRUE,1,NA,2,NA,0,NA,NA
20262027,20262027,1,"NJD",8482684,"Luke","Hughes","Luke Hughes","D","current_roster",TRUE,"2026-10-10T18:37:37.419Z","2026-10-10_183528_38076385967_1_3277d3d56c734dd4b736386363cae6b6",2026020071,"2026-10-10","2026-10-10T19:30:00Z","FUT","Canucks","2026-10-10T18:37:36.511Z","https://www.nhl.com/news/nhl-lineup-projections-2026-27-season","2026-10-10",1,"matched",TRUE,1,NA,1,NA,0,NA,NA
20262027,20262027,1,"NJD",8480192,"Johnathan","Kovacevic","Johnathan Kovacevic","D","current_roster",TRUE,"2026-10-10T18:37:37.421Z","2026-10-10_183528_38076385967_1_3277d3d56c734dd4b736386363cae6b6",2026020071,"2026-10-10","2026-10-10T19:30:00Z","FUT","Canucks","2026-10-10T18:37:36.511Z","https://www.nhl.com/news/nhl-lineup-projections-2026-27-season","2026-10-10",1,"matched",TRUE,0,NA,NA,NA,0,NA,"upper body"
20262027,20262027,1,"NJD",8477488,"Brett","Pesce","Brett Pesce","D","current_roster",TRUE,"2026-10-10T18:37:37.423Z","2026-10-10_183528_38076385967_1_3277d3d56c734dd4b736386363cae6b6",2026020071,"2026-10-10","2026-10-10T19:30:00Z","FUT","Canucks","2026-10-10T18:37:36.511Z","https://www.nhl.com/news/nhl-lineup-projections-2026-27-season","2026-10-10",1,"matched",TRUE,1,NA,1,NA,0,NA,NA
20262027,20262027,1,"NJD",8478399,"Jonas","Siegenthaler","Jonas Siegenthaler","D","current_roster",TRUE,"2026-10-10T18:37:37.424Z","2026-10-10_183528_38076385967_1_3277d3d56c734dd4b736386363cae6b6",2026020071,"2026-10-10","2026-10-10T19:30:00Z","FUT","Canucks","2026-10-10T18:37:36.511Z","https://www.nhl.com/news/nhl-lineup-projections-2026-27-season","2026-10-10",1,"matched",TRUE,1,NA,2,NA,0,NA,NA
20262027,20262027,1,"NJD",8474596,"Jake","Allen","Jake Allen","G","current_roster",TRUE,"2026-10-10T18:37:37.430Z","2026-10-10_183528_38076385967_1_3277d3d56c734dd4b736386363cae6b6",2026020071,"2026-10-10","2026-10-10T19:30:00Z","FUT","Canucks","2026-10-10T18:37:36.511Z","https://www.nhl.com/news/nhl-lineup-projections-2026-27-season","2026-10-10",1,"matched",TRUE,1,NA,NA,"starter",0,NA,NA
20262027,20262027,1,"NJD",8482076,"Nico","Daws","Nico Daws","G","current_roster",TRUE,"2026-10-10T18:37:37.432Z","2026-10-10_183528_38076385967_1_3277d3d56c734dd4b736386363cae6b6",2026020071,"2026-10-10","2026-10-10T19:30:00Z","FUT","Canucks","2026-10-10T18:37:36.511Z","https://www.nhl.com/news/nhl-lineup-projections-2026-27-season","2026-10-10",1,"matched",TRUE,1,NA,NA,"backup",0,NA,NA
20262027,20262027,1,"NJD",8482465,"Rémi","Poirier","Rémi Poirier","G","current_roster",TRUE,"2026-10-10T18:37:37.434Z","2026-10-10_183528_38076385967_1_3277d3d56c734dd4b736386363cae6b6",2026020071,"2026-10-10","2026-10-10T19:30:00Z","FUT","Canucks","2026-10-10T18:37:36.511Z","https://www.nhl.com/news/nhl-lineup-projections-2026-27-season","2026-10-10",1,"matched",TRUE,0,NA,NA,NA,1,NA,NA
20262027,20262027,22,"EDM",8482703,"Colton","Dach","Colton Dach","F","current_roster",TRUE,"2026-10-10T18:37:38.539Z","2026-10-10_183528_38076385967_1_3277d3d56c734dd4b736386363cae6b6",2026020072,"2026-10-10","2026-10-10T20:00:00Z","FUT","Sharks","2026-10-10T18:37:36.511Z","https://www.nhl.com/news/nhl-lineup-projections-2026-27-season","2026-10-10",1,"matched",TRUE,0,NA,NA,NA,0,NA,"undisclosed"
20262027,20262027,22,"EDM",8477450,"Jason","Dickinson","Jason Dickinson","F","current_roster",TRUE,"2026-10-10T18:37:38.541Z","2026-10-10_183528_38076385967_1_3277d3d56c734dd4b736386363cae6b6",2026020072,"2026-10-10","2026-10-10T20:00:00Z","FUT","Sharks","2026-10-10T18:37:36.511Z","https://www.nhl.com/news/nhl-lineup-projections-2026-27-season","2026-10-10",1,"matched",TRUE,1,2,NA,NA,0,NA,NA
20262027,20262027,22,"EDM",8477934,"Leon","Draisaitl","Leon Draisaitl","F","current_roster",TRUE,"2026-10-10T18:37:38.543Z","2026-10-10_183528_38076385967_1_3277d3d56c734dd4b736386363cae6b6",2026020072,"2026-10-10","2026-10-10T20:00:00Z","FUT","Sharks","2026-10-10T18:37:36.511Z","https://www.nhl.com/news/nhl-lineup-projections-2026-27-season","2026-10-10",1,"matched",TRUE,1,1,NA,NA,0,NA,NA
20262027,20262027,22,"EDM",8480029,"Alex","Formenton","Alex Formenton","F","current_roster",TRUE,"2026-10-10T18:37:38.545Z","2026-10-10_183528_38076385967_1_3277d3d56c734dd4b736386363cae6b6",2026020072,"2026-10-10","2026-10-10T20:00:00Z","FUT","Sharks","2026-10-10T18:37:36.511Z","https://www.nhl.com/news/nhl-lineup-projections-2026-27-season","2026-10-10",1,"matched",TRUE,1,3,NA,NA,0,NA,NA
20262027,20262027,22,"EDM",8479365,"Trent","Frederic","Trent Frederic","F","current_roster",TRUE,"2026-10-10T18:37:38.547Z","2026-10-10_183528_38076385967_1_3277d3d56c734dd4b736386363cae6b6",2026020072,"2026-10-10","2026-10-10T20:00:00Z","FUT","Sharks","2026-10-10T18:37:36.511Z","https://www.nhl.com/news/nhl-lineup-projections-2026-27-season","2026-10-10",1,"matched",TRUE,0,NA,NA,NA,1,NA,NA
20262027,20262027,22,"EDM",8480842,"Filip","Hallander","Filip Hallander","F","current_roster",TRUE,"2026-10-10T18:37:38.549Z","2026-10-10_183528_38076385967_1_3277d3d56c734dd4b736386363cae6b6",2026020072,"2026-10-10","2026-10-10T20:00:00Z","FUT","Sharks","2026-10-10T18:37:36.511Z","https://www.nhl.com/news/nhl-lineup-projections-2026-27-season","2026-10-10",1,"matched",TRUE,1,2,NA,NA,0,NA,NA
20262027,20262027,22,"EDM",8483455,"Isaac","Howard","Isaac Howard","F","current_roster",TRUE,"2026-10-10T18:37:38.551Z","2026-10-10_183528_38076385967_1_3277d3d56c734dd4b736386363cae6b6",2026020072,"2026-10-10","2026-10-10T20:00:00Z","FUT","Sharks","2026-10-10T18:37:36.511Z","https://www.nhl.com/news/nhl-lineup-projections-2026-27-season","2026-10-10",1,"matched",TRUE,1,4,NA,NA,0,NA,NA
20262027,20262027,22,"EDM",8475786,"Zach","Hyman","Zach Hyman","F","current_roster",TRUE,"2026-10-10T18:37:38.553Z","2026-10-10_183528_38076385967_1_3277d3d56c734dd4b736386363cae6b6",2026020072,"2026-10-10","2026-10-10T20:00:00Z","FUT","Sharks","2026-10-10T18:37:36.511Z","https://www.nhl.com/news/nhl-lineup-projections-2026-27-season","2026-10-10",1,"matched",TRUE,0,NA,NA,NA,0,NA,"undisclosed"
20262027,20262027,22,"EDM",8477406,"Mattias","Janmark","Mattias Janmark","F","current_roster",TRUE,"2026-10-10T18:37:38.555Z","2026-10-10_183528_38076385967_1_3277d3d56c734dd4b736386363cae6b6",2026020072,"2026-10-10","2026-10-10T20:00:00Z","FUT","Sharks","2026-10-10T18:37:36.511Z","https://www.nhl.com/news/nhl-lineup-projections-2026-27-season","2026-10-10",1,"matched",TRUE,0,NA,NA,NA,0,NA,"undisclosed"
20262027,20262027,22,"EDM",8479368,"Max","Jones","Max Jones","F","current_roster",TRUE,"2026-10-10T18:37:38.557Z","2026-10-10_183528_38076385967_1_3277d3d56c734dd4b736386363cae6b6",2026020072,"2026-10-10","2026-10-10T20:00:00Z","FUT","Sharks","2026-10-10T18:37:36.511Z","https://www.nhl.com/news/nhl-lineup-projections-2026-27-season","2026-10-10",1,"matched",TRUE,1,4,NA,NA,0,NA,NA
20262027,20262027,22,"EDM",8478472,"Mathieu","Joseph","Mathieu Joseph","F","current_roster",TRUE,"2026-10-10T18:37:38.559Z","2026-10-10_183528_38076385967_1_3277d3d56c734dd4b736386363cae6b6",2026020072,"2026-10-10","2026-10-10T20:00:00Z","FUT","Sharks","2026-10-10T18:37:36.511Z","https://www.nhl.com/news/nhl-lineup-projections-2026-27-season","2026-10-10",1,"matched",TRUE,1,3,NA,NA,0,NA,NA
20262027,20262027,22,"EDM",8477953,"Kasperi","Kapanen","Kasperi Kapanen","F","current_roster",TRUE,"2026-10-10T18:37:38.561Z","2026-10-10_183528_38076385967_1_3277d3d56c734dd4b736386363cae6b6",2026020072,"2026-10-10","2026-10-10T20:00:00Z","FUT","Sharks","2026-10-10T18:37:36.511Z","https://www.nhl.com/news/nhl-lineup-projections-2026-27-season","2026-10-10",1,"matched",TRUE,1,2,NA,NA,0,NA,NA
20262027,20262027,22,"EDM",8478402,"Connor","McDavid","Connor McDavid","F","current_roster",TRUE,"2026-10-10T18:37:38.563Z","2026-10-10_183528_38076385967_1_3277d3d56c734dd4b736386363cae6b6",2026020072,"2026-10-10","2026-10-10T20:00:00Z","FUT","Sharks","2026-10-10T18:37:36.511Z","https://www.nhl.com/news/nhl-lineup-projections-2026-27-season","2026-10-10",1,"matched",TRUE,1,1,NA,NA,0,NA,NA
20262027,20262027,22,"EDM",8486161,"Owen","Michaels","Owen Michaels","F","current_roster",TRUE,"2026-10-10T18:37:38.565Z","2026-10-10_183528_38076385967_1_3277d3d56c734dd4b736386363cae6b6",2026020072,"2026-10-10","2026-10-10T20:00:00Z","FUT","Sharks","2026-10-10T18:37:36.511Z","https://www.nhl.com/news/nhl-lineup-projections-2026-27-season","2026-10-10",1,"matched",TRUE,1,3,NA,NA,0,NA,NA
20262027,20262027,22,"EDM",8476454,"Ryan","Nugent-Hopkins","Ryan Nugent-Hopkins","F","current_roster",TRUE,"2026-10-10T18:37:38.567Z","2026-10-10_183528_38076385967_1_3277d3d56c734dd4b736386363cae6b6",2026020072,"2026-10-10","2026-10-10T20:00:00Z","FUT","Sharks","2026-10-10T18:37:36.511Z","https://www.nhl.com/news/nhl-lineup-projections-2026-27-season","2026-10-10",1,"matched",TRUE,0,NA,NA,NA,0,NA,"lower body"
20262027,20262027,22,"EDM",8481617,"Vasily","Podkolzin","Vasily Podkolzin","F","current_roster",TRUE,"2026-10-10T18:37:38.569Z","2026-10-10_183528_38076385967_1_3277d3d56c734dd4b736386363cae6b6",2026020072,"2026-10-10","2026-10-10T20:00:00Z","FUT","Sharks","2026-10-10T18:37:36.511Z","https://www.nhl.com/news/nhl-lineup-projections-2026-27-season","2026-10-10",1,"matched",TRUE,1,1,NA,NA,0,NA,NA
20262027,20262027,22,"EDM",8484509,"Josh","Samanski","Josh Samanski","F","current_roster",TRUE,"2026-10-10T18:37:38.571Z","2026-10-10_183528_38076385967_1_3277d3d56c734dd4b736386363cae6b6",2026020072,"2026-10-10","2026-10-10T20:00:00Z","FUT","Sharks","2026-10-10T18:37:36.511Z","https://www.nhl.com/news/nhl-lineup-projections-2026-27-season","2026-10-10",1,"matched",TRUE,1,4,NA,NA,0,NA,NA
20262027,20262027,22,"EDM",8483512,"Matt","Savoie","Matt Savoie","F","current_roster",TRUE,"2026-10-10T18:37:38.573Z","2026-10-10_183528_38076385967_1_3277d3d56c734dd4b736386363cae6b6",2026020072,"2026-10-10","2026-10-10T20:00:00Z","FUT","Sharks","2026-10-10T18:37:36.511Z","https://www.nhl.com/news/nhl-lineup-projections-2026-27-season","2026-10-10",1,"matched",TRUE,0,NA,NA,NA,0,NA,NA
20262027,20262027,22,"EDM",8480803,"Evan","Bouchard","Evan Bouchard","D","current_roster",TRUE,"2026-10-10T18:37:38.575Z","2026-10-10_183528_38076385967_1_3277d3d56c734dd4b736386363cae6b6",2026020072,"2026-10-10","2026-10-10T20:00:00Z","FUT","Sharks","2026-10-10T18:37:36.511Z","https://www.nhl.com/news/nhl-lineup-projections-2026-27-season","2026-10-10",1,"matched",TRUE,1,NA,1,NA,0,NA,NA
20262027,20262027,22,"EDM",8475218,"Mattias","Ekholm","Mattias Ekholm","D","current_roster",TRUE,"2026-10-10T18:37:38.577Z","2026-10-10_183528_38076385967_1_3277d3d56c734dd4b736386363cae6b6",2026020072,"2026-10-10","2026-10-10T20:00:00Z","FUT","Sharks","2026-10-10T18:37:36.511Z","https://www.nhl.com/news/nhl-lineup-projections-2026-27-season","2026-10-10",1,"matched",TRUE,1,NA,1,NA,0,NA,NA
20262027,20262027,22,"EDM",8480834,"Ty","Emberson","Ty Emberson","D","current_roster",TRUE,"2026-10-10T18:37:38.579Z","2026-10-10_183528_38076385967_1_3277d3d56c734dd4b736386363cae6b6",2026020072,"2026-10-10","2026-10-10T20:00:00Z","FUT","Sharks","2026-10-10T18:37:36.511Z","https://www.nhl.com/news/nhl-lineup-projections-2026-27-season","2026-10-10",1,"matched",TRUE,1,NA,3,NA,0,NA,NA
20262027,20262027,22,"EDM",8482166,"Shakir","Mukhamadullin","Shakir Mukhamadullin","D","current_roster",TRUE,"2026-10-10T18:37:38.581Z","2026-10-10_183528_38076385967_1_3277d3d56c734dd4b736386363cae6b6",2026020072,"2026-10-10","2026-10-10T20:00:00Z","FUT","Sharks","2026-10-10T18:37:36.511Z","https://www.nhl.com/news/nhl-lineup-projections-2026-27-season","2026-10-10",1,"matched",TRUE,0,NA,NA,NA,1,NA,NA
20262027,20262027,22,"EDM",8476473,"Connor","Murphy","Connor Murphy","D","current_roster",TRUE,"2026-10-10T18:37:38.583Z","2026-10-10_183528_38076385967_1_3277d3d56c734dd4b736386363cae6b6",2026020072,"2026-10-10","2026-10-10T20:00:00Z","FUT","Sharks","2026-10-10T18:37:36.511Z","https://www.nhl.com/news/nhl-lineup-projections-2026-27-season","2026-10-10",1,"matched",TRUE,1,NA,2,NA,0,NA,NA
20262027,20262027,22,"EDM",8480831,"Alec","Regula","Alec Regula","D","current_roster",TRUE,"2026-10-10T18:37:38.585Z","2026-10-10_183528_38076385967_1_3277d3d56c734dd4b736386363cae6b6",2026020072,"2026-10-10","2026-10-10T20:00:00Z","FUT","Sharks","2026-10-10T18:37:36.511Z","https://www.nhl.com/news/nhl-lineup-projections-2026-27-season","2026-10-10",1,"matched",TRUE,0,NA,NA,NA,0,NA,"undisclosed"
20262027,20262027,22,"EDM",8478854,"Ryan","Shea","Ryan Shea","D","current_roster",TRUE,"2026-10-10T18:37:38.587Z","2026-10-10_183528_38076385967_1_3277d3d56c734dd4b736386363cae6b6",2026020072,"2026-10-10","2026-10-10T20:00:00Z","FUT","Sharks","2026-10-10T18:37:36.511Z","https://www.nhl.com/news/nhl-lineup-projections-2026-27-season","2026-10-10",1,"matched",TRUE,1,NA,2,NA,0,NA,NA
20262027,20262027,22,"EDM",8478013,"Jake","Walman","Jake Walman","D","current_roster",TRUE,"2026-10-10T18:37:38.588Z","2026-10-10_183528_38076385967_1_3277d3d56c734dd4b736386363cae6b6",2026020072,"2026-10-10","2026-10-10T20:00:00Z","FUT","Sharks","2026-10-10T18:37:36.511Z","https://www.nhl.com/news/nhl-lineup-projections-2026-27-season","2026-10-10",1,"matched",TRUE,1,NA,3,NA,0,NA,NA
20262027,20262027,22,"EDM",8475883,"Frederik","Andersen","Frederik Andersen","G","current_roster",TRUE,"2026-10-10T18:37:38.591Z","2026-10-10_183528_38076385967_1_3277d3d56c734dd4b736386363cae6b6",2026020072,"2026-10-10","2026-10-10T20:00:00Z","FUT","Sharks","2026-10-10T18:37:36.511Z","https://www.nhl.com/news/nhl-lineup-projections-2026-27-season","2026-10-10",1,"matched",TRUE,0,NA,NA,NA,0,NA,"undisclosed"
20262027,20262027,22,"EDM",8477465,"Tristan","Jarry","Tristan Jarry","G","current_roster",TRUE,"2026-10-10T18:37:38.596Z","2026-10-10_183528_38076385967_1_3277d3d56c734dd4b736386363cae6b6",2026020072,"2026-10-10","2026-10-10T20:00:00Z","FUT","Sharks","2026-10-10T18:37:36.511Z","https://www.nhl.com/news/nhl-lineup-projections-2026-27-season","2026-10-10",1,"matched",TRUE,1,NA,NA,"starter",0,NA,NA
20262027,20262027,22,"EDM",8482221,"Devon","Levi","Devon Levi","G","current_roster",TRUE,"2026-10-10T18:37:38.598Z","2026-10-10_183528_38076385967_1_3277d3d56c734dd4b736386363cae6b6",2026020072,"2026-10-10","2026-10-10T20:00:00Z","FUT","Sharks","2026-10-10T18:37:36.511Z","https://www.nhl.com/news/nhl-lineup-projections-2026-27-season","2026-10-10",1,"matched",TRUE,1,NA,NA,"backup",0,NA,NA
20262027,20262027,13,"FLA",8477493,"Aleksander","Barkov","Aleksander Barkov","F","current_roster",TRUE,"2026-10-10T18:37:37.179Z","2026-10-10_183528_38076385967_1_3277d3d56c734dd4b736386363cae6b6",2026020073,"2026-10-10","2026-10-10T22:00:00Z","FUT","Wild","2026-10-10T18:37:36.511Z","https://www.nhl.com/news/nhl-lineup-projections-2026-27-season","2026-10-10",1,"matched",TRUE,0,NA,NA,NA,0,1,"knee"
20262027,20262027,13,"FLA",8477935,"Sam","Bennett","Sam Bennett","F","current_roster",TRUE,"2026-10-10T18:37:37.184Z","2026-10-10_183528_38076385967_1_3277d3d56c734dd4b736386363cae6b6",2026020073,"2026-10-10","2026-10-10T22:00:00Z","FUT","Wild","2026-10-10T18:37:36.511Z","https://www.nhl.com/news/nhl-lineup-projections-2026-27-season","2026-10-10",1,"matched",TRUE,1,1,NA,NA,0,0,NA
20262027,20262027,13,"FLA",8474189,"Lars","Eller","Lars Eller","F","current_roster",TRUE,"2026-10-10T18:37:37.186Z","2026-10-10_183528_38076385967_1_3277d3d56c734dd4b736386363cae6b6",2026020073,"2026-10-10","2026-10-10T22:00:00Z","FUT","Wild","2026-10-10T18:37:36.511Z","https://www.nhl.com/news/nhl-lineup-projections-2026-27-season","2026-10-10",1,"matched",TRUE,1,2,NA,NA,0,0,NA
20262027,20262027,13,"FLA",8479981,"Jonah","Gadjovich","Jonah Gadjovich","F","current_roster",TRUE,"2026-10-10T18:37:37.188Z","2026-10-10_183528_38076385967_1_3277d3d56c734dd4b736386363cae6b6",2026020073,"2026-10-10","2026-10-10T22:00:00Z","FUT","Wild","2026-10-10T18:37:36.511Z","https://www.nhl.com/news/nhl-lineup-projections-2026-27-season","2026-10-10",1,"matched",TRUE,0,NA,NA,NA,0,1,"neck"
20262027,20262027,13,"FLA",8477903,"Garnet","Hathaway","Garnet Hathaway","F","current_roster",TRUE,"2026-10-10T18:37:37.190Z","2026-10-10_183528_38076385967_1_3277d3d56c734dd4b736386363cae6b6",2026020073,"2026-10-10","2026-10-10T22:00:00Z","FUT","Wild","2026-10-10T18:37:36.511Z","https://www.nhl.com/news/nhl-lineup-projections-2026-27-season","2026-10-10",1,"matched",TRUE,1,4,NA,NA,0,0,NA
20262027,20262027,13,"FLA",8478147,"Bokondji","Imama","Bokondji Imama","F","current_roster",TRUE,"2026-10-10T18:37:37.192Z","2026-10-10_183528_38076385967_1_3277d3d56c734dd4b736386363cae6b6",2026020073,"2026-10-10","2026-10-10T22:00:00Z","FUT","Wild","2026-10-10T18:37:36.511Z","https://www.nhl.com/news/nhl-lineup-projections-2026-27-season","2026-10-10",1,"matched",TRUE,1,4,NA,NA,0,0,NA
20262027,20262027,13,"FLA",8478043,"Sam","Lafferty","Sam Lafferty","F","current_roster",TRUE,"2026-10-10T18:37:37.194Z","2026-10-10_183528_38076385967_1_3277d3d56c734dd4b736386363cae6b6",2026020073,"2026-10-10","2026-10-10T22:00:00Z","FUT","Wild","2026-10-10T18:37:36.511Z","https://www.nhl.com/news/nhl-lineup-projections-2026-27-season","2026-10-10",1,"matched",TRUE,1,4,NA,NA,0,0,NA
20262027,20262027,13,"FLA",8482113,"Anton","Lundell","Anton Lundell","F","current_roster",TRUE,"2026-10-10T18:37:37.196Z","2026-10-10_183528_38076385967_1_3277d3d56c734dd4b736386363cae6b6",2026020073,"2026-10-10","2026-10-10T22:00:00Z","FUT","Wild","2026-10-10T18:37:36.511Z","https://www.nhl.com/news/nhl-lineup-projections-2026-27-season","2026-10-10",1,"matched",TRUE,1,3,NA,NA,0,0,NA
20262027,20262027,13,"FLA",8480185,"Eetu","Luostarinen","Eetu Luostarinen","F","current_roster",TRUE,"2026-10-10T18:37:37.198Z","2026-10-10_183528_38076385967_1_3277d3d56c734dd4b736386363cae6b6",2026020073,"2026-10-10","2026-10-10T22:00:00Z","FUT","Wild","2026-10-10T18:37:36.511Z","https://www.nhl.com/news/nhl-lineup-projections-2026-27-season","2026-10-10",1,"matched",TRUE,1,3,NA,NA,0,0,NA
20262027,20262027,13,"FLA",8473419,"Brad","Marchand","Brad Marchand","F","current_roster",TRUE,"2026-10-10T18:37:37.200Z","2026-10-10_183528_38076385967_1_3277d3d56c734dd4b736386363cae6b6",2026020073,"2026-10-10","2026-10-10T22:00:00Z","FUT","Wild","2026-10-10T18:37:36.511Z","https://www.nhl.com/news/nhl-lineup-projections-2026-27-season","2026-10-10",1,"matched",TRUE,0,NA,NA,NA,0,1,"knee"
20262027,20262027,13,"FLA",8477933,"Sam","Reinhart","Sam Reinhart","F","current_roster",TRUE,"2026-10-10T18:37:37.202Z","2026-10-10_183528_38076385967_1_3277d3d56c734dd4b736386363cae6b6",2026020073,"2026-10-10","2026-10-10T22:00:00Z","FUT","Wild","2026-10-10T18:37:36.511Z","https://www.nhl.com/news/nhl-lineup-projections-2026-27-season","2026-10-10",1,"matched",TRUE,1,2,NA,NA,0,0,NA
20262027,20262027,13,"FLA",8480801,"Brady","Tkachuk","Brady Tkachuk","F","current_roster",TRUE,"2026-10-10T18:37:37.204Z","2026-10-10_183528_38076385967_1_3277d3d56c734dd4b736386363cae6b6",2026020073,"2026-10-10","2026-10-10T22:00:00Z","FUT","Wild","2026-10-10T18:37:36.511Z","https://www.nhl.com/news/nhl-lineup-projections-2026-27-season","2026-10-10",1,"matched",TRUE,1,2,NA,NA,0,0,NA
20262027,20262027,13,"FLA",8479314,"Matthew","Tkachuk","Matthew Tkachuk","F","current_roster",TRUE,"2026-10-10T18:37:37.206Z","2026-10-10_183528_38076385967_1_3277d3d56c734dd4b736386363cae6b6",2026020073,"2026-10-10","2026-10-10T22:00:00Z","FUT","Wild","2026-10-10T18:37:36.511Z","https://www.nhl.com/news/nhl-lineup-projections-2026-27-season","2026-10-10",1,"matched",TRUE,1,1,NA,NA,0,0,NA
20262027,20262027,13,"FLA",8477409,"Carter","Verhaeghe","Carter Verhaeghe","F","current_roster",TRUE,"2026-10-10T18:37:37.208Z","2026-10-10_183528_38076385967_1_3277d3d56c734dd4b736386363cae6b6",2026020073,"2026-10-10","2026-10-10T22:00:00Z","FUT","Wild","2026-10-10T18:37:36.511Z","https://www.nhl.com/news/nhl-lineup-projections-2026-27-season","2026-10-10",1,"matched",TRUE,1,1,NA,NA,0,0,NA
20262027,20262027,13,"FLA",8483771,"Sandis","Vilmanis","Sandis Vilmanis","F","current_roster",TRUE,"2026-10-10T18:37:37.210Z","2026-10-10_183528_38076385967_1_3277d3d56c734dd4b736386363cae6b6",2026020073,"2026-10-10","2026-10-10T22:00:00Z","FUT","Wild","2026-10-10T18:37:36.511Z","https://www.nhl.com/news/nhl-lineup-projections-2026-27-season","2026-10-10",1,"matched",TRUE,1,3,NA,NA,0,0,NA
20262027,20262027,13,"FLA",8484304,"Uvis","Balinskis","Uvis Balinskis","D","current_roster",TRUE,"2026-10-10T18:37:37.212Z","2026-10-10_183528_38076385967_1_3277d3d56c734dd4b736386363cae6b6",2026020073,"2026-10-10","2026-10-10T22:00:00Z","FUT","Wild","2026-10-10T18:37:36.511Z","https://www.nhl.com/news/nhl-lineup-projections-2026-27-season","2026-10-10",1,"matched",TRUE,0,NA,NA,NA,1,0,NA
20262027,20262027,13,"FLA",8477932,"Aaron","Ekblad","Aaron Ekblad","D","current_roster",TRUE,"2026-10-10T18:37:37.214Z","2026-10-10_183528_38076385967_1_3277d3d56c734dd4b736386363cae6b6",2026020073,"2026-10-10","2026-10-10T22:00:00Z","FUT","Wild","2026-10-10T18:37:36.511Z","https://www.nhl.com/news/nhl-lineup-projections-2026-27-season","2026-10-10",1,"matched",TRUE,1,NA,1,NA,0,0,NA
20262027,20262027,13,"FLA",8478055,"Gustav","Forsling","Gustav Forsling","D","current_roster",TRUE,"2026-10-10T18:37:37.216Z","2026-10-10_183528_38076385967_1_3277d3d56c734dd4b736386363cae6b6",2026020073,"2026-10-10","2026-10-10T22:00:00Z","FUT","Wild","2026-10-10T18:37:36.511Z","https://www.nhl.com/news/nhl-lineup-projections-2026-27-season","2026-10-10",1,"matched",TRUE,1,NA,1,NA,0,0,NA
20262027,20262027,13,"FLA",8475462,"Radko","Gudas","Radko Gudas","D","current_roster",TRUE,"2026-10-10T18:37:37.218Z","2026-10-10_183528_38076385967_1_3277d3d56c734dd4b736386363cae6b6",2026020073,"2026-10-10","2026-10-10T22:00:00Z","FUT","Wild","2026-10-10T18:37:36.511Z","https://www.nhl.com/news/nhl-lineup-projections-2026-27-season","2026-10-10",1,"matched",TRUE,1,NA,3,NA,0,0,NA
20262027,20262027,13,"FLA",8477495,"Seth","Jones","Seth Jones","D","current_roster",TRUE,"2026-10-10T18:37:37.220Z","2026-10-10_183528_38076385967_1_3277d3d56c734dd4b736386363cae6b6",2026020073,"2026-10-10","2026-10-10T22:00:00Z","FUT","Wild","2026-10-10T18:37:36.511Z","https://www.nhl.com/news/nhl-lineup-projections-2026-27-season","2026-10-10",1,"matched",TRUE,1,NA,2,NA,0,0,NA
20262027,20262027,13,"FLA",8475179,"Dmitry","Kulikov","Dmitry Kulikov","D","current_roster",TRUE,"2026-10-10T18:37:37.222Z","2026-10-10_183528_38076385967_1_3277d3d56c734dd4b736386363cae6b6",2026020073,"2026-10-10","2026-10-10T22:00:00Z","FUT","Wild","2026-10-10T18:37:36.511Z","https://www.nhl.com/news/nhl-lineup-projections-2026-27-season","2026-10-10",1,"matched",TRUE,1,NA,3,NA,0,0,NA
20262027,20262027,13,"FLA",8478859,"Niko","Mikkola","Niko Mikkola","D","current_roster",TRUE,"2026-10-10T18:37:37.224Z","2026-10-10_183528_38076385967_1_3277d3d56c734dd4b736386363cae6b6",2026020073,"2026-10-10","2026-10-10T22:00:00Z","FUT","Wild","2026-10-10T18:37:36.511Z","https://www.nhl.com/news/nhl-lineup-projections-2026-27-season","2026-10-10",1,"matched",TRUE,1,NA,2,NA,0,0,NA
20262027,20262027,13,"FLA",8474593,"Jacob","Markstrom","Jacob Markstrom","G","current_roster",TRUE,"2026-10-10T18:37:37.227Z","2026-10-10_183528_38076385967_1_3277d3d56c734dd4b736386363cae6b6",2026020073,"2026-10-10","2026-10-10T22:00:00Z","FUT","Wild","2026-10-10T18:37:36.511Z","https://www.nhl.com/news/nhl-lineup-projections-2026-27-season","2026-10-10",1,"matched",TRUE,1,NA,NA,"starter",0,0,NA
20262027,20262027,13,"FLA",8481033,"Akira","Schmid","Akira Schmid","G","current_roster",TRUE,"2026-10-10T18:37:37.229Z","2026-10-10_183528_38076385967_1_3277d3d56c734dd4b736386363cae6b6",2026020073,"2026-10-10","2026-10-10T22:00:00Z","FUT","Wild","2026-10-10T18:37:36.511Z","https://www.nhl.com/news/nhl-lineup-projections-2026-27-season","2026-10-10",1,"matched",TRUE,1,NA,NA,"backup",0,0,NA
20262027,20262027,68,"UTA",8484388,"Daniil","But","Daniil But","F","current_roster",TRUE,"2026-10-10T18:37:38.698Z","2026-10-10_183528_38076385967_1_3277d3d56c734dd4b736386363cae6b6",2026020074,"2026-10-10","2026-10-10T23:00:00Z","FUT","Sabres","2026-10-10T18:37:36.511Z","https://www.nhl.com/news/nhl-lineup-projections-2026-27-season","2026-10-10",1,"matched",TRUE,1,4,NA,NA,0,0,NA
20262027,20262027,68,"UTA",8479619,"Michael","Carcone","Michael Carcone","F","current_roster",TRUE,"2026-10-10T18:37:38.700Z","2026-10-10_183528_38076385967_1_3277d3d56c734dd4b736386363cae6b6",2026020074,"2026-10-10","2026-10-10T23:00:00Z","FUT","Sabres","2026-10-10T18:37:36.511Z","https://www.nhl.com/news/nhl-lineup-projections-2026-27-season","2026-10-10",1,"matched",TRUE,0,NA,NA,NA,1,0,NA
20262027,20262027,68,"UTA",8483431,"Logan","Cooley","Logan Cooley","F","current_roster",TRUE,"2026-10-10T18:37:38.702Z","2026-10-10_183528_38076385967_1_3277d3d56c734dd4b736386363cae6b6",2026020074,"2026-10-10","2026-10-10T23:00:00Z","FUT","Sabres","2026-10-10T18:37:36.511Z","https://www.nhl.com/news/nhl-lineup-projections-2026-27-season","2026-10-10",1,"matched",TRUE,1,2,NA,NA,0,0,NA
20262027,20262027,68,"UTA",8478474,"Lawson","Crouse","Lawson Crouse","F","current_roster",TRUE,"2026-10-10T18:37:38.704Z","2026-10-10_183528_38076385967_1_3277d3d56c734dd4b736386363cae6b6",2026020074,"2026-10-10","2026-10-10T23:00:00Z","FUT","Sabres","2026-10-10T18:37:36.511Z","https://www.nhl.com/news/nhl-lineup-projections-2026-27-season","2026-10-10",1,"matched",TRUE,1,1,NA,NA,0,0,NA
20262027,20262027,68,"UTA",8482699,"Dylan","Guenther","Dylan Guenther","F","current_roster",TRUE,"2026-10-10T18:37:38.706Z","2026-10-10_183528_38076385967_1_3277d3d56c734dd4b736386363cae6b6",2026020074,"2026-10-10","2026-10-10T23:00:00Z","FUT","Sabres","2026-10-10T18:37:36.511Z","https://www.nhl.com/news/nhl-lineup-projections-2026-27-season","2026-10-10",1,"matched",TRUE,1,2,NA,NA,0,0,NA
20262027,20262027,68,"UTA",8480849,"Barrett","Hayton","Barrett Hayton","F","current_roster",TRUE,"2026-10-10T18:37:38.708Z","2026-10-10_183528_38076385967_1_3277d3d56c734dd4b736386363cae6b6",2026020074,"2026-10-10","2026-10-10T23:00:00Z","FUT","Sabres","2026-10-10T18:37:36.511Z","https://www.nhl.com/news/nhl-lineup-projections-2026-27-season","2026-10-10",1,"matched",TRUE,1,3,NA,NA,0,0,NA
20262027,20262027,68,"UTA",8479343,"Clayton","Keller","Clayton Keller","F","current_roster",TRUE,"2026-10-10T18:37:38.710Z","2026-10-10_183528_38076385967_1_3277d3d56c734dd4b736386363cae6b6",2026020074,"2026-10-10","2026-10-10T23:00:00Z","FUT","Sabres","2026-10-10T18:37:36.511Z","https://www.nhl.com/news/nhl-lineup-projections-2026-27-season","2026-10-10",1,"matched",TRUE,1,1,NA,NA,0,0,NA
20262027,20262027,68,"UTA",8475314,"Anders","Lee","Anders Lee","F","current_roster",TRUE,"2026-10-10T18:37:38.712Z","2026-10-10_183528_38076385967_1_3277d3d56c734dd4b736386363cae6b6",2026020074,"2026-10-10","2026-10-10T23:00:00Z","FUT","Sabres","2026-10-10T18:37:36.511Z","https://www.nhl.com/news/nhl-lineup-projections-2026-27-season","2026-10-10",1,"matched",TRUE,1,3,NA,NA,0,0,NA
20262027,20262027,68,"UTA",8480855,"Jack","McBain","Jack McBain","F","current_roster",TRUE,"2026-10-10T18:37:38.714Z","2026-10-10_183528_38076385967_1_3277d3d56c734dd4b736386363cae6b6",2026020074,"2026-10-10","2026-10-10T23:00:00Z","FUT","Sabres","2026-10-10T18:37:36.511Z","https://www.nhl.com/news/nhl-lineup-projections-2026-27-season","2026-10-10",1,"matched",TRUE,1,3,NA,NA,0,0,NA
20262027,20262027,68,"UTA",8477070,"Liam","O'Brien","Liam O'Brien","F","current_roster",TRUE,"2026-10-10T18:37:38.719Z","2026-10-10_183528_38076385967_1_3277d3d56c734dd4b736386363cae6b6",2026020074,"2026-10-10","2026-10-10T23:00:00Z","FUT","Sabres","2026-10-10T18:37:36.511Z","https://www.nhl.com/news/nhl-lineup-projections-2026-27-season","2026-10-10",1,"matched",TRUE,0,NA,NA,NA,1,0,NA
20262027,20262027,68,"UTA",8477951,"Nick","Schmaltz","Nick Schmaltz","F","current_roster",TRUE,"2026-10-10T18:37:38.722Z","2026-10-10_183528_38076385967_1_3277d3d56c734dd4b736386363cae6b6",2026020074,"2026-10-10","2026-10-10T23:00:00Z","FUT","Sabres","2026-10-10T18:37:36.511Z","https://www.nhl.com/news/nhl-lineup-projections-2026-27-season","2026-10-10",1,"matched",TRUE,1,1,NA,NA,0,0,NA
20262027,20262027,68,"UTA",8478831,"Kevin","Stenlund","Kevin Stenlund","F","current_roster",TRUE,"2026-10-10T18:37:38.724Z","2026-10-10_183528_38076385967_1_3277d3d56c734dd4b736386363cae6b6",2026020074,"2026-10-10","2026-10-10T23:00:00Z","FUT","Sabres","2026-10-10T18:37:36.511Z","https://www.nhl.com/news/nhl-lineup-projections-2026-27-season","2026-10-10",1,"matched",TRUE,1,4,NA,NA,0,0,NA
20262027,20262027,68,"UTA",8476389,"Vincent","Trocheck","Vincent Trocheck","F","current_roster",TRUE,"2026-10-10T18:37:38.726Z","2026-10-10_183528_38076385967_1_3277d3d56c734dd4b736386363cae6b6",2026020074,"2026-10-10","2026-10-10T23:00:00Z","FUT","Sabres","2026-10-10T18:37:36.511Z","https://www.nhl.com/news/nhl-lineup-projections-2026-27-season","2026-10-10",1,"matched",TRUE,1,2,NA,NA,0,0,NA
20262027,20262027,68,"UTA",8479977,"Kailer","Yamamoto","Kailer Yamamoto","F","current_roster",TRUE,"2026-10-10T18:37:38.727Z","2026-10-10_183528_38076385967_1_3277d3d56c734dd4b736386363cae6b6",2026020074,"2026-10-10","2026-10-10T23:00:00Z","FUT","Sabres","2026-10-10T18:37:36.511Z","https://www.nhl.com/news/nhl-lineup-projections-2026-27-season","2026-10-10",1,"matched",TRUE,1,4,NA,NA,0,0,NA
20262027,20262027,68,"UTA",8480084,"Nick","DeSimone","Nick DeSimone","D","current_roster",TRUE,"2026-10-10T18:37:38.730Z","2026-10-10_183528_38076385967_1_3277d3d56c734dd4b736386363cae6b6",2026020074,"2026-10-10","2026-10-10T23:00:00Z","FUT","Sabres","2026-10-10T18:37:36.511Z","https://www.nhl.com/news/nhl-lineup-projections-2026-27-season","2026-10-10",1,"matched",TRUE,0,NA,NA,NA,1,0,NA
20262027,20262027,68,"UTA",8483472,"Maveric","Lamoureux","Maveric Lamoureux","D","current_roster",TRUE,"2026-10-10T18:37:38.732Z","2026-10-10_183528_38076385967_1_3277d3d56c734dd4b736386363cae6b6",2026020074,"2026-10-10","2026-10-10T23:00:00Z","FUT","Sabres","2026-10-10T18:37:36.511Z","https://www.nhl.com/news/nhl-lineup-projections-2026-27-season","2026-10-10",1,"matched",TRUE,0,NA,NA,NA,0,1,"shoulder"
20262027,20262027,68,"UTA",8478507,"John","Marino","John Marino","D","current_roster",TRUE,"2026-10-10T18:37:38.734Z","2026-10-10_183528_38076385967_1_3277d3d56c734dd4b736386363cae6b6",2026020074,"2026-10-10","2026-10-10T23:00:00Z","FUT","Sabres","2026-10-10T18:37:36.511Z","https://www.nhl.com/news/nhl-lineup-projections-2026-27-season","2026-10-10",1,"matched",TRUE,1,NA,2,NA,0,0,NA
20262027,20262027,68,"UTA",8479369,"Andrew","Peeke","Andrew Peeke","D","current_roster",TRUE,"2026-10-10T18:37:38.736Z","2026-10-10_183528_38076385967_1_3277d3d56c734dd4b736386363cae6b6",2026020074,"2026-10-10","2026-10-10T23:00:00Z","FUT","Sabres","2026-10-10T18:37:36.511Z","https://www.nhl.com/news/nhl-lineup-projections-2026-27-season","2026-10-10",1,"matched",TRUE,1,NA,3,NA,0,0,NA
20262027,20262027,68,"UTA",8477220,"Nate","Schmidt","Nate Schmidt","D","current_roster",TRUE,"2026-10-10T18:37:38.738Z","2026-10-10_183528_38076385967_1_3277d3d56c734dd4b736386363cae6b6",2026020074,"2026-10-10","2026-10-10T23:00:00Z","FUT","Sabres","2026-10-10T18:37:36.511Z","https://www.nhl.com/news/nhl-lineup-projections-2026-27-season","2026-10-10",1,"matched",TRUE,1,NA,2,NA,0,0,NA
20262027,20262027,68,"UTA",8479410,"Mikhail","Sergachev","Mikhail Sergachev","D","current_roster",TRUE,"2026-10-10T18:37:38.740Z","2026-10-10_183528_38076385967_1_3277d3d56c734dd4b736386363cae6b6",2026020074,"2026-10-10","2026-10-10T23:00:00Z","FUT","Sabres","2026-10-10T18:37:36.511Z","https://www.nhl.com/news/nhl-lineup-projections-2026-27-season","2026-10-10",1,"matched",TRUE,1,NA,1,NA,0,0,NA
20262027,20262027,68,"UTA",8484386,"Dmitri","Simashev","Dmitri Simashev","D","current_roster",TRUE,"2026-10-10T18:37:38.742Z","2026-10-10_183528_38076385967_1_3277d3d56c734dd4b736386363cae6b6",2026020074,"2026-10-10","2026-10-10T23:00:00Z","FUT","Sabres","2026-10-10T18:37:36.511Z","https://www.nhl.com/news/nhl-lineup-projections-2026-27-season","2026-10-10",1,"matched",TRUE,1,NA,3,NA,0,0,NA
20262027,20262027,68,"UTA",8477346,"MacKenzie","Weegar","MacKenzie Weegar","D","current_roster",TRUE,"2026-10-10T18:37:38.744Z","2026-10-10_183528_38076385967_1_3277d3d56c734dd4b736386363cae6b6",2026020074,"2026-10-10","2026-10-10T23:00:00Z","FUT","Sabres","2026-10-10T18:37:36.511Z","https://www.nhl.com/news/nhl-lineup-projections-2026-27-season","2026-10-10",1,"matched",TRUE,1,NA,1,NA,0,0,NA
20262027,20262027,68,"UTA",8482657,"Sebastian","Cossa","Sebastian Cossa","G","current_roster",TRUE,"2026-10-10T18:37:38.746Z","2026-10-10_183528_38076385967_1_3277d3d56c734dd4b736386363cae6b6",2026020074,"2026-10-10","2026-10-10T23:00:00Z","FUT","Sabres","2026-10-10T18:37:36.511Z","https://www.nhl.com/news/nhl-lineup-projections-2026-27-season","2026-10-10",1,"matched",TRUE,1,NA,NA,"backup",0,0,NA
20262027,20262027,68,"UTA",8478872,"Karel","Vejmelka","Karel Vejmelka","G","current_roster",TRUE,"2026-10-10T18:37:38.748Z","2026-10-10_183528_38076385967_1_3277d3d56c734dd4b736386363cae6b6",2026020074,"2026-10-10","2026-10-10T23:00:00Z","FUT","Sabres","2026-10-10T18:37:36.511Z","https://www.nhl.com/news/nhl-lineup-projections-2026-27-season","2026-10-10",1,"matched",TRUE,1,NA,NA,"starter",0,0,NA
20262027,20262027,7,"BUF",8484145,"Zach","Benson","Zach Benson","F","current_roster",TRUE,"2026-10-10T18:37:37.077Z","2026-10-10_183528_38076385967_1_3277d3d56c734dd4b736386363cae6b6",2026020074,"2026-10-10","2026-10-10T23:00:00Z","FUT","Mammoth","2026-10-10T18:37:36.511Z","https://www.nhl.com/news/nhl-lineup-projections-2026-27-season","2026-10-10",1,"matched",TRUE,1,2,NA,NA,0,NA,NA
20262027,20262027,7,"BUF",8475842,"Sam","Carrick","Sam Carrick","F","current_roster",TRUE,"2026-10-10T18:37:37.079Z","2026-10-10_183528_38076385967_1_3277d3d56c734dd4b736386363cae6b6",2026020074,"2026-10-10","2026-10-10T23:00:00Z","FUT","Mammoth","2026-10-10T18:37:36.511Z","https://www.nhl.com/news/nhl-lineup-projections-2026-27-season","2026-10-10",1,"matched",TRUE,1,4,NA,NA,0,NA,NA
20262027,20262027,7,"BUF",8479941,"Justin","Danforth","Justin Danforth","F","current_roster",TRUE,"2026-10-10T18:37:37.081Z","2026-10-10_183528_38076385967_1_3277d3d56c734dd4b736386363cae6b6",2026020074,"2026-10-10","2026-10-10T23:00:00Z","FUT","Mammoth","2026-10-10T18:37:36.511Z","https://www.nhl.com/news/nhl-lineup-projections-2026-27-season","2026-10-10",1,"matched",TRUE,1,3,NA,NA,0,NA,NA
20262027,20262027,7,"BUF",8482659,"Josh","Doan","Josh Doan","F","current_roster",TRUE,"2026-10-10T18:37:37.083Z","2026-10-10_183528_38076385967_1_3277d3d56c734dd4b736386363cae6b6",2026020074,"2026-10-10","2026-10-10T23:00:00Z","FUT","Mammoth","2026-10-10T18:37:36.511Z","https://www.nhl.com/news/nhl-lineup-projections-2026-27-season","2026-10-10",1,"matched",TRUE,1,2,NA,NA,0,NA,NA
20262027,20262027,7,"BUF",8484797,"Konsta","Helenius","Konsta Helenius","F","current_roster",TRUE,"2026-10-10T18:37:37.085Z","2026-10-10_183528_38076385967_1_3277d3d56c734dd4b736386363cae6b6",2026020074,"2026-10-10","2026-10-10T23:00:00Z","FUT","Mammoth","2026-10-10T18:37:36.511Z","https://www.nhl.com/news/nhl-lineup-projections-2026-27-season","2026-10-10",1,"matched",TRUE,0,NA,NA,NA,1,NA,NA
20262027,20262027,7,"BUF",8482896,"Tyson","Kozak","Tyson Kozak","F","current_roster",TRUE,"2026-10-10T18:37:37.086Z","2026-10-10_183528_38076385967_1_3277d3d56c734dd4b736386363cae6b6",2026020074,"2026-10-10","2026-10-10T23:00:00Z","FUT","Mammoth","2026-10-10T18:37:36.511Z","https://www.nhl.com/news/nhl-lineup-projections-2026-27-season","2026-10-10",1,"matched",TRUE,1,4,NA,NA,0,NA,NA
20262027,20262027,7,"BUF",8481522,"Peyton","Krebs","Peyton Krebs","F","current_roster",TRUE,"2026-10-10T18:37:37.088Z","2026-10-10_183528_38076385967_1_3277d3d56c734dd4b736386363cae6b6",2026020074,"2026-10-10","2026-10-10T23:00:00Z","FUT","Mammoth","2026-10-10T18:37:36.511Z","https://www.nhl.com/news/nhl-lineup-projections-2026-27-season","2026-10-10",1,"matched",TRUE,1,3,NA,NA,0,NA,NA
20262027,20262027,7,"BUF",8483468,"Jiri","Kulich","Jiri Kulich","F","current_roster",TRUE,"2026-10-10T18:37:37.090Z","2026-10-10_183528_38076385967_1_3277d3d56c734dd4b736386363cae6b6",2026020074,"2026-10-10","2026-10-10T23:00:00Z","FUT","Mammoth","2026-10-10T18:37:36.511Z","https://www.nhl.com/news/nhl-lineup-projections-2026-27-season","2026-10-10",1,"matched",TRUE,0,NA,NA,NA,1,NA,NA
20262027,20262027,7,"BUF",8479359,"Beck","Malenstyn","Beck Malenstyn","F","current_roster",TRUE,"2026-10-10T18:37:37.092Z","2026-10-10_183528_38076385967_1_3277d3d56c734dd4b736386363cae6b6",2026020074,"2026-10-10","2026-10-10T23:00:00Z","FUT","Mammoth","2026-10-10T18:37:36.511Z","https://www.nhl.com/news/nhl-lineup-projections-2026-27-season","2026-10-10",1,"matched",TRUE,1,4,NA,NA,0,NA,NA
20262027,20262027,7,"BUF",8480802,"Ryan","McLeod","Ryan McLeod","F","current_roster",TRUE,"2026-10-10T18:37:37.094Z","2026-10-10_183528_38076385967_1_3277d3d56c734dd4b736386363cae6b6",2026020074,"2026-10-10","2026-10-10T23:00:00Z","FUT","Mammoth","2026-10-10T18:37:36.511Z","https://www.nhl.com/news/nhl-lineup-projections-2026-27-season","2026-10-10",1,"matched",TRUE,1,3,NA,NA,0,NA,NA
20262027,20262027,7,"BUF",8480064,"Josh","Norris","Josh Norris","F","current_roster",TRUE,"2026-10-10T18:37:37.096Z","2026-10-10_183528_38076385967_1_3277d3d56c734dd4b736386363cae6b6",2026020074,"2026-10-10","2026-10-10T23:00:00Z","FUT","Mammoth","2026-10-10T18:37:36.511Z","https://www.nhl.com/news/nhl-lineup-projections-2026-27-season","2026-10-10",1,"matched",TRUE,1,1,NA,NA,0,NA,NA
20262027,20262027,7,"BUF",8483500,"Noah","Ostlund","Noah Ostlund","F","current_roster",TRUE,"2026-10-10T18:37:37.098Z","2026-10-10_183528_38076385967_1_3277d3d56c734dd4b736386363cae6b6",2026020074,"2026-10-10","2026-10-10T23:00:00Z","FUT","Mammoth","2026-10-10T18:37:36.511Z","https://www.nhl.com/news/nhl-lineup-projections-2026-27-season","2026-10-10",1,"matched",TRUE,1,2,NA,NA,0,NA,NA
20262027,20262027,7,"BUF",8482097,"Jack","Quinn","Jack Quinn","F","current_roster",TRUE,"2026-10-10T18:37:37.100Z","2026-10-10_183528_38076385967_1_3277d3d56c734dd4b736386363cae6b6",2026020074,"2026-10-10","2026-10-10T23:00:00Z","FUT","Mammoth","2026-10-10T18:37:36.511Z","https://www.nhl.com/news/nhl-lineup-projections-2026-27-season","2026-10-10",1,"matched",TRUE,1,1,NA,NA,0,NA,NA
20262027,20262027,7,"BUF",8479420,"Tage","Thompson","Tage Thompson","F","current_roster",TRUE,"2026-10-10T18:37:37.102Z","2026-10-10_183528_38076385967_1_3277d3d56c734dd4b736386363cae6b6",2026020074,"2026-10-10","2026-10-10T23:00:00Z","FUT","Mammoth","2026-10-10T18:37:36.511Z","https://www.nhl.com/news/nhl-lineup-projections-2026-27-season","2026-10-10",1,"matched",TRUE,1,1,NA,NA,0,NA,NA
20262027,20262027,7,"BUF",8481806,"Louis","Crevier","Louis Crevier","D","current_roster",TRUE,"2026-10-10T18:37:37.104Z","2026-10-10_183528_38076385967_1_3277d3d56c734dd4b736386363cae6b6",2026020074,"2026-10-10","2026-10-10T23:00:00Z","FUT","Mammoth","2026-10-10T18:37:36.511Z","https://www.nhl.com/news/nhl-lineup-projections-2026-27-season","2026-10-10",1,"matched",TRUE,1,NA,3,NA,0,NA,NA
20262027,20262027,7,"BUF",8480839,"Rasmus","Dahlin","Rasmus Dahlin","D","current_roster",TRUE,"2026-10-10T18:37:37.106Z","2026-10-10_183528_38076385967_1_3277d3d56c734dd4b736386363cae6b6",2026020074,"2026-10-10","2026-10-10T23:00:00Z","FUT","Mammoth","2026-10-10T18:37:36.511Z","https://www.nhl.com/news/nhl-lineup-projections-2026-27-season","2026-10-10",1,"matched",TRUE,1,NA,1,NA,0,NA,NA
20262027,20262027,7,"BUF",8476891,"Matt","Grzelcyk","Matt Grzelcyk","D","current_roster",TRUE,"2026-10-10T18:37:37.108Z","2026-10-10_183528_38076385967_1_3277d3d56c734dd4b736386363cae6b6",2026020074,"2026-10-10","2026-10-10T23:00:00Z","FUT","Mammoth","2026-10-10T18:37:36.511Z","https://www.nhl.com/news/nhl-lineup-projections-2026-27-season","2026-10-10",1,"matched",TRUE,0,NA,NA,NA,1,NA,NA
20262027,20262027,7,"BUF",8484305,"Zach","Metsa","Zach Metsa","D","current_roster",TRUE,"2026-10-10T18:37:37.110Z","2026-10-10_183528_38076385967_1_3277d3d56c734dd4b736386363cae6b6",2026020074,"2026-10-10","2026-10-10T23:00:00Z","FUT","Mammoth","2026-10-10T18:37:36.511Z","https://www.nhl.com/news/nhl-lineup-projections-2026-27-season","2026-10-10",1,"matched",TRUE,1,NA,3,NA,0,NA,NA
20262027,20262027,7,"BUF",8482671,"Owen","Power","Owen Power","D","current_roster",TRUE,"2026-10-10T18:37:37.112Z","2026-10-10_183528_38076385967_1_3277d3d56c734dd4b736386363cae6b6",2026020074,"2026-10-10","2026-10-10T23:00:00Z","FUT","Mammoth","2026-10-10T18:37:36.511Z","https://www.nhl.com/news/nhl-lineup-projections-2026-27-season","2026-10-10",1,"matched",TRUE,1,NA,2,NA,0,NA,NA
20262027,20262027,7,"BUF",8480807,"Mattias","Samuelsson","Mattias Samuelsson","D","current_roster",TRUE,"2026-10-10T18:37:37.114Z","2026-10-10_183528_38076385967_1_3277d3d56c734dd4b736386363cae6b6",2026020074,"2026-10-10","2026-10-10T23:00:00Z","FUT","Mammoth","2026-10-10T18:37:36.511Z","https://www.nhl.com/news/nhl-lineup-projections-2026-27-season","2026-10-10",1,"matched",TRUE,1,NA,1,NA,0,NA,NA
20262027,20262027,7,"BUF",8479982,"Conor","Timmins","Conor Timmins","D","current_roster",TRUE,"2026-10-10T18:37:37.116Z","2026-10-10_183528_38076385967_1_3277d3d56c734dd4b736386363cae6b6",2026020074,"2026-10-10","2026-10-10T23:00:00Z","FUT","Mammoth","2026-10-10T18:37:36.511Z","https://www.nhl.com/news/nhl-lineup-projections-2026-27-season","2026-10-10",1,"matched",TRUE,0,NA,NA,NA,0,NA,"lower body"
20262027,20262027,7,"BUF",8482803,"Olen","Zellweger","Olen Zellweger","D","current_roster",TRUE,"2026-10-10T18:37:37.118Z","2026-10-10_183528_38076385967_1_3277d3d56c734dd4b736386363cae6b6",2026020074,"2026-10-10","2026-10-10T23:00:00Z","FUT","Mammoth","2026-10-10T18:37:36.511Z","https://www.nhl.com/news/nhl-lineup-projections-2026-27-season","2026-10-10",1,"matched",TRUE,1,NA,2,NA,0,NA,NA
20262027,20262027,7,"BUF",8481551,"Colten","Ellis","Colten Ellis","G","current_roster",TRUE,"2026-10-10T18:37:37.123Z","2026-10-10_183528_38076385967_1_3277d3d56c734dd4b736386363cae6b6",2026020074,"2026-10-10","2026-10-10T23:00:00Z","FUT","Mammoth","2026-10-10T18:37:36.511Z","https://www.nhl.com/news/nhl-lineup-projections-2026-27-season","2026-10-10",1,"matched",TRUE,1,NA,NA,"starter",0,NA,NA
20262027,20262027,7,"BUF",8480045,"Ukko-Pekka","Luukkonen","Ukko-Pekka Luukkonen","G","current_roster",TRUE,"2026-10-10T18:37:37.125Z","2026-10-10_183528_38076385967_1_3277d3d56c734dd4b736386363cae6b6",2026020074,"2026-10-10","2026-10-10T23:00:00Z","FUT","Mammoth","2026-10-10T18:37:36.511Z","https://www.nhl.com/news/nhl-lineup-projections-2026-27-season","2026-10-10",1,"matched",TRUE,1,NA,NA,"backup",0,NA,NA
20262027,20262027,7,"BUF",8479312,"Alex","Lyon","Alex Lyon","G","current_roster",TRUE,"2026-10-10T18:37:37.127Z","2026-10-10_183528_38076385967_1_3277d3d56c734dd4b736386363cae6b6",2026020074,"2026-10-10","2026-10-10T23:00:00Z","FUT","Mammoth","2026-10-10T18:37:36.511Z","https://www.nhl.com/news/nhl-lineup-projections-2026-27-season","2026-10-10",1,"matched",TRUE,0,NA,NA,NA,0,NA,"upper body"
20262027,20262027,17,"DET",8478891,"Mason","Appleton","Mason Appleton","F","current_roster",TRUE,"2026-10-10T18:37:37.638Z","2026-10-10_183528_38076385967_1_3277d3d56c734dd4b736386363cae6b6",2026020075,"2026-10-10","2026-10-10T23:00:00Z","FUT","Canadiens","2026-10-10T18:37:36.511Z","https://www.nhl.com/news/nhl-lineup-projections-2026-27-season","2026-10-10",1,"matched",TRUE,0,NA,NA,NA,0,1,"undisclosed"
20262027,20262027,17,"DET",8478042,"Viktor","Arvidsson","Viktor Arvidsson","F","current_roster",TRUE,"2026-10-10T18:37:37.640Z","2026-10-10_183528_38076385967_1_3277d3d56c734dd4b736386363cae6b6",2026020075,"2026-10-10","2026-10-10T23:00:00Z","FUT","Canadiens","2026-10-10T18:37:36.511Z","https://www.nhl.com/news/nhl-lineup-projections-2026-27-season","2026-10-10",1,"matched",TRUE,1,1,NA,NA,0,0,NA
20262027,20262027,17,"DET",8484794,"Michael","Brandsegg-Nygård","Michael Brandsegg-Nygård","F","current_roster",TRUE,"2026-10-10T18:37:37.642Z","2026-10-10_183528_38076385967_1_3277d3d56c734dd4b736386363cae6b6",2026020075,"2026-10-10","2026-10-10T23:00:00Z","FUT","Canadiens","2026-10-10T18:37:36.511Z","https://www.nhl.com/news/nhl-lineup-projections-2026-27-season","2026-10-10",1,"matched",TRUE,1,2,NA,NA,0,0,NA
20262027,20262027,17,"DET",8477456,"J.T.","Compher","J.T. Compher","F","current_roster",TRUE,"2026-10-10T18:37:37.644Z","2026-10-10_183528_38076385967_1_3277d3d56c734dd4b736386363cae6b6",2026020075,"2026-10-10","2026-10-10T23:00:00Z","FUT","Canadiens","2026-10-10T18:37:36.511Z","https://www.nhl.com/news/nhl-lineup-projections-2026-27-season","2026-10-10",1,"matched",TRUE,0,NA,NA,NA,0,1,"undisclosed"
20262027,20262027,17,"DET",8477429,"Andrew","Copp","Andrew Copp","F","current_roster",TRUE,"2026-10-10T18:37:37.646Z","2026-10-10_183528_38076385967_1_3277d3d56c734dd4b736386363cae6b6",2026020075,"2026-10-10","2026-10-10T23:00:00Z","FUT","Canadiens","2026-10-10T18:37:36.511Z","https://www.nhl.com/news/nhl-lineup-projections-2026-27-season","2026-10-10",1,"matched",TRUE,1,3,NA,NA,0,0,NA
20262027,20262027,17,"DET",8484160,"Nate","Danielson","Nate Danielson","F","current_roster",TRUE,"2026-10-10T18:37:37.648Z","2026-10-10_183528_38076385967_1_3277d3d56c734dd4b736386363cae6b6",2026020075,"2026-10-10","2026-10-10T23:00:00Z","FUT","Canadiens","2026-10-10T18:37:36.511Z","https://www.nhl.com/news/nhl-lineup-projections-2026-27-season","2026-10-10",1,"matched",TRUE,1,4,NA,NA,0,0,NA
20262027,20262027,17,"DET",8479337,"Alex","DeBrincat","Alex DeBrincat","F","current_roster",TRUE,"2026-10-10T18:37:37.650Z","2026-10-10_183528_38076385967_1_3277d3d56c734dd4b736386363cae6b6",2026020075,"2026-10-10","2026-10-10T23:00:00Z","FUT","Canadiens","2026-10-10T18:37:36.511Z","https://www.nhl.com/news/nhl-lineup-projections-2026-27-season","2026-10-10",1,"matched",TRUE,1,2,NA,NA,0,0,NA
20262027,20262027,17,"DET",8480326,"Sheldon","Dries","Sheldon Dries","F","current_roster",TRUE,"2026-10-10T18:37:37.651Z","2026-10-10_183528_38076385967_1_3277d3d56c734dd4b736386363cae6b6",2026020075,"2026-10-10","2026-10-10T23:00:00Z","FUT","Canadiens","2026-10-10T18:37:36.511Z","https://www.nhl.com/news/nhl-lineup-projections-2026-27-season","2026-10-10",1,"matched",TRUE,0,NA,NA,NA,0,0,NA
20262027,20262027,17,"DET",8484471,"Emmitt","Finnie","Emmitt Finnie","F","current_roster",TRUE,"2026-10-10T18:37:37.653Z","2026-10-10_183528_38076385967_1_3277d3d56c734dd4b736386363cae6b6",2026020075,"2026-10-10","2026-10-10T23:00:00Z","FUT","Canadiens","2026-10-10T18:37:36.511Z","https://www.nhl.com/news/nhl-lineup-projections-2026-27-season","2026-10-10",1,"matched",TRUE,1,2,NA,NA,0,0,NA
20262027,20262027,17,"DET",8483464,"Marco","Kasper","Marco Kasper","F","current_roster",TRUE,"2026-10-10T18:37:37.655Z","2026-10-10_183528_38076385967_1_3277d3d56c734dd4b736386363cae6b6",2026020075,"2026-10-10","2026-10-10T23:00:00Z","FUT","Canadiens","2026-10-10T18:37:36.511Z","https://www.nhl.com/news/nhl-lineup-projections-2026-27-season","2026-10-10",1,"matched",TRUE,0,NA,NA,NA,0,1,"upper body"
20262027,20262027,17,"DET",8478434,"Keegan","Kolesar","Keegan Kolesar","F","current_roster",TRUE,"2026-10-10T18:37:37.657Z","2026-10-10_183528_38076385967_1_3277d3d56c734dd4b736386363cae6b6",2026020075,"2026-10-10","2026-10-10T23:00:00Z","FUT","Canadiens","2026-10-10T18:37:36.511Z","https://www.nhl.com/news/nhl-lineup-projections-2026-27-season","2026-10-10",1,"matched",TRUE,1,3,NA,NA,0,0,NA
20262027,20262027,17,"DET",8477946,"Dylan","Larkin","Dylan Larkin","F","current_roster",TRUE,"2026-10-10T18:37:37.659Z","2026-10-10_183528_38076385967_1_3277d3d56c734dd4b736386363cae6b6",2026020075,"2026-10-10","2026-10-10T23:00:00Z","FUT","Canadiens","2026-10-10T18:37:36.511Z","https://www.nhl.com/news/nhl-lineup-projections-2026-27-season","2026-10-10",1,"matched",TRUE,1,1,NA,NA,0,0,NA
20262027,20262027,17,"DET",8482802,"Carter","Mazur","Carter Mazur","F","current_roster",TRUE,"2026-10-10T18:37:37.661Z","2026-10-10_183528_38076385967_1_3277d3d56c734dd4b736386363cae6b6",2026020075,"2026-10-10","2026-10-10T23:00:00Z","FUT","Canadiens","2026-10-10T18:37:36.511Z","https://www.nhl.com/news/nhl-lineup-projections-2026-27-season","2026-10-10",1,"matched",TRUE,1,4,NA,NA,0,0,NA
20262027,20262027,17,"DET",8479992,"Michael","Rasmussen","Michael Rasmussen","F","current_roster",TRUE,"2026-10-10T18:37:37.663Z","2026-10-10_183528_38076385967_1_3277d3d56c734dd4b736386363cae6b6",2026020075,"2026-10-10","2026-10-10T23:00:00Z","FUT","Canadiens","2026-10-10T18:37:36.511Z","https://www.nhl.com/news/nhl-lineup-projections-2026-27-season","2026-10-10",1,"matched",TRUE,1,3,NA,NA,0,0,NA
20262027,20262027,17,"DET",8482078,"Lucas","Raymond","Lucas Raymond","F","current_roster",TRUE,"2026-10-10T18:37:37.665Z","2026-10-10_183528_38076385967_1_3277d3d56c734dd4b736386363cae6b6",2026020075,"2026-10-10","2026-10-10T23:00:00Z","FUT","Canadiens","2026-10-10T18:37:36.511Z","https://www.nhl.com/news/nhl-lineup-projections-2026-27-season","2026-10-10",1,"matched",TRUE,1,1,NA,NA,0,0,NA
20262027,20262027,17,"DET",8480879,"Jacob","Bernard-Docker","Jacob Bernard-Docker","D","current_roster",TRUE,"2026-10-10T18:37:37.667Z","2026-10-10_183528_38076385967_1_3277d3d56c734dd4b736386363cae6b6",2026020075,"2026-10-10","2026-10-10T23:00:00Z","FUT","Canadiens","2026-10-10T18:37:36.511Z","https://www.nhl.com/news/nhl-lineup-projections-2026-27-season","2026-10-10",1,"matched",TRUE,0,NA,NA,NA,1,0,NA
20262027,20262027,17,"DET",8475279,"Ben","Chiarot","Ben Chiarot","D","current_roster",TRUE,"2026-10-10T18:37:37.669Z","2026-10-10_183528_38076385967_1_3277d3d56c734dd4b736386363cae6b6",2026020075,"2026-10-10","2026-10-10T23:00:00Z","FUT","Canadiens","2026-10-10T18:37:36.511Z","https://www.nhl.com/news/nhl-lineup-projections-2026-27-season","2026-10-10",1,"matched",TRUE,1,NA,2,NA,0,0,NA
20262027,20262027,17,"DET",8477971,"Andreas","Englund","Andreas Englund","D","current_roster",TRUE,"2026-10-10T18:37:37.674Z","2026-10-10_183528_38076385967_1_3277d3d56c734dd4b736386363cae6b6",2026020075,"2026-10-10","2026-10-10T23:00:00Z","FUT","Canadiens","2026-10-10T18:37:36.511Z","https://www.nhl.com/news/nhl-lineup-projections-2026-27-season","2026-10-10",1,"matched",TRUE,0,NA,NA,NA,1,0,NA
20262027,20262027,17,"DET",8475753,"Justin","Faulk","Justin Faulk","D","current_roster",TRUE,"2026-10-10T18:37:37.676Z","2026-10-10_183528_38076385967_1_3277d3d56c734dd4b736386363cae6b6",2026020075,"2026-10-10","2026-10-10T23:00:00Z","FUT","Canadiens","2026-10-10T18:37:36.511Z","https://www.nhl.com/news/nhl-lineup-projections-2026-27-season","2026-10-10",1,"matched",TRUE,1,NA,3,NA,0,0,NA
20262027,20262027,17,"DET",8481607,"Albert","Johansson","Albert Johansson","D","current_roster",TRUE,"2026-10-10T18:37:37.678Z","2026-10-10_183528_38076385967_1_3277d3d56c734dd4b736386363cae6b6",2026020075,"2026-10-10","2026-10-10T23:00:00Z","FUT","Canadiens","2026-10-10T18:37:36.511Z","https://www.nhl.com/news/nhl-lineup-projections-2026-27-season","2026-10-10",1,"matched",TRUE,1,NA,1,NA,0,0,NA
20262027,20262027,17,"DET",8483679,"Anton","Johansson","Anton Johansson","D","current_roster",TRUE,"2026-10-10T18:37:37.680Z","2026-10-10_183528_38076385967_1_3277d3d56c734dd4b736386363cae6b6",2026020075,"2026-10-10","2026-10-10T23:00:00Z","FUT","Canadiens","2026-10-10T18:37:36.511Z","https://www.nhl.com/news/nhl-lineup-projections-2026-27-season","2026-10-10",1,"matched",TRUE,1,NA,2,NA,0,0,NA
20262027,20262027,17,"DET",8484223,"Axel","Sandin-Pellikka","Axel Sandin-Pellikka","D","current_roster",TRUE,"2026-10-10T18:37:37.682Z","2026-10-10_183528_38076385967_1_3277d3d56c734dd4b736386363cae6b6",2026020075,"2026-10-10","2026-10-10T23:00:00Z","FUT","Canadiens","2026-10-10T18:37:36.511Z","https://www.nhl.com/news/nhl-lineup-projections-2026-27-season","2026-10-10",1,"matched",TRUE,1,NA,4,NA,0,0,NA
20262027,20262027,17,"DET",8481542,"Moritz","Seider","Moritz Seider","D","current_roster",TRUE,"2026-10-10T18:37:37.684Z","2026-10-10_183528_38076385967_1_3277d3d56c734dd4b736386363cae6b6",2026020075,"2026-10-10","2026-10-10T23:00:00Z","FUT","Canadiens","2026-10-10T18:37:36.511Z","https://www.nhl.com/news/nhl-lineup-projections-2026-27-season","2026-10-10",1,"matched",TRUE,1,NA,1,NA,0,0,NA
20262027,20262027,17,"DET",8482171,"William","Wallinder","William Wallinder","D","current_roster",TRUE,"2026-10-10T18:37:37.686Z","2026-10-10_183528_38076385967_1_3277d3d56c734dd4b736386363cae6b6",2026020075,"2026-10-10","2026-10-10T23:00:00Z","FUT","Canadiens","2026-10-10T18:37:36.511Z","https://www.nhl.com/news/nhl-lineup-projections-2026-27-season","2026-10-10",1,"matched",TRUE,1,NA,3,NA,0,0,NA
20262027,20262027,17,"DET",8476434,"John","Gibson","John Gibson","G","current_roster",TRUE,"2026-10-10T18:37:37.688Z","2026-10-10_183528_38076385967_1_3277d3d56c734dd4b736386363cae6b6",2026020075,"2026-10-10","2026-10-10T23:00:00Z","FUT","Canadiens","2026-10-10T18:37:36.511Z","https://www.nhl.com/news/nhl-lineup-projections-2026-27-season","2026-10-10",1,"matched",TRUE,1,NA,NA,"backup",0,0,NA
20262027,20262027,17,"DET",8480193,"Daniil","Tarasov","Daniil Tarasov","G","current_roster",TRUE,"2026-10-10T18:37:37.690Z","2026-10-10_183528_38076385967_1_3277d3d56c734dd4b736386363cae6b6",2026020075,"2026-10-10","2026-10-10T23:00:00Z","FUT","Canadiens","2026-10-10T18:37:36.511Z","https://www.nhl.com/news/nhl-lineup-projections-2026-27-season","2026-10-10",1,"matched",TRUE,1,NA,NA,"starter",0,0,NA
20262027,20262027,8,"MTL",8476981,"Josh","Anderson","Josh Anderson","F","current_roster",TRUE,"2026-10-10T18:37:37.024Z","2026-10-10_183528_38076385967_1_3277d3d56c734dd4b736386363cae6b6",2026020075,"2026-10-10","2026-10-10T23:00:00Z","FUT","Red Wings","2026-10-10T18:37:36.511Z","https://www.nhl.com/news/nhl-lineup-projections-2026-27-season","2026-10-10",1,"matched",TRUE,1,2,NA,NA,0,0,NA
20262027,20262027,8,"MTL",8482737,"Zachary","Bolduc","Zachary Bolduc","F","current_roster",TRUE,"2026-10-10T18:37:37.026Z","2026-10-10_183528_38076385967_1_3277d3d56c734dd4b736386363cae6b6",2026020075,"2026-10-10","2026-10-10T23:00:00Z","FUT","Red Wings","2026-10-10T18:37:36.511Z","https://www.nhl.com/news/nhl-lineup-projections-2026-27-season","2026-10-10",1,"matched",TRUE,1,3,NA,NA,0,0,NA
20262027,20262027,8,"MTL",8481540,"Cole","Caufield","Cole Caufield","F","current_roster",TRUE,"2026-10-10T18:37:37.028Z","2026-10-10_183528_38076385967_1_3277d3d56c734dd4b736386363cae6b6",2026020075,"2026-10-10","2026-10-10T23:00:00Z","FUT","Red Wings","2026-10-10T18:37:36.511Z","https://www.nhl.com/news/nhl-lineup-projections-2026-27-season","2026-10-10",1,"matched",TRUE,1,1,NA,NA,0,0,NA
20262027,20262027,8,"MTL",8481523,"Kirby","Dach","Kirby Dach","F","current_roster",TRUE,"2026-10-10T18:37:37.030Z","2026-10-10_183528_38076385967_1_3277d3d56c734dd4b736386363cae6b6",2026020075,"2026-10-10","2026-10-10T23:00:00Z","FUT","Red Wings","2026-10-10T18:37:36.511Z","https://www.nhl.com/news/nhl-lineup-projections-2026-27-season","2026-10-10",1,"matched",TRUE,1,4,NA,NA,0,0,NA
20262027,20262027,8,"MTL",8476479,"Phillip","Danault","Phillip Danault","F","current_roster",TRUE,"2026-10-10T18:37:37.032Z","2026-10-10_183528_38076385967_1_3277d3d56c734dd4b736386363cae6b6",2026020075,"2026-10-10","2026-10-10T23:00:00Z","FUT","Red Wings","2026-10-10T18:37:36.511Z","https://www.nhl.com/news/nhl-lineup-projections-2026-27-season","2026-10-10",1,"matched",TRUE,1,3,NA,NA,0,0,NA
20262027,20262027,8,"MTL",8484984,"Ivan","Demidov","Ivan Demidov","F","current_roster",TRUE,"2026-10-10T18:37:37.034Z","2026-10-10_183528_38076385967_1_3277d3d56c734dd4b736386363cae6b6",2026020075,"2026-10-10","2026-10-10T23:00:00Z","FUT","Red Wings","2026-10-10T18:37:36.511Z","https://www.nhl.com/news/nhl-lineup-projections-2026-27-season","2026-10-10",1,"matched",TRUE,0,NA,NA,NA,0,1,"lower body"
20262027,20262027,8,"MTL",8478133,"Jake","Evans","Jake Evans","F","current_roster",TRUE,"2026-10-10T18:37:37.036Z","2026-10-10_183528_38076385967_1_3277d3d56c734dd4b736386363cae6b6",2026020075,"2026-10-10","2026-10-10T23:00:00Z","FUT","Red Wings","2026-10-10T18:37:36.511Z","https://www.nhl.com/news/nhl-lineup-projections-2026-27-season","2026-10-10",1,"matched",TRUE,1,4,NA,NA,0,0,NA
20262027,20262027,8,"MTL",8482775,"Oliver","Kapanen","Oliver Kapanen","F","current_roster",TRUE,"2026-10-10T18:37:37.038Z","2026-10-10_183528_38076385967_1_3277d3d56c734dd4b736386363cae6b6",2026020075,"2026-10-10","2026-10-10T23:00:00Z","FUT","Red Wings","2026-10-10T18:37:36.511Z","https://www.nhl.com/news/nhl-lineup-projections-2026-27-season","2026-10-10",1,"matched",TRUE,0,NA,NA,NA,0,1,"lower body"
20262027,20262027,8,"MTL",8475184,"Chris","Kreider","Chris Kreider","F","current_roster",TRUE,"2026-10-10T18:37:37.040Z","2026-10-10_183528_38076385967_1_3277d3d56c734dd4b736386363cae6b6",2026020075,"2026-10-10","2026-10-10T23:00:00Z","FUT","Red Wings","2026-10-10T18:37:36.511Z","https://www.nhl.com/news/nhl-lineup-projections-2026-27-season","2026-10-10",1,"matched",TRUE,1,2,NA,NA,0,0,NA
20262027,20262027,8,"MTL",8481618,"Alex","Newhook","Alex Newhook","F","current_roster",TRUE,"2026-10-10T18:37:37.042Z","2026-10-10_183528_38076385967_1_3277d3d56c734dd4b736386363cae6b6",2026020075,"2026-10-10","2026-10-10T23:00:00Z","FUT","Red Wings","2026-10-10T18:37:36.511Z","https://www.nhl.com/news/nhl-lineup-projections-2026-27-season","2026-10-10",1,"matched",TRUE,1,2,NA,NA,0,0,NA
20262027,20262027,8,"MTL",8483515,"Juraj","Slafkovský","Juraj Slafkovský","F","current_roster",TRUE,"2026-10-10T18:37:37.044Z","2026-10-10_183528_38076385967_1_3277d3d56c734dd4b736386363cae6b6",2026020075,"2026-10-10","2026-10-10T23:00:00Z","FUT","Red Wings","2026-10-10T18:37:36.511Z","https://www.nhl.com/news/nhl-lineup-projections-2026-27-season","2026-10-10",1,"matched",TRUE,1,1,NA,NA,0,0,NA
20262027,20262027,8,"MTL",8480018,"Nick","Suzuki","Nick Suzuki","F","current_roster",TRUE,"2026-10-10T18:37:37.046Z","2026-10-10_183528_38076385967_1_3277d3d56c734dd4b736386363cae6b6",2026020075,"2026-10-10","2026-10-10T23:00:00Z","FUT","Red Wings","2026-10-10T18:37:36.511Z","https://www.nhl.com/news/nhl-lineup-projections-2026-27-season","2026-10-10",1,"matched",TRUE,1,1,NA,NA,0,0,NA
20262027,20262027,8,"MTL",8480074,"Alexandre","Texier","Alexandre Texier","F","current_roster",TRUE,"2026-10-10T18:37:37.048Z","2026-10-10_183528_38076385967_1_3277d3d56c734dd4b736386363cae6b6",2026020075,"2026-10-10","2026-10-10T23:00:00Z","FUT","Red Wings","2026-10-10T18:37:36.511Z","https://www.nhl.com/news/nhl-lineup-projections-2026-27-season","2026-10-10",1,"matched",TRUE,1,3,NA,NA,0,0,NA
20262027,20262027,8,"MTL",8484403,"Florian","Xhekaj","Florian Xhekaj","F","current_roster",TRUE,"2026-10-10T18:37:37.050Z","2026-10-10_183528_38076385967_1_3277d3d56c734dd4b736386363cae6b6",2026020075,"2026-10-10","2026-10-10T23:00:00Z","FUT","Red Wings","2026-10-10T18:37:36.511Z","https://www.nhl.com/news/nhl-lineup-projections-2026-27-season","2026-10-10",1,"matched",TRUE,0,NA,NA,NA,0,1,"undisclosed"
20262027,20262027,8,"MTL",8478851,"Alexandre","Carrier","Alexandre Carrier","D","current_roster",TRUE,"2026-10-10T18:37:37.052Z","2026-10-10_183528_38076385967_1_3277d3d56c734dd4b736386363cae6b6",2026020075,"2026-10-10","2026-10-10T23:00:00Z","FUT","Red Wings","2026-10-10T18:37:36.511Z","https://www.nhl.com/news/nhl-lineup-projections-2026-27-season","2026-10-10",1,"matched",TRUE,1,NA,2,NA,0,0,NA
20262027,20262027,8,"MTL",8480865,"Noah","Dobson","Noah Dobson","D","current_roster",TRUE,"2026-10-10T18:37:37.054Z","2026-10-10_183528_38076385967_1_3277d3d56c734dd4b736386363cae6b6",2026020075,"2026-10-10","2026-10-10T23:00:00Z","FUT","Red Wings","2026-10-10T18:37:36.511Z","https://www.nhl.com/news/nhl-lineup-projections-2026-27-season","2026-10-10",1,"matched",TRUE,1,NA,1,NA,0,0,NA
20262027,20262027,8,"MTL",8483686,"Adam","Engstrom","Adam Engstrom","D","current_roster",TRUE,"2026-10-10T18:37:37.056Z","2026-10-10_183528_38076385967_1_3277d3d56c734dd4b736386363cae6b6",2026020075,"2026-10-10","2026-10-10T23:00:00Z","FUT","Red Wings","2026-10-10T18:37:36.511Z","https://www.nhl.com/news/nhl-lineup-projections-2026-27-season","2026-10-10",1,"matched",TRUE,1,NA,3,NA,0,0,NA
20262027,20262027,8,"MTL",8482087,"Kaiden","Guhle","Kaiden Guhle","D","current_roster",TRUE,"2026-10-10T18:37:37.061Z","2026-10-10_183528_38076385967_1_3277d3d56c734dd4b736386363cae6b6",2026020075,"2026-10-10","2026-10-10T23:00:00Z","FUT","Red Wings","2026-10-10T18:37:36.511Z","https://www.nhl.com/news/nhl-lineup-projections-2026-27-season","2026-10-10",1,"matched",TRUE,1,NA,3,NA,0,0,NA
20262027,20262027,8,"MTL",8483457,"Lane","Hutson","Lane Hutson","D","current_roster",TRUE,"2026-10-10T18:37:37.063Z","2026-10-10_183528_38076385967_1_3277d3d56c734dd4b736386363cae6b6",2026020075,"2026-10-10","2026-10-10T23:00:00Z","FUT","Red Wings","2026-10-10T18:37:36.511Z","https://www.nhl.com/news/nhl-lineup-projections-2026-27-season","2026-10-10",1,"matched",TRUE,1,NA,1,NA,0,0,NA
20262027,20262027,8,"MTL",8476875,"Mike","Matheson","Mike Matheson","D","current_roster",TRUE,"2026-10-10T18:37:37.065Z","2026-10-10_183528_38076385967_1_3277d3d56c734dd4b736386363cae6b6",2026020075,"2026-10-10","2026-10-10T23:00:00Z","FUT","Red Wings","2026-10-10T18:37:36.511Z","https://www.nhl.com/news/nhl-lineup-projections-2026-27-season","2026-10-10",1,"matched",TRUE,1,NA,2,NA,0,0,NA
20262027,20262027,8,"MTL",8482964,"Arber","Xhekaj","Arber Xhekaj","D","current_roster",TRUE,"2026-10-10T18:37:37.067Z","2026-10-10_183528_38076385967_1_3277d3d56c734dd4b736386363cae6b6",2026020075,"2026-10-10","2026-10-10T23:00:00Z","FUT","Red Wings","2026-10-10T18:37:36.511Z","https://www.nhl.com/news/nhl-lineup-projections-2026-27-season","2026-10-10",1,"matched",TRUE,1,NA,4,NA,0,0,NA
20262027,20262027,8,"MTL",8482487,"Jakub","Dobes","Jakub Dobes","G","current_roster",TRUE,"2026-10-10T18:37:37.070Z","2026-10-10_183528_38076385967_1_3277d3d56c734dd4b736386363cae6b6",2026020075,"2026-10-10","2026-10-10T23:00:00Z","FUT","Red Wings","2026-10-10T18:37:36.511Z","https://www.nhl.com/news/nhl-lineup-projections-2026-27-season","2026-10-10",1,"matched",TRUE,1,NA,NA,"backup",0,0,NA
20262027,20262027,8,"MTL",8484170,"Jacob","Fowler","Jacob Fowler","G","current_roster",TRUE,"2026-10-10T18:37:37.072Z","2026-10-10_183528_38076385967_1_3277d3d56c734dd4b736386363cae6b6",2026020075,"2026-10-10","2026-10-10T23:00:00Z","FUT","Red Wings","2026-10-10T18:37:36.511Z","https://www.nhl.com/news/nhl-lineup-projections-2026-27-season","2026-10-10",1,"matched",TRUE,1,NA,NA,"starter",0,0,NA
20262027,20262027,8,"MTL",8478470,"Samuel","Montembeault","Samuel Montembeault","G","current_roster",TRUE,"2026-10-10T18:37:37.074Z","2026-10-10_183528_38076385967_1_3277d3d56c734dd4b736386363cae6b6",2026020075,"2026-10-10","2026-10-10T23:00:00Z","FUT","Red Wings","2026-10-10T18:37:36.511Z","https://www.nhl.com/news/nhl-lineup-projections-2026-27-season","2026-10-10",1,"matched",TRUE,0,NA,NA,NA,0,1,"lower body"
20262027,20262027,18,"NSH",8482145,"Mavrik","Bourque","Mavrik Bourque","F","current_roster",TRUE,"2026-10-10T18:37:37.332Z","2026-10-10_183528_38076385967_1_3277d3d56c734dd4b736386363cae6b6",2026020076,"2026-10-10","2026-10-10T23:00:00Z","FUT","Senators","2026-10-10T18:37:36.511Z","https://www.nhl.com/news/nhl-lineup-projections-2026-27-season","2026-10-10",1,"matched",TRUE,0,NA,NA,NA,0,1,"upper body"
20262027,20262027,18,"NSH",8479525,"Ross","Colton","Ross Colton","F","current_roster",TRUE,"2026-10-10T18:37:37.334Z","2026-10-10_183528_38076385967_1_3277d3d56c734dd4b736386363cae6b6",2026020076,"2026-10-10","2026-10-10T23:00:00Z","FUT","Senators","2026-10-10T18:37:36.511Z","https://www.nhl.com/news/nhl-lineup-projections-2026-27-season","2026-10-10",1,"matched",TRUE,1,4,NA,NA,0,0,NA
20262027,20262027,18,"NSH",8480835,"Jack","Drury","Jack Drury","F","current_roster",TRUE,"2026-10-10T18:37:37.336Z","2026-10-10_183528_38076385967_1_3277d3d56c734dd4b736386363cae6b6",2026020076,"2026-10-10","2026-10-10T23:00:00Z","FUT","Senators","2026-10-10T18:37:36.511Z","https://www.nhl.com/news/nhl-lineup-projections-2026-27-season","2026-10-10",1,"matched",TRUE,1,4,NA,NA,0,0,NA
20262027,20262027,18,"NSH",8481726,"Adam","Edstrom","Adam Edstrom","F","current_roster",TRUE,"2026-10-10T18:37:37.338Z","2026-10-10_183528_38076385967_1_3277d3d56c734dd4b736386363cae6b6",2026020076,"2026-10-10","2026-10-10T23:00:00Z","FUT","Senators","2026-10-10T18:37:36.511Z","https://www.nhl.com/news/nhl-lineup-projections-2026-27-season","2026-10-10",1,"matched",TRUE,1,4,NA,NA,0,0,NA
20262027,20262027,18,"NSH",8476887,"Filip","Forsberg","Filip Forsberg","F","current_roster",TRUE,"2026-10-10T18:37:37.340Z","2026-10-10_183528_38076385967_1_3277d3d56c734dd4b736386363cae6b6",2026020076,"2026-10-10","2026-10-10T23:00:00Z","FUT","Senators","2026-10-10T18:37:36.511Z","https://www.nhl.com/news/nhl-lineup-projections-2026-27-season","2026-10-10",1,"matched",TRUE,1,2,NA,NA,0,0,NA
20262027,20262027,18,"NSH",8481535,"Nils","Hoglander","Nils Hoglander","F","current_roster",TRUE,"2026-10-10T18:37:37.342Z","2026-10-10_183528_38076385967_1_3277d3d56c734dd4b736386363cae6b6",2026020076,"2026-10-10","2026-10-10T23:00:00Z","FUT","Senators","2026-10-10T18:37:36.511Z","https://www.nhl.com/news/nhl-lineup-projections-2026-27-season","2026-10-10",1,"matched",TRUE,1,2,NA,NA,0,0,NA
20262027,20262027,18,"NSH",8477021,"Alexander","Kerfoot","Alexander Kerfoot","F","current_roster",TRUE,"2026-10-10T18:37:37.343Z","2026-10-10_183528_38076385967_1_3277d3d56c734dd4b736386363cae6b6",2026020076,"2026-10-10","2026-10-10T23:00:00Z","FUT","Senators","2026-10-10T18:37:36.511Z","https://www.nhl.com/news/nhl-lineup-projections-2026-27-season","2026-10-10",1,"matched",TRUE,1,3,NA,NA,0,0,NA
20262027,20262027,18,"NSH",8476539,"Jonathan","Marchessault","Jonathan Marchessault","F","current_roster",TRUE,"2026-10-10T18:37:37.345Z","2026-10-10_183528_38076385967_1_3277d3d56c734dd4b736386363cae6b6",2026020076,"2026-10-10","2026-10-10T23:00:00Z","FUT","Senators","2026-10-10T18:37:36.511Z","https://www.nhl.com/news/nhl-lineup-projections-2026-27-season","2026-10-10",1,"matched",TRUE,1,1,NA,NA,0,0,NA
20262027,20262027,18,"NSH",8475158,"Ryan","O'Reilly","Ryan O'Reilly","F","current_roster",TRUE,"2026-10-10T18:37:37.347Z","2026-10-10_183528_38076385967_1_3277d3d56c734dd4b736386363cae6b6",2026020076,"2026-10-10","2026-10-10T23:00:00Z","FUT","Senators","2026-10-10T18:37:36.511Z","https://www.nhl.com/news/nhl-lineup-projections-2026-27-season","2026-10-10",1,"matched",TRUE,1,1,NA,NA,0,0,NA
20262027,20262027,18,"NSH",8486189,"Vitali","Pinchuk","Vitali Pinchuk","F","current_roster",TRUE,"2026-10-10T18:37:37.349Z","2026-10-10_183528_38076385967_1_3277d3d56c734dd4b736386363cae6b6",2026020076,"2026-10-10","2026-10-10T23:00:00Z","FUT","Senators","2026-10-10T18:37:36.511Z","https://www.nhl.com/news/nhl-lineup-projections-2026-27-season","2026-10-10",1,"matched",TRUE,1,3,NA,NA,0,0,NA
20262027,20262027,18,"NSH",8483513,"Reid","Schaefer","Reid Schaefer","F","current_roster",TRUE,"2026-10-10T18:37:37.351Z","2026-10-10_183528_38076385967_1_3277d3d56c734dd4b736386363cae6b6",2026020076,"2026-10-10","2026-10-10T23:00:00Z","FUT","Senators","2026-10-10T18:37:36.511Z","https://www.nhl.com/news/nhl-lineup-projections-2026-27-season","2026-10-10",1,"matched",TRUE,1,3,NA,NA,0,0,NA
20262027,20262027,18,"NSH",8474564,"Steven","Stamkos","Steven Stamkos","F","current_roster",TRUE,"2026-10-10T18:37:37.353Z","2026-10-10_183528_38076385967_1_3277d3d56c734dd4b736386363cae6b6",2026020076,"2026-10-10","2026-10-10T23:00:00Z","FUT","Senators","2026-10-10T18:37:36.511Z","https://www.nhl.com/news/nhl-lineup-projections-2026-27-season","2026-10-10",1,"matched",TRUE,1,1,NA,NA,0,0,NA
20262027,20262027,18,"NSH",8484241,"Matthew","Wood","Matthew Wood","F","current_roster",TRUE,"2026-10-10T18:37:37.355Z","2026-10-10_183528_38076385967_1_3277d3d56c734dd4b736386363cae6b6",2026020076,"2026-10-10","2026-10-10T23:00:00Z","FUT","Senators","2026-10-10T18:37:36.511Z","https://www.nhl.com/news/nhl-lineup-projections-2026-27-season","2026-10-10",1,"matched",TRUE,1,2,NA,NA,0,0,NA
20262027,20262027,18,"NSH",8482072,"Jack","Ahcan","Jack Ahcan","D","current_roster",TRUE,"2026-10-10T18:37:37.357Z","2026-10-10_183528_38076385967_1_3277d3d56c734dd4b736386363cae6b6",2026020076,"2026-10-10","2026-10-10T23:00:00Z","FUT","Senators","2026-10-10T18:37:36.511Z","https://www.nhl.com/news/nhl-lineup-projections-2026-27-season","2026-10-10",1,"matched",TRUE,0,NA,NA,NA,1,0,NA
20262027,20262027,18,"NSH",8479980,"Nicolas","Hague","Nicolas Hague","D","current_roster",TRUE,"2026-10-10T18:37:37.359Z","2026-10-10_183528_38076385967_1_3277d3d56c734dd4b736386363cae6b6",2026020076,"2026-10-10","2026-10-10T23:00:00Z","FUT","Senators","2026-10-10T18:37:36.511Z","https://www.nhl.com/news/nhl-lineup-projections-2026-27-season","2026-10-10",1,"matched",TRUE,1,NA,1,NA,0,0,NA
20262027,20262027,18,"NSH",8474600,"Roman","Josi","Roman Josi","D","current_roster",TRUE,"2026-10-10T18:37:37.361Z","2026-10-10_183528_38076385967_1_3277d3d56c734dd4b736386363cae6b6",2026020076,"2026-10-10","2026-10-10T23:00:00Z","FUT","Senators","2026-10-10T18:37:36.511Z","https://www.nhl.com/news/nhl-lineup-projections-2026-27-season","2026-10-10",1,"matched",TRUE,1,NA,1,NA,0,0,NA
20262027,20262027,18,"NSH",8480950,"Ilya","Lyubushkin","Ilya Lyubushkin","D","current_roster",TRUE,"2026-10-10T18:37:37.363Z","2026-10-10_183528_38076385967_1_3277d3d56c734dd4b736386363cae6b6",2026020076,"2026-10-10","2026-10-10T23:00:00Z","FUT","Senators","2026-10-10T18:37:36.511Z","https://www.nhl.com/news/nhl-lineup-projections-2026-27-season","2026-10-10",1,"matched",TRUE,0,NA,NA,NA,1,0,NA
20262027,20262027,18,"NSH",8480246,"Nick","Perbix","Nick Perbix","D","current_roster",TRUE,"2026-10-10T18:37:37.368Z","2026-10-10_183528_38076385967_1_3277d3d56c734dd4b736386363cae6b6",2026020076,"2026-10-10","2026-10-10T23:00:00Z","FUT","Senators","2026-10-10T18:37:36.511Z","https://www.nhl.com/news/nhl-lineup-projections-2026-27-season","2026-10-10",1,"matched",TRUE,1,NA,2,NA,0,0,NA
20262027,20262027,18,"NSH",8476869,"Brady","Skjei","Brady Skjei","D","current_roster",TRUE,"2026-10-10T18:37:37.370Z","2026-10-10_183528_38076385967_1_3277d3d56c734dd4b736386363cae6b6",2026020076,"2026-10-10","2026-10-10T23:00:00Z","FUT","Senators","2026-10-10T18:37:36.511Z","https://www.nhl.com/news/nhl-lineup-projections-2026-27-season","2026-10-10",1,"matched",TRUE,1,NA,2,NA,0,0,NA
20262027,20262027,18,"NSH",8481593,"Jayden","Struble","Jayden Struble","D","current_roster",TRUE,"2026-10-10T18:37:37.372Z","2026-10-10_183528_38076385967_1_3277d3d56c734dd4b736386363cae6b6",2026020076,"2026-10-10","2026-10-10T23:00:00Z","FUT","Senators","2026-10-10T18:37:36.511Z","https://www.nhl.com/news/nhl-lineup-projections-2026-27-season","2026-10-10",1,"matched",TRUE,1,NA,3,NA,0,0,NA
20262027,20262027,18,"NSH",8482806,"William","Trudeau","William Trudeau","D","current_roster",TRUE,"2026-10-10T18:37:37.374Z","2026-10-10_183528_38076385967_1_3277d3d56c734dd4b736386363cae6b6",2026020076,"2026-10-10","2026-10-10T23:00:00Z","FUT","Senators","2026-10-10T18:37:36.511Z","https://www.nhl.com/news/nhl-lineup-projections-2026-27-season","2026-10-10",1,"matched",TRUE,0,NA,NA,NA,0,1,"upper body"
20262027,20262027,18,"NSH",8482482,"Adam","Wilsby","Adam Wilsby","D","current_roster",TRUE,"2026-10-10T18:37:37.376Z","2026-10-10_183528_38076385967_1_3277d3d56c734dd4b736386363cae6b6",2026020076,"2026-10-10","2026-10-10T23:00:00Z","FUT","Senators","2026-10-10T18:37:36.511Z","https://www.nhl.com/news/nhl-lineup-projections-2026-27-season","2026-10-10",1,"matched",TRUE,1,NA,3,NA,0,0,NA
20262027,20262027,18,"NSH",8481020,"Justus","Annunen","Justus Annunen","G","current_roster",TRUE,"2026-10-10T18:37:37.378Z","2026-10-10_183528_38076385967_1_3277d3d56c734dd4b736386363cae6b6",2026020076,"2026-10-10","2026-10-10T23:00:00Z","FUT","Senators","2026-10-10T18:37:36.511Z","https://www.nhl.com/news/nhl-lineup-projections-2026-27-season","2026-10-10",1,"matched",TRUE,0,NA,NA,NA,0,1,"undisclosed"
20262027,20262027,18,"NSH",8483575,"Matt","Murray","Matt Murray","G","current_roster",TRUE,"2026-10-10T18:37:37.380Z","2026-10-10_183528_38076385967_1_3277d3d56c734dd4b736386363cae6b6",2026020076,"2026-10-10","2026-10-10T23:00:00Z","FUT","Senators","2026-10-10T18:37:36.511Z","https://www.nhl.com/news/nhl-lineup-projections-2026-27-season","2026-10-10",1,"matched",TRUE,1,NA,NA,"backup",0,0,NA
20262027,20262027,18,"NSH",8477424,"Juuse","Saros","Juuse Saros","G","current_roster",TRUE,"2026-10-10T18:37:37.382Z","2026-10-10_183528_38076385967_1_3277d3d56c734dd4b736386363cae6b6",2026020076,"2026-10-10","2026-10-10T23:00:00Z","FUT","Senators","2026-10-10T18:37:36.511Z","https://www.nhl.com/news/nhl-lineup-projections-2026-27-season","2026-10-10",1,"matched",TRUE,1,NA,NA,"starter",0,0,NA
20262027,20262027,25,"DAL",8473994,"Jamie","Benn","Jamie Benn","F","current_roster",TRUE,"2026-10-10T18:37:38.009Z","2026-10-10_183528_38076385967_1_3277d3d56c734dd4b736386363cae6b6",2026020077,"2026-10-10","2026-10-10T23:00:00Z","FUT","Penguins","2026-10-10T18:37:36.511Z","https://www.nhl.com/news/nhl-lineup-projections-2026-27-season","2026-10-10",1,"matched",TRUE,1,2,NA,NA,0,0,NA
20262027,20262027,25,"DAL",8476278,"Colin","Blackwell","Colin Blackwell","F","current_roster",TRUE,"2026-10-10T18:37:38.011Z","2026-10-10_183528_38076385967_1_3277d3d56c734dd4b736386363cae6b6",2026020077,"2026-10-10","2026-10-10T23:00:00Z","FUT","Penguins","2026-10-10T18:37:36.511Z","https://www.nhl.com/news/nhl-lineup-projections-2026-27-season","2026-10-10",1,"matched",TRUE,1,4,NA,NA,0,0,NA
20262027,20262027,25,"DAL",8480840,"Oskar","Bäck","Oskar Bäck","F","current_roster",TRUE,"2026-10-10T18:37:38.013Z","2026-10-10_183528_38076385967_1_3277d3d56c734dd4b736386363cae6b6",2026020077,"2026-10-10","2026-10-10T23:00:00Z","FUT","Penguins","2026-10-10T18:37:36.511Z","https://www.nhl.com/news/nhl-lineup-projections-2026-27-season","2026-10-10",1,"matched",TRUE,1,4,NA,NA,0,0,NA
20262027,20262027,25,"DAL",8475168,"Matt","Duchene","Matt Duchene","F","current_roster",TRUE,"2026-10-10T18:37:38.015Z","2026-10-10_183528_38076385967_1_3277d3d56c734dd4b736386363cae6b6",2026020077,"2026-10-10","2026-10-10T23:00:00Z","FUT","Penguins","2026-10-10T18:37:36.511Z","https://www.nhl.com/news/nhl-lineup-projections-2026-27-season","2026-10-10",1,"matched",TRUE,0,NA,NA,NA,0,1,"lower body"
20262027,20262027,25,"DAL",8476889,"Radek","Faksa","Radek Faksa","F","current_roster",TRUE,"2026-10-10T18:37:38.017Z","2026-10-10_183528_38076385967_1_3277d3d56c734dd4b736386363cae6b6",2026020077,"2026-10-10","2026-10-10T23:00:00Z","FUT","Penguins","2026-10-10T18:37:36.511Z","https://www.nhl.com/news/nhl-lineup-projections-2026-27-season","2026-10-10",1,"matched",TRUE,1,4,NA,NA,0,0,NA
20262027,20262027,25,"DAL",8478449,"Roope","Hintz","Roope Hintz","F","current_roster",TRUE,"2026-10-10T18:37:38.019Z","2026-10-10_183528_38076385967_1_3277d3d56c734dd4b736386363cae6b6",2026020077,"2026-10-10","2026-10-10T23:00:00Z","FUT","Penguins","2026-10-10T18:37:36.511Z","https://www.nhl.com/news/nhl-lineup-projections-2026-27-season","2026-10-10",1,"matched",TRUE,1,2,NA,NA,0,0,NA
20262027,20262027,25,"DAL",8484829,"Justin","Hryckowian","Justin Hryckowian","F","current_roster",TRUE,"2026-10-10T18:37:38.021Z","2026-10-10_183528_38076385967_1_3277d3d56c734dd4b736386363cae6b6",2026020077,"2026-10-10","2026-10-10T23:00:00Z","FUT","Penguins","2026-10-10T18:37:36.511Z","https://www.nhl.com/news/nhl-lineup-projections-2026-27-season","2026-10-10",1,"matched",TRUE,1,3,NA,NA,0,0,NA
20262027,20262027,25,"DAL",8484938,"Arttu","Hyry","Arttu Hyry","F","current_roster",TRUE,"2026-10-10T18:37:38.023Z","2026-10-10_183528_38076385967_1_3277d3d56c734dd4b736386363cae6b6",2026020077,"2026-10-10","2026-10-10T23:00:00Z","FUT","Penguins","2026-10-10T18:37:36.511Z","https://www.nhl.com/news/nhl-lineup-projections-2026-27-season","2026-10-10",1,"matched",TRUE,1,3,NA,NA,0,0,NA
20262027,20262027,25,"DAL",8482740,"Wyatt","Johnston","Wyatt Johnston","F","current_roster",TRUE,"2026-10-10T18:37:38.025Z","2026-10-10_183528_38076385967_1_3277d3d56c734dd4b736386363cae6b6",2026020077,"2026-10-10","2026-10-10T23:00:00Z","FUT","Penguins","2026-10-10T18:37:36.511Z","https://www.nhl.com/news/nhl-lineup-projections-2026-27-season","2026-10-10",1,"matched",TRUE,1,1,NA,NA,0,0,NA
20262027,20262027,25,"DAL",8481641,"Joel","Kiviranta","Joel Kiviranta","F","current_roster",TRUE,"2026-10-10T18:37:38.027Z","2026-10-10_183528_38076385967_1_3277d3d56c734dd4b736386363cae6b6",2026020077,"2026-10-10","2026-10-10T23:00:00Z","FUT","Penguins","2026-10-10T18:37:36.511Z","https://www.nhl.com/news/nhl-lineup-projections-2026-27-season","2026-10-10",1,"matched",TRUE,0,NA,NA,NA,0,1,"lower body"
20262027,20262027,25,"DAL",8478420,"Mikko","Rantanen","Mikko Rantanen","F","current_roster",TRUE,"2026-10-10T18:37:38.029Z","2026-10-10_183528_38076385967_1_3277d3d56c734dd4b736386363cae6b6",2026020077,"2026-10-10","2026-10-10T23:00:00Z","FUT","Penguins","2026-10-10T18:37:36.511Z","https://www.nhl.com/news/nhl-lineup-projections-2026-27-season","2026-10-10",1,"matched",TRUE,1,1,NA,NA,0,0,NA
20262027,20262027,25,"DAL",8480027,"Jason","Robertson","Jason Robertson","F","current_roster",TRUE,"2026-10-10T18:37:38.034Z","2026-10-10_183528_38076385967_1_3277d3d56c734dd4b736386363cae6b6",2026020077,"2026-10-10","2026-10-10T23:00:00Z","FUT","Penguins","2026-10-10T18:37:36.511Z","https://www.nhl.com/news/nhl-lineup-projections-2026-27-season","2026-10-10",1,"matched",TRUE,1,2,NA,NA,0,0,NA
20262027,20262027,25,"DAL",8475794,"Tyler","Seguin","Tyler Seguin","F","current_roster",TRUE,"2026-10-10T18:37:38.036Z","2026-10-10_183528_38076385967_1_3277d3d56c734dd4b736386363cae6b6",2026020077,"2026-10-10","2026-10-10T23:00:00Z","FUT","Penguins","2026-10-10T18:37:36.511Z","https://www.nhl.com/news/nhl-lineup-projections-2026-27-season","2026-10-10",1,"matched",TRUE,1,3,NA,NA,0,0,NA
20262027,20262027,25,"DAL",8479351,"Sam","Steel","Sam Steel","F","current_roster",TRUE,"2026-10-10T18:37:38.038Z","2026-10-10_183528_38076385967_1_3277d3d56c734dd4b736386363cae6b6",2026020077,"2026-10-10","2026-10-10T23:00:00Z","FUT","Penguins","2026-10-10T18:37:36.511Z","https://www.nhl.com/news/nhl-lineup-projections-2026-27-season","2026-10-10",1,"matched",TRUE,1,1,NA,NA,0,0,NA
20262027,20262027,25,"DAL",8483425,"Lian","Bichsel","Lian Bichsel","D","current_roster",TRUE,"2026-10-10T18:37:38.040Z","2026-10-10_183528_38076385967_1_3277d3d56c734dd4b736386363cae6b6",2026020077,"2026-10-10","2026-10-10T23:00:00Z","FUT","Penguins","2026-10-10T18:37:36.511Z","https://www.nhl.com/news/nhl-lineup-projections-2026-27-season","2026-10-10",1,"matched",TRUE,1,NA,3,NA,0,0,NA
20262027,20262027,25,"DAL",8477335,"Kyle","Burroughs","Kyle Burroughs","D","current_roster",TRUE,"2026-10-10T18:37:38.042Z","2026-10-10_183528_38076385967_1_3277d3d56c734dd4b736386363cae6b6",2026020077,"2026-10-10","2026-10-10T23:00:00Z","FUT","Penguins","2026-10-10T18:37:36.511Z","https://www.nhl.com/news/nhl-lineup-projections-2026-27-season","2026-10-10",1,"matched",TRUE,0,NA,NA,NA,0,0,NA
20262027,20262027,25,"DAL",8478476,"Kyle","Capobianco","Kyle Capobianco","D","current_roster",TRUE,"2026-10-10T18:37:38.044Z","2026-10-10_183528_38076385967_1_3277d3d56c734dd4b736386363cae6b6",2026020077,"2026-10-10","2026-10-10T23:00:00Z","FUT","Penguins","2026-10-10T18:37:36.511Z","https://www.nhl.com/news/nhl-lineup-projections-2026-27-season","2026-10-10",1,"matched",TRUE,0,NA,NA,NA,1,0,NA
20262027,20262027,25,"DAL",8481581,"Thomas","Harley","Thomas Harley","D","current_roster",TRUE,"2026-10-10T18:37:38.046Z","2026-10-10_183528_38076385967_1_3277d3d56c734dd4b736386363cae6b6",2026020077,"2026-10-10","2026-10-10T23:00:00Z","FUT","Penguins","2026-10-10T18:37:36.511Z","https://www.nhl.com/news/nhl-lineup-projections-2026-27-season","2026-10-10",1,"matched",TRUE,1,NA,2,NA,0,0,NA
20262027,20262027,25,"DAL",8480036,"Miro","Heiskanen","Miro Heiskanen","D","current_roster",TRUE,"2026-10-10T18:37:38.048Z","2026-10-10_183528_38076385967_1_3277d3d56c734dd4b736386363cae6b6",2026020077,"2026-10-10","2026-10-10T23:00:00Z","FUT","Penguins","2026-10-10T18:37:36.511Z","https://www.nhl.com/news/nhl-lineup-projections-2026-27-season","2026-10-10",1,"matched",TRUE,1,NA,1,NA,0,0,NA
20262027,20262027,25,"DAL",8476902,"Esa","Lindell","Esa Lindell","D","current_roster",TRUE,"2026-10-10T18:37:38.050Z","2026-10-10_183528_38076385967_1_3277d3d56c734dd4b736386363cae6b6",2026020077,"2026-10-10","2026-10-10T23:00:00Z","FUT","Penguins","2026-10-10T18:37:36.511Z","https://www.nhl.com/news/nhl-lineup-projections-2026-27-season","2026-10-10",1,"matched",TRUE,1,NA,1,NA,0,0,NA
20262027,20262027,25,"DAL",8480878,"Nils","Lundkvist","Nils Lundkvist","D","current_roster",TRUE,"2026-10-10T18:37:38.052Z","2026-10-10_183528_38076385967_1_3277d3d56c734dd4b736386363cae6b6",2026020077,"2026-10-10","2026-10-10T23:00:00Z","FUT","Penguins","2026-10-10T18:37:36.511Z","https://www.nhl.com/news/nhl-lineup-projections-2026-27-season","2026-10-10",1,"matched",TRUE,1,NA,2,NA,0,0,NA
20262027,20262027,25,"DAL",8474574,"Tyler","Myers","Tyler Myers","D","current_roster",TRUE,"2026-10-10T18:37:38.054Z","2026-10-10_183528_38076385967_1_3277d3d56c734dd4b736386363cae6b6",2026020077,"2026-10-10","2026-10-10T23:00:00Z","FUT","Penguins","2026-10-10T18:37:36.511Z","https://www.nhl.com/news/nhl-lineup-projections-2026-27-season","2026-10-10",1,"matched",TRUE,1,NA,3,NA,0,0,NA
20262027,20262027,25,"DAL",8479193,"Casey","DeSmith","Casey DeSmith","G","current_roster",TRUE,"2026-10-10T18:37:38.056Z","2026-10-10_183528_38076385967_1_3277d3d56c734dd4b736386363cae6b6",2026020077,"2026-10-10","2026-10-10T23:00:00Z","FUT","Penguins","2026-10-10T18:37:36.511Z","https://www.nhl.com/news/nhl-lineup-projections-2026-27-season","2026-10-10",1,"matched",TRUE,1,NA,NA,"backup",0,0,NA
20262027,20262027,25,"DAL",8479979,"Jake","Oettinger","Jake Oettinger","G","current_roster",TRUE,"2026-10-10T18:37:38.058Z","2026-10-10_183528_38076385967_1_3277d3d56c734dd4b736386363cae6b6",2026020077,"2026-10-10","2026-10-10T23:00:00Z","FUT","Penguins","2026-10-10T18:37:36.511Z","https://www.nhl.com/news/nhl-lineup-projections-2026-27-season","2026-10-10",1,"matched",TRUE,1,NA,NA,"starter",0,0,NA
20262027,20262027,5,"PIT",8479638,"Justin","Brazeau","Justin Brazeau","F","current_roster",TRUE,"2026-10-10T18:37:37.906Z","2026-10-10_183528_38076385967_1_3277d3d56c734dd4b736386363cae6b6",2026020077,"2026-10-10","2026-10-10T23:00:00Z","FUT","Stars","2026-10-10T18:37:36.511Z","https://www.nhl.com/news/nhl-lineup-projections-2026-27-season","2026-10-10",1,"matched",TRUE,0,NA,NA,NA,0,NA,"lower body"
20262027,20262027,5,"PIT",8482475,"Egor","Chinakhov","Egor Chinakhov","F","current_roster",TRUE,"2026-10-10T18:37:37.908Z","2026-10-10_183528_38076385967_1_3277d3d56c734dd4b736386363cae6b6",2026020077,"2026-10-10","2026-10-10T23:00:00Z","FUT","Stars","2026-10-10T18:37:36.511Z","https://www.nhl.com/news/nhl-lineup-projections-2026-27-season","2026-10-10",1,"matched",TRUE,1,2,NA,NA,0,NA,NA
20262027,20262027,5,"PIT",8471675,"Sidney","Crosby","Sidney Crosby","F","current_roster",TRUE,"2026-10-10T18:37:37.910Z","2026-10-10_183528_38076385967_1_3277d3d56c734dd4b736386363cae6b6",2026020077,"2026-10-10","2026-10-10T23:00:00Z","FUT","Stars","2026-10-10T18:37:36.511Z","https://www.nhl.com/news/nhl-lineup-projections-2026-27-season","2026-10-10",1,"matched",TRUE,1,1,NA,NA,0,NA,NA
20262027,20262027,5,"PIT",8480980,"Connor","Dewar","Connor Dewar","F","current_roster",TRUE,"2026-10-10T18:37:37.915Z","2026-10-10_183528_38076385967_1_3277d3d56c734dd4b736386363cae6b6",2026020077,"2026-10-10","2026-10-10T23:00:00Z","FUT","Stars","2026-10-10T18:37:36.511Z","https://www.nhl.com/news/nhl-lineup-projections-2026-27-season","2026-10-10",1,"matched",TRUE,1,4,NA,NA,0,NA,NA
20262027,20262027,5,"PIT",8485414,"Ben","Kindel","Ben Kindel","F","current_roster",TRUE,"2026-10-10T18:37:37.917Z","2026-10-10_183528_38076385967_1_3277d3d56c734dd4b736386363cae6b6",2026020077,"2026-10-10","2026-10-10T23:00:00Z","FUT","Stars","2026-10-10T18:37:36.511Z","https://www.nhl.com/news/nhl-lineup-projections-2026-27-season","2026-10-10",1,"matched",TRUE,1,3,NA,NA,0,NA,NA
20262027,20262027,5,"PIT",8482758,"Ville","Koivunen","Ville Koivunen","F","current_roster",TRUE,"2026-10-10T18:37:37.919Z","2026-10-10_183528_38076385967_1_3277d3d56c734dd4b736386363cae6b6",2026020077,"2026-10-10","2026-10-10T23:00:00Z","FUT","Stars","2026-10-10T18:37:36.511Z","https://www.nhl.com/news/nhl-lineup-projections-2026-27-season","2026-10-10",1,"matched",TRUE,1,3,NA,NA,0,NA,NA
20262027,20262027,5,"PIT",8483808,"Andrei","Kuzmenko","Andrei Kuzmenko","F","current_roster",TRUE,"2026-10-10T18:37:37.921Z","2026-10-10_183528_38076385967_1_3277d3d56c734dd4b736386363cae6b6",2026020077,"2026-10-10","2026-10-10T23:00:00Z","FUT","Stars","2026-10-10T18:37:36.511Z","https://www.nhl.com/news/nhl-lineup-projections-2026-27-season","2026-10-10",1,"matched",TRUE,0,NA,NA,NA,0,NA,NA
20262027,20262027,5,"PIT",8482148,"Hendrix","Lapierre","Hendrix Lapierre","F","current_roster",TRUE,"2026-10-10T18:37:37.923Z","2026-10-10_183528_38076385967_1_3277d3d56c734dd4b736386363cae6b6",2026020077,"2026-10-10","2026-10-10T23:00:00Z","FUT","Stars","2026-10-10T18:37:36.511Z","https://www.nhl.com/news/nhl-lineup-projections-2026-27-season","2026-10-10",1,"matched",TRUE,1,3,NA,NA,0,NA,NA
20262027,20262027,5,"PIT",8481481,"Blake","Lizotte","Blake Lizotte","F","current_roster",TRUE,"2026-10-10T18:37:37.925Z","2026-10-10_183528_38076385967_1_3277d3d56c734dd4b736386363cae6b6",2026020077,"2026-10-10","2026-10-10T23:00:00Z","FUT","Stars","2026-10-10T18:37:36.511Z","https://www.nhl.com/news/nhl-lineup-projections-2026-27-season","2026-10-10",1,"matched",TRUE,1,4,NA,NA,0,NA,NA
20262027,20262027,5,"PIT",8471215,"Evgeni","Malkin","Evgeni Malkin","F","current_roster",TRUE,"2026-10-10T18:37:37.927Z","2026-10-10_183528_38076385967_1_3277d3d56c734dd4b736386363cae6b6",2026020077,"2026-10-10","2026-10-10T23:00:00Z","FUT","Stars","2026-10-10T18:37:36.511Z","https://www.nhl.com/news/nhl-lineup-projections-2026-27-season","2026-10-10",1,"matched",TRUE,1,2,NA,NA,0,NA,NA
20262027,20262027,5,"PIT",8478438,"Tommy","Novak","Tommy Novak","F","current_roster",TRUE,"2026-10-10T18:37:37.929Z","2026-10-10_183528_38076385967_1_3277d3d56c734dd4b736386363cae6b6",2026020077,"2026-10-10","2026-10-10T23:00:00Z","FUT","Stars","2026-10-10T18:37:36.511Z","https://www.nhl.com/news/nhl-lineup-projections-2026-27-season","2026-10-10",1,"matched",TRUE,1,2,NA,NA,0,NA,NA
20262027,20262027,5,"PIT",8476483,"Rickard","Rakell","Rickard Rakell","F","current_roster",TRUE,"2026-10-10T18:37:37.931Z","2026-10-10_183528_38076385967_1_3277d3d56c734dd4b736386363cae6b6",2026020077,"2026-10-10","2026-10-10T23:00:00Z","FUT","Stars","2026-10-10T18:37:36.511Z","https://www.nhl.com/news/nhl-lineup-projections-2026-27-season","2026-10-10",1,"matched",TRUE,1,1,NA,NA,0,NA,NA
20262027,20262027,5,"PIT",8481582,"Nick","Robertson","Nick Robertson","F","current_roster",TRUE,"2026-10-10T18:37:37.932Z","2026-10-10_183528_38076385967_1_3277d3d56c734dd4b736386363cae6b6",2026020077,"2026-10-10","2026-10-10T23:00:00Z","FUT","Stars","2026-10-10T18:37:36.511Z","https://www.nhl.com/news/nhl-lineup-projections-2026-27-season","2026-10-10",1,"matched",TRUE,1,4,NA,NA,0,NA,NA
20262027,20262027,5,"PIT",8475810,"Bryan","Rust","Bryan Rust","F","current_roster",TRUE,"2026-10-10T18:37:37.934Z","2026-10-10_183528_38076385967_1_3277d3d56c734dd4b736386363cae6b6",2026020077,"2026-10-10","2026-10-10T23:00:00Z","FUT","Stars","2026-10-10T18:37:36.511Z","https://www.nhl.com/news/nhl-lineup-projections-2026-27-season","2026-10-10",1,"matched",TRUE,1,1,NA,NA,0,NA,NA
20262027,20262027,5,"PIT",8481725,"Elmer","Soderblom","Elmer Soderblom","F","current_roster",TRUE,"2026-10-10T18:37:37.936Z","2026-10-10_183528_38076385967_1_3277d3d56c734dd4b736386363cae6b6",2026020077,"2026-10-10","2026-10-10T23:00:00Z","FUT","Stars","2026-10-10T18:37:36.511Z","https://www.nhl.com/news/nhl-lineup-projections-2026-27-season","2026-10-10",1,"matched",TRUE,0,NA,NA,NA,1,NA,NA
20262027,20262027,5,"PIT",8483398,"Declan","Carlile","Declan Carlile","D","current_roster",TRUE,"2026-10-10T18:37:37.939Z","2026-10-10_183528_38076385967_1_3277d3d56c734dd4b736386363cae6b6",2026020077,"2026-10-10","2026-10-10T23:00:00Z","FUT","Stars","2026-10-10T18:37:36.511Z","https://www.nhl.com/news/nhl-lineup-projections-2026-27-season","2026-10-10",1,"matched",TRUE,1,NA,1,NA,0,NA,NA
20262027,20262027,5,"PIT",8479398,"Samuel","Girard","Samuel Girard","D","current_roster",TRUE,"2026-10-10T18:37:37.941Z","2026-10-10_183528_38076385967_1_3277d3d56c734dd4b736386363cae6b6",2026020077,"2026-10-10","2026-10-10T23:00:00Z","FUT","Stars","2026-10-10T18:37:36.511Z","https://www.nhl.com/news/nhl-lineup-projections-2026-27-season","2026-10-10",1,"matched",TRUE,1,NA,2,NA,0,NA,NA
20262027,20262027,5,"PIT",8474578,"Erik","Karlsson","Erik Karlsson","D","current_roster",TRUE,"2026-10-10T18:37:37.943Z","2026-10-10_183528_38076385967_1_3277d3d56c734dd4b736386363cae6b6",2026020077,"2026-10-10","2026-10-10T23:00:00Z","FUT","Stars","2026-10-10T18:37:36.511Z","https://www.nhl.com/news/nhl-lineup-projections-2026-27-season","2026-10-10",1,"matched",TRUE,1,NA,1,NA,0,NA,NA
20262027,20262027,5,"PIT",8481527,"Kaedan","Korczak","Kaedan Korczak","D","current_roster",TRUE,"2026-10-10T18:37:37.944Z","2026-10-10_183528_38076385967_1_3277d3d56c734dd4b736386363cae6b6",2026020077,"2026-10-10","2026-10-10T23:00:00Z","FUT","Stars","2026-10-10T18:37:36.511Z","https://www.nhl.com/news/nhl-lineup-projections-2026-27-season","2026-10-10",1,"matched",TRUE,1,NA,2,NA,0,NA,NA
20262027,20262027,5,"PIT",8471724,"Kris","Letang","Kris Letang","D","current_roster",TRUE,"2026-10-10T18:37:37.946Z","2026-10-10_183528_38076385967_1_3277d3d56c734dd4b736386363cae6b6",2026020077,"2026-10-10","2026-10-10T23:00:00Z","FUT","Stars","2026-10-10T18:37:36.511Z","https://www.nhl.com/news/nhl-lineup-projections-2026-27-season","2026-10-10",1,"matched",TRUE,1,NA,3,NA,0,NA,NA
20262027,20262027,5,"PIT",8482470,"Ilya","Solovyov","Ilya Solovyov","D","current_roster",TRUE,"2026-10-10T18:37:37.948Z","2026-10-10_183528_38076385967_1_3277d3d56c734dd4b736386363cae6b6",2026020077,"2026-10-10","2026-10-10T23:00:00Z","FUT","Stars","2026-10-10T18:37:36.511Z","https://www.nhl.com/news/nhl-lineup-projections-2026-27-season","2026-10-10",1,"matched",TRUE,0,NA,NA,NA,1,NA,NA
20262027,20262027,5,"PIT",8481056,"Spencer","Stastney","Spencer Stastney","D","current_roster",TRUE,"2026-10-10T18:37:37.950Z","2026-10-10_183528_38076385967_1_3277d3d56c734dd4b736386363cae6b6",2026020077,"2026-10-10","2026-10-10T23:00:00Z","FUT","Stars","2026-10-10T18:37:36.511Z","https://www.nhl.com/news/nhl-lineup-projections-2026-27-season","2026-10-10",1,"matched",TRUE,0,NA,NA,NA,1,NA,NA
20262027,20262027,5,"PIT",8477845,"Trevor","van Riemsdyk","Trevor van Riemsdyk","D","current_roster",TRUE,"2026-10-10T18:37:37.952Z","2026-10-10_183528_38076385967_1_3277d3d56c734dd4b736386363cae6b6",2026020077,"2026-10-10","2026-10-10T23:00:00Z","FUT","Stars","2026-10-10T18:37:36.511Z","https://www.nhl.com/news/nhl-lineup-projections-2026-27-season","2026-10-10",1,"matched",TRUE,1,NA,3,NA,0,NA,NA
20262027,20262027,5,"PIT",8483703,"Sergei","Murashov","Sergei Murashov","G","current_roster",TRUE,"2026-10-10T18:37:37.955Z","2026-10-10_183528_38076385967_1_3277d3d56c734dd4b736386363cae6b6",2026020077,"2026-10-10","2026-10-10T23:00:00Z","FUT","Stars","2026-10-10T18:37:36.511Z","https://www.nhl.com/news/nhl-lineup-projections-2026-27-season","2026-10-10",1,"matched",TRUE,1,NA,NA,"backup",0,NA,NA
20262027,20262027,5,"PIT",8481668,"Arturs","Silovs","Arturs Silovs","G","current_roster",TRUE,"2026-10-10T18:37:37.957Z","2026-10-10_183528_38076385967_1_3277d3d56c734dd4b736386363cae6b6",2026020077,"2026-10-10","2026-10-10T23:00:00Z","FUT","Stars","2026-10-10T18:37:36.511Z","https://www.nhl.com/news/nhl-lineup-projections-2026-27-season","2026-10-10",1,"matched",TRUE,1,NA,NA,"starter",0,NA,NA
20262027,20262027,19,"STL",8481013,"Jonatan","Berggren","Jonatan Berggren","F","current_roster",TRUE,"2026-10-10T18:37:37.584Z","2026-10-10_183528_38076385967_1_3277d3d56c734dd4b736386363cae6b6",2026020079,"2026-10-10","2026-10-10T23:00:00Z","FUT","Blue Jackets","2026-10-10T18:37:36.511Z","https://www.nhl.com/news/nhl-lineup-projections-2026-27-season","2026-10-10",1,"matched",TRUE,1,2,NA,NA,0,0,NA
20262027,20262027,19,"STL",8477402,"Pavel","Buchnevich","Pavel Buchnevich","F","current_roster",TRUE,"2026-10-10T18:37:37.586Z","2026-10-10_183528_38076385967_1_3277d3d56c734dd4b736386363cae6b6",2026020079,"2026-10-10","2026-10-10T23:00:00Z","FUT","Blue Jackets","2026-10-10T18:37:36.511Z","https://www.nhl.com/news/nhl-lineup-projections-2026-27-season","2026-10-10",1,"matched",TRUE,1,3,NA,NA,0,0,NA
20262027,20262027,19,"STL",8482784,"Zach","Dean","Zach Dean","F","current_roster",TRUE,"2026-10-10T18:37:37.588Z","2026-10-10_183528_38076385967_1_3277d3d56c734dd4b736386363cae6b6",2026020079,"2026-10-10","2026-10-10T23:00:00Z","FUT","Blue Jackets","2026-10-10T18:37:36.511Z","https://www.nhl.com/news/nhl-lineup-projections-2026-27-season","2026-10-10",1,"matched",TRUE,1,4,NA,NA,0,0,NA
20262027,20262027,19,"STL",8479346,"Dillon","Dube","Dillon Dube","F","current_roster",TRUE,"2026-10-10T18:37:37.590Z","2026-10-10_183528_38076385967_1_3277d3d56c734dd4b736386363cae6b6",2026020079,"2026-10-10","2026-10-10T23:00:00Z","FUT","Blue Jackets","2026-10-10T18:37:36.511Z","https://www.nhl.com/news/nhl-lineup-projections-2026-27-season","2026-10-10",1,"matched",TRUE,0,NA,NA,NA,0,1,"neck"
20262027,20262027,19,"STL",8484164,"Dalibor","Dvorsky","Dalibor Dvorsky","F","current_roster",TRUE,"2026-10-10T18:37:37.592Z","2026-10-10_183528_38076385967_1_3277d3d56c734dd4b736386363cae6b6",2026020079,"2026-10-10","2026-10-10T23:00:00Z","FUT","Blue Jackets","2026-10-10T18:37:36.511Z","https://www.nhl.com/news/nhl-lineup-projections-2026-27-season","2026-10-10",1,"matched",TRUE,1,3,NA,NA,0,0,NA
20262027,20262027,19,"STL",8482077,"Dylan","Holloway","Dylan Holloway","F","current_roster",TRUE,"2026-10-10T18:37:37.594Z","2026-10-10_183528_38076385967_1_3277d3d56c734dd4b736386363cae6b6",2026020079,"2026-10-10","2026-10-10T23:00:00Z","FUT","Blue Jackets","2026-10-10T18:37:36.511Z","https://www.nhl.com/news/nhl-lineup-projections-2026-27-season","2026-10-10",1,"matched",TRUE,1,1,NA,NA,0,0,NA
20262027,20262027,19,"STL",8477527,"Ross","Johnston","Ross Johnston","F","current_roster",TRUE,"2026-10-10T18:37:37.596Z","2026-10-10_183528_38076385967_1_3277d3d56c734dd4b736386363cae6b6",2026020079,"2026-10-10","2026-10-10T23:00:00Z","FUT","Blue Jackets","2026-10-10T18:37:36.511Z","https://www.nhl.com/news/nhl-lineup-projections-2026-27-season","2026-10-10",1,"matched",TRUE,1,4,NA,NA,0,0,NA
20262027,20262027,19,"STL",8481580,"Connor","McMichael","Connor McMichael","F","current_roster",TRUE,"2026-10-10T18:37:37.598Z","2026-10-10_183528_38076385967_1_3277d3d56c734dd4b736386363cae6b6",2026020079,"2026-10-10","2026-10-10T23:00:00Z","FUT","Blue Jackets","2026-10-10T18:37:36.511Z","https://www.nhl.com/news/nhl-lineup-projections-2026-27-season","2026-10-10",1,"matched",TRUE,1,2,NA,NA,0,0,NA
20262027,20262027,19,"STL",8482745,"Mason","McTavish","Mason McTavish","F","current_roster",TRUE,"2026-10-10T18:37:37.600Z","2026-10-10_183528_38076385967_1_3277d3d56c734dd4b736386363cae6b6",2026020079,"2026-10-10","2026-10-10T23:00:00Z","FUT","Blue Jackets","2026-10-10T18:37:36.511Z","https://www.nhl.com/news/nhl-lineup-projections-2026-27-season","2026-10-10",1,"matched",TRUE,1,2,NA,NA,0,0,NA
20262027,20262027,19,"STL",8482089,"Jake","Neighbours","Jake Neighbours","F","current_roster",TRUE,"2026-10-10T18:37:37.602Z","2026-10-10_183528_38076385967_1_3277d3d56c734dd4b736386363cae6b6",2026020079,"2026-10-10","2026-10-10T23:00:00Z","FUT","Blue Jackets","2026-10-10T18:37:36.511Z","https://www.nhl.com/news/nhl-lineup-projections-2026-27-season","2026-10-10",1,"matched",TRUE,1,3,NA,NA,0,0,NA
20262027,20262027,19,"STL",8483516,"Jimmy","Snuggerud","Jimmy Snuggerud","F","current_roster",TRUE,"2026-10-10T18:37:37.603Z","2026-10-10_183528_38076385967_1_3277d3d56c734dd4b736386363cae6b6",2026020079,"2026-10-10","2026-10-10T23:00:00Z","FUT","Blue Jackets","2026-10-10T18:37:36.511Z","https://www.nhl.com/news/nhl-lineup-projections-2026-27-season","2026-10-10",1,"matched",TRUE,1,1,NA,NA,0,0,NA
20262027,20262027,19,"STL",8480459,"Pius","Suter","Pius Suter","F","current_roster",TRUE,"2026-10-10T18:37:37.605Z","2026-10-10_183528_38076385967_1_3277d3d56c734dd4b736386363cae6b6",2026020079,"2026-10-10","2026-10-10T23:00:00Z","FUT","Blue Jackets","2026-10-10T18:37:36.511Z","https://www.nhl.com/news/nhl-lineup-projections-2026-27-season","2026-10-10",1,"matched",TRUE,1,4,NA,NA,0,0,NA
20262027,20262027,19,"STL",8480023,"Robert","Thomas","Robert Thomas","F","current_roster",TRUE,"2026-10-10T18:37:37.607Z","2026-10-10_183528_38076385967_1_3277d3d56c734dd4b736386363cae6b6",2026020079,"2026-10-10","2026-10-10T23:00:00Z","FUT","Blue Jackets","2026-10-10T18:37:36.511Z","https://www.nhl.com/news/nhl-lineup-projections-2026-27-season","2026-10-10",1,"matched",TRUE,1,1,NA,NA,0,0,NA
20262027,20262027,19,"STL",8480281,"Alexey","Toropchenko","Alexey Toropchenko","F","current_roster",TRUE,"2026-10-10T18:37:37.609Z","2026-10-10_183528_38076385967_1_3277d3d56c734dd4b736386363cae6b6",2026020079,"2026-10-10","2026-10-10T23:00:00Z","FUT","Blue Jackets","2026-10-10T18:37:36.511Z","https://www.nhl.com/news/nhl-lineup-projections-2026-27-season","2026-10-10",1,"matched",TRUE,0,NA,NA,NA,0,1,"upper body"
20262027,20262027,19,"STL",8482111,"Justin","Barron","Justin Barron","D","current_roster",TRUE,"2026-10-10T18:37:37.615Z","2026-10-10_183528_38076385967_1_3277d3d56c734dd4b736386363cae6b6",2026020079,"2026-10-10","2026-10-10T23:00:00Z","FUT","Blue Jackets","2026-10-10T18:37:36.511Z","https://www.nhl.com/news/nhl-lineup-projections-2026-27-season","2026-10-10",1,"matched",TRUE,1,NA,2,NA,0,0,NA
20262027,20262027,19,"STL",8481598,"Philip","Broberg","Philip Broberg","D","current_roster",TRUE,"2026-10-10T18:37:37.617Z","2026-10-10_183528_38076385967_1_3277d3d56c734dd4b736386363cae6b6",2026020079,"2026-10-10","2026-10-10T23:00:00Z","FUT","Blue Jackets","2026-10-10T18:37:36.511Z","https://www.nhl.com/news/nhl-lineup-projections-2026-27-season","2026-10-10",1,"matched",TRUE,1,NA,1,NA,0,0,NA
20262027,20262027,19,"STL",8478443,"Brandon","Carlo","Brandon Carlo","D","current_roster",TRUE,"2026-10-10T18:37:37.619Z","2026-10-10_183528_38076385967_1_3277d3d56c734dd4b736386363cae6b6",2026020079,"2026-10-10","2026-10-10T23:00:00Z","FUT","Blue Jackets","2026-10-10T18:37:36.511Z","https://www.nhl.com/news/nhl-lineup-projections-2026-27-season","2026-10-10",1,"matched",TRUE,1,NA,3,NA,0,0,NA
20262027,20262027,19,"STL",8475764,"Cam","Fowler","Cam Fowler","D","current_roster",TRUE,"2026-10-10T18:37:37.621Z","2026-10-10_183528_38076385967_1_3277d3d56c734dd4b736386363cae6b6",2026020079,"2026-10-10","2026-10-10T23:00:00Z","FUT","Blue Jackets","2026-10-10T18:37:36.511Z","https://www.nhl.com/news/nhl-lineup-projections-2026-27-season","2026-10-10",1,"matched",TRUE,1,NA,3,NA,0,0,NA
20262027,20262027,19,"STL",8484790,"Adam","Jiricek","Adam Jiricek","D","current_roster",TRUE,"2026-10-10T18:37:37.623Z","2026-10-10_183528_38076385967_1_3277d3d56c734dd4b736386363cae6b6",2026020079,"2026-10-10","2026-10-10T23:00:00Z","FUT","Blue Jackets","2026-10-10T18:37:36.511Z","https://www.nhl.com/news/nhl-lineup-projections-2026-27-season","2026-10-10",1,"matched",TRUE,1,NA,1,NA,0,0,NA
20262027,20262027,19,"STL",8484188,"Theo","Lindstein","Theo Lindstein","D","current_roster",TRUE,"2026-10-10T18:37:37.625Z","2026-10-10_183528_38076385967_1_3277d3d56c734dd4b736386363cae6b6",2026020079,"2026-10-10","2026-10-10T23:00:00Z","FUT","Blue Jackets","2026-10-10T18:37:36.511Z","https://www.nhl.com/news/nhl-lineup-projections-2026-27-season","2026-10-10",1,"matched",TRUE,0,NA,NA,NA,1,0,NA
20262027,20262027,19,"STL",8482733,"Logan","Mailloux","Logan Mailloux","D","current_roster",TRUE,"2026-10-10T18:37:37.627Z","2026-10-10_183528_38076385967_1_3277d3d56c734dd4b736386363cae6b6",2026020079,"2026-10-10","2026-10-10T23:00:00Z","FUT","Blue Jackets","2026-10-10T18:37:36.511Z","https://www.nhl.com/news/nhl-lineup-projections-2026-27-season","2026-10-10",1,"matched",TRUE,0,NA,NA,NA,0,1,"hand"
20262027,20262027,19,"STL",8476892,"Colton","Parayko","Colton Parayko","D","current_roster",TRUE,"2026-10-10T18:37:37.629Z","2026-10-10_183528_38076385967_1_3277d3d56c734dd4b736386363cae6b6",2026020079,"2026-10-10","2026-10-10T23:00:00Z","FUT","Blue Jackets","2026-10-10T18:37:36.511Z","https://www.nhl.com/news/nhl-lineup-projections-2026-27-season","2026-10-10",1,"matched",TRUE,1,NA,2,NA,0,0,NA
20262027,20262027,19,"STL",8481006,"Tyler","Tucker","Tyler Tucker","D","current_roster",TRUE,"2026-10-10T18:37:37.631Z","2026-10-10_183528_38076385967_1_3277d3d56c734dd4b736386363cae6b6",2026020079,"2026-10-10","2026-10-10T23:00:00Z","FUT","Blue Jackets","2026-10-10T18:37:36.511Z","https://www.nhl.com/news/nhl-lineup-projections-2026-27-season","2026-10-10",1,"matched",TRUE,0,NA,NA,NA,0,1,"knee"
20262027,20262027,19,"STL",8476412,"Jordan","Binnington","Jordan Binnington","G","current_roster",TRUE,"2026-10-10T18:37:37.633Z","2026-10-10_183528_38076385967_1_3277d3d56c734dd4b736386363cae6b6",2026020079,"2026-10-10","2026-10-10T23:00:00Z","FUT","Blue Jackets","2026-10-10T18:37:36.511Z","https://www.nhl.com/news/nhl-lineup-projections-2026-27-season","2026-10-10",1,"matched",TRUE,1,NA,NA,"starter",0,0,NA
20262027,20262027,19,"STL",8480981,"Joel","Hofer","Joel Hofer","G","current_roster",TRUE,"2026-10-10T18:37:37.635Z","2026-10-10_183528_38076385967_1_3277d3d56c734dd4b736386363cae6b6",2026020079,"2026-10-10","2026-10-10T23:00:00Z","FUT","Blue Jackets","2026-10-10T18:37:36.511Z","https://www.nhl.com/news/nhl-lineup-projections-2026-27-season","2026-10-10",1,"matched",TRUE,1,NA,NA,"backup",0,0,NA
20262027,20262027,10,"TOR",8476927,"Teddy","Blueger","Teddy Blueger","F","current_roster",TRUE,"2026-10-10T18:37:38.488Z","2026-10-10_183528_38076385967_1_3277d3d56c734dd4b736386363cae6b6",2026020080,"2026-10-10","2026-10-10T23:00:00Z","FUT","Avalanche","2026-10-10T18:37:36.511Z","https://www.nhl.com/news/nhl-lineup-projections-2026-27-season","2026-10-10",1,"matched",TRUE,1,4,NA,NA,0,NA,NA
20262027,20262027,10,"TOR",8484158,"Easton","Cowan","Easton Cowan","F","current_roster",TRUE,"2026-10-10T18:37:38.491Z","2026-10-10_183528_38076385967_1_3277d3d56c734dd4b736386363cae6b6",2026020080,"2026-10-10","2026-10-10T23:00:00Z","FUT","Avalanche","2026-10-10T18:37:36.511Z","https://www.nhl.com/news/nhl-lineup-projections-2026-27-season","2026-10-10",1,"matched",TRUE,1,2,NA,NA,0,NA,NA
20262027,20262027,10,"TOR",8479520,"Brandon","Duhaime","Brandon Duhaime","F","current_roster",TRUE,"2026-10-10T18:37:38.493Z","2026-10-10_183528_38076385967_1_3277d3d56c734dd4b736386363cae6b6",2026020080,"2026-10-10","2026-10-10T23:00:00Z","FUT","Avalanche","2026-10-10T18:37:36.511Z","https://www.nhl.com/news/nhl-lineup-projections-2026-27-season","2026-10-10",1,"matched",TRUE,1,4,NA,NA,0,NA,NA
20262027,20262027,10,"TOR",8480870,"Bo","Groulx","Bo Groulx","F","current_roster",TRUE,"2026-10-10T18:37:38.495Z","2026-10-10_183528_38076385967_1_3277d3d56c734dd4b736386363cae6b6",2026020080,"2026-10-10","2026-10-10T23:00:00Z","FUT","Avalanche","2026-10-10T18:37:36.511Z","https://www.nhl.com/news/nhl-lineup-projections-2026-27-season","2026-10-10",1,"matched",TRUE,1,3,NA,NA,0,NA,NA
20262027,20262027,10,"TOR",8479772,"Zack","MacEwen","Zack MacEwen","F","current_roster",TRUE,"2026-10-10T18:37:38.497Z","2026-10-10_183528_38076385967_1_3277d3d56c734dd4b736386363cae6b6",2026020080,"2026-10-10","2026-10-10T23:00:00Z","FUT","Avalanche","2026-10-10T18:37:36.511Z","https://www.nhl.com/news/nhl-lineup-projections-2026-27-season","2026-10-10",1,"matched",TRUE,1,4,NA,NA,0,NA,NA
20262027,20262027,10,"TOR",8480893,"Kirill","Marchenko","Kirill Marchenko","F","current_roster",TRUE,"2026-10-10T18:37:38.499Z","2026-10-10_183528_38076385967_1_3277d3d56c734dd4b736386363cae6b6",2026020080,"2026-10-10","2026-10-10T23:00:00Z","FUT","Avalanche","2026-10-10T18:37:36.511Z","https://www.nhl.com/news/nhl-lineup-projections-2026-27-season","2026-10-10",1,"matched",TRUE,1,1,NA,NA,0,NA,NA
20262027,20262027,10,"TOR",8479318,"Auston","Matthews","Auston Matthews","F","current_roster",TRUE,"2026-10-10T18:37:38.501Z","2026-10-10_183528_38076385967_1_3277d3d56c734dd4b736386363cae6b6",2026020080,"2026-10-10","2026-10-10T23:00:00Z","FUT","Avalanche","2026-10-10T18:37:36.511Z","https://www.nhl.com/news/nhl-lineup-projections-2026-27-season","2026-10-10",1,"matched",TRUE,1,1,NA,NA,0,NA,NA
20262027,20262027,10,"TOR",8486067,"Gavin","McKenna","Gavin McKenna","F","current_roster",TRUE,"2026-10-10T18:37:38.503Z","2026-10-10_183528_38076385967_1_3277d3d56c734dd4b736386363cae6b6",2026020080,"2026-10-10","2026-10-10T23:00:00Z","FUT","Avalanche","2026-10-10T18:37:36.511Z","https://www.nhl.com/news/nhl-lineup-projections-2026-27-season","2026-10-10",1,"matched",TRUE,1,3,NA,NA,0,NA,NA
20262027,20262027,10,"TOR",8477939,"William","Nylander","William Nylander","F","current_roster",TRUE,"2026-10-10T18:37:38.504Z","2026-10-10_183528_38076385967_1_3277d3d56c734dd4b736386363cae6b6",2026020080,"2026-10-10","2026-10-10T23:00:00Z","FUT","Avalanche","2026-10-10T18:37:36.511Z","https://www.nhl.com/news/nhl-lineup-projections-2026-27-season","2026-10-10",1,"matched",TRUE,1,2,NA,NA,0,NA,NA
20262027,20262027,10,"TOR",8477426,"Nick","Paul","Nick Paul","F","current_roster",TRUE,"2026-10-10T18:37:38.506Z","2026-10-10_183528_38076385967_1_3277d3d56c734dd4b736386363cae6b6",2026020080,"2026-10-10","2026-10-10T23:00:00Z","FUT","Avalanche","2026-10-10T18:37:36.511Z","https://www.nhl.com/news/nhl-lineup-projections-2026-27-season","2026-10-10",1,"matched",TRUE,1,2,NA,NA,0,NA,NA
20262027,20262027,10,"TOR",8478458,"Jack","Roslovic","Jack Roslovic","F","current_roster",TRUE,"2026-10-10T18:37:38.508Z","2026-10-10_183528_38076385967_1_3277d3d56c734dd4b736386363cae6b6",2026020080,"2026-10-10","2026-10-10T23:00:00Z","FUT","Avalanche","2026-10-10T18:37:36.511Z","https://www.nhl.com/news/nhl-lineup-projections-2026-27-season","2026-10-10",1,"matched",TRUE,1,1,NA,NA,0,NA,NA
20262027,20262027,10,"TOR",8476925,"Colton","Sissons","Colton Sissons","F","current_roster",TRUE,"2026-10-10T18:37:38.510Z","2026-10-10_183528_38076385967_1_3277d3d56c734dd4b736386363cae6b6",2026020080,"2026-10-10","2026-10-10T23:00:00Z","FUT","Avalanche","2026-10-10T18:37:36.511Z","https://www.nhl.com/news/nhl-lineup-projections-2026-27-season","2026-10-10",1,"matched",TRUE,1,3,NA,NA,0,NA,NA
20262027,20262027,10,"TOR",8475166,"John","Tavares","John Tavares","F","current_roster",TRUE,"2026-10-10T18:37:38.512Z","2026-10-10_183528_38076385967_1_3277d3d56c734dd4b736386363cae6b6",2026020080,"2026-10-10","2026-10-10T23:00:00Z","FUT","Avalanche","2026-10-10T18:37:36.511Z","https://www.nhl.com/news/nhl-lineup-projections-2026-27-season","2026-10-10",1,"matched",TRUE,0,NA,NA,NA,1,NA,NA
20262027,20262027,10,"TOR",8477425,"Miles","Wood","Miles Wood","F","current_roster",TRUE,"2026-10-10T18:37:38.514Z","2026-10-10_183528_38076385967_1_3277d3d56c734dd4b736386363cae6b6",2026020080,"2026-10-10","2026-10-10T23:00:00Z","FUT","Avalanche","2026-10-10T18:37:36.511Z","https://www.nhl.com/news/nhl-lineup-projections-2026-27-season","2026-10-10",1,"matched",TRUE,0,NA,NA,NA,1,NA,NA
20262027,20262027,10,"TOR",8483565,"Nick","Blankenburg","Nick Blankenburg","D","current_roster",TRUE,"2026-10-10T18:37:38.517Z","2026-10-10_183528_38076385967_1_3277d3d56c734dd4b736386363cae6b6",2026020080,"2026-10-10","2026-10-10T23:00:00Z","FUT","Avalanche","2026-10-10T18:37:36.511Z","https://www.nhl.com/news/nhl-lineup-projections-2026-27-season","2026-10-10",1,"matched",TRUE,0,NA,NA,NA,1,NA,NA
20262027,20262027,10,"TOR",8475171,"Oliver","Ekman-Larsson","Oliver Ekman-Larsson","D","current_roster",TRUE,"2026-10-10T18:37:38.519Z","2026-10-10_183528_38076385967_1_3277d3d56c734dd4b736386363cae6b6",2026020080,"2026-10-10","2026-10-10T23:00:00Z","FUT","Avalanche","2026-10-10T18:37:36.511Z","https://www.nhl.com/news/nhl-lineup-projections-2026-27-season","2026-10-10",1,"matched",TRUE,1,NA,3,NA,0,NA,NA
20262027,20262027,10,"TOR",8476931,"Jake","McCabe","Jake McCabe","D","current_roster",TRUE,"2026-10-10T18:37:38.520Z","2026-10-10_183528_38076385967_1_3277d3d56c734dd4b736386363cae6b6",2026020080,"2026-10-10","2026-10-10T23:00:00Z","FUT","Avalanche","2026-10-10T18:37:36.511Z","https://www.nhl.com/news/nhl-lineup-projections-2026-27-season","2026-10-10",1,"matched",TRUE,1,NA,1,NA,0,NA,NA
20262027,20262027,10,"TOR",8478178,"Darren","Raddysh","Darren Raddysh","D","current_roster",TRUE,"2026-10-10T18:37:38.522Z","2026-10-10_183528_38076385967_1_3277d3d56c734dd4b736386363cae6b6",2026020080,"2026-10-10","2026-10-10T23:00:00Z","FUT","Avalanche","2026-10-10T18:37:36.511Z","https://www.nhl.com/news/nhl-lineup-projections-2026-27-season","2026-10-10",1,"matched",TRUE,1,NA,1,NA,0,NA,NA
20262027,20262027,10,"TOR",8476853,"Morgan","Rielly","Morgan Rielly","D","current_roster",TRUE,"2026-10-10T18:37:38.524Z","2026-10-10_183528_38076385967_1_3277d3d56c734dd4b736386363cae6b6",2026020080,"2026-10-10","2026-10-10T23:00:00Z","FUT","Avalanche","2026-10-10T18:37:36.511Z","https://www.nhl.com/news/nhl-lineup-projections-2026-27-season","2026-10-10",1,"matched",TRUE,1,NA,2,NA,0,NA,NA
20262027,20262027,10,"TOR",8479442,"Troy","Stecher","Troy Stecher","D","current_roster",TRUE,"2026-10-10T18:37:38.526Z","2026-10-10_183528_38076385967_1_3277d3d56c734dd4b736386363cae6b6",2026020080,"2026-10-10","2026-10-10T23:00:00Z","FUT","Avalanche","2026-10-10T18:37:36.511Z","https://www.nhl.com/news/nhl-lineup-projections-2026-27-season","2026-10-10",1,"matched",TRUE,1,NA,3,NA,0,NA,NA
20262027,20262027,10,"TOR",8475690,"Chris","Tanev","Chris Tanev","D","current_roster",TRUE,"2026-10-10T18:37:38.528Z","2026-10-10_183528_38076385967_1_3277d3d56c734dd4b736386363cae6b6",2026020080,"2026-10-10","2026-10-10T23:00:00Z","FUT","Avalanche","2026-10-10T18:37:36.511Z","https://www.nhl.com/news/nhl-lineup-projections-2026-27-season","2026-10-10",1,"matched",TRUE,1,NA,2,NA,0,NA,NA
20262027,20262027,10,"TOR",8475683,"Sergei","Bobrovsky","Sergei Bobrovsky","G","current_roster",TRUE,"2026-10-10T18:37:38.531Z","2026-10-10_183528_38076385967_1_3277d3d56c734dd4b736386363cae6b6",2026020080,"2026-10-10","2026-10-10T23:00:00Z","FUT","Avalanche","2026-10-10T18:37:36.511Z","https://www.nhl.com/news/nhl-lineup-projections-2026-27-season","2026-10-10",1,"matched",TRUE,1,NA,NA,"backup",0,NA,NA
20262027,20262027,10,"TOR",8476932,"Anthony","Stolarz","Anthony Stolarz","G","current_roster",TRUE,"2026-10-10T18:37:38.536Z","2026-10-10_183528_38076385967_1_3277d3d56c734dd4b736386363cae6b6",2026020080,"2026-10-10","2026-10-10T23:00:00Z","FUT","Avalanche","2026-10-10T18:37:36.511Z","https://www.nhl.com/news/nhl-lineup-projections-2026-27-season","2026-10-10",1,"matched",TRUE,1,NA,NA,"starter",0,NA,NA
20262027,20262027,21,"COL",8486171,"T.J.","Hughes","T.J. Hughes","F","current_roster",TRUE,"2026-10-10T18:37:37.485Z","2026-10-10_183528_38076385967_1_3277d3d56c734dd4b736386363cae6b6",2026020080,"2026-10-10","2026-10-10T23:00:00Z","FUT","Maple Leafs","2026-10-10T18:37:36.511Z","https://www.nhl.com/news/nhl-lineup-projections-2026-27-season","2026-10-10",1,"matched",TRUE,1,3,NA,NA,0,0,NA
20262027,20262027,21,"COL",8475172,"Nazem","Kadri","Nazem Kadri","F","current_roster",TRUE,"2026-10-10T18:37:37.487Z","2026-10-10_183528_38076385967_1_3277d3d56c734dd4b736386363cae6b6",2026020080,"2026-10-10","2026-10-10T23:00:00Z","FUT","Maple Leafs","2026-10-10T18:37:36.511Z","https://www.nhl.com/news/nhl-lineup-projections-2026-27-season","2026-10-10",1,"matched",TRUE,1,2,NA,NA,0,0,NA
20262027,20262027,21,"COL",8480448,"Parker","Kelly","Parker Kelly","F","current_roster",TRUE,"2026-10-10T18:37:37.492Z","2026-10-10_183528_38076385967_1_3277d3d56c734dd4b736386363cae6b6",2026020080,"2026-10-10","2026-10-10T23:00:00Z","FUT","Maple Leafs","2026-10-10T18:37:36.511Z","https://www.nhl.com/news/nhl-lineup-projections-2026-27-season","2026-10-10",1,"matched",TRUE,1,4,NA,NA,0,0,NA
20262027,20262027,21,"COL",8482742,"Zachary","L'Heureux","Zachary L'Heureux","F","current_roster",TRUE,"2026-10-10T18:37:37.494Z","2026-10-10_183528_38076385967_1_3277d3d56c734dd4b736386363cae6b6",2026020080,"2026-10-10","2026-10-10T23:00:00Z","FUT","Maple Leafs","2026-10-10T18:37:36.511Z","https://www.nhl.com/news/nhl-lineup-projections-2026-27-season","2026-10-10",1,"matched",TRUE,1,4,NA,NA,0,0,NA
20262027,20262027,21,"COL",8476455,"Gabriel","Landeskog","Gabriel Landeskog","F","current_roster",TRUE,"2026-10-10T18:37:37.496Z","2026-10-10_183528_38076385967_1_3277d3d56c734dd4b736386363cae6b6",2026020080,"2026-10-10","2026-10-10T23:00:00Z","FUT","Maple Leafs","2026-10-10T18:37:36.511Z","https://www.nhl.com/news/nhl-lineup-projections-2026-27-season","2026-10-10",1,"matched",TRUE,1,2,NA,NA,0,0,NA
20262027,20262027,21,"COL",8477476,"Artturi","Lehkonen","Artturi Lehkonen","F","current_roster",TRUE,"2026-10-10T18:37:37.498Z","2026-10-10_183528_38076385967_1_3277d3d56c734dd4b736386363cae6b6",2026020080,"2026-10-10","2026-10-10T23:00:00Z","FUT","Maple Leafs","2026-10-10T18:37:36.511Z","https://www.nhl.com/news/nhl-lineup-projections-2026-27-season","2026-10-10",1,"matched",TRUE,1,1,NA,NA,0,0,NA
20262027,20262027,21,"COL",8477492,"Nathan","MacKinnon","Nathan MacKinnon","F","current_roster",TRUE,"2026-10-10T18:37:37.500Z","2026-10-10_183528_38076385967_1_3277d3d56c734dd4b736386363cae6b6",2026020080,"2026-10-10","2026-10-10T23:00:00Z","FUT","Maple Leafs","2026-10-10T18:37:36.511Z","https://www.nhl.com/news/nhl-lineup-projections-2026-27-season","2026-10-10",1,"matched",TRUE,1,1,NA,NA,0,0,NA
20262027,20262027,21,"COL",8480039,"Martin","Necas","Martin Necas","F","current_roster",TRUE,"2026-10-10T18:37:37.502Z","2026-10-10_183528_38076385967_1_3277d3d56c734dd4b736386363cae6b6",2026020080,"2026-10-10","2026-10-10T23:00:00Z","FUT","Maple Leafs","2026-10-10T18:37:36.511Z","https://www.nhl.com/news/nhl-lineup-projections-2026-27-season","2026-10-10",1,"matched",TRUE,1,1,NA,NA,0,0,NA
20262027,20262027,21,"COL",8475754,"Brock","Nelson","Brock Nelson","F","current_roster",TRUE,"2026-10-10T18:37:37.504Z","2026-10-10_183528_38076385967_1_3277d3d56c734dd4b736386363cae6b6",2026020080,"2026-10-10","2026-10-10T23:00:00Z","FUT","Maple Leafs","2026-10-10T18:37:36.511Z","https://www.nhl.com/news/nhl-lineup-projections-2026-27-season","2026-10-10",1,"matched",TRUE,1,2,NA,NA,0,0,NA
20262027,20262027,21,"COL",8481186,"Logan","O'Connor","Logan O'Connor","F","current_roster",TRUE,"2026-10-10T18:37:37.506Z","2026-10-10_183528_38076385967_1_3277d3d56c734dd4b736386363cae6b6",2026020080,"2026-10-10","2026-10-10T23:00:00Z","FUT","Maple Leafs","2026-10-10T18:37:36.511Z","https://www.nhl.com/news/nhl-lineup-projections-2026-27-season","2026-10-10",1,"matched",TRUE,0,NA,NA,NA,1,0,NA
20262027,20262027,21,"COL",8478462,"Nicolas","Roy","Nicolas Roy","F","current_roster",TRUE,"2026-10-10T18:37:37.508Z","2026-10-10_183528_38076385967_1_3277d3d56c734dd4b736386363cae6b6",2026020080,"2026-10-10","2026-10-10T23:00:00Z","FUT","Maple Leafs","2026-10-10T18:37:36.511Z","https://www.nhl.com/news/nhl-lineup-projections-2026-27-season","2026-10-10",1,"matched",TRUE,1,4,NA,NA,0,0,NA
20262027,20262027,21,"COL",8475768,"Jaden","Schwartz","Jaden Schwartz","F","current_roster",TRUE,"2026-10-10T18:37:37.510Z","2026-10-10_183528_38076385967_1_3277d3d56c734dd4b736386363cae6b6",2026020080,"2026-10-10","2026-10-10T23:00:00Z","FUT","Maple Leafs","2026-10-10T18:37:36.511Z","https://www.nhl.com/news/nhl-lineup-projections-2026-27-season","2026-10-10",1,"matched",TRUE,1,3,NA,NA,0,0,NA
20262027,20262027,21,"COL",8482768,"Fedor","Svechkov","Fedor Svechkov","F","current_roster",TRUE,"2026-10-10T18:37:37.512Z","2026-10-10_183528_38076385967_1_3277d3d56c734dd4b736386363cae6b6",2026020080,"2026-10-10","2026-10-10T23:00:00Z","FUT","Maple Leafs","2026-10-10T18:37:36.511Z","https://www.nhl.com/news/nhl-lineup-projections-2026-27-season","2026-10-10",1,"matched",TRUE,1,3,NA,NA,0,0,NA
20262027,20262027,21,"COL",8470613,"Brent","Burns","Brent Burns","D","current_roster",TRUE,"2026-10-10T18:37:37.514Z","2026-10-10_183528_38076385967_1_3277d3d56c734dd4b736386363cae6b6",2026020080,"2026-10-10","2026-10-10T23:00:00Z","FUT","Maple Leafs","2026-10-10T18:37:36.511Z","https://www.nhl.com/news/nhl-lineup-projections-2026-27-season","2026-10-10",1,"matched",TRUE,1,NA,3,NA,0,0,NA
20262027,20262027,21,"COL",8478454,"Noah","Juulsen","Noah Juulsen","D","current_roster",TRUE,"2026-10-10T18:37:37.516Z","2026-10-10_183528_38076385967_1_3277d3d56c734dd4b736386363cae6b6",2026020080,"2026-10-10","2026-10-10T23:00:00Z","FUT","Maple Leafs","2026-10-10T18:37:36.511Z","https://www.nhl.com/news/nhl-lineup-projections-2026-27-season","2026-10-10",1,"matched",TRUE,0,NA,NA,NA,1,0,NA
20262027,20262027,21,"COL",8476967,"Brett","Kulak","Brett Kulak","D","current_roster",TRUE,"2026-10-10T18:37:37.518Z","2026-10-10_183528_38076385967_1_3277d3d56c734dd4b736386363cae6b6",2026020080,"2026-10-10","2026-10-10T23:00:00Z","FUT","Maple Leafs","2026-10-10T18:37:36.511Z","https://www.nhl.com/news/nhl-lineup-projections-2026-27-season","2026-10-10",1,"matched",TRUE,1,NA,2,NA,0,0,NA
20262027,20262027,21,"COL",8480069,"Cale","Makar","Cale Makar","D","current_roster",TRUE,"2026-10-10T18:37:37.520Z","2026-10-10_183528_38076385967_1_3277d3d56c734dd4b736386363cae6b6",2026020080,"2026-10-10","2026-10-10T23:00:00Z","FUT","Maple Leafs","2026-10-10T18:37:36.511Z","https://www.nhl.com/news/nhl-lineup-projections-2026-27-season","2026-10-10",1,"matched",TRUE,1,NA,1,NA,0,0,NA
20262027,20262027,21,"COL",8484258,"Sam","Malinski","Sam Malinski","D","current_roster",TRUE,"2026-10-10T18:37:37.522Z","2026-10-10_183528_38076385967_1_3277d3d56c734dd4b736386363cae6b6",2026020080,"2026-10-10","2026-10-10T23:00:00Z","FUT","Maple Leafs","2026-10-10T18:37:36.511Z","https://www.nhl.com/news/nhl-lineup-projections-2026-27-season","2026-10-10",1,"matched",TRUE,1,NA,2,NA,0,0,NA
20262027,20262027,21,"COL",8476312,"Josh","Manson","Josh Manson","D","current_roster",TRUE,"2026-10-10T18:37:37.524Z","2026-10-10_183528_38076385967_1_3277d3d56c734dd4b736386363cae6b6",2026020080,"2026-10-10","2026-10-10T23:00:00Z","FUT","Maple Leafs","2026-10-10T18:37:36.511Z","https://www.nhl.com/news/nhl-lineup-projections-2026-27-season","2026-10-10",1,"matched",TRUE,1,NA,3,NA,0,0,NA
20262027,20262027,21,"COL",8478038,"Devon","Toews","Devon Toews","D","current_roster",TRUE,"2026-10-10T18:37:37.526Z","2026-10-10_183528_38076385967_1_3277d3d56c734dd4b736386363cae6b6",2026020080,"2026-10-10","2026-10-10T23:00:00Z","FUT","Maple Leafs","2026-10-10T18:37:36.511Z","https://www.nhl.com/news/nhl-lineup-projections-2026-27-season","2026-10-10",1,"matched",TRUE,1,NA,1,NA,0,0,NA
20262027,20262027,21,"COL",8478406,"Mackenzie","Blackwood","Mackenzie Blackwood","G","current_roster",TRUE,"2026-10-10T18:37:37.528Z","2026-10-10_183528_38076385967_1_3277d3d56c734dd4b736386363cae6b6",2026020080,"2026-10-10","2026-10-10T23:00:00Z","FUT","Maple Leafs","2026-10-10T18:37:36.511Z","https://www.nhl.com/news/nhl-lineup-projections-2026-27-season","2026-10-10",1,"matched",TRUE,1,NA,NA,"starter",0,0,NA
20262027,20262027,21,"COL",8475809,"Scott","Wedgewood","Scott Wedgewood","G","current_roster",TRUE,"2026-10-10T18:37:37.530Z","2026-10-10_183528_38076385967_1_3277d3d56c734dd4b736386363cae6b6",2026020080,"2026-10-10","2026-10-10T23:00:00Z","FUT","Maple Leafs","2026-10-10T18:37:36.511Z","https://www.nhl.com/news/nhl-lineup-projections-2026-27-season","2026-10-10",1,"matched",TRUE,1,NA,NA,"backup",0,0,NA
20262027,20262027,14,"TBL",8478519,"Anthony","Cirelli","Anthony Cirelli","F","current_roster",TRUE,"2026-10-10T18:37:38.061Z","2026-10-10_183528_38076385967_1_3277d3d56c734dd4b736386363cae6b6",2026020081,"2026-10-10","2026-10-10T23:30:00Z","FUT","Islanders","2026-10-10T18:37:36.511Z","https://www.nhl.com/news/nhl-lineup-projections-2026-27-season","2026-10-10",1,"matched",TRUE,1,2,NA,NA,0,0,NA
20262027,20262027,14,"TBL",8483447,"Conor","Geekie","Conor Geekie","F","current_roster",TRUE,"2026-10-10T18:37:38.063Z","2026-10-10_183528_38076385967_1_3277d3d56c734dd4b736386363cae6b6",2026020081,"2026-10-10","2026-10-10T23:30:00Z","FUT","Islanders","2026-10-10T18:37:36.511Z","https://www.nhl.com/news/nhl-lineup-projections-2026-27-season","2026-10-10",1,"matched",TRUE,1,4,NA,NA,0,0,NA
20262027,20262027,14,"TBL",8476878,"Zemgus","Girgensons","Zemgus Girgensons","F","current_roster",TRUE,"2026-10-10T18:37:38.065Z","2026-10-10_183528_38076385967_1_3277d3d56c734dd4b736386363cae6b6",2026020081,"2026-10-10","2026-10-10T23:30:00Z","FUT","Islanders","2026-10-10T18:37:36.511Z","https://www.nhl.com/news/nhl-lineup-projections-2026-27-season","2026-10-10",1,"matched",TRUE,1,3,NA,NA,0,0,NA
20262027,20262027,14,"TBL",8482201,"Gage","Goncalves","Gage Goncalves","F","current_roster",TRUE,"2026-10-10T18:37:38.067Z","2026-10-10_183528_38076385967_1_3277d3d56c734dd4b736386363cae6b6",2026020081,"2026-10-10","2026-10-10T23:30:00Z","FUT","Islanders","2026-10-10T18:37:36.511Z","https://www.nhl.com/news/nhl-lineup-projections-2026-27-season","2026-10-10",1,"matched",TRUE,1,1,NA,NA,0,0,NA
20262027,20262027,14,"TBL",8476826,"Yanni","Gourde","Yanni Gourde","F","current_roster",TRUE,"2026-10-10T18:37:38.069Z","2026-10-10_183528_38076385967_1_3277d3d56c734dd4b736386363cae6b6",2026020081,"2026-10-10","2026-10-10T23:30:00Z","FUT","Islanders","2026-10-10T18:37:36.511Z","https://www.nhl.com/news/nhl-lineup-projections-2026-27-season","2026-10-10",1,"matched",TRUE,0,NA,NA,NA,0,1,"hip"
20262027,20262027,14,"TBL",8477404,"Jake","Guentzel","Jake Guentzel","F","current_roster",TRUE,"2026-10-10T18:37:38.071Z","2026-10-10_183528_38076385967_1_3277d3d56c734dd4b736386363cae6b6",2026020081,"2026-10-10","2026-10-10T23:30:00Z","FUT","Islanders","2026-10-10T18:37:36.511Z","https://www.nhl.com/news/nhl-lineup-projections-2026-27-season","2026-10-10",1,"matched",TRUE,1,2,NA,NA,0,0,NA
20262027,20262027,14,"TBL",8479542,"Brandon","Hagel","Brandon Hagel","F","current_roster",TRUE,"2026-10-10T18:37:38.073Z","2026-10-10_183528_38076385967_1_3277d3d56c734dd4b736386363cae6b6",2026020081,"2026-10-10","2026-10-10T23:30:00Z","FUT","Islanders","2026-10-10T18:37:36.511Z","https://www.nhl.com/news/nhl-lineup-projections-2026-27-season","2026-10-10",1,"matched",TRUE,1,2,NA,NA,0,0,NA
20262027,20262027,14,"TBL",8480995,"Pontus","Holmberg","Pontus Holmberg","F","current_roster",TRUE,"2026-10-10T18:37:38.075Z","2026-10-10_183528_38076385967_1_3277d3d56c734dd4b736386363cae6b6",2026020081,"2026-10-10","2026-10-10T23:30:00Z","FUT","Islanders","2026-10-10T18:37:36.511Z","https://www.nhl.com/news/nhl-lineup-projections-2026-27-season","2026-10-10",1,"matched",TRUE,1,3,NA,NA,0,0,NA
20262027,20262027,14,"TBL",8483752,"Dominic","James","Dominic James","F","current_roster",TRUE,"2026-10-10T18:37:38.077Z","2026-10-10_183528_38076385967_1_3277d3d56c734dd4b736386363cae6b6",2026020081,"2026-10-10","2026-10-10T23:30:00Z","FUT","Islanders","2026-10-10T18:37:36.511Z","https://www.nhl.com/news/nhl-lineup-projections-2026-27-season","2026-10-10",1,"matched",TRUE,0,NA,NA,NA,0,1,"hand"
20262027,20262027,14,"TBL",8476453,"Nikita","Kucherov","Nikita Kucherov","F","current_roster",TRUE,"2026-10-10T18:37:38.079Z","2026-10-10_183528_38076385967_1_3277d3d56c734dd4b736386363cae6b6",2026020081,"2026-10-10","2026-10-10T23:30:00Z","FUT","Islanders","2026-10-10T18:37:36.511Z","https://www.nhl.com/news/nhl-lineup-projections-2026-27-season","2026-10-10",1,"matched",TRUE,1,1,NA,NA,0,0,NA
20262027,20262027,14,"TBL",8481624,"Ilya","Mikheyev","Ilya Mikheyev","F","current_roster",TRUE,"2026-10-10T18:37:38.081Z","2026-10-10_183528_38076385967_1_3277d3d56c734dd4b736386363cae6b6",2026020081,"2026-10-10","2026-10-10T23:30:00Z","FUT","Islanders","2026-10-10T18:37:36.511Z","https://www.nhl.com/news/nhl-lineup-projections-2026-27-season","2026-10-10",1,"matched",TRUE,1,3,NA,NA,0,0,NA
20262027,20262027,14,"TBL",8478010,"Brayden","Point","Brayden Point","F","current_roster",TRUE,"2026-10-10T18:37:38.083Z","2026-10-10_183528_38076385967_1_3277d3d56c734dd4b736386363cae6b6",2026020081,"2026-10-10","2026-10-10T23:30:00Z","FUT","Islanders","2026-10-10T18:37:36.511Z","https://www.nhl.com/news/nhl-lineup-projections-2026-27-season","2026-10-10",1,"matched",TRUE,1,1,NA,NA,0,0,NA
20262027,20262027,14,"TBL",8477149,"Scott","Sabourin","Scott Sabourin","F","current_roster",TRUE,"2026-10-10T18:37:38.085Z","2026-10-10_183528_38076385967_1_3277d3d56c734dd4b736386363cae6b6",2026020081,"2026-10-10","2026-10-10T23:30:00Z","FUT","Islanders","2026-10-10T18:37:36.511Z","https://www.nhl.com/news/nhl-lineup-projections-2026-27-season","2026-10-10",1,"matched",TRUE,0,NA,NA,NA,1,0,NA
20262027,20262027,14,"TBL",8479705,"Jeffrey","Viel","Jeffrey Viel","F","current_roster",TRUE,"2026-10-10T18:37:38.087Z","2026-10-10_183528_38076385967_1_3277d3d56c734dd4b736386363cae6b6",2026020081,"2026-10-10","2026-10-10T23:30:00Z","FUT","Islanders","2026-10-10T18:37:36.511Z","https://www.nhl.com/news/nhl-lineup-projections-2026-27-season","2026-10-10",1,"matched",TRUE,1,4,NA,NA,0,0,NA
20262027,20262027,14,"TBL",8474590,"John","Carlson","John Carlson","D","current_roster",TRUE,"2026-10-10T18:37:38.089Z","2026-10-10_183528_38076385967_1_3277d3d56c734dd4b736386363cae6b6",2026020081,"2026-10-10","2026-10-10T23:30:00Z","FUT","Islanders","2026-10-10T18:37:36.511Z","https://www.nhl.com/news/nhl-lineup-projections-2026-27-season","2026-10-10",1,"matched",TRUE,1,NA,1,NA,0,0,NA
20262027,20262027,14,"TBL",8478416,"Erik","Cernak","Erik Cernak","D","current_roster",TRUE,"2026-10-10T18:37:38.102Z","2026-10-10_183528_38076385967_1_3277d3d56c734dd4b736386363cae6b6",2026020081,"2026-10-10","2026-10-10T23:30:00Z","FUT","Islanders","2026-10-10T18:37:36.511Z","https://www.nhl.com/news/nhl-lineup-projections-2026-27-season","2026-10-10",1,"matched",TRUE,1,NA,2,NA,0,0,NA
20262027,20262027,14,"TBL",8481719,"Max","Crozier","Max Crozier","D","current_roster",TRUE,"2026-10-10T18:37:38.105Z","2026-10-10_183528_38076385967_1_3277d3d56c734dd4b736386363cae6b6",2026020081,"2026-10-10","2026-10-10T23:30:00Z","FUT","Islanders","2026-10-10T18:37:36.511Z","https://www.nhl.com/news/nhl-lineup-projections-2026-27-season","2026-10-10",1,"matched",TRUE,1,NA,4,NA,0,0,NA
20262027,20262027,14,"TBL",8480426,"Charle-Edouard","D'Astous","Charle-Edouard D'Astous","D","current_roster",TRUE,"2026-10-10T18:37:38.106Z","2026-10-10_183528_38076385967_1_3277d3d56c734dd4b736386363cae6b6",2026020081,"2026-10-10","2026-10-10T23:30:00Z","FUT","Islanders","2026-10-10T18:37:36.511Z","https://www.nhl.com/news/nhl-lineup-projections-2026-27-season","2026-10-10",1,"matched",TRUE,1,NA,3,NA,0,0,NA
20262027,20262027,14,"TBL",8475167,"Victor","Hedman","Victor Hedman","D","current_roster",TRUE,"2026-10-10T18:37:38.108Z","2026-10-10_183528_38076385967_1_3277d3d56c734dd4b736386363cae6b6",2026020081,"2026-10-10","2026-10-10T23:30:00Z","FUT","Islanders","2026-10-10T18:37:36.511Z","https://www.nhl.com/news/nhl-lineup-projections-2026-27-season","2026-10-10",1,"matched",TRUE,1,NA,3,NA,0,0,NA
20262027,20262027,14,"TBL",8482929,"Emil","Lilleberg","Emil Lilleberg","D","current_roster",TRUE,"2026-10-10T18:37:38.110Z","2026-10-10_183528_38076385967_1_3277d3d56c734dd4b736386363cae6b6",2026020081,"2026-10-10","2026-10-10T23:30:00Z","FUT","Islanders","2026-10-10T18:37:36.511Z","https://www.nhl.com/news/nhl-lineup-projections-2026-27-season","2026-10-10",1,"matched",TRUE,0,NA,NA,NA,0,1,"undisclosed"
20262027,20262027,14,"TBL",8474151,"Ryan","McDonagh","Ryan McDonagh","D","current_roster",TRUE,"2026-10-10T18:37:38.112Z","2026-10-10_183528_38076385967_1_3277d3d56c734dd4b736386363cae6b6",2026020081,"2026-10-10","2026-10-10T23:30:00Z","FUT","Islanders","2026-10-10T18:37:36.511Z","https://www.nhl.com/news/nhl-lineup-projections-2026-27-season","2026-10-10",1,"matched",TRUE,1,NA,2,NA,0,0,NA
20262027,20262027,14,"TBL",8482655,"J.J.","Moser","J.J. Moser","D","current_roster",TRUE,"2026-10-10T18:37:38.114Z","2026-10-10_183528_38076385967_1_3277d3d56c734dd4b736386363cae6b6",2026020081,"2026-10-10","2026-10-10T23:30:00Z","FUT","Islanders","2026-10-10T18:37:36.511Z","https://www.nhl.com/news/nhl-lineup-projections-2026-27-season","2026-10-10",1,"matched",TRUE,1,NA,1,NA,0,0,NA
20262027,20262027,14,"TBL",8483710,"Dennis","Hildeby","Dennis Hildeby","G","current_roster",TRUE,"2026-10-10T18:37:38.117Z","2026-10-10_183528_38076385967_1_3277d3d56c734dd4b736386363cae6b6",2026020081,"2026-10-10","2026-10-10T23:30:00Z","FUT","Islanders","2026-10-10T18:37:36.511Z","https://www.nhl.com/news/nhl-lineup-projections-2026-27-season","2026-10-10",1,"matched",TRUE,1,NA,NA,"backup",0,0,NA
20262027,20262027,14,"TBL",8476883,"Andrei","Vasilevskiy","Andrei Vasilevskiy","G","current_roster",TRUE,"2026-10-10T18:37:38.119Z","2026-10-10_183528_38076385967_1_3277d3d56c734dd4b736386363cae6b6",2026020081,"2026-10-10","2026-10-10T23:30:00Z","FUT","Islanders","2026-10-10T18:37:36.511Z","https://www.nhl.com/news/nhl-lineup-projections-2026-27-season","2026-10-10",1,"matched",TRUE,1,NA,NA,"starter",0,0,NA
20262027,20262027,24,"ANA",8484153,"Leo","Carlsson","Leo Carlsson","F","current_roster",TRUE,"2026-10-10T18:37:37.749Z","2026-10-10_183528_38076385967_1_3277d3d56c734dd4b736386363cae6b6",2026020082,"2026-10-10","2026-10-11T02:00:00Z","FUT","Flames","2026-10-10T18:37:36.511Z","https://www.nhl.com/news/nhl-lineup-projections-2026-27-season","2026-10-10",1,"matched",TRUE,1,1,NA,NA,0,NA,NA
20262027,20262027,24,"ANA",8481538,"Judd","Caulfield","Judd Caulfield","F","current_roster",TRUE,"2026-10-10T18:37:37.751Z","2026-10-10_183528_38076385967_1_3277d3d56c734dd4b736386363cae6b6",2026020082,"2026-10-10","2026-10-11T02:00:00Z","FUT","Flames","2026-10-10T18:37:36.511Z","https://www.nhl.com/news/nhl-lineup-projections-2026-27-season","2026-10-10",1,"matched",TRUE,1,4,NA,NA,0,NA,NA
20262027,20262027,24,"ANA",8482118,"Sam","Colangelo","Sam Colangelo","F","current_roster",TRUE,"2026-10-10T18:37:37.753Z","2026-10-10_183528_38076385967_1_3277d3d56c734dd4b736386363cae6b6",2026020082,"2026-10-10","2026-10-11T02:00:00Z","FUT","Flames","2026-10-10T18:37:36.511Z","https://www.nhl.com/news/nhl-lineup-projections-2026-27-season","2026-10-10",1,"matched",TRUE,1,1,NA,NA,0,NA,NA
20262027,20262027,24,"ANA",8483445,"Cutter","Gauthier","Cutter Gauthier","F","current_roster",TRUE,"2026-10-10T18:37:37.755Z","2026-10-10_183528_38076385967_1_3277d3d56c734dd4b736386363cae6b6",2026020082,"2026-10-10","2026-10-11T02:00:00Z","FUT","Flames","2026-10-10T18:37:36.511Z","https://www.nhl.com/news/nhl-lineup-projections-2026-27-season","2026-10-10",1,"matched",TRUE,1,2,NA,NA,0,NA,NA
20262027,20262027,24,"ANA",8475798,"Mikael","Granlund","Mikael Granlund","F","current_roster",TRUE,"2026-10-10T18:37:37.757Z","2026-10-10_183528_38076385967_1_3277d3d56c734dd4b736386363cae6b6",2026020082,"2026-10-10","2026-10-11T02:00:00Z","FUT","Flames","2026-10-10T18:37:36.511Z","https://www.nhl.com/news/nhl-lineup-projections-2026-27-season","2026-10-10",1,"matched",TRUE,1,2,NA,NA,0,NA,NA
20262027,20262027,24,"ANA",8478421,"A.J.","Greer","A.J. Greer","F","current_roster",TRUE,"2026-10-10T18:37:37.759Z","2026-10-10_183528_38076385967_1_3277d3d56c734dd4b736386363cae6b6",2026020082,"2026-10-10","2026-10-11T02:00:00Z","FUT","Flames","2026-10-10T18:37:36.511Z","https://www.nhl.com/news/nhl-lineup-projections-2026-27-season","2026-10-10",1,"matched",TRUE,1,3,NA,NA,0,NA,NA
20262027,20262027,24,"ANA",8473986,"Alex","Killorn","Alex Killorn","F","current_roster",TRUE,"2026-10-10T18:37:37.761Z","2026-10-10_183528_38076385967_1_3277d3d56c734dd4b736386363cae6b6",2026020082,"2026-10-10","2026-10-11T02:00:00Z","FUT","Flames","2026-10-10T18:37:36.511Z","https://www.nhl.com/news/nhl-lineup-projections-2026-27-season","2026-10-10",1,"matched",TRUE,1,3,NA,NA,0,NA,NA
20262027,20262027,24,"ANA",8486052,"Nikita","Klepov","Nikita Klepov","F","current_roster",TRUE,"2026-10-10T18:37:37.763Z","2026-10-10_183528_38076385967_1_3277d3d56c734dd4b736386363cae6b6",2026020082,"2026-10-10","2026-10-11T02:00:00Z","FUT","Flames","2026-10-10T18:37:36.511Z","https://www.nhl.com/news/nhl-lineup-projections-2026-27-season","2026-10-10",1,"matched",TRUE,0,NA,NA,NA,1,NA,NA
20262027,20262027,24,"ANA",8482408,"Jeff","Malott","Jeff Malott","F","current_roster",TRUE,"2026-10-10T18:37:37.764Z","2026-10-10_183528_38076385967_1_3277d3d56c734dd4b736386363cae6b6",2026020082,"2026-10-10","2026-10-11T02:00:00Z","FUT","Flames","2026-10-10T18:37:36.511Z","https://www.nhl.com/news/nhl-lineup-projections-2026-27-season","2026-10-10",1,"matched",TRUE,1,4,NA,NA,0,NA,NA
20262027,20262027,24,"ANA",8481754,"Nikita","Nesterenko","Nikita Nesterenko","F","current_roster",TRUE,"2026-10-10T18:37:37.766Z","2026-10-10_183528_38076385967_1_3277d3d56c734dd4b736386363cae6b6",2026020082,"2026-10-10","2026-10-11T02:00:00Z","FUT","Flames","2026-10-10T18:37:36.511Z","https://www.nhl.com/news/nhl-lineup-projections-2026-27-season","2026-10-10",1,"matched",TRUE,1,2,NA,NA,0,NA,NA
20262027,20262027,24,"ANA",8480068,"Ryan","Poehling","Ryan Poehling","F","current_roster",TRUE,"2026-10-10T18:37:37.768Z","2026-10-10_183528_38076385967_1_3277d3d56c734dd4b736386363cae6b6",2026020082,"2026-10-10","2026-10-11T02:00:00Z","FUT","Flames","2026-10-10T18:37:36.511Z","https://www.nhl.com/news/nhl-lineup-projections-2026-27-season","2026-10-10",1,"matched",TRUE,1,3,NA,NA,0,NA,NA
20262027,20262027,24,"ANA",8484762,"Beckett","Sennecke","Beckett Sennecke","F","current_roster",TRUE,"2026-10-10T18:37:37.770Z","2026-10-10_183528_38076385967_1_3277d3d56c734dd4b736386363cae6b6",2026020082,"2026-10-10","2026-10-11T02:00:00Z","FUT","Flames","2026-10-10T18:37:36.511Z","https://www.nhl.com/news/nhl-lineup-projections-2026-27-season","2026-10-10",1,"matched",TRUE,1,1,NA,NA,0,NA,NA
20262027,20262027,24,"ANA",8478366,"Frank","Vatrano","Frank Vatrano","F","current_roster",TRUE,"2026-10-10T18:37:37.772Z","2026-10-10_183528_38076385967_1_3277d3d56c734dd4b736386363cae6b6",2026020082,"2026-10-10","2026-10-11T02:00:00Z","FUT","Flames","2026-10-10T18:37:36.511Z","https://www.nhl.com/news/nhl-lineup-projections-2026-27-season","2026-10-10",1,"matched",TRUE,0,NA,NA,NA,1,NA,NA
20262027,20262027,24,"ANA",8485512,"Tim","Washe","Tim Washe","F","current_roster",TRUE,"2026-10-10T18:37:37.774Z","2026-10-10_183528_38076385967_1_3277d3d56c734dd4b736386363cae6b6",2026020082,"2026-10-10","2026-10-11T02:00:00Z","FUT","Flames","2026-10-10T18:37:36.511Z","https://www.nhl.com/news/nhl-lineup-projections-2026-27-season","2026-10-10",1,"matched",TRUE,1,4,NA,NA,0,NA,NA
20262027,20262027,24,"ANA",8481563,"Drew","Helleson","Drew Helleson","D","current_roster",TRUE,"2026-10-10T18:37:37.776Z","2026-10-10_183528_38076385967_1_3277d3d56c734dd4b736386363cae6b6",2026020082,"2026-10-10","2026-10-11T02:00:00Z","FUT","Flames","2026-10-10T18:37:36.511Z","https://www.nhl.com/news/nhl-lineup-projections-2026-27-season","2026-10-10",1,"matched",TRUE,0,NA,NA,NA,0,NA,"lower body"
20262027,20262027,24,"ANA",8482731,"Tyson","Hinds","Tyson Hinds","D","current_roster",TRUE,"2026-10-10T18:37:37.778Z","2026-10-10_183528_38076385967_1_3277d3d56c734dd4b736386363cae6b6",2026020082,"2026-10-10","2026-10-11T02:00:00Z","FUT","Flames","2026-10-10T18:37:36.511Z","https://www.nhl.com/news/nhl-lineup-projections-2026-27-season","2026-10-10",1,"matched",TRUE,1,NA,3,NA,0,NA,NA
20262027,20262027,24,"ANA",8475324,"Nick","Jensen","Nick Jensen","D","current_roster",TRUE,"2026-10-10T18:37:37.780Z","2026-10-10_183528_38076385967_1_3277d3d56c734dd4b736386363cae6b6",2026020082,"2026-10-10","2026-10-11T02:00:00Z","FUT","Flames","2026-10-10T18:37:36.511Z","https://www.nhl.com/news/nhl-lineup-projections-2026-27-season","2026-10-10",1,"matched",TRUE,0,NA,NA,NA,1,NA,NA
20262027,20262027,24,"ANA",8481605,"Jackson","LaCombe","Jackson LaCombe","D","current_roster",TRUE,"2026-10-10T18:37:37.782Z","2026-10-10_183528_38076385967_1_3277d3d56c734dd4b736386363cae6b6",2026020082,"2026-10-10","2026-10-11T02:00:00Z","FUT","Flames","2026-10-10T18:37:36.511Z","https://www.nhl.com/news/nhl-lineup-projections-2026-27-season","2026-10-10",1,"matched",TRUE,1,NA,1,NA,0,NA,NA
20262027,20262027,24,"ANA",8483482,"Tristan","Luneau","Tristan Luneau","D","current_roster",TRUE,"2026-10-10T18:37:37.784Z","2026-10-10_183528_38076385967_1_3277d3d56c734dd4b736386363cae6b6",2026020082,"2026-10-10","2026-10-11T02:00:00Z","FUT","Flames","2026-10-10T18:37:36.511Z","https://www.nhl.com/news/nhl-lineup-projections-2026-27-season","2026-10-10",1,"matched",TRUE,1,NA,3,NA,0,NA,NA
20262027,20262027,24,"ANA",8483490,"Pavel","Mintyukov","Pavel Mintyukov","D","current_roster",TRUE,"2026-10-10T18:37:37.786Z","2026-10-10_183528_38076385967_1_3277d3d56c734dd4b736386363cae6b6",2026020082,"2026-10-10","2026-10-11T02:00:00Z","FUT","Flames","2026-10-10T18:37:36.511Z","https://www.nhl.com/news/nhl-lineup-projections-2026-27-season","2026-10-10",1,"matched",TRUE,1,NA,2,NA,0,NA,NA
20262027,20262027,24,"ANA",8484262,"Travis","Mitchell","Travis Mitchell","D","current_roster",TRUE,"2026-10-10T18:37:37.788Z","2026-10-10_183528_38076385967_1_3277d3d56c734dd4b736386363cae6b6",2026020082,"2026-10-10","2026-10-11T02:00:00Z","FUT","Flames","2026-10-10T18:37:36.511Z","https://www.nhl.com/news/nhl-lineup-projections-2026-27-season","2026-10-10",1,"matched",TRUE,1,NA,2,NA,0,NA,NA
20262027,20262027,24,"ANA",8482178,"Ian","Moore","Ian Moore","D","current_roster",TRUE,"2026-10-10T18:37:37.793Z","2026-10-10_183528_38076385967_1_3277d3d56c734dd4b736386363cae6b6",2026020082,"2026-10-10","2026-10-11T02:00:00Z","FUT","Flames","2026-10-10T18:37:36.511Z","https://www.nhl.com/news/nhl-lineup-projections-2026-27-season","2026-10-10",1,"matched",TRUE,0,NA,NA,NA,0,NA,"lower body"
20262027,20262027,24,"ANA",8483521,"Noah","Warren","Noah Warren","D","current_roster",TRUE,"2026-10-10T18:37:37.795Z","2026-10-10_183528_38076385967_1_3277d3d56c734dd4b736386363cae6b6",2026020082,"2026-10-10","2026-10-11T02:00:00Z","FUT","Flames","2026-10-10T18:37:36.511Z","https://www.nhl.com/news/nhl-lineup-projections-2026-27-season","2026-10-10",1,"matched",TRUE,1,NA,1,NA,0,NA,NA
20262027,20262027,24,"ANA",8480843,"Lukas","Dostal","Lukas Dostal","G","current_roster",TRUE,"2026-10-10T18:37:37.797Z","2026-10-10_183528_38076385967_1_3277d3d56c734dd4b736386363cae6b6",2026020082,"2026-10-10","2026-10-11T02:00:00Z","FUT","Flames","2026-10-10T18:37:36.511Z","https://www.nhl.com/news/nhl-lineup-projections-2026-27-season","2026-10-10",1,"matched",TRUE,1,NA,NA,"backup",0,NA,NA
20262027,20262027,24,"ANA",8478024,"Ville","Husso","Ville Husso","G","current_roster",TRUE,"2026-10-10T18:37:37.799Z","2026-10-10_183528_38076385967_1_3277d3d56c734dd4b736386363cae6b6",2026020082,"2026-10-10","2026-10-11T02:00:00Z","FUT","Flames","2026-10-10T18:37:36.511Z","https://www.nhl.com/news/nhl-lineup-projections-2026-27-season","2026-10-10",1,"matched",TRUE,1,NA,NA,"starter",0,NA,NA
