"observation_id","game_id","teamId","team_abbrev","game_date","retrieved_at","startTimeUTC","article_date","source_url","projection_status","eligible_for_backtest","raw_name","section","group","slot","injury_detail","playerId","match_method","position","forward_line","defense_pairs","issue"
"2026-10-09_002225_37864428240_1_796d6190e100451eb678e03b9e473e8f",2026020056,68,"UTA","2026-10-08","2026-10-09T00:24:05.838Z","2026-10-08T23:00:00Z","2026-10-08","https://www.nhl.com/news/nhl-lineup-projections-2026-27-season","not_pregame",FALSE,"Clayton Keller","skater",1,1,NA,8479343,"exact_normalized","F",1,NA,NA
"2026-10-09_002225_37864428240_1_796d6190e100451eb678e03b9e473e8f",2026020056,68,"UTA","2026-10-08","2026-10-09T00:24:05.838Z","2026-10-08T23:00:00Z","2026-10-08","https://www.nhl.com/news/nhl-lineup-projections-2026-27-season","not_pregame",FALSE,"Nick Schmaltz","skater",1,2,NA,8477951,"exact_normalized","F",1,NA,NA
"2026-10-09_002225_37864428240_1_796d6190e100451eb678e03b9e473e8f",2026020056,68,"UTA","2026-10-08","2026-10-09T00:24:05.838Z","2026-10-08T23:00:00Z","2026-10-08","https://www.nhl.com/news/nhl-lineup-projections-2026-27-season","not_pregame",FALSE,"Vincent Trocheck","skater",1,3,NA,8476389,"exact_normalized","F",1,NA,NA
"2026-10-09_002225_37864428240_1_796d6190e100451eb678e03b9e473e8f",2026020056,68,"UTA","2026-10-08","2026-10-09T00:24:05.838Z","2026-10-08T23:00:00Z","2026-10-08","https://www.nhl.com/news/nhl-lineup-projections-2026-27-season","not_pregame",FALSE,"Anders Lee","skater",2,1,NA,8475314,"exact_normalized","F",2,NA,NA
"2026-10-09_002225_37864428240_1_796d6190e100451eb678e03b9e473e8f",2026020056,68,"UTA","2026-10-08","2026-10-09T00:24:05.838Z","2026-10-08T23:00:00Z","2026-10-08","https://www.nhl.com/news/nhl-lineup-projections-2026-27-season","not_pregame",FALSE,"Logan Cooley","skater",2,2,NA,8483431,"exact_normalized","F",2,NA,NA
"2026-10-09_002225_37864428240_1_796d6190e100451eb678e03b9e473e8f",2026020056,68,"UTA","2026-10-08","2026-10-09T00:24:05.838Z","2026-10-08T23:00:00Z","2026-10-08","https://www.nhl.com/news/nhl-lineup-projections-2026-27-season","not_pregame",FALSE,"Dylan Guenther","skater",2,3,NA,8482699,"exact_normalized","F",2,NA,NA
"2026-10-09_002225_37864428240_1_796d6190e100451eb678e03b9e473e8f",2026020056,68,"UTA","2026-10-08","2026-10-09T00:24:05.838Z","2026-10-08T23:00:00Z","2026-10-08","https://www.nhl.com/news/nhl-lineup-projections-2026-27-season","not_pregame",FALSE,"Lawson Crouse","skater",3,1,NA,8478474,"exact_normalized","F",3,NA,NA
"2026-10-09_002225_37864428240_1_796d6190e100451eb678e03b9e473e8f",2026020056,68,"UTA","2026-10-08","2026-10-09T00:24:05.838Z","2026-10-08T23:00:00Z","2026-10-08","https://www.nhl.com/news/nhl-lineup-projections-2026-27-season","not_pregame",FALSE,"Barrett Hayton","skater",3,2,NA,8480849,"exact_normalized","F",3,NA,NA
"2026-10-09_002225_37864428240_1_796d6190e100451eb678e03b9e473e8f",2026020056,68,"UTA","2026-10-08","2026-10-09T00:24:05.838Z","2026-10-08T23:00:00Z","2026-10-08","https://www.nhl.com/news/nhl-lineup-projections-2026-27-season","not_pregame",FALSE,"Jack McBain","skater",3,3,NA,8480855,"exact_normalized","F",3,NA,NA
"2026-10-09_002225_37864428240_1_796d6190e100451eb678e03b9e473e8f",2026020056,68,"UTA","2026-10-08","2026-10-09T00:24:05.838Z","2026-10-08T23:00:00Z","2026-10-08","https://www.nhl.com/news/nhl-lineup-projections-2026-27-season","not_pregame",FALSE,"Daniil But","skater",4,1,NA,8484388,"exact_normalized","F",4,NA,NA
"2026-10-09_002225_37864428240_1_796d6190e100451eb678e03b9e473e8f",2026020056,68,"UTA","2026-10-08","2026-10-09T00:24:05.838Z","2026-10-08T23:00:00Z","2026-10-08","https://www.nhl.com/news/nhl-lineup-projections-2026-27-season","not_pregame",FALSE,"Kevin Stenlund","skater",4,2,NA,8478831,"exact_normalized","F",4,NA,NA
"2026-10-09_002225_37864428240_1_796d6190e100451eb678e03b9e473e8f",2026020056,68,"UTA","2026-10-08","2026-10-09T00:24:05.838Z","2026-10-08T23:00:00Z","2026-10-08","https://www.nhl.com/news/nhl-lineup-projections-2026-27-season","not_pregame",FALSE,"Michael Carcone","skater",4,3,NA,8479619,"exact_normalized","F",4,NA,NA
"2026-10-09_002225_37864428240_1_796d6190e100451eb678e03b9e473e8f",2026020056,68,"UTA","2026-10-08","2026-10-09T00:24:05.838Z","2026-10-08T23:00:00Z","2026-10-08","https://www.nhl.com/news/nhl-lineup-projections-2026-27-season","not_pregame",FALSE,"Mikhail Sergachev","skater",5,1,NA,8479410,"exact_normalized","D",NA,1,NA
"2026-10-09_002225_37864428240_1_796d6190e100451eb678e03b9e473e8f",2026020056,68,"UTA","2026-10-08","2026-10-09T00:24:05.838Z","2026-10-08T23:00:00Z","2026-10-08","https://www.nhl.com/news/nhl-lineup-projections-2026-27-season","not_pregame",FALSE,"Mackenzie Weegar","skater",5,2,NA,8477346,"exact_normalized","D",NA,1,NA
"2026-10-09_002225_37864428240_1_796d6190e100451eb678e03b9e473e8f",2026020056,68,"UTA","2026-10-08","2026-10-09T00:24:05.838Z","2026-10-08T23:00:00Z","2026-10-08","https://www.nhl.com/news/nhl-lineup-projections-2026-27-season","not_pregame",FALSE,"Nate Schmidt","skater",6,1,NA,8477220,"exact_normalized","D",NA,2,NA
"2026-10-09_002225_37864428240_1_796d6190e100451eb678e03b9e473e8f",2026020056,68,"UTA","2026-10-08","2026-10-09T00:24:05.838Z","2026-10-08T23:00:00Z","2026-10-08","https://www.nhl.com/news/nhl-lineup-projections-2026-27-season","not_pregame",FALSE,"John Marino","skater",6,2,NA,8478507,"exact_normalized","D",NA,2,NA
"2026-10-09_002225_37864428240_1_796d6190e100451eb678e03b9e473e8f",2026020056,68,"UTA","2026-10-08","2026-10-09T00:24:05.838Z","2026-10-08T23:00:00Z","2026-10-08","https://www.nhl.com/news/nhl-lineup-projections-2026-27-season","not_pregame",FALSE,"Andrew Peeke","skater",7,1,NA,8479369,"exact_normalized","D",NA,3,NA
"2026-10-09_002225_37864428240_1_796d6190e100451eb678e03b9e473e8f",2026020056,68,"UTA","2026-10-08","2026-10-09T00:24:05.838Z","2026-10-08T23:00:00Z","2026-10-08","https://www.nhl.com/news/nhl-lineup-projections-2026-27-season","not_pregame",FALSE,"Dmitri Simashev","skater",7,2,NA,8484386,"exact_normalized","D",NA,3,NA
"2026-10-09_002225_37864428240_1_796d6190e100451eb678e03b9e473e8f",2026020056,68,"UTA","2026-10-08","2026-10-09T00:24:05.838Z","2026-10-08T23:00:00Z","2026-10-08","https://www.nhl.com/news/nhl-lineup-projections-2026-27-season","not_pregame",FALSE,"Sebastian Cossa","starter",NA,NA,NA,8482657,"exact_normalized","G",NA,NA,NA
"2026-10-09_002225_37864428240_1_796d6190e100451eb678e03b9e473e8f",2026020056,68,"UTA","2026-10-08","2026-10-09T00:24:05.838Z","2026-10-08T23:00:00Z","2026-10-08","https://www.nhl.com/news/nhl-lineup-projections-2026-27-season","not_pregame",FALSE,"Karel Vejmelka","backup",NA,NA,NA,8478872,"exact_normalized","G",NA,NA,NA
"2026-10-09_002225_37864428240_1_796d6190e100451eb678e03b9e473e8f",2026020056,68,"UTA","2026-10-08","2026-10-09T00:24:05.838Z","2026-10-08T23:00:00Z","2026-10-08","https://www.nhl.com/news/nhl-lineup-projections-2026-27-season","not_pregame",FALSE,"Nick DeSimone","scratched",NA,NA,NA,8480084,"exact_normalized","D",NA,NA,NA
"2026-10-09_002225_37864428240_1_796d6190e100451eb678e03b9e473e8f",2026020056,68,"UTA","2026-10-08","2026-10-09T00:24:05.838Z","2026-10-08T23:00:00Z","2026-10-08","https://www.nhl.com/news/nhl-lineup-projections-2026-27-season","not_pregame",FALSE,"Liam O’Brien","scratched",NA,NA,NA,8477070,"exact_normalized","F",NA,NA,NA
"2026-10-09_002225_37864428240_1_796d6190e100451eb678e03b9e473e8f",2026020056,68,"UTA","2026-10-08","2026-10-09T00:24:05.838Z","2026-10-08T23:00:00Z","2026-10-08","https://www.nhl.com/news/nhl-lineup-projections-2026-27-season","not_pregame",FALSE,"Kailer Yamamoto","scratched",NA,NA,NA,8479977,"exact_normalized","F",NA,NA,NA
"2026-10-09_002225_37864428240_1_796d6190e100451eb678e03b9e473e8f",2026020056,68,"UTA","2026-10-08","2026-10-09T00:24:05.838Z","2026-10-08T23:00:00Z","2026-10-08","https://www.nhl.com/news/nhl-lineup-projections-2026-27-season","not_pregame",FALSE,"Maveric Lamoureux","injured",NA,NA,"shoulder",8483472,"exact_normalized","D",NA,NA,NA
"2026-10-09_002225_37864428240_1_796d6190e100451eb678e03b9e473e8f",2026020056,6,"BOS","2026-10-08","2026-10-09T00:24:05.838Z","2026-10-08T23:00:00Z","2026-10-08","https://www.nhl.com/news/nhl-lineup-projections-2026-27-season","not_pregame",FALSE,"Morgan Geekie","skater",1,1,NA,8479987,"exact_normalized","F",NA,NA,NA
"2026-10-09_002225_37864428240_1_796d6190e100451eb678e03b9e473e8f",2026020056,6,"BOS","2026-10-08","2026-10-09T00:24:05.838Z","2026-10-08T23:00:00Z","2026-10-08","https://www.nhl.com/news/nhl-lineup-projections-2026-27-season","not_pregame",FALSE,"Pavel Zacha","skater",1,2,NA,8478401,"exact_normalized","F",NA,NA,NA
"2026-10-09_002225_37864428240_1_796d6190e100451eb678e03b9e473e8f",2026020056,6,"BOS","2026-10-08","2026-10-09T00:24:05.838Z","2026-10-08T23:00:00Z","2026-10-08","https://www.nhl.com/news/nhl-lineup-projections-2026-27-season","not_pregame",FALSE,"David Pastrnak","skater",1,3,NA,8477956,"exact_normalized","F",NA,NA,NA
"2026-10-09_002225_37864428240_1_796d6190e100451eb678e03b9e473e8f",2026020056,6,"BOS","2026-10-08","2026-10-09T00:24:05.838Z","2026-10-08T23:00:00Z","2026-10-08","https://www.nhl.com/news/nhl-lineup-projections-2026-27-season","not_pregame",FALSE,"Marat Khusnutdinov","skater",2,1,NA,8482177,"exact_normalized","F",NA,NA,NA
"2026-10-09_002225_37864428240_1_796d6190e100451eb678e03b9e473e8f",2026020056,6,"BOS","2026-10-08","2026-10-09T00:24:05.838Z","2026-10-08T23:00:00Z","2026-10-08","https://www.nhl.com/news/nhl-lineup-projections-2026-27-season","not_pregame",FALSE,"Fraser Minten","skater",2,2,NA,8483489,"exact_normalized","F",NA,NA,NA
"2026-10-09_002225_37864428240_1_796d6190e100451eb678e03b9e473e8f",2026020056,6,"BOS","2026-10-08","2026-10-09T00:24:05.838Z","2026-10-08T23:00:00Z","2026-10-08","https://www.nhl.com/news/nhl-lineup-projections-2026-27-season","not_pregame",FALSE,"JJ Peterka","skater",2,3,NA,8482175,"exact_normalized","F",NA,NA,NA
"2026-10-09_002225_37864428240_1_796d6190e100451eb678e03b9e473e8f",2026020056,6,"BOS","2026-10-08","2026-10-09T00:24:05.838Z","2026-10-08T23:00:00Z","2026-10-08","https://www.nhl.com/news/nhl-lineup-projections-2026-27-season","not_pregame",FALSE,"Casey Mittelstadt","skater",3,1,NA,8479999,"exact_normalized","F",NA,NA,NA
"2026-10-09_002225_37864428240_1_796d6190e100451eb678e03b9e473e8f",2026020056,6,"BOS","2026-10-08","2026-10-09T00:24:05.838Z","2026-10-08T23:00:00Z","2026-10-08","https://www.nhl.com/news/nhl-lineup-projections-2026-27-season","not_pregame",FALSE,"Elias Lindholm","skater",3,2,NA,8477496,"exact_normalized","F",NA,NA,NA
"2026-10-09_002225_37864428240_1_796d6190e100451eb678e03b9e473e8f",2026020056,6,"BOS","2026-10-08","2026-10-09T00:24:05.838Z","2026-10-08T23:00:00Z","2026-10-08","https://www.nhl.com/news/nhl-lineup-projections-2026-27-season","not_pregame",FALSE,"James Hagens","skater",3,3,NA,8485395,"exact_normalized","F",NA,NA,NA
"2026-10-09_002225_37864428240_1_796d6190e100451eb678e03b9e473e8f",2026020056,6,"BOS","2026-10-08","2026-10-09T00:24:05.838Z","2026-10-08T23:00:00Z","2026-10-08","https://www.nhl.com/news/nhl-lineup-projections-2026-27-season","not_pregame",FALSE,"Tanner Jeannot","skater",4,1,NA,8479661,"exact_normalized","F",NA,NA,NA
"2026-10-09_002225_37864428240_1_796d6190e100451eb678e03b9e473e8f",2026020056,6,"BOS","2026-10-08","2026-10-09T00:24:05.838Z","2026-10-08T23:00:00Z","2026-10-08","https://www.nhl.com/news/nhl-lineup-projections-2026-27-season","not_pregame",FALSE,"Matt Poitras","skater",4,2,NA,NA,"unmatched",NA,NA,NA,"unmatched"
"2026-10-09_002225_37864428240_1_796d6190e100451eb678e03b9e473e8f",2026020056,6,"BOS","2026-10-08","2026-10-09T00:24:05.838Z","2026-10-08T23:00:00Z","2026-10-08","https://www.nhl.com/news/nhl-lineup-projections-2026-27-season","not_pregame",FALSE,"Mark Kastelic","skater",4,3,NA,8480355,"exact_normalized","F",NA,NA,NA
"2026-10-09_002225_37864428240_1_796d6190e100451eb678e03b9e473e8f",2026020056,6,"BOS","2026-10-08","2026-10-09T00:24:05.838Z","2026-10-08T23:00:00Z","2026-10-08","https://www.nhl.com/news/nhl-lineup-projections-2026-27-season","not_pregame",FALSE,"Hampus Lindholm","skater",5,1,NA,8476854,"exact_normalized","D",NA,NA,NA
"2026-10-09_002225_37864428240_1_796d6190e100451eb678e03b9e473e8f",2026020056,6,"BOS","2026-10-08","2026-10-09T00:24:05.838Z","2026-10-08T23:00:00Z","2026-10-08","https://www.nhl.com/news/nhl-lineup-projections-2026-27-season","not_pregame",FALSE,"Will Borgen","skater",5,2,NA,8478840,"exact_normalized","D",NA,NA,NA
"2026-10-09_002225_37864428240_1_796d6190e100451eb678e03b9e473e8f",2026020056,6,"BOS","2026-10-08","2026-10-09T00:24:05.838Z","2026-10-08T23:00:00Z","2026-10-08","https://www.nhl.com/news/nhl-lineup-projections-2026-27-season","not_pregame",FALSE,"Nikita Zadorov","skater",6,1,NA,8477507,"exact_normalized","D",NA,NA,NA
"2026-10-09_002225_37864428240_1_796d6190e100451eb678e03b9e473e8f",2026020056,6,"BOS","2026-10-08","2026-10-09T00:24:05.838Z","2026-10-08T23:00:00Z","2026-10-08","https://www.nhl.com/news/nhl-lineup-projections-2026-27-season","not_pregame",FALSE,"Connor Clifton","skater",6,2,NA,8477365,"exact_normalized","D",NA,NA,NA
"2026-10-09_002225_37864428240_1_796d6190e100451eb678e03b9e473e8f",2026020056,6,"BOS","2026-10-08","2026-10-09T00:24:05.838Z","2026-10-08T23:00:00Z","2026-10-08","https://www.nhl.com/news/nhl-lineup-projections-2026-27-season","not_pregame",FALSE,"Frederic Brunet","skater",7,1,NA,8483017,"exact_normalized","D",NA,NA,NA
"2026-10-09_002225_37864428240_1_796d6190e100451eb678e03b9e473e8f",2026020056,6,"BOS","2026-10-08","2026-10-09T00:24:05.838Z","2026-10-08T23:00:00Z","2026-10-08","https://www.nhl.com/news/nhl-lineup-projections-2026-27-season","not_pregame",FALSE,"Mason Lohrei","skater",7,2,NA,8482511,"exact_normalized","D",NA,NA,NA
"2026-10-09_002225_37864428240_1_796d6190e100451eb678e03b9e473e8f",2026020056,6,"BOS","2026-10-08","2026-10-09T00:24:05.838Z","2026-10-08T23:00:00Z","2026-10-08","https://www.nhl.com/news/nhl-lineup-projections-2026-27-season","not_pregame",FALSE,"Jeremy Swayman","starter",NA,NA,NA,8480280,"exact_normalized","G",NA,NA,NA
"2026-10-09_002225_37864428240_1_796d6190e100451eb678e03b9e473e8f",2026020056,6,"BOS","2026-10-08","2026-10-09T00:24:05.838Z","2026-10-08T23:00:00Z","2026-10-08","https://www.nhl.com/news/nhl-lineup-projections-2026-27-season","not_pregame",FALSE,"Michael DiPietro","backup",NA,NA,NA,8480022,"exact_normalized","G",NA,NA,NA
"2026-10-09_002225_37864428240_1_796d6190e100451eb678e03b9e473e8f",2026020056,6,"BOS","2026-10-08","2026-10-09T00:24:05.838Z","2026-10-08T23:00:00Z","2026-10-08","https://www.nhl.com/news/nhl-lineup-projections-2026-27-season","not_pregame",FALSE,"Jonathan Aspirot","scratched",NA,NA,NA,8481219,"exact_normalized","D",NA,NA,NA
"2026-10-09_002225_37864428240_1_796d6190e100451eb678e03b9e473e8f",2026020056,6,"BOS","2026-10-08","2026-10-09T00:24:05.838Z","2026-10-08T23:00:00Z","2026-10-08","https://www.nhl.com/news/nhl-lineup-projections-2026-27-season","not_pregame",FALSE,"Sean Kuraly","scratched",NA,NA,NA,8476374,"exact_normalized","F",NA,NA,NA
"2026-10-09_002225_37864428240_1_796d6190e100451eb678e03b9e473e8f",2026020057,25,"DAL","2026-10-08","2026-10-09T00:24:05.838Z","2026-10-08T23:00:00Z","2026-10-08","https://www.nhl.com/news/nhl-lineup-projections-2026-27-season","not_pregame",FALSE,"Jason Robertson","skater",1,1,NA,8480027,"exact_normalized","F",1,NA,NA
"2026-10-09_002225_37864428240_1_796d6190e100451eb678e03b9e473e8f",2026020057,25,"DAL","2026-10-08","2026-10-09T00:24:05.838Z","2026-10-08T23:00:00Z","2026-10-08","https://www.nhl.com/news/nhl-lineup-projections-2026-27-season","not_pregame",FALSE,"Roope Hintz","skater",1,2,NA,8478449,"exact_normalized","F",1,NA,NA
"2026-10-09_002225_37864428240_1_796d6190e100451eb678e03b9e473e8f",2026020057,25,"DAL","2026-10-08","2026-10-09T00:24:05.838Z","2026-10-08T23:00:00Z","2026-10-08","https://www.nhl.com/news/nhl-lineup-projections-2026-27-season","not_pregame",FALSE,"Jamie Benn","skater",1,3,NA,8473994,"exact_normalized","F",1,NA,NA
"2026-10-09_002225_37864428240_1_796d6190e100451eb678e03b9e473e8f",2026020057,25,"DAL","2026-10-08","2026-10-09T00:24:05.838Z","2026-10-08T23:00:00Z","2026-10-08","https://www.nhl.com/news/nhl-lineup-projections-2026-27-season","not_pregame",FALSE,"Sam Steel","skater",2,1,NA,8479351,"exact_normalized","F",2,NA,NA
"2026-10-09_002225_37864428240_1_796d6190e100451eb678e03b9e473e8f",2026020057,25,"DAL","2026-10-08","2026-10-09T00:24:05.838Z","2026-10-08T23:00:00Z","2026-10-08","https://www.nhl.com/news/nhl-lineup-projections-2026-27-season","not_pregame",FALSE,"Wyatt Johnston","skater",2,2,NA,8482740,"exact_normalized","F",2,NA,NA
"2026-10-09_002225_37864428240_1_796d6190e100451eb678e03b9e473e8f",2026020057,25,"DAL","2026-10-08","2026-10-09T00:24:05.838Z","2026-10-08T23:00:00Z","2026-10-08","https://www.nhl.com/news/nhl-lineup-projections-2026-27-season","not_pregame",FALSE,"Mikko Rantanen","skater",2,3,NA,8478420,"exact_normalized","F",2,NA,NA
"2026-10-09_002225_37864428240_1_796d6190e100451eb678e03b9e473e8f",2026020057,25,"DAL","2026-10-08","2026-10-09T00:24:05.838Z","2026-10-08T23:00:00Z","2026-10-08","https://www.nhl.com/news/nhl-lineup-projections-2026-27-season","not_pregame",FALSE,"Justin Hryckowian","skater",3,1,NA,8484829,"exact_normalized","F",3,NA,NA
"2026-10-09_002225_37864428240_1_796d6190e100451eb678e03b9e473e8f",2026020057,25,"DAL","2026-10-08","2026-10-09T00:24:05.838Z","2026-10-08T23:00:00Z","2026-10-08","https://www.nhl.com/news/nhl-lineup-projections-2026-27-season","not_pregame",FALSE,"Arttu Hyry","skater",3,2,NA,8484938,"exact_normalized","F",3,NA,NA
"2026-10-09_002225_37864428240_1_796d6190e100451eb678e03b9e473e8f",2026020057,25,"DAL","2026-10-08","2026-10-09T00:24:05.838Z","2026-10-08T23:00:00Z","2026-10-08","https://www.nhl.com/news/nhl-lineup-projections-2026-27-season","not_pregame",FALSE,"Tyler Seguin","skater",3,3,NA,8475794,"exact_normalized","F",3,NA,NA
"2026-10-09_002225_37864428240_1_796d6190e100451eb678e03b9e473e8f",2026020057,25,"DAL","2026-10-08","2026-10-09T00:24:05.838Z","2026-10-08T23:00:00Z","2026-10-08","https://www.nhl.com/news/nhl-lineup-projections-2026-27-season","not_pregame",FALSE,"Oskar Back","skater",4,1,NA,8480840,"exact_normalized","F",4,NA,NA
"2026-10-09_002225_37864428240_1_796d6190e100451eb678e03b9e473e8f",2026020057,25,"DAL","2026-10-08","2026-10-09T00:24:05.838Z","2026-10-08T23:00:00Z","2026-10-08","https://www.nhl.com/news/nhl-lineup-projections-2026-27-season","not_pregame",FALSE,"Radek Faksa","skater",4,2,NA,8476889,"exact_normalized","F",4,NA,NA
"2026-10-09_002225_37864428240_1_796d6190e100451eb678e03b9e473e8f",2026020057,25,"DAL","2026-10-08","2026-10-09T00:24:05.838Z","2026-10-08T23:00:00Z","2026-10-08","https://www.nhl.com/news/nhl-lineup-projections-2026-27-season","not_pregame",FALSE,"Colin Blackwell","skater",4,3,NA,8476278,"exact_normalized","F",4,NA,NA
"2026-10-09_002225_37864428240_1_796d6190e100451eb678e03b9e473e8f",2026020057,25,"DAL","2026-10-08","2026-10-09T00:24:05.838Z","2026-10-08T23:00:00Z","2026-10-08","https://www.nhl.com/news/nhl-lineup-projections-2026-27-season","not_pregame",FALSE,"Esa Lindell","skater",5,1,NA,8476902,"exact_normalized","D",NA,1,NA
"2026-10-09_002225_37864428240_1_796d6190e100451eb678e03b9e473e8f",2026020057,25,"DAL","2026-10-08","2026-10-09T00:24:05.838Z","2026-10-08T23:00:00Z","2026-10-08","https://www.nhl.com/news/nhl-lineup-projections-2026-27-season","not_pregame",FALSE,"Miro Heiskanen","skater",5,2,NA,8480036,"exact_normalized","D",NA,1,NA
"2026-10-09_002225_37864428240_1_796d6190e100451eb678e03b9e473e8f",2026020057,25,"DAL","2026-10-08","2026-10-09T00:24:05.838Z","2026-10-08T23:00:00Z","2026-10-08","https://www.nhl.com/news/nhl-lineup-projections-2026-27-season","not_pregame",FALSE,"Thomas Harley","skater",6,1,NA,8481581,"exact_normalized","D",NA,2,NA
"2026-10-09_002225_37864428240_1_796d6190e100451eb678e03b9e473e8f",2026020057,25,"DAL","2026-10-08","2026-10-09T00:24:05.838Z","2026-10-08T23:00:00Z","2026-10-08","https://www.nhl.com/news/nhl-lineup-projections-2026-27-season","not_pregame",FALSE,"Nils Lundkvist","skater",6,2,NA,8480878,"exact_normalized","D",NA,2,NA
"2026-10-09_002225_37864428240_1_796d6190e100451eb678e03b9e473e8f",2026020057,25,"DAL","2026-10-08","2026-10-09T00:24:05.838Z","2026-10-08T23:00:00Z","2026-10-08","https://www.nhl.com/news/nhl-lineup-projections-2026-27-season","not_pregame",FALSE,"Lian Bichsel","skater",7,1,NA,8483425,"exact_normalized","D",NA,3,NA
"2026-10-09_002225_37864428240_1_796d6190e100451eb678e03b9e473e8f",2026020057,25,"DAL","2026-10-08","2026-10-09T00:24:05.838Z","2026-10-08T23:00:00Z","2026-10-08","https://www.nhl.com/news/nhl-lineup-projections-2026-27-season","not_pregame",FALSE,"Tyler Myers","skater",7,2,NA,8474574,"exact_normalized","D",NA,3,NA
"2026-10-09_002225_37864428240_1_796d6190e100451eb678e03b9e473e8f",2026020057,25,"DAL","2026-10-08","2026-10-09T00:24:05.838Z","2026-10-08T23:00:00Z","2026-10-08","https://www.nhl.com/news/nhl-lineup-projections-2026-27-season","not_pregame",FALSE,"Jake Oettinger","starter",NA,NA,NA,8479979,"exact_normalized","G",NA,NA,NA
"2026-10-09_002225_37864428240_1_796d6190e100451eb678e03b9e473e8f",2026020057,25,"DAL","2026-10-08","2026-10-09T00:24:05.838Z","2026-10-08T23:00:00Z","2026-10-08","https://www.nhl.com/news/nhl-lineup-projections-2026-27-season","not_pregame",FALSE,"Casey DeSmith","backup",NA,NA,NA,8479193,"exact_normalized","G",NA,NA,NA
"2026-10-09_002225_37864428240_1_796d6190e100451eb678e03b9e473e8f",2026020057,25,"DAL","2026-10-08","2026-10-09T00:24:05.838Z","2026-10-08T23:00:00Z","2026-10-08","https://www.nhl.com/news/nhl-lineup-projections-2026-27-season","not_pregame",FALSE,"Kyle Capobianco","scratched",NA,NA,NA,8478476,"exact_normalized","D",NA,NA,NA
"2026-10-09_002225_37864428240_1_796d6190e100451eb678e03b9e473e8f",2026020057,25,"DAL","2026-10-08","2026-10-09T00:24:05.838Z","2026-10-08T23:00:00Z","2026-10-08","https://www.nhl.com/news/nhl-lineup-projections-2026-27-season","not_pregame",FALSE,"Matt Duchene","injured",NA,NA,"lower body",8475168,"exact_normalized","F",NA,NA,NA
"2026-10-09_002225_37864428240_1_796d6190e100451eb678e03b9e473e8f",2026020057,25,"DAL","2026-10-08","2026-10-09T00:24:05.838Z","2026-10-08T23:00:00Z","2026-10-08","https://www.nhl.com/news/nhl-lineup-projections-2026-27-season","not_pregame",FALSE,"Joel Kiviranta","injured",NA,NA,"lower body",8481641,"exact_normalized","F",NA,NA,NA
"2026-10-09_002225_37864428240_1_796d6190e100451eb678e03b9e473e8f",2026020057,7,"BUF","2026-10-08","2026-10-09T00:24:05.838Z","2026-10-08T23:00:00Z","2026-10-08","https://www.nhl.com/news/nhl-lineup-projections-2026-27-season","not_pregame",FALSE,"Peyton Krebs","skater",1,1,NA,8481522,"exact_normalized","F",1,NA,NA
"2026-10-09_002225_37864428240_1_796d6190e100451eb678e03b9e473e8f",2026020057,7,"BUF","2026-10-08","2026-10-09T00:24:05.838Z","2026-10-08T23:00:00Z","2026-10-08","https://www.nhl.com/news/nhl-lineup-projections-2026-27-season","not_pregame",FALSE,"Jiri Kulich","skater",1,2,NA,8483468,"exact_normalized","F",1,NA,NA
"2026-10-09_002225_37864428240_1_796d6190e100451eb678e03b9e473e8f",2026020057,7,"BUF","2026-10-08","2026-10-09T00:24:05.838Z","2026-10-08T23:00:00Z","2026-10-08","https://www.nhl.com/news/nhl-lineup-projections-2026-27-season","not_pregame",FALSE,"Tage Thompson","skater",1,3,NA,8479420,"exact_normalized","F",1,NA,NA
"2026-10-09_002225_37864428240_1_796d6190e100451eb678e03b9e473e8f",2026020057,7,"BUF","2026-10-08","2026-10-09T00:24:05.838Z","2026-10-08T23:00:00Z","2026-10-08","https://www.nhl.com/news/nhl-lineup-projections-2026-27-season","not_pregame",FALSE,"Zach Benson","skater",2,1,NA,8484145,"exact_normalized","F",2,NA,NA
"2026-10-09_002225_37864428240_1_796d6190e100451eb678e03b9e473e8f",2026020057,7,"BUF","2026-10-08","2026-10-09T00:24:05.838Z","2026-10-08T23:00:00Z","2026-10-08","https://www.nhl.com/news/nhl-lineup-projections-2026-27-season","not_pregame",FALSE,"Noah Ostlund","skater",2,2,NA,8483500,"exact_normalized","F",2,NA,NA
"2026-10-09_002225_37864428240_1_796d6190e100451eb678e03b9e473e8f",2026020057,7,"BUF","2026-10-08","2026-10-09T00:24:05.838Z","2026-10-08T23:00:00Z","2026-10-08","https://www.nhl.com/news/nhl-lineup-projections-2026-27-season","not_pregame",FALSE,"Jack Quinn","skater",2,3,NA,8482097,"exact_normalized","F",2,NA,NA
"2026-10-09_002225_37864428240_1_796d6190e100451eb678e03b9e473e8f",2026020057,7,"BUF","2026-10-08","2026-10-09T00:24:05.838Z","2026-10-08T23:00:00Z","2026-10-08","https://www.nhl.com/news/nhl-lineup-projections-2026-27-season","not_pregame",FALSE,"Konsta Helenius","skater",3,1,NA,8484797,"exact_normalized","F",3,NA,NA
"2026-10-09_002225_37864428240_1_796d6190e100451eb678e03b9e473e8f",2026020057,7,"BUF","2026-10-08","2026-10-09T00:24:05.838Z","2026-10-08T23:00:00Z","2026-10-08","https://www.nhl.com/news/nhl-lineup-projections-2026-27-season","not_pregame",FALSE,"Josh Norris","skater",3,2,NA,8480064,"exact_normalized","F",3,NA,NA
"2026-10-09_002225_37864428240_1_796d6190e100451eb678e03b9e473e8f",2026020057,7,"BUF","2026-10-08","2026-10-09T00:24:05.838Z","2026-10-08T23:00:00Z","2026-10-08","https://www.nhl.com/news/nhl-lineup-projections-2026-27-season","not_pregame",FALSE,"Josh Doan","skater",3,3,NA,8482659,"exact_normalized","F",3,NA,NA
"2026-10-09_002225_37864428240_1_796d6190e100451eb678e03b9e473e8f",2026020057,7,"BUF","2026-10-08","2026-10-09T00:24:05.838Z","2026-10-08T23:00:00Z","2026-10-08","https://www.nhl.com/news/nhl-lineup-projections-2026-27-season","not_pregame",FALSE,"Beck Malenstyn","skater",4,1,NA,8479359,"exact_normalized","F",4,NA,NA
"2026-10-09_002225_37864428240_1_796d6190e100451eb678e03b9e473e8f",2026020057,7,"BUF","2026-10-08","2026-10-09T00:24:05.838Z","2026-10-08T23:00:00Z","2026-10-08","https://www.nhl.com/news/nhl-lineup-projections-2026-27-season","not_pregame",FALSE,"Ryan McLeod","skater",4,2,NA,8480802,"exact_normalized","F",4,NA,NA
"2026-10-09_002225_37864428240_1_796d6190e100451eb678e03b9e473e8f",2026020057,7,"BUF","2026-10-08","2026-10-09T00:24:05.838Z","2026-10-08T23:00:00Z","2026-10-08","https://www.nhl.com/news/nhl-lineup-projections-2026-27-season","not_pregame",FALSE,"Justin Danforth","skater",4,3,NA,8479941,"exact_normalized","F",4,NA,NA
"2026-10-09_002225_37864428240_1_796d6190e100451eb678e03b9e473e8f",2026020057,7,"BUF","2026-10-08","2026-10-09T00:24:05.838Z","2026-10-08T23:00:00Z","2026-10-08","https://www.nhl.com/news/nhl-lineup-projections-2026-27-season","not_pregame",FALSE,"Mattias Samuelsson","skater",5,1,NA,8480807,"exact_normalized","D",NA,1,NA
"2026-10-09_002225_37864428240_1_796d6190e100451eb678e03b9e473e8f",2026020057,7,"BUF","2026-10-08","2026-10-09T00:24:05.838Z","2026-10-08T23:00:00Z","2026-10-08","https://www.nhl.com/news/nhl-lineup-projections-2026-27-season","not_pregame",FALSE,"Rasmus Dahlin","skater",5,2,NA,8480839,"exact_normalized","D",NA,1,NA
"2026-10-09_002225_37864428240_1_796d6190e100451eb678e03b9e473e8f",2026020057,7,"BUF","2026-10-08","2026-10-09T00:24:05.838Z","2026-10-08T23:00:00Z","2026-10-08","https://www.nhl.com/news/nhl-lineup-projections-2026-27-season","not_pregame",FALSE,"Olen Zellweger","skater",6,1,NA,8482803,"exact_normalized","D",NA,2,NA
"2026-10-09_002225_37864428240_1_796d6190e100451eb678e03b9e473e8f",2026020057,7,"BUF","2026-10-08","2026-10-09T00:24:05.838Z","2026-10-08T23:00:00Z","2026-10-08","https://www.nhl.com/news/nhl-lineup-projections-2026-27-season","not_pregame",FALSE,"Owen Power","skater",6,2,NA,8482671,"exact_normalized","D",NA,2,NA
"2026-10-09_002225_37864428240_1_796d6190e100451eb678e03b9e473e8f",2026020057,7,"BUF","2026-10-08","2026-10-09T00:24:05.838Z","2026-10-08T23:00:00Z","2026-10-08","https://www.nhl.com/news/nhl-lineup-projections-2026-27-season","not_pregame",FALSE,"Zach Metsa","skater",7,1,NA,8484305,"exact_normalized","D",NA,3,NA
"2026-10-09_002225_37864428240_1_796d6190e100451eb678e03b9e473e8f",2026020057,7,"BUF","2026-10-08","2026-10-09T00:24:05.838Z","2026-10-08T23:00:00Z","2026-10-08","https://www.nhl.com/news/nhl-lineup-projections-2026-27-season","not_pregame",FALSE,"Louis Crevier","skater",7,2,NA,8481806,"exact_normalized","D",NA,3,NA
"2026-10-09_002225_37864428240_1_796d6190e100451eb678e03b9e473e8f",2026020057,7,"BUF","2026-10-08","2026-10-09T00:24:05.838Z","2026-10-08T23:00:00Z","2026-10-08","https://www.nhl.com/news/nhl-lineup-projections-2026-27-season","not_pregame",FALSE,"Ukko-Pekka Luukkonen","starter",NA,NA,NA,8480045,"exact_normalized","G",NA,NA,NA
"2026-10-09_002225_37864428240_1_796d6190e100451eb678e03b9e473e8f",2026020057,7,"BUF","2026-10-08","2026-10-09T00:24:05.838Z","2026-10-08T23:00:00Z","2026-10-08","https://www.nhl.com/news/nhl-lineup-projections-2026-27-season","not_pregame",FALSE,"Colten Ellis","backup",NA,NA,NA,8481551,"exact_normalized","G",NA,NA,NA
"2026-10-09_002225_37864428240_1_796d6190e100451eb678e03b9e473e8f",2026020057,7,"BUF","2026-10-08","2026-10-09T00:24:05.838Z","2026-10-08T23:00:00Z","2026-10-08","https://www.nhl.com/news/nhl-lineup-projections-2026-27-season","not_pregame",FALSE,"Sam Carrick","scratched",NA,NA,NA,8475842,"exact_normalized","F",NA,NA,NA
"2026-10-09_002225_37864428240_1_796d6190e100451eb678e03b9e473e8f",2026020057,7,"BUF","2026-10-08","2026-10-09T00:24:05.838Z","2026-10-08T23:00:00Z","2026-10-08","https://www.nhl.com/news/nhl-lineup-projections-2026-27-season","not_pregame",FALSE,"Tyson Kozak","scratched",NA,NA,NA,8482896,"exact_normalized","F",NA,NA,NA
"2026-10-09_002225_37864428240_1_796d6190e100451eb678e03b9e473e8f",2026020057,7,"BUF","2026-10-08","2026-10-09T00:24:05.838Z","2026-10-08T23:00:00Z","2026-10-08","https://www.nhl.com/news/nhl-lineup-projections-2026-27-season","not_pregame",FALSE,"Matt Grzelcyk","scratched",NA,NA,NA,8476891,"exact_normalized","D",NA,NA,NA
"2026-10-09_002225_37864428240_1_796d6190e100451eb678e03b9e473e8f",2026020057,7,"BUF","2026-10-08","2026-10-09T00:24:05.838Z","2026-10-08T23:00:00Z","2026-10-08","https://www.nhl.com/news/nhl-lineup-projections-2026-27-season","not_pregame",FALSE,"Alex Lyon","injured",NA,NA,"upper body",8479312,"exact_normalized","G",NA,NA,NA
"2026-10-09_002225_37864428240_1_796d6190e100451eb678e03b9e473e8f",2026020057,7,"BUF","2026-10-08","2026-10-09T00:24:05.838Z","2026-10-08T23:00:00Z","2026-10-08","https://www.nhl.com/news/nhl-lineup-projections-2026-27-season","not_pregame",FALSE,"Conor Timmins","injured",NA,NA,"lower body",8479982,"exact_normalized","D",NA,NA,NA
"2026-10-09_002225_37864428240_1_796d6190e100451eb678e03b9e473e8f",2026020057,7,"BUF","2026-10-08","2026-10-09T00:24:05.838Z","2026-10-08T23:00:00Z","2026-10-08","https://www.nhl.com/news/nhl-lineup-projections-2026-27-season","not_pregame",FALSE,"Jason Zucker","injured",NA,NA,"sports hernia",NA,"unmatched",NA,NA,NA,"unmatched"
"2026-10-09_002225_37864428240_1_796d6190e100451eb678e03b9e473e8f",2026020058,18,"NSH","2026-10-08","2026-10-09T00:24:05.838Z","2026-10-08T23:00:00Z","2026-10-08","https://www.nhl.com/news/nhl-lineup-projections-2026-27-season","not_pregame",FALSE,"Steven Stamkos","skater",1,1,NA,8474564,"exact_normalized","F",1,NA,NA
"2026-10-09_002225_37864428240_1_796d6190e100451eb678e03b9e473e8f",2026020058,18,"NSH","2026-10-08","2026-10-09T00:24:05.838Z","2026-10-08T23:00:00Z","2026-10-08","https://www.nhl.com/news/nhl-lineup-projections-2026-27-season","not_pregame",FALSE,"Ryan O’Reilly","skater",1,2,NA,8475158,"exact_normalized","F",1,NA,NA
"2026-10-09_002225_37864428240_1_796d6190e100451eb678e03b9e473e8f",2026020058,18,"NSH","2026-10-08","2026-10-09T00:24:05.838Z","2026-10-08T23:00:00Z","2026-10-08","https://www.nhl.com/news/nhl-lineup-projections-2026-27-season","not_pregame",FALSE,"Alexander Kerfoot","skater",1,3,NA,8477021,"exact_normalized","F",1,NA,NA
"2026-10-09_002225_37864428240_1_796d6190e100451eb678e03b9e473e8f",2026020058,18,"NSH","2026-10-08","2026-10-09T00:24:05.838Z","2026-10-08T23:00:00Z","2026-10-08","https://www.nhl.com/news/nhl-lineup-projections-2026-27-season","not_pregame",FALSE,"Filip Forsberg","skater",2,1,NA,8476887,"exact_normalized","F",2,NA,NA
"2026-10-09_002225_37864428240_1_796d6190e100451eb678e03b9e473e8f",2026020058,18,"NSH","2026-10-08","2026-10-09T00:24:05.838Z","2026-10-08T23:00:00Z","2026-10-08","https://www.nhl.com/news/nhl-lineup-projections-2026-27-season","not_pregame",FALSE,"Matthew Wood","skater",2,2,NA,8484241,"exact_normalized","F",2,NA,NA
"2026-10-09_002225_37864428240_1_796d6190e100451eb678e03b9e473e8f",2026020058,18,"NSH","2026-10-08","2026-10-09T00:24:05.838Z","2026-10-08T23:00:00Z","2026-10-08","https://www.nhl.com/news/nhl-lineup-projections-2026-27-season","not_pregame",FALSE,"Nils Hoglander","skater",2,3,NA,8481535,"exact_normalized","F",2,NA,NA
"2026-10-09_002225_37864428240_1_796d6190e100451eb678e03b9e473e8f",2026020058,18,"NSH","2026-10-08","2026-10-09T00:24:05.838Z","2026-10-08T23:00:00Z","2026-10-08","https://www.nhl.com/news/nhl-lineup-projections-2026-27-season","not_pregame",FALSE,"Ross Colton","skater",3,1,NA,8479525,"exact_normalized","F",3,NA,NA
"2026-10-09_002225_37864428240_1_796d6190e100451eb678e03b9e473e8f",2026020058,18,"NSH","2026-10-08","2026-10-09T00:24:05.838Z","2026-10-08T23:00:00Z","2026-10-08","https://www.nhl.com/news/nhl-lineup-projections-2026-27-season","not_pregame",FALSE,"Mavrik Bourque","skater",3,2,NA,8482145,"exact_normalized","F",3,NA,NA
"2026-10-09_002225_37864428240_1_796d6190e100451eb678e03b9e473e8f",2026020058,18,"NSH","2026-10-08","2026-10-09T00:24:05.838Z","2026-10-08T23:00:00Z","2026-10-08","https://www.nhl.com/news/nhl-lineup-projections-2026-27-season","not_pregame",FALSE,"Jonathan Marchessault","skater",3,3,NA,8476539,"exact_normalized","F",3,NA,NA
"2026-10-09_002225_37864428240_1_796d6190e100451eb678e03b9e473e8f",2026020058,18,"NSH","2026-10-08","2026-10-09T00:24:05.838Z","2026-10-08T23:00:00Z","2026-10-08","https://www.nhl.com/news/nhl-lineup-projections-2026-27-season","not_pregame",FALSE,"Jack Drury","skater",4,1,NA,8480835,"exact_normalized","F",4,NA,NA
"2026-10-09_002225_37864428240_1_796d6190e100451eb678e03b9e473e8f",2026020058,18,"NSH","2026-10-08","2026-10-09T00:24:05.838Z","2026-10-08T23:00:00Z","2026-10-08","https://www.nhl.com/news/nhl-lineup-projections-2026-27-season","not_pregame",FALSE,"Adam Edstrom","skater",4,2,NA,8481726,"exact_normalized","F",4,NA,NA
"2026-10-09_002225_37864428240_1_796d6190e100451eb678e03b9e473e8f",2026020058,18,"NSH","2026-10-08","2026-10-09T00:24:05.838Z","2026-10-08T23:00:00Z","2026-10-08","https://www.nhl.com/news/nhl-lineup-projections-2026-27-season","not_pregame",FALSE,"Nicolas Hague","skater",5,1,NA,8479980,"exact_normalized","D",NA,1,NA
"2026-10-09_002225_37864428240_1_796d6190e100451eb678e03b9e473e8f",2026020058,18,"NSH","2026-10-08","2026-10-09T00:24:05.838Z","2026-10-08T23:00:00Z","2026-10-08","https://www.nhl.com/news/nhl-lineup-projections-2026-27-season","not_pregame",FALSE,"Roman Josi","skater",5,2,NA,8474600,"exact_normalized","D",NA,1,NA
"2026-10-09_002225_37864428240_1_796d6190e100451eb678e03b9e473e8f",2026020058,18,"NSH","2026-10-08","2026-10-09T00:24:05.838Z","2026-10-08T23:00:00Z","2026-10-08","https://www.nhl.com/news/nhl-lineup-projections-2026-27-season","not_pregame",FALSE,"Brady Skjei","skater",6,1,NA,8476869,"exact_normalized","D",NA,2,NA
"2026-10-09_002225_37864428240_1_796d6190e100451eb678e03b9e473e8f",2026020058,18,"NSH","2026-10-08","2026-10-09T00:24:05.838Z","2026-10-08T23:00:00Z","2026-10-08","https://www.nhl.com/news/nhl-lineup-projections-2026-27-season","not_pregame",FALSE,"Nick Perbix","skater",6,2,NA,8480246,"exact_normalized","D",NA,2,NA
"2026-10-09_002225_37864428240_1_796d6190e100451eb678e03b9e473e8f",2026020058,18,"NSH","2026-10-08","2026-10-09T00:24:05.838Z","2026-10-08T23:00:00Z","2026-10-08","https://www.nhl.com/news/nhl-lineup-projections-2026-27-season","not_pregame",FALSE,"William Trudeau","skater",7,1,NA,8482806,"exact_normalized","D",NA,3,NA
"2026-10-09_002225_37864428240_1_796d6190e100451eb678e03b9e473e8f",2026020058,18,"NSH","2026-10-08","2026-10-09T00:24:05.838Z","2026-10-08T23:00:00Z","2026-10-08","https://www.nhl.com/news/nhl-lineup-projections-2026-27-season","not_pregame",FALSE,"Adam Wilsby","skater",7,2,NA,8482482,"exact_normalized","D",NA,3,NA
"2026-10-09_002225_37864428240_1_796d6190e100451eb678e03b9e473e8f",2026020058,18,"NSH","2026-10-08","2026-10-09T00:24:05.838Z","2026-10-08T23:00:00Z","2026-10-08","https://www.nhl.com/news/nhl-lineup-projections-2026-27-season","not_pregame",FALSE,"Jack Ahcan","skater",8,1,NA,8482072,"exact_normalized","D",NA,4,NA
"2026-10-09_002225_37864428240_1_796d6190e100451eb678e03b9e473e8f",2026020058,18,"NSH","2026-10-08","2026-10-09T00:24:05.838Z","2026-10-08T23:00:00Z","2026-10-08","https://www.nhl.com/news/nhl-lineup-projections-2026-27-season","not_pregame",FALSE,"Juuse Saros","starter",NA,NA,NA,8477424,"exact_normalized","G",NA,NA,NA
"2026-10-09_002225_37864428240_1_796d6190e100451eb678e03b9e473e8f",2026020058,18,"NSH","2026-10-08","2026-10-09T00:24:05.838Z","2026-10-08T23:00:00Z","2026-10-08","https://www.nhl.com/news/nhl-lineup-projections-2026-27-season","not_pregame",FALSE,"Matt Murray","backup",NA,NA,NA,8483575,"exact_normalized","G",NA,NA,NA
"2026-10-09_002225_37864428240_1_796d6190e100451eb678e03b9e473e8f",2026020058,18,"NSH","2026-10-08","2026-10-09T00:24:05.838Z","2026-10-08T23:00:00Z","2026-10-08","https://www.nhl.com/news/nhl-lineup-projections-2026-27-season","not_pregame",FALSE,"Reid Schaefer","scratched",NA,NA,NA,8483513,"exact_normalized","F",NA,NA,NA
"2026-10-09_002225_37864428240_1_796d6190e100451eb678e03b9e473e8f",2026020058,18,"NSH","2026-10-08","2026-10-09T00:24:05.838Z","2026-10-08T23:00:00Z","2026-10-08","https://www.nhl.com/news/nhl-lineup-projections-2026-27-season","not_pregame",FALSE,"Ilya Lyubushkin","scratched",NA,NA,NA,8480950,"exact_normalized","D",NA,NA,NA
"2026-10-09_002225_37864428240_1_796d6190e100451eb678e03b9e473e8f",2026020058,18,"NSH","2026-10-08","2026-10-09T00:24:05.838Z","2026-10-08T23:00:00Z","2026-10-08","https://www.nhl.com/news/nhl-lineup-projections-2026-27-season","not_pregame",FALSE,"Vitali Pinchuk","scratched",NA,NA,NA,8486189,"exact_normalized","F",NA,NA,NA
"2026-10-09_002225_37864428240_1_796d6190e100451eb678e03b9e473e8f",2026020058,18,"NSH","2026-10-08","2026-10-09T00:24:05.838Z","2026-10-08T23:00:00Z","2026-10-08","https://www.nhl.com/news/nhl-lineup-projections-2026-27-season","not_pregame",FALSE,"Justus Annunen","injured",NA,NA,"undisclosed",8481020,"exact_normalized","G",NA,NA,NA
"2026-10-09_002225_37864428240_1_796d6190e100451eb678e03b9e473e8f",2026020058,8,"MTL","2026-10-08","2026-10-09T00:24:05.838Z","2026-10-08T23:00:00Z","2026-10-08","https://www.nhl.com/news/nhl-lineup-projections-2026-27-season","not_pregame",FALSE,"Cole Caufield","skater",1,1,NA,8481540,"exact_normalized","F",1,NA,NA
"2026-10-09_002225_37864428240_1_796d6190e100451eb678e03b9e473e8f",2026020058,8,"MTL","2026-10-08","2026-10-09T00:24:05.838Z","2026-10-08T23:00:00Z","2026-10-08","https://www.nhl.com/news/nhl-lineup-projections-2026-27-season","not_pregame",FALSE,"Nick Suzuki","skater",1,2,NA,8480018,"exact_normalized","F",1,NA,NA
"2026-10-09_002225_37864428240_1_796d6190e100451eb678e03b9e473e8f",2026020058,8,"MTL","2026-10-08","2026-10-09T00:24:05.838Z","2026-10-08T23:00:00Z","2026-10-08","https://www.nhl.com/news/nhl-lineup-projections-2026-27-season","not_pregame",FALSE,"Chris Kreider","skater",1,3,NA,8475184,"exact_normalized","F",1,NA,NA
"2026-10-09_002225_37864428240_1_796d6190e100451eb678e03b9e473e8f",2026020058,8,"MTL","2026-10-08","2026-10-09T00:24:05.838Z","2026-10-08T23:00:00Z","2026-10-08","https://www.nhl.com/news/nhl-lineup-projections-2026-27-season","not_pregame",FALSE,"Juraj Slafkovsky","skater",2,1,NA,8483515,"exact_normalized","F",2,NA,NA
"2026-10-09_002225_37864428240_1_796d6190e100451eb678e03b9e473e8f",2026020058,8,"MTL","2026-10-08","2026-10-09T00:24:05.838Z","2026-10-08T23:00:00Z","2026-10-08","https://www.nhl.com/news/nhl-lineup-projections-2026-27-season","not_pregame",FALSE,"Alex Newhook","skater",2,2,NA,8481618,"exact_normalized","F",2,NA,NA
"2026-10-09_002225_37864428240_1_796d6190e100451eb678e03b9e473e8f",2026020058,8,"MTL","2026-10-08","2026-10-09T00:24:05.838Z","2026-10-08T23:00:00Z","2026-10-08","https://www.nhl.com/news/nhl-lineup-projections-2026-27-season","not_pregame",FALSE,"Kirby Dach","skater",2,3,NA,8481523,"exact_normalized","F",2,NA,NA
"2026-10-09_002225_37864428240_1_796d6190e100451eb678e03b9e473e8f",2026020058,8,"MTL","2026-10-08","2026-10-09T00:24:05.838Z","2026-10-08T23:00:00Z","2026-10-08","https://www.nhl.com/news/nhl-lineup-projections-2026-27-season","not_pregame",FALSE,"Zachary Bolduc","skater",3,1,NA,8482737,"exact_normalized","F",3,NA,NA
"2026-10-09_002225_37864428240_1_796d6190e100451eb678e03b9e473e8f",2026020058,8,"MTL","2026-10-08","2026-10-09T00:24:05.838Z","2026-10-08T23:00:00Z","2026-10-08","https://www.nhl.com/news/nhl-lineup-projections-2026-27-season","not_pregame",FALSE,"Phillip Danault","skater",3,2,NA,8476479,"exact_normalized","F",3,NA,NA
"2026-10-09_002225_37864428240_1_796d6190e100451eb678e03b9e473e8f",2026020058,8,"MTL","2026-10-08","2026-10-09T00:24:05.838Z","2026-10-08T23:00:00Z","2026-10-08","https://www.nhl.com/news/nhl-lineup-projections-2026-27-season","not_pregame",FALSE,"Alexandre Texier","skater",3,3,NA,8480074,"exact_normalized","F",3,NA,NA
"2026-10-09_002225_37864428240_1_796d6190e100451eb678e03b9e473e8f",2026020058,8,"MTL","2026-10-08","2026-10-09T00:24:05.838Z","2026-10-08T23:00:00Z","2026-10-08","https://www.nhl.com/news/nhl-lineup-projections-2026-27-season","not_pregame",FALSE,"Florian Xhekaj","skater",4,1,NA,8484403,"exact_normalized","F",4,NA,NA
"2026-10-09_002225_37864428240_1_796d6190e100451eb678e03b9e473e8f",2026020058,8,"MTL","2026-10-08","2026-10-09T00:24:05.838Z","2026-10-08T23:00:00Z","2026-10-08","https://www.nhl.com/news/nhl-lineup-projections-2026-27-season","not_pregame",FALSE,"Jake Evans","skater",4,2,NA,8478133,"exact_normalized","F",4,NA,NA
"2026-10-09_002225_37864428240_1_796d6190e100451eb678e03b9e473e8f",2026020058,8,"MTL","2026-10-08","2026-10-09T00:24:05.838Z","2026-10-08T23:00:00Z","2026-10-08","https://www.nhl.com/news/nhl-lineup-projections-2026-27-season","not_pregame",FALSE,"Josh Anderson","skater",4,3,NA,8476981,"exact_normalized","F",4,NA,NA
"2026-10-09_002225_37864428240_1_796d6190e100451eb678e03b9e473e8f",2026020058,8,"MTL","2026-10-08","2026-10-09T00:24:05.838Z","2026-10-08T23:00:00Z","2026-10-08","https://www.nhl.com/news/nhl-lineup-projections-2026-27-season","not_pregame",FALSE,"Mike Matheson","skater",5,1,NA,8476875,"exact_normalized","D",NA,1,NA
"2026-10-09_002225_37864428240_1_796d6190e100451eb678e03b9e473e8f",2026020058,8,"MTL","2026-10-08","2026-10-09T00:24:05.838Z","2026-10-08T23:00:00Z","2026-10-08","https://www.nhl.com/news/nhl-lineup-projections-2026-27-season","not_pregame",FALSE,"Noah Dobson","skater",5,2,NA,8480865,"exact_normalized","D",NA,1,NA
"2026-10-09_002225_37864428240_1_796d6190e100451eb678e03b9e473e8f",2026020058,8,"MTL","2026-10-08","2026-10-09T00:24:05.838Z","2026-10-08T23:00:00Z","2026-10-08","https://www.nhl.com/news/nhl-lineup-projections-2026-27-season","not_pregame",FALSE,"Lane Hutson","skater",6,1,NA,8483457,"exact_normalized","D",NA,2,NA
"2026-10-09_002225_37864428240_1_796d6190e100451eb678e03b9e473e8f",2026020058,8,"MTL","2026-10-08","2026-10-09T00:24:05.838Z","2026-10-08T23:00:00Z","2026-10-08","https://www.nhl.com/news/nhl-lineup-projections-2026-27-season","not_pregame",FALSE,"Alexandre Carrier","skater",6,2,NA,8478851,"exact_normalized","D",NA,2,NA
"2026-10-09_002225_37864428240_1_796d6190e100451eb678e03b9e473e8f",2026020058,8,"MTL","2026-10-08","2026-10-09T00:24:05.838Z","2026-10-08T23:00:00Z","2026-10-08","https://www.nhl.com/news/nhl-lineup-projections-2026-27-season","not_pregame",FALSE,"Arber Xhekaj","skater",7,1,NA,8482964,"exact_normalized","D",NA,3,NA
"2026-10-09_002225_37864428240_1_796d6190e100451eb678e03b9e473e8f",2026020058,8,"MTL","2026-10-08","2026-10-09T00:24:05.838Z","2026-10-08T23:00:00Z","2026-10-08","https://www.nhl.com/news/nhl-lineup-projections-2026-27-season","not_pregame",FALSE,"Adam Engstrom","skater",7,2,NA,8483686,"exact_normalized","D",NA,3,NA
"2026-10-09_002225_37864428240_1_796d6190e100451eb678e03b9e473e8f",2026020058,8,"MTL","2026-10-08","2026-10-09T00:24:05.838Z","2026-10-08T23:00:00Z","2026-10-08","https://www.nhl.com/news/nhl-lineup-projections-2026-27-season","not_pregame",FALSE,"Jacob Fowler","starter",NA,NA,NA,8484170,"exact_normalized","G",NA,NA,NA
"2026-10-09_002225_37864428240_1_796d6190e100451eb678e03b9e473e8f",2026020058,8,"MTL","2026-10-08","2026-10-09T00:24:05.838Z","2026-10-08T23:00:00Z","2026-10-08","https://www.nhl.com/news/nhl-lineup-projections-2026-27-season","not_pregame",FALSE,"Jakub Dobes","backup",NA,NA,NA,8482487,"exact_normalized","G",NA,NA,NA
"2026-10-09_002225_37864428240_1_796d6190e100451eb678e03b9e473e8f",2026020058,8,"MTL","2026-10-08","2026-10-09T00:24:05.838Z","2026-10-08T23:00:00Z","2026-10-08","https://www.nhl.com/news/nhl-lineup-projections-2026-27-season","not_pregame",FALSE,"Jayden Struble","scratched",NA,NA,NA,8481593,"exact_normalized","D",NA,NA,NA
"2026-10-09_002225_37864428240_1_796d6190e100451eb678e03b9e473e8f",2026020058,8,"MTL","2026-10-08","2026-10-09T00:24:05.838Z","2026-10-08T23:00:00Z","2026-10-08","https://www.nhl.com/news/nhl-lineup-projections-2026-27-season","not_pregame",FALSE,"Samuel Montembeault","injured",NA,NA,"undisclosed",8478470,"exact_normalized","G",NA,NA,NA
"2026-10-09_002225_37864428240_1_796d6190e100451eb678e03b9e473e8f",2026020058,8,"MTL","2026-10-08","2026-10-09T00:24:05.838Z","2026-10-08T23:00:00Z","2026-10-08","https://www.nhl.com/news/nhl-lineup-projections-2026-27-season","not_pregame",FALSE,"Ivan Demidov","injured",NA,NA,"lower body",8484984,"exact_normalized","F",NA,NA,NA
"2026-10-09_002225_37864428240_1_796d6190e100451eb678e03b9e473e8f",2026020058,8,"MTL","2026-10-08","2026-10-09T00:24:05.838Z","2026-10-08T23:00:00Z","2026-10-08","https://www.nhl.com/news/nhl-lineup-projections-2026-27-season","not_pregame",FALSE,"Kaiden Guhle","injured",NA,NA,"adductor",NA,"unmatched",NA,NA,NA,"unmatched"
"2026-10-09_002225_37864428240_1_796d6190e100451eb678e03b9e473e8f",2026020058,8,"MTL","2026-10-08","2026-10-09T00:24:05.838Z","2026-10-08T23:00:00Z","2026-10-08","https://www.nhl.com/news/nhl-lineup-projections-2026-27-season","not_pregame",FALSE,"Oliver Kapanen","injured",NA,NA,"lower body",8482775,"exact_normalized","F",NA,NA,NA
"2026-10-09_002225_37864428240_1_796d6190e100451eb678e03b9e473e8f",2026020059,4,"PHI","2026-10-08","2026-10-09T00:24:05.838Z","2026-10-08T23:00:00Z","2026-10-08","https://www.nhl.com/news/nhl-lineup-projections-2026-27-season","not_pregame",FALSE,"Travis Konecny","skater",1,1,NA,8478439,"exact_normalized","F",1,NA,NA
"2026-10-09_002225_37864428240_1_796d6190e100451eb678e03b9e473e8f",2026020059,4,"PHI","2026-10-08","2026-10-09T00:24:05.838Z","2026-10-08T23:00:00Z","2026-10-08","https://www.nhl.com/news/nhl-lineup-projections-2026-27-season","not_pregame",FALSE,"Sean Couturier","skater",1,2,NA,8476461,"exact_normalized","F",1,NA,NA
"2026-10-09_002225_37864428240_1_796d6190e100451eb678e03b9e473e8f",2026020059,4,"PHI","2026-10-08","2026-10-09T00:24:05.838Z","2026-10-08T23:00:00Z","2026-10-08","https://www.nhl.com/news/nhl-lineup-projections-2026-27-season","not_pregame",FALSE,"Porter Martone","skater",1,3,NA,8485406,"exact_normalized","F",1,NA,NA
"2026-10-09_002225_37864428240_1_796d6190e100451eb678e03b9e473e8f",2026020059,4,"PHI","2026-10-08","2026-10-09T00:24:05.838Z","2026-10-08T23:00:00Z","2026-10-08","https://www.nhl.com/news/nhl-lineup-projections-2026-27-season","not_pregame",FALSE,"Trevor Zegras","skater",2,1,NA,8481533,"exact_normalized","F",2,NA,NA
"2026-10-09_002225_37864428240_1_796d6190e100451eb678e03b9e473e8f",2026020059,4,"PHI","2026-10-08","2026-10-09T00:24:05.838Z","2026-10-08T23:00:00Z","2026-10-08","https://www.nhl.com/news/nhl-lineup-projections-2026-27-season","not_pregame",FALSE,"Christian Dvorak","skater",2,2,NA,8477989,"exact_normalized","F",2,NA,NA
"2026-10-09_002225_37864428240_1_796d6190e100451eb678e03b9e473e8f",2026020059,4,"PHI","2026-10-08","2026-10-09T00:24:05.838Z","2026-10-08T23:00:00Z","2026-10-08","https://www.nhl.com/news/nhl-lineup-projections-2026-27-season","not_pregame",FALSE,"Owen Tippett","skater",2,3,NA,8480015,"exact_normalized","F",2,NA,NA
"2026-10-09_002225_37864428240_1_796d6190e100451eb678e03b9e473e8f",2026020059,4,"PHI","2026-10-08","2026-10-09T00:24:05.838Z","2026-10-08T23:00:00Z","2026-10-08","https://www.nhl.com/news/nhl-lineup-projections-2026-27-season","not_pregame",FALSE,"Tyson Foerster","skater",3,1,NA,8482159,"exact_normalized","F",3,NA,NA
"2026-10-09_002225_37864428240_1_796d6190e100451eb678e03b9e473e8f",2026020059,4,"PHI","2026-10-08","2026-10-09T00:24:05.838Z","2026-10-08T23:00:00Z","2026-10-08","https://www.nhl.com/news/nhl-lineup-projections-2026-27-season","not_pregame",FALSE,"Denver Barkey","skater",3,2,NA,8484142,"exact_normalized","F",3,NA,NA
"2026-10-09_002225_37864428240_1_796d6190e100451eb678e03b9e473e8f",2026020059,4,"PHI","2026-10-08","2026-10-09T00:24:05.838Z","2026-10-08T23:00:00Z","2026-10-08","https://www.nhl.com/news/nhl-lineup-projections-2026-27-season","not_pregame",FALSE,"Matvei Michkov","skater",3,3,NA,8484387,"exact_normalized","F",3,NA,NA
"2026-10-09_002225_37864428240_1_796d6190e100451eb678e03b9e473e8f",2026020059,4,"PHI","2026-10-08","2026-10-09T00:24:05.838Z","2026-10-08T23:00:00Z","2026-10-08","https://www.nhl.com/news/nhl-lineup-projections-2026-27-season","not_pregame",FALSE,"Michael Bunting","skater",4,1,NA,8478047,"exact_normalized","F",4,NA,NA
"2026-10-09_002225_37864428240_1_796d6190e100451eb678e03b9e473e8f",2026020059,4,"PHI","2026-10-08","2026-10-09T00:24:05.838Z","2026-10-08T23:00:00Z","2026-10-08","https://www.nhl.com/news/nhl-lineup-projections-2026-27-season","not_pregame",FALSE,"Noah Cates","skater",4,2,NA,8480220,"exact_normalized","F",4,NA,NA
"2026-10-09_002225_37864428240_1_796d6190e100451eb678e03b9e473e8f",2026020059,4,"PHI","2026-10-08","2026-10-09T00:24:05.838Z","2026-10-08T23:00:00Z","2026-10-08","https://www.nhl.com/news/nhl-lineup-projections-2026-27-season","not_pregame",FALSE,"Noel Acciari","skater",4,3,NA,8478569,"exact_normalized","F",4,NA,NA
"2026-10-09_002225_37864428240_1_796d6190e100451eb678e03b9e473e8f",2026020059,4,"PHI","2026-10-08","2026-10-09T00:24:05.838Z","2026-10-08T23:00:00Z","2026-10-08","https://www.nhl.com/news/nhl-lineup-projections-2026-27-season","not_pregame",FALSE,"Travis Sanheim","skater",5,1,NA,8477948,"exact_normalized","D",NA,1,NA
"2026-10-09_002225_37864428240_1_796d6190e100451eb678e03b9e473e8f",2026020059,4,"PHI","2026-10-08","2026-10-09T00:24:05.838Z","2026-10-08T23:00:00Z","2026-10-08","https://www.nhl.com/news/nhl-lineup-projections-2026-27-season","not_pregame",FALSE,"Jamie Drysdale","skater",5,2,NA,8482142,"exact_normalized","D",NA,1,NA
"2026-10-09_002225_37864428240_1_796d6190e100451eb678e03b9e473e8f",2026020059,4,"PHI","2026-10-08","2026-10-09T00:24:05.838Z","2026-10-08T23:00:00Z","2026-10-08","https://www.nhl.com/news/nhl-lineup-projections-2026-27-season","not_pregame",FALSE,"Cam York","skater",6,1,NA,8481546,"exact_normalized","D",NA,2,NA
"2026-10-09_002225_37864428240_1_796d6190e100451eb678e03b9e473e8f",2026020059,4,"PHI","2026-10-08","2026-10-09T00:24:05.838Z","2026-10-08T23:00:00Z","2026-10-08","https://www.nhl.com/news/nhl-lineup-projections-2026-27-season","not_pregame",FALSE,"David Jiricek","skater",6,2,NA,8483460,"exact_normalized","D",NA,2,NA
"2026-10-09_002225_37864428240_1_796d6190e100451eb678e03b9e473e8f",2026020059,4,"PHI","2026-10-08","2026-10-09T00:24:05.838Z","2026-10-08T23:00:00Z","2026-10-08","https://www.nhl.com/news/nhl-lineup-projections-2026-27-season","not_pregame",FALSE,"Nick Seeler","skater",7,1,NA,8476372,"exact_normalized","D",NA,3,NA
"2026-10-09_002225_37864428240_1_796d6190e100451eb678e03b9e473e8f",2026020059,4,"PHI","2026-10-08","2026-10-09T00:24:05.838Z","2026-10-08T23:00:00Z","2026-10-08","https://www.nhl.com/news/nhl-lineup-projections-2026-27-season","not_pregame",FALSE,"Simon Benoit","skater",7,2,NA,8481122,"exact_normalized","D",NA,3,NA
"2026-10-09_002225_37864428240_1_796d6190e100451eb678e03b9e473e8f",2026020059,4,"PHI","2026-10-08","2026-10-09T00:24:05.838Z","2026-10-08T23:00:00Z","2026-10-08","https://www.nhl.com/news/nhl-lineup-projections-2026-27-season","not_pregame",FALSE,"Joseph Woll","starter",NA,NA,NA,8479361,"exact_normalized","G",NA,NA,NA
"2026-10-09_002225_37864428240_1_796d6190e100451eb678e03b9e473e8f",2026020059,4,"PHI","2026-10-08","2026-10-09T00:24:05.838Z","2026-10-08T23:00:00Z","2026-10-08","https://www.nhl.com/news/nhl-lineup-projections-2026-27-season","not_pregame",FALSE,"Dan Vladar","backup",NA,NA,NA,8478435,"exact_normalized","G",NA,NA,NA
"2026-10-09_002225_37864428240_1_796d6190e100451eb678e03b9e473e8f",2026020059,4,"PHI","2026-10-08","2026-10-09T00:24:05.838Z","2026-10-08T23:00:00Z","2026-10-08","https://www.nhl.com/news/nhl-lineup-projections-2026-27-season","not_pregame",FALSE,"Garrett Wilson","scratched",NA,NA,NA,8475253,"exact_normalized","F",NA,NA,NA
"2026-10-09_002225_37864428240_1_796d6190e100451eb678e03b9e473e8f",2026020059,4,"PHI","2026-10-08","2026-10-09T00:24:05.838Z","2026-10-08T23:00:00Z","2026-10-08","https://www.nhl.com/news/nhl-lineup-projections-2026-27-season","not_pregame",FALSE,"Carl Grundstrom","scratched",NA,NA,NA,8479336,"exact_normalized","F",NA,NA,NA
"2026-10-09_002225_37864428240_1_796d6190e100451eb678e03b9e473e8f",2026020059,4,"PHI","2026-10-08","2026-10-09T00:24:05.838Z","2026-10-08T23:00:00Z","2026-10-08","https://www.nhl.com/news/nhl-lineup-projections-2026-27-season","not_pregame",FALSE,"Nikita Grebenkin","injured",NA,NA,"upper body",8483733,"exact_normalized","F",NA,NA,NA
"2026-10-09_002225_37864428240_1_796d6190e100451eb678e03b9e473e8f",2026020059,4,"PHI","2026-10-08","2026-10-09T00:24:05.838Z","2026-10-08T23:00:00Z","2026-10-08","https://www.nhl.com/news/nhl-lineup-projections-2026-27-season","not_pregame",FALSE,"Rasmus Ristolainen","injured",NA,NA,"undisclosed",8477499,"exact_normalized","D",NA,NA,NA
"2026-10-09_002225_37864428240_1_796d6190e100451eb678e03b9e473e8f",2026020059,9,"OTT","2026-10-08","2026-10-09T00:24:05.838Z","2026-10-08T23:00:00Z","2026-10-08","https://www.nhl.com/news/nhl-lineup-projections-2026-27-season","not_pregame",FALSE,"William Eklund","skater",1,1,NA,8482667,"exact_normalized","F",NA,NA,NA
"2026-10-09_002225_37864428240_1_796d6190e100451eb678e03b9e473e8f",2026020059,9,"OTT","2026-10-08","2026-10-09T00:24:05.838Z","2026-10-08T23:00:00Z","2026-10-08","https://www.nhl.com/news/nhl-lineup-projections-2026-27-season","not_pregame",FALSE,"Tim Stutzle","skater",1,2,NA,8482116,"exact_normalized","F",NA,NA,NA
"2026-10-09_002225_37864428240_1_796d6190e100451eb678e03b9e473e8f",2026020059,9,"OTT","2026-10-08","2026-10-09T00:24:05.838Z","2026-10-08T23:00:00Z","2026-10-08","https://www.nhl.com/news/nhl-lineup-projections-2026-27-season","not_pregame",FALSE,"Drake Batherson","skater",1,3,NA,8480208,"exact_normalized","F",NA,NA,NA
"2026-10-09_002225_37864428240_1_796d6190e100451eb678e03b9e473e8f",2026020059,9,"OTT","2026-10-08","2026-10-09T00:24:05.838Z","2026-10-08T23:00:00Z","2026-10-08","https://www.nhl.com/news/nhl-lineup-projections-2026-27-season","not_pregame",FALSE,"Ridly Greig","skater",2,1,NA,8482092,"exact_normalized","F",NA,NA,NA
"2026-10-09_002225_37864428240_1_796d6190e100451eb678e03b9e473e8f",2026020059,9,"OTT","2026-10-08","2026-10-09T00:24:05.838Z","2026-10-08T23:00:00Z","2026-10-08","https://www.nhl.com/news/nhl-lineup-projections-2026-27-season","not_pregame",FALSE,"Dylan Cozens","skater",2,2,NA,8481528,"exact_normalized","F",NA,NA,NA
"2026-10-09_002225_37864428240_1_796d6190e100451eb678e03b9e473e8f",2026020059,9,"OTT","2026-10-08","2026-10-09T00:24:05.838Z","2026-10-08T23:00:00Z","2026-10-08","https://www.nhl.com/news/nhl-lineup-projections-2026-27-season","not_pregame",FALSE,"Fabian Zetterlund","skater",2,3,NA,8480188,"exact_normalized","F",NA,NA,NA
"2026-10-09_002225_37864428240_1_796d6190e100451eb678e03b9e473e8f",2026020059,9,"OTT","2026-10-08","2026-10-09T00:24:05.838Z","2026-10-08T23:00:00Z","2026-10-08","https://www.nhl.com/news/nhl-lineup-projections-2026-27-season","not_pregame",FALSE,"Michael Amadio","skater",3,1,NA,8478020,"exact_normalized","F",NA,NA,NA
"2026-10-09_002225_37864428240_1_796d6190e100451eb678e03b9e473e8f",2026020059,9,"OTT","2026-10-08","2026-10-09T00:24:05.838Z","2026-10-08T23:00:00Z","2026-10-08","https://www.nhl.com/news/nhl-lineup-projections-2026-27-season","not_pregame",FALSE,"Shane Pinto","skater",3,2,NA,8481596,"exact_normalized","F",NA,NA,NA
"2026-10-09_002225_37864428240_1_796d6190e100451eb678e03b9e473e8f",2026020059,9,"OTT","2026-10-08","2026-10-09T00:24:05.838Z","2026-10-08T23:00:00Z","2026-10-08","https://www.nhl.com/news/nhl-lineup-projections-2026-27-season","not_pregame",FALSE,"Claude Giroux","skater",3,3,NA,8473512,"exact_normalized","F",NA,NA,NA
"2026-10-09_002225_37864428240_1_796d6190e100451eb678e03b9e473e8f",2026020059,9,"OTT","2026-10-08","2026-10-09T00:24:05.838Z","2026-10-08T23:00:00Z","2026-10-08","https://www.nhl.com/news/nhl-lineup-projections-2026-27-season","not_pregame",FALSE,"Warren Foegele","skater",4,1,NA,8477998,"exact_normalized","F",NA,NA,NA
"2026-10-09_002225_37864428240_1_796d6190e100451eb678e03b9e473e8f",2026020059,9,"OTT","2026-10-08","2026-10-09T00:24:05.838Z","2026-10-08T23:00:00Z","2026-10-08","https://www.nhl.com/news/nhl-lineup-projections-2026-27-season","not_pregame",FALSE,"Stephen Halliday","skater",4,2,NA,8483676,"exact_normalized","F",NA,NA,NA
"2026-10-09_002225_37864428240_1_796d6190e100451eb678e03b9e473e8f",2026020059,9,"OTT","2026-10-08","2026-10-09T00:24:05.838Z","2026-10-08T23:00:00Z","2026-10-08","https://www.nhl.com/news/nhl-lineup-projections-2026-27-season","not_pregame",FALSE,"Nick Cousins","skater",4,3,NA,8476393,"exact_normalized","F",NA,NA,NA
"2026-10-09_002225_37864428240_1_796d6190e100451eb678e03b9e473e8f",2026020059,9,"OTT","2026-10-08","2026-10-09T00:24:05.838Z","2026-10-08T23:00:00Z","2026-10-08","https://www.nhl.com/news/nhl-lineup-projections-2026-27-season","not_pregame",FALSE,"Thomas Chabot","skater",5,1,NA,8478469,"exact_normalized","D",NA,NA,NA
"2026-10-09_002225_37864428240_1_796d6190e100451eb678e03b9e473e8f",2026020059,9,"OTT","2026-10-08","2026-10-09T00:24:05.838Z","2026-10-08T23:00:00Z","2026-10-08","https://www.nhl.com/news/nhl-lineup-projections-2026-27-season","not_pregame",FALSE,"Jordan Spence","skater",5,2,NA,8481606,"exact_normalized","D",NA,NA,NA
"2026-10-09_002225_37864428240_1_796d6190e100451eb678e03b9e473e8f",2026020059,9,"OTT","2026-10-08","2026-10-09T00:24:05.838Z","2026-10-08T23:00:00Z","2026-10-08","https://www.nhl.com/news/nhl-lineup-projections-2026-27-season","not_pregame",FALSE,"Tyler Kleven","skater",6,1,NA,8482095,"exact_normalized","D",NA,NA,NA
"2026-10-09_002225_37864428240_1_796d6190e100451eb678e03b9e473e8f",2026020059,9,"OTT","2026-10-08","2026-10-09T00:24:05.838Z","2026-10-08T23:00:00Z","2026-10-08","https://www.nhl.com/news/nhl-lineup-projections-2026-27-season","not_pregame",FALSE,"Carter Yakemchuk","skater",6,2,NA,8484759,"exact_normalized","D",NA,NA,NA
"2026-10-09_002225_37864428240_1_796d6190e100451eb678e03b9e473e8f",2026020059,9,"OTT","2026-10-08","2026-10-09T00:24:05.838Z","2026-10-08T23:00:00Z","2026-10-08","https://www.nhl.com/news/nhl-lineup-projections-2026-27-season","not_pregame",FALSE,"Hoyt Stanley","skater",7,1,NA,NA,"unmatched",NA,NA,NA,"unmatched"
"2026-10-09_002225_37864428240_1_796d6190e100451eb678e03b9e473e8f",2026020059,9,"OTT","2026-10-08","2026-10-09T00:24:05.838Z","2026-10-08T23:00:00Z","2026-10-08","https://www.nhl.com/news/nhl-lineup-projections-2026-27-season","not_pregame",FALSE,"Nikolas Matinpalo","skater",7,2,NA,8484321,"exact_normalized","D",NA,NA,NA
"2026-10-09_002225_37864428240_1_796d6190e100451eb678e03b9e473e8f",2026020059,9,"OTT","2026-10-08","2026-10-09T00:24:05.838Z","2026-10-08T23:00:00Z","2026-10-08","https://www.nhl.com/news/nhl-lineup-projections-2026-27-season","not_pregame",FALSE,"Linus Ullmark","starter",NA,NA,NA,8476999,"exact_normalized","G",NA,NA,NA
"2026-10-09_002225_37864428240_1_796d6190e100451eb678e03b9e473e8f",2026020059,9,"OTT","2026-10-08","2026-10-09T00:24:05.838Z","2026-10-08T23:00:00Z","2026-10-08","https://www.nhl.com/news/nhl-lineup-projections-2026-27-season","not_pregame",FALSE,"Samuel Ersson","backup",NA,NA,NA,8481035,"exact_normalized","G",NA,NA,NA
"2026-10-09_002225_37864428240_1_796d6190e100451eb678e03b9e473e8f",2026020059,9,"OTT","2026-10-08","2026-10-09T00:24:05.838Z","2026-10-08T23:00:00Z","2026-10-08","https://www.nhl.com/news/nhl-lineup-projections-2026-27-season","not_pregame",FALSE,"Hayden Hodgson","scratched",NA,NA,NA,8478173,"exact_normalized","F",NA,NA,NA
"2026-10-09_002225_37864428240_1_796d6190e100451eb678e03b9e473e8f",2026020059,9,"OTT","2026-10-08","2026-10-09T00:24:05.838Z","2026-10-08T23:00:00Z","2026-10-08","https://www.nhl.com/news/nhl-lineup-projections-2026-27-season","not_pregame",FALSE,"Artem Zub","injured",NA,NA,"knee",NA,"unmatched",NA,NA,NA,"unmatched"
"2026-10-09_002225_37864428240_1_796d6190e100451eb678e03b9e473e8f",2026020059,9,"OTT","2026-10-08","2026-10-09T00:24:05.838Z","2026-10-08T23:00:00Z","2026-10-08","https://www.nhl.com/news/nhl-lineup-projections-2026-27-season","not_pregame",FALSE,"Kurtis MacDermid","injured",NA,NA,"upper body",NA,"unmatched",NA,NA,NA,"unmatched"
"2026-10-09_002225_37864428240_1_796d6190e100451eb678e03b9e473e8f",2026020059,9,"OTT","2026-10-08","2026-10-09T00:24:05.838Z","2026-10-08T23:00:00Z","2026-10-08","https://www.nhl.com/news/nhl-lineup-projections-2026-27-season","not_pregame",FALSE,"Andre Burakovsky","injured",NA,NA,"upper body",8477444,"exact_normalized","F",NA,NA,NA
"2026-10-09_002225_37864428240_1_796d6190e100451eb678e03b9e473e8f",2026020059,9,"OTT","2026-10-08","2026-10-09T00:24:05.838Z","2026-10-08T23:00:00Z","2026-10-08","https://www.nhl.com/news/nhl-lineup-projections-2026-27-season","not_pregame",FALSE,"Jake Sanderson","injured",NA,NA,"undisclosed",8482105,"exact_normalized","D",NA,NA,NA
"2026-10-09_002225_37864428240_1_796d6190e100451eb678e03b9e473e8f",2026020059,9,"OTT","2026-10-08","2026-10-09T00:24:05.838Z","2026-10-08T23:00:00Z","2026-10-08","https://www.nhl.com/news/nhl-lineup-projections-2026-27-season","not_pregame",FALSE,"Cameron Crotty","injured",NA,NA,"illness",8480075,"exact_normalized","D",NA,NA,NA
"2026-10-09_002225_37864428240_1_796d6190e100451eb678e03b9e473e8f",2026020061,23,"VAN","2026-10-08","2026-10-09T00:24:05.838Z","2026-10-08T23:00:00Z","2026-10-08","https://www.nhl.com/news/nhl-lineup-projections-2026-27-season","not_pregame",FALSE,"Jake DeBrusk","skater",1,1,NA,8478498,"exact_normalized","F",NA,NA,NA
"2026-10-09_002225_37864428240_1_796d6190e100451eb678e03b9e473e8f",2026020061,23,"VAN","2026-10-08","2026-10-09T00:24:05.838Z","2026-10-08T23:00:00Z","2026-10-08","https://www.nhl.com/news/nhl-lineup-projections-2026-27-season","not_pregame",FALSE,"Elias Pettersson","skater",1,2,NA,NA,"ambiguous",NA,NA,NA,"ambiguous"
"2026-10-09_002225_37864428240_1_796d6190e100451eb678e03b9e473e8f",2026020061,23,"VAN","2026-10-08","2026-10-09T00:24:05.838Z","2026-10-08T23:00:00Z","2026-10-08","https://www.nhl.com/news/nhl-lineup-projections-2026-27-season","not_pregame",FALSE,"Jonathan Lekkerimaki","skater",1,3,NA,8483476,"exact_normalized","F",NA,NA,NA
"2026-10-09_002225_37864428240_1_796d6190e100451eb678e03b9e473e8f",2026020061,23,"VAN","2026-10-08","2026-10-09T00:24:05.838Z","2026-10-08T23:00:00Z","2026-10-08","https://www.nhl.com/news/nhl-lineup-projections-2026-27-season","not_pregame",FALSE,"Paul Cotter","skater",2,1,NA,8481032,"exact_normalized","F",NA,NA,NA
"2026-10-09_002225_37864428240_1_796d6190e100451eb678e03b9e473e8f",2026020061,23,"VAN","2026-10-08","2026-10-09T00:24:05.838Z","2026-10-08T23:00:00Z","2026-10-08","https://www.nhl.com/news/nhl-lineup-projections-2026-27-season","not_pregame",FALSE,"Marco Rossi","skater",2,2,NA,8482079,"exact_normalized","F",NA,NA,NA
"2026-10-09_002225_37864428240_1_796d6190e100451eb678e03b9e473e8f",2026020061,23,"VAN","2026-10-08","2026-10-09T00:24:05.838Z","2026-10-08T23:00:00Z","2026-10-08","https://www.nhl.com/news/nhl-lineup-projections-2026-27-season","not_pregame",FALSE,"Brock Boeser","skater",2,3,NA,8478444,"exact_normalized","F",NA,NA,NA
"2026-10-09_002225_37864428240_1_796d6190e100451eb678e03b9e473e8f",2026020061,23,"VAN","2026-10-08","2026-10-09T00:24:05.838Z","2026-10-08T23:00:00Z","2026-10-08","https://www.nhl.com/news/nhl-lineup-projections-2026-27-season","not_pregame",FALSE,"Liam Ohgren","skater",3,1,NA,8483499,"exact_normalized","F",NA,NA,NA
"2026-10-09_002225_37864428240_1_796d6190e100451eb678e03b9e473e8f",2026020061,23,"VAN","2026-10-08","2026-10-09T00:24:05.838Z","2026-10-08T23:00:00Z","2026-10-08","https://www.nhl.com/news/nhl-lineup-projections-2026-27-season","not_pregame",FALSE,"Max Sasson","skater",3,2,NA,8484136,"exact_normalized","F",NA,NA,NA
"2026-10-09_002225_37864428240_1_796d6190e100451eb678e03b9e473e8f",2026020061,23,"VAN","2026-10-08","2026-10-09T00:24:05.838Z","2026-10-08T23:00:00Z","2026-10-08","https://www.nhl.com/news/nhl-lineup-projections-2026-27-season","not_pregame",FALSE,"Linus Karlsson","skater",3,3,NA,8481024,"exact_normalized","F",NA,NA,NA
"2026-10-09_002225_37864428240_1_796d6190e100451eb678e03b9e473e8f",2026020061,23,"VAN","2026-10-08","2026-10-09T00:24:05.838Z","2026-10-08T23:00:00Z","2026-10-08","https://www.nhl.com/news/nhl-lineup-projections-2026-27-season","not_pregame",FALSE,"Arshdeep Bains","skater",4,1,NA,8483395,"exact_normalized","F",NA,NA,NA
"2026-10-09_002225_37864428240_1_796d6190e100451eb678e03b9e473e8f",2026020061,23,"VAN","2026-10-08","2026-10-09T00:24:05.838Z","2026-10-08T23:00:00Z","2026-10-08","https://www.nhl.com/news/nhl-lineup-projections-2026-27-season","not_pregame",FALSE,"Drew O'Connor","skater",4,2,NA,8482055,"exact_normalized","F",NA,NA,NA
"2026-10-09_002225_37864428240_1_796d6190e100451eb678e03b9e473e8f",2026020061,23,"VAN","2026-10-08","2026-10-09T00:24:05.838Z","2026-10-08T23:00:00Z","2026-10-08","https://www.nhl.com/news/nhl-lineup-projections-2026-27-season","not_pregame",FALSE,"Aatu Raty","skater",4,3,NA,8482691,"exact_normalized","F",NA,NA,NA
"2026-10-09_002225_37864428240_1_796d6190e100451eb678e03b9e473e8f",2026020061,23,"VAN","2026-10-08","2026-10-09T00:24:05.838Z","2026-10-08T23:00:00Z","2026-10-08","https://www.nhl.com/news/nhl-lineup-projections-2026-27-season","not_pregame",FALSE,"Zeev Buium","skater",5,1,NA,8484798,"exact_normalized","D",NA,NA,NA
"2026-10-09_002225_37864428240_1_796d6190e100451eb678e03b9e473e8f",2026020061,23,"VAN","2026-10-08","2026-10-09T00:24:05.838Z","2026-10-08T23:00:00Z","2026-10-08","https://www.nhl.com/news/nhl-lineup-projections-2026-27-season","not_pregame",FALSE,"Filip Hronek","skater",5,2,NA,8479425,"exact_normalized","D",NA,NA,NA
"2026-10-09_002225_37864428240_1_796d6190e100451eb678e03b9e473e8f",2026020061,23,"VAN","2026-10-08","2026-10-09T00:24:05.838Z","2026-10-08T23:00:00Z","2026-10-08","https://www.nhl.com/news/nhl-lineup-projections-2026-27-season","not_pregame",FALSE,"Jamie Oleksiak","skater",6,1,NA,8476467,"exact_normalized","D",NA,NA,NA
"2026-10-09_002225_37864428240_1_796d6190e100451eb678e03b9e473e8f",2026020061,23,"VAN","2026-10-08","2026-10-09T00:24:05.838Z","2026-10-08T23:00:00Z","2026-10-08","https://www.nhl.com/news/nhl-lineup-projections-2026-27-season","not_pregame",FALSE,"Tom Willander","skater",6,2,NA,8484240,"exact_normalized","D",NA,NA,NA
"2026-10-09_002225_37864428240_1_796d6190e100451eb678e03b9e473e8f",2026020061,23,"VAN","2026-10-08","2026-10-09T00:24:05.838Z","2026-10-08T23:00:00Z","2026-10-08","https://www.nhl.com/news/nhl-lineup-projections-2026-27-season","not_pregame",FALSE,"Elias Pettersson","skater",7,1,NA,NA,"ambiguous",NA,NA,NA,"ambiguous"
"2026-10-09_002225_37864428240_1_796d6190e100451eb678e03b9e473e8f",2026020061,23,"VAN","2026-10-08","2026-10-09T00:24:05.838Z","2026-10-08T23:00:00Z","2026-10-08","https://www.nhl.com/news/nhl-lineup-projections-2026-27-season","not_pregame",FALSE,"Victor Mancini","skater",7,2,NA,8483768,"exact_normalized","D",NA,NA,NA
"2026-10-09_002225_37864428240_1_796d6190e100451eb678e03b9e473e8f",2026020061,23,"VAN","2026-10-08","2026-10-09T00:24:05.838Z","2026-10-08T23:00:00Z","2026-10-08","https://www.nhl.com/news/nhl-lineup-projections-2026-27-season","not_pregame",FALSE,"Kevin Lankinen","starter",NA,NA,NA,8480947,"exact_normalized","G",NA,NA,NA
"2026-10-09_002225_37864428240_1_796d6190e100451eb678e03b9e473e8f",2026020061,23,"VAN","2026-10-08","2026-10-09T00:24:05.838Z","2026-10-08T23:00:00Z","2026-10-08","https://www.nhl.com/news/nhl-lineup-projections-2026-27-season","not_pregame",FALSE,"Leevi Merilainen","backup",NA,NA,NA,8482447,"exact_normalized","G",NA,NA,NA
"2026-10-09_002225_37864428240_1_796d6190e100451eb678e03b9e473e8f",2026020061,23,"VAN","2026-10-08","2026-10-09T00:24:05.838Z","2026-10-08T23:00:00Z","2026-10-08","https://www.nhl.com/news/nhl-lineup-projections-2026-27-season","not_pregame",FALSE,"Brendan Gallagher","scratched",NA,NA,NA,8475848,"exact_normalized","F",NA,NA,NA
"2026-10-09_002225_37864428240_1_796d6190e100451eb678e03b9e473e8f",2026020061,23,"VAN","2026-10-08","2026-10-09T00:24:05.838Z","2026-10-08T23:00:00Z","2026-10-08","https://www.nhl.com/news/nhl-lineup-projections-2026-27-season","not_pregame",FALSE,"Guillaume Brisebois","scratched",NA,NA,NA,8478465,"exact_normalized","D",NA,NA,NA
"2026-10-09_002225_37864428240_1_796d6190e100451eb678e03b9e473e8f",2026020061,23,"VAN","2026-10-08","2026-10-09T00:24:05.838Z","2026-10-08T23:00:00Z","2026-10-08","https://www.nhl.com/news/nhl-lineup-projections-2026-27-season","not_pregame",FALSE,"Thatcher Demko","injured",NA,NA,"hip",8477967,"exact_normalized","G",NA,NA,NA
"2026-10-09_002225_37864428240_1_796d6190e100451eb678e03b9e473e8f",2026020061,23,"VAN","2026-10-08","2026-10-09T00:24:05.838Z","2026-10-08T23:00:00Z","2026-10-08","https://www.nhl.com/news/nhl-lineup-projections-2026-27-season","not_pregame",FALSE,"Filip Chytil","injured",NA,NA,"shoulder",8480078,"exact_normalized","F",NA,NA,NA
"2026-10-09_002225_37864428240_1_796d6190e100451eb678e03b9e473e8f",2026020061,12,"CAR","2026-10-08","2026-10-09T00:24:05.838Z","2026-10-08T23:00:00Z","2026-10-08","https://www.nhl.com/news/nhl-lineup-projections-2026-27-season","not_pregame",FALSE,"William Carrier","skater",1,1,NA,8477478,"exact_normalized","F",NA,NA,NA
"2026-10-09_002225_37864428240_1_796d6190e100451eb678e03b9e473e8f",2026020061,12,"CAR","2026-10-08","2026-10-09T00:24:05.838Z","2026-10-08T23:00:00Z","2026-10-08","https://www.nhl.com/news/nhl-lineup-projections-2026-27-season","not_pregame",FALSE,"Sebastian Aho","skater",1,2,NA,8478427,"exact_normalized","F",NA,NA,NA
"2026-10-09_002225_37864428240_1_796d6190e100451eb678e03b9e473e8f",2026020061,12,"CAR","2026-10-08","2026-10-09T00:24:05.838Z","2026-10-08T23:00:00Z","2026-10-08","https://www.nhl.com/news/nhl-lineup-projections-2026-27-season","not_pregame",FALSE,"Andrei Svechnikov","skater",1,3,NA,8480830,"exact_normalized","F",NA,NA,NA
"2026-10-09_002225_37864428240_1_796d6190e100451eb678e03b9e473e8f",2026020061,12,"CAR","2026-10-08","2026-10-09T00:24:05.838Z","2026-10-08T23:00:00Z","2026-10-08","https://www.nhl.com/news/nhl-lineup-projections-2026-27-season","not_pregame",FALSE,"Taylor Hall","skater",2,1,NA,8475791,"exact_normalized","F",NA,NA,NA
"2026-10-09_002225_37864428240_1_796d6190e100451eb678e03b9e473e8f",2026020061,12,"CAR","2026-10-08","2026-10-09T00:24:05.838Z","2026-10-08T23:00:00Z","2026-10-08","https://www.nhl.com/news/nhl-lineup-projections-2026-27-season","not_pregame",FALSE,"Logan Stankoven","skater",2,2,NA,8482702,"exact_normalized","F",NA,NA,NA
"2026-10-09_002225_37864428240_1_796d6190e100451eb678e03b9e473e8f",2026020061,12,"CAR","2026-10-08","2026-10-09T00:24:05.838Z","2026-10-08T23:00:00Z","2026-10-08","https://www.nhl.com/news/nhl-lineup-projections-2026-27-season","not_pregame",FALSE,"Jackson Blake","skater",2,3,NA,8482809,"exact_normalized","F",NA,NA,NA
"2026-10-09_002225_37864428240_1_796d6190e100451eb678e03b9e473e8f",2026020061,12,"CAR","2026-10-08","2026-10-09T00:24:05.838Z","2026-10-08T23:00:00Z","2026-10-08","https://www.nhl.com/news/nhl-lineup-projections-2026-27-season","not_pregame",FALSE,"Nikolaj Ehlers","skater",3,1,NA,8477940,"exact_normalized","F",NA,NA,NA
"2026-10-09_002225_37864428240_1_796d6190e100451eb678e03b9e473e8f",2026020061,12,"CAR","2026-10-08","2026-10-09T00:24:05.838Z","2026-10-08T23:00:00Z","2026-10-08","https://www.nhl.com/news/nhl-lineup-projections-2026-27-season","not_pregame",FALSE,"Jordan Staal","skater",3,2,NA,8473533,"exact_normalized","F",NA,NA,NA
"2026-10-09_002225_37864428240_1_796d6190e100451eb678e03b9e473e8f",2026020061,12,"CAR","2026-10-08","2026-10-09T00:24:05.838Z","2026-10-08T23:00:00Z","2026-10-08","https://www.nhl.com/news/nhl-lineup-projections-2026-27-season","not_pregame",FALSE,"Jordan Martinook","skater",3,3,NA,8476921,"exact_normalized","F",NA,NA,NA
"2026-10-09_002225_37864428240_1_796d6190e100451eb678e03b9e473e8f",2026020061,12,"CAR","2026-10-08","2026-10-09T00:24:05.838Z","2026-10-08T23:00:00Z","2026-10-08","https://www.nhl.com/news/nhl-lineup-projections-2026-27-season","not_pregame",FALSE,"Jesperi Kotkaniemi","skater",4,1,NA,8480829,"exact_normalized","F",NA,NA,NA
"2026-10-09_002225_37864428240_1_796d6190e100451eb678e03b9e473e8f",2026020061,12,"CAR","2026-10-08","2026-10-09T00:24:05.838Z","2026-10-08T23:00:00Z","2026-10-08","https://www.nhl.com/news/nhl-lineup-projections-2026-27-season","not_pregame",FALSE,"Mark Jankowski","skater",4,2,NA,8476873,"exact_normalized","F",NA,NA,NA
"2026-10-09_002225_37864428240_1_796d6190e100451eb678e03b9e473e8f",2026020061,12,"CAR","2026-10-08","2026-10-09T00:24:05.838Z","2026-10-08T23:00:00Z","2026-10-08","https://www.nhl.com/news/nhl-lineup-projections-2026-27-season","not_pregame",FALSE,"Eric Robinson","skater",4,3,NA,8480762,"exact_normalized","F",NA,NA,NA
"2026-10-09_002225_37864428240_1_796d6190e100451eb678e03b9e473e8f",2026020061,12,"CAR","2026-10-08","2026-10-09T00:24:05.838Z","2026-10-08T23:00:00Z","2026-10-08","https://www.nhl.com/news/nhl-lineup-projections-2026-27-season","not_pregame",FALSE,"Jaccob Slavin","skater",5,1,NA,8476958,"exact_normalized","D",NA,NA,NA
"2026-10-09_002225_37864428240_1_796d6190e100451eb678e03b9e473e8f",2026020061,12,"CAR","2026-10-08","2026-10-09T00:24:05.838Z","2026-10-08T23:00:00Z","2026-10-08","https://www.nhl.com/news/nhl-lineup-projections-2026-27-season","not_pregame",FALSE,"Jacob Chatfield","skater",5,2,NA,NA,"unmatched",NA,NA,NA,"unmatched"
"2026-10-09_002225_37864428240_1_796d6190e100451eb678e03b9e473e8f",2026020061,12,"CAR","2026-10-08","2026-10-09T00:24:05.838Z","2026-10-08T23:00:00Z","2026-10-08","https://www.nhl.com/news/nhl-lineup-projections-2026-27-season","not_pregame",FALSE,"K’Andre Miller","skater",6,1,NA,8480817,"exact_normalized","D",NA,NA,NA
"2026-10-09_002225_37864428240_1_796d6190e100451eb678e03b9e473e8f",2026020061,12,"CAR","2026-10-08","2026-10-09T00:24:05.838Z","2026-10-08T23:00:00Z","2026-10-08","https://www.nhl.com/news/nhl-lineup-projections-2026-27-season","not_pregame",FALSE,"Sean Walker","skater",6,2,NA,8480336,"exact_normalized","D",NA,NA,NA
"2026-10-09_002225_37864428240_1_796d6190e100451eb678e03b9e473e8f",2026020061,12,"CAR","2026-10-08","2026-10-09T00:24:05.838Z","2026-10-08T23:00:00Z","2026-10-08","https://www.nhl.com/news/nhl-lineup-projections-2026-27-season","not_pregame",FALSE,"Shayne Gostisbehere","skater",7,1,NA,8476906,"exact_normalized","D",NA,NA,NA
"2026-10-09_002225_37864428240_1_796d6190e100451eb678e03b9e473e8f",2026020061,12,"CAR","2026-10-08","2026-10-09T00:24:05.838Z","2026-10-08T23:00:00Z","2026-10-08","https://www.nhl.com/news/nhl-lineup-projections-2026-27-season","not_pregame",FALSE,"Mike Reilly","skater",7,2,NA,8476422,"exact_normalized","D",NA,NA,NA
"2026-10-09_002225_37864428240_1_796d6190e100451eb678e03b9e473e8f",2026020061,12,"CAR","2026-10-08","2026-10-09T00:24:05.838Z","2026-10-08T23:00:00Z","2026-10-08","https://www.nhl.com/news/nhl-lineup-projections-2026-27-season","not_pregame",FALSE,"Brandon Bussi","starter",NA,NA,NA,8483548,"exact_normalized","G",NA,NA,NA
"2026-10-09_002225_37864428240_1_796d6190e100451eb678e03b9e473e8f",2026020061,12,"CAR","2026-10-08","2026-10-09T00:24:05.838Z","2026-10-08T23:00:00Z","2026-10-08","https://www.nhl.com/news/nhl-lineup-projections-2026-27-season","not_pregame",FALSE,"Pyotr Kochetkov","backup",NA,NA,NA,8481611,"exact_normalized","G",NA,NA,NA
"2026-10-09_002225_37864428240_1_796d6190e100451eb678e03b9e473e8f",2026020061,12,"CAR","2026-10-08","2026-10-09T00:24:05.838Z","2026-10-08T23:00:00Z","2026-10-08","https://www.nhl.com/news/nhl-lineup-projections-2026-27-season","not_pregame",FALSE,"Nicolas Deslauriers","scratched",NA,NA,NA,8475235,"exact_normalized","F",NA,NA,NA
"2026-10-09_002225_37864428240_1_796d6190e100451eb678e03b9e473e8f",2026020061,12,"CAR","2026-10-08","2026-10-09T00:24:05.838Z","2026-10-08T23:00:00Z","2026-10-08","https://www.nhl.com/news/nhl-lineup-projections-2026-27-season","not_pregame",FALSE,"Juuso Valimaki","scratched",NA,NA,NA,8479976,"exact_normalized","D",NA,NA,NA
"2026-10-09_002225_37864428240_1_796d6190e100451eb678e03b9e473e8f",2026020061,12,"CAR","2026-10-08","2026-10-09T00:24:05.838Z","2026-10-08T23:00:00Z","2026-10-08","https://www.nhl.com/news/nhl-lineup-projections-2026-27-season","not_pregame",FALSE,"Seth Jarvis","injured",NA,NA,"shoulder",NA,"unmatched",NA,NA,NA,"unmatched"
"2026-10-09_002225_37864428240_1_796d6190e100451eb678e03b9e473e8f",2026020062,16,"CHI","2026-10-08","2026-10-09T00:24:05.838Z","2026-10-08T23:30:00Z","2026-10-08","https://www.nhl.com/news/nhl-lineup-projections-2026-27-season","not_pregame",FALSE,"Oliver Moore","skater",1,1,NA,8484197,"exact_normalized","F",NA,NA,NA
"2026-10-09_002225_37864428240_1_796d6190e100451eb678e03b9e473e8f",2026020062,16,"CHI","2026-10-08","2026-10-09T00:24:05.838Z","2026-10-08T23:30:00Z","2026-10-08","https://www.nhl.com/news/nhl-lineup-projections-2026-27-season","not_pregame",FALSE,"Frank Nazar","skater",1,2,NA,8483493,"exact_normalized","F",NA,NA,NA
"2026-10-09_002225_37864428240_1_796d6190e100451eb678e03b9e473e8f",2026020062,16,"CHI","2026-10-08","2026-10-09T00:24:05.838Z","2026-10-08T23:30:00Z","2026-10-08","https://www.nhl.com/news/nhl-lineup-projections-2026-27-season","not_pregame",FALSE,"Patrick Kane","skater",1,3,NA,8474141,"exact_normalized","F",NA,NA,NA
"2026-10-09_002225_37864428240_1_796d6190e100451eb678e03b9e473e8f",2026020062,16,"CHI","2026-10-08","2026-10-09T00:24:05.838Z","2026-10-08T23:30:00Z","2026-10-08","https://www.nhl.com/news/nhl-lineup-projections-2026-27-season","not_pregame",FALSE,"Tyler Bertuzzi","skater",2,1,NA,8477479,"exact_normalized","F",NA,NA,NA
"2026-10-09_002225_37864428240_1_796d6190e100451eb678e03b9e473e8f",2026020062,16,"CHI","2026-10-08","2026-10-09T00:24:05.838Z","2026-10-08T23:30:00Z","2026-10-08","https://www.nhl.com/news/nhl-lineup-projections-2026-27-season","not_pregame",FALSE,"Anton Frondell","skater",2,2,NA,8485391,"exact_normalized","F",NA,NA,NA
"2026-10-09_002225_37864428240_1_796d6190e100451eb678e03b9e473e8f",2026020062,16,"CHI","2026-10-08","2026-10-09T00:24:05.838Z","2026-10-08T23:30:00Z","2026-10-08","https://www.nhl.com/news/nhl-lineup-projections-2026-27-season","not_pregame",FALSE,"Roman Kantserov","skater",2,3,NA,8484390,"exact_normalized","F",NA,NA,NA
"2026-10-09_002225_37864428240_1_796d6190e100451eb678e03b9e473e8f",2026020062,16,"CHI","2026-10-08","2026-10-09T00:24:05.838Z","2026-10-08T23:30:00Z","2026-10-08","https://www.nhl.com/news/nhl-lineup-projections-2026-27-season","not_pregame",FALSE,"Cole Smith","skater",3,1,NA,8482062,"exact_normalized","F",NA,NA,NA
"2026-10-09_002225_37864428240_1_796d6190e100451eb678e03b9e473e8f",2026020062,16,"CHI","2026-10-08","2026-10-09T00:24:05.838Z","2026-10-08T23:30:00Z","2026-10-08","https://www.nhl.com/news/nhl-lineup-projections-2026-27-season","not_pregame",FALSE,"Ryan Greene","skater",3,2,NA,8483450,"exact_normalized","F",NA,NA,NA
"2026-10-09_002225_37864428240_1_796d6190e100451eb678e03b9e473e8f",2026020062,16,"CHI","2026-10-08","2026-10-09T00:24:05.838Z","2026-10-08T23:30:00Z","2026-10-08","https://www.nhl.com/news/nhl-lineup-projections-2026-27-season","not_pregame",FALSE,"Jordan Greenway","skater",3,3,NA,8478413,"exact_normalized","F",NA,NA,NA
"2026-10-09_002225_37864428240_1_796d6190e100451eb678e03b9e473e8f",2026020062,16,"CHI","2026-10-08","2026-10-09T00:24:05.838Z","2026-10-08T23:30:00Z","2026-10-08","https://www.nhl.com/news/nhl-lineup-projections-2026-27-season","not_pregame",FALSE,"Ryan Donato","skater",4,1,NA,8477987,"exact_normalized","F",NA,NA,NA
"2026-10-09_002225_37864428240_1_796d6190e100451eb678e03b9e473e8f",2026020062,16,"CHI","2026-10-08","2026-10-09T00:24:05.838Z","2026-10-08T23:30:00Z","2026-10-08","https://www.nhl.com/news/nhl-lineup-projections-2026-27-season","not_pregame",FALSE,"Dominic Toninato","skater",4,2,NA,NA,"unmatched",NA,NA,NA,"unmatched"
"2026-10-09_002225_37864428240_1_796d6190e100451eb678e03b9e473e8f",2026020062,16,"CHI","2026-10-08","2026-10-09T00:24:05.838Z","2026-10-08T23:30:00Z","2026-10-08","https://www.nhl.com/news/nhl-lineup-projections-2026-27-season","not_pregame",FALSE,"Nick Lardis","skater",4,3,NA,8484185,"exact_normalized","F",NA,NA,NA
"2026-10-09_002225_37864428240_1_796d6190e100451eb678e03b9e473e8f",2026020062,16,"CHI","2026-10-08","2026-10-09T00:24:05.838Z","2026-10-08T23:30:00Z","2026-10-08","https://www.nhl.com/news/nhl-lineup-projections-2026-27-season","not_pregame",FALSE,"Bowen Byram","skater",5,1,NA,8481524,"exact_normalized","D",NA,NA,NA
"2026-10-09_002225_37864428240_1_796d6190e100451eb678e03b9e473e8f",2026020062,16,"CHI","2026-10-08","2026-10-09T00:24:05.838Z","2026-10-08T23:30:00Z","2026-10-08","https://www.nhl.com/news/nhl-lineup-projections-2026-27-season","not_pregame",FALSE,"Artyom Levshunov","skater",5,2,NA,8484783,"exact_normalized","D",NA,NA,NA
"2026-10-09_002225_37864428240_1_796d6190e100451eb678e03b9e473e8f",2026020062,16,"CHI","2026-10-08","2026-10-09T00:24:05.838Z","2026-10-08T23:30:00Z","2026-10-08","https://www.nhl.com/news/nhl-lineup-projections-2026-27-season","not_pregame",FALSE,"Alex Vlasic","skater",6,1,NA,8481568,"exact_normalized","D",NA,NA,NA
"2026-10-09_002225_37864428240_1_796d6190e100451eb678e03b9e473e8f",2026020062,16,"CHI","2026-10-08","2026-10-09T00:24:05.838Z","2026-10-08T23:30:00Z","2026-10-08","https://www.nhl.com/news/nhl-lineup-projections-2026-27-season","not_pregame",FALSE,"Ian Cole","skater",6,2,NA,8474013,"exact_normalized","D",NA,NA,NA
"2026-10-09_002225_37864428240_1_796d6190e100451eb678e03b9e473e8f",2026020062,16,"CHI","2026-10-08","2026-10-09T00:24:05.838Z","2026-10-08T23:30:00Z","2026-10-08","https://www.nhl.com/news/nhl-lineup-projections-2026-27-season","not_pregame",FALSE,"Wyatt Kaiser","skater",7,1,NA,8482176,"exact_normalized","D",NA,NA,NA
"2026-10-09_002225_37864428240_1_796d6190e100451eb678e03b9e473e8f",2026020062,16,"CHI","2026-10-08","2026-10-09T00:24:05.838Z","2026-10-08T23:30:00Z","2026-10-08","https://www.nhl.com/news/nhl-lineup-projections-2026-27-season","not_pregame",FALSE,"Sam Rinzel","skater",7,2,NA,8483506,"exact_normalized","D",NA,NA,NA
"2026-10-09_002225_37864428240_1_796d6190e100451eb678e03b9e473e8f",2026020062,16,"CHI","2026-10-08","2026-10-09T00:24:05.838Z","2026-10-08T23:30:00Z","2026-10-08","https://www.nhl.com/news/nhl-lineup-projections-2026-27-season","not_pregame",FALSE,"Arvid Soderblom","starter",NA,NA,NA,8482821,"exact_normalized","G",NA,NA,NA
"2026-10-09_002225_37864428240_1_796d6190e100451eb678e03b9e473e8f",2026020062,16,"CHI","2026-10-08","2026-10-09T00:24:05.838Z","2026-10-08T23:30:00Z","2026-10-08","https://www.nhl.com/news/nhl-lineup-projections-2026-27-season","not_pregame",FALSE,"Spencer Knight","backup",NA,NA,NA,8481519,"exact_normalized","G",NA,NA,NA
"2026-10-09_002225_37864428240_1_796d6190e100451eb678e03b9e473e8f",2026020062,16,"CHI","2026-10-08","2026-10-09T00:24:05.838Z","2026-10-08T23:30:00Z","2026-10-08","https://www.nhl.com/news/nhl-lineup-projections-2026-27-season","not_pregame",FALSE,"Kevin Korchinski","scratched",NA,NA,NA,8483466,"exact_normalized","D",NA,NA,NA
"2026-10-09_002225_37864428240_1_796d6190e100451eb678e03b9e473e8f",2026020062,16,"CHI","2026-10-08","2026-10-09T00:24:05.838Z","2026-10-08T23:30:00Z","2026-10-08","https://www.nhl.com/news/nhl-lineup-projections-2026-27-season","not_pregame",FALSE,"Ethan Del Mastro","scratched",NA,NA,NA,8482807,"exact_normalized","D",NA,NA,NA
"2026-10-09_002225_37864428240_1_796d6190e100451eb678e03b9e473e8f",2026020062,16,"CHI","2026-10-08","2026-10-09T00:24:05.838Z","2026-10-08T23:30:00Z","2026-10-08","https://www.nhl.com/news/nhl-lineup-projections-2026-27-season","not_pregame",FALSE,"Connor Bedard","injured",NA,NA,"shoulder",8484144,"exact_normalized","F",NA,NA,NA
"2026-10-09_002225_37864428240_1_796d6190e100451eb678e03b9e473e8f",2026020062,16,"CHI","2026-10-08","2026-10-09T00:24:05.838Z","2026-10-08T23:30:00Z","2026-10-08","https://www.nhl.com/news/nhl-lineup-projections-2026-27-season","not_pregame",FALSE,"Andrew Mangiapane","injured",NA,NA,"lower body",8478233,"exact_normalized","F",NA,NA,NA
"2026-10-09_002225_37864428240_1_796d6190e100451eb678e03b9e473e8f",2026020062,16,"CHI","2026-10-08","2026-10-09T00:24:05.838Z","2026-10-08T23:30:00Z","2026-10-08","https://www.nhl.com/news/nhl-lineup-projections-2026-27-season","not_pregame",FALSE,"Teuvo Teravainen","injured",NA,NA,"lower body",8476882,"exact_normalized","F",NA,NA,NA
"2026-10-09_002225_37864428240_1_796d6190e100451eb678e03b9e473e8f",2026020062,2,"NYI","2026-10-08","2026-10-09T00:24:05.838Z","2026-10-08T23:30:00Z","2026-10-08","https://www.nhl.com/news/nhl-lineup-projections-2026-27-season","not_pregame",FALSE,"Emil Heineman","skater",1,1,NA,8482476,"exact_normalized","F",NA,NA,NA
"2026-10-09_002225_37864428240_1_796d6190e100451eb678e03b9e473e8f",2026020062,2,"NYI","2026-10-08","2026-10-09T00:24:05.838Z","2026-10-08T23:30:00Z","2026-10-08","https://www.nhl.com/news/nhl-lineup-projections-2026-27-season","not_pregame",FALSE,"Bo Horvat","skater",1,2,NA,8477500,"exact_normalized","F",NA,NA,NA
"2026-10-09_002225_37864428240_1_796d6190e100451eb678e03b9e473e8f",2026020062,2,"NYI","2026-10-08","2026-10-09T00:24:05.838Z","2026-10-08T23:30:00Z","2026-10-08","https://www.nhl.com/news/nhl-lineup-projections-2026-27-season","not_pregame",FALSE,"Kyle Palmieri","skater",1,3,NA,8475151,"exact_normalized","F",NA,NA,NA
"2026-10-09_002225_37864428240_1_796d6190e100451eb678e03b9e473e8f",2026020062,2,"NYI","2026-10-08","2026-10-09T00:24:05.838Z","2026-10-08T23:30:00Z","2026-10-08","https://www.nhl.com/news/nhl-lineup-projections-2026-27-season","not_pregame",FALSE,"Brayden Schenn","skater",2,1,NA,8475170,"exact_normalized","F",NA,NA,NA
"2026-10-09_002225_37864428240_1_796d6190e100451eb678e03b9e473e8f",2026020062,2,"NYI","2026-10-08","2026-10-09T00:24:05.838Z","2026-10-08T23:30:00Z","2026-10-08","https://www.nhl.com/news/nhl-lineup-projections-2026-27-season","not_pregame",FALSE,"Cal Ritchie","skater",2,2,NA,NA,"unmatched",NA,NA,NA,"unmatched"
"2026-10-09_002225_37864428240_1_796d6190e100451eb678e03b9e473e8f",2026020062,2,"NYI","2026-10-08","2026-10-09T00:24:05.838Z","2026-10-08T23:30:00Z","2026-10-08","https://www.nhl.com/news/nhl-lineup-projections-2026-27-season","not_pregame",FALSE,"Victor Eklund","skater",2,3,NA,8485388,"exact_normalized","F",NA,NA,NA
"2026-10-09_002225_37864428240_1_796d6190e100451eb678e03b9e473e8f",2026020062,2,"NYI","2026-10-08","2026-10-09T00:24:05.838Z","2026-10-08T23:30:00Z","2026-10-08","https://www.nhl.com/news/nhl-lineup-projections-2026-27-season","not_pregame",FALSE,"Simon Holmstrom","skater",3,1,NA,8481601,"exact_normalized","F",NA,NA,NA
"2026-10-09_002225_37864428240_1_796d6190e100451eb678e03b9e473e8f",2026020062,2,"NYI","2026-10-08","2026-10-09T00:24:05.838Z","2026-10-08T23:30:00Z","2026-10-08","https://www.nhl.com/news/nhl-lineup-projections-2026-27-season","not_pregame",FALSE,"Jean-Gabriel Pageau","skater",3,2,NA,8476419,"exact_normalized","F",NA,NA,NA
"2026-10-09_002225_37864428240_1_796d6190e100451eb678e03b9e473e8f",2026020062,2,"NYI","2026-10-08","2026-10-09T00:24:05.838Z","2026-10-08T23:30:00Z","2026-10-08","https://www.nhl.com/news/nhl-lineup-projections-2026-27-season","not_pregame",FALSE,"Anthony Duclair","skater",3,3,NA,8477407,"exact_normalized","F",NA,NA,NA
"2026-10-09_002225_37864428240_1_796d6190e100451eb678e03b9e473e8f",2026020062,2,"NYI","2026-10-08","2026-10-09T00:24:05.838Z","2026-10-08T23:30:00Z","2026-10-08","https://www.nhl.com/news/nhl-lineup-projections-2026-27-season","not_pregame",FALSE,"Ondrej Palat","skater",4,1,NA,8476292,"exact_normalized","F",NA,NA,NA
"2026-10-09_002225_37864428240_1_796d6190e100451eb678e03b9e473e8f",2026020062,2,"NYI","2026-10-08","2026-10-09T00:24:05.838Z","2026-10-08T23:30:00Z","2026-10-08","https://www.nhl.com/news/nhl-lineup-projections-2026-27-season","not_pregame",FALSE,"Casey Cizikas","skater",4,2,NA,8475231,"exact_normalized","F",NA,NA,NA
"2026-10-09_002225_37864428240_1_796d6190e100451eb678e03b9e473e8f",2026020062,2,"NYI","2026-10-08","2026-10-09T00:24:05.838Z","2026-10-08T23:30:00Z","2026-10-08","https://www.nhl.com/news/nhl-lineup-projections-2026-27-season","not_pregame",FALSE,"Matias Maccelli","skater",4,3,NA,8481711,"exact_normalized","F",NA,NA,NA
"2026-10-09_002225_37864428240_1_796d6190e100451eb678e03b9e473e8f",2026020062,2,"NYI","2026-10-08","2026-10-09T00:24:05.838Z","2026-10-08T23:30:00Z","2026-10-08","https://www.nhl.com/news/nhl-lineup-projections-2026-27-season","not_pregame",FALSE,"Logan Stanley","skater",5,1,NA,8479378,"exact_normalized","D",NA,NA,NA
"2026-10-09_002225_37864428240_1_796d6190e100451eb678e03b9e473e8f",2026020062,2,"NYI","2026-10-08","2026-10-09T00:24:05.838Z","2026-10-08T23:30:00Z","2026-10-08","https://www.nhl.com/news/nhl-lineup-projections-2026-27-season","not_pregame",FALSE,"Matthew Schaefer","skater",5,2,NA,8485366,"exact_normalized","D",NA,NA,NA
"2026-10-09_002225_37864428240_1_796d6190e100451eb678e03b9e473e8f",2026020062,2,"NYI","2026-10-08","2026-10-09T00:24:05.838Z","2026-10-08T23:30:00Z","2026-10-08","https://www.nhl.com/news/nhl-lineup-projections-2026-27-season","not_pregame",FALSE,"Adam Pelech","skater",6,1,NA,8476917,"exact_normalized","D",NA,NA,NA
"2026-10-09_002225_37864428240_1_796d6190e100451eb678e03b9e473e8f",2026020062,2,"NYI","2026-10-08","2026-10-09T00:24:05.838Z","2026-10-08T23:30:00Z","2026-10-08","https://www.nhl.com/news/nhl-lineup-projections-2026-27-season","not_pregame",FALSE,"Ryan Pulock","skater",6,2,NA,8477506,"exact_normalized","D",NA,NA,NA
"2026-10-09_002225_37864428240_1_796d6190e100451eb678e03b9e473e8f",2026020062,2,"NYI","2026-10-08","2026-10-09T00:24:05.838Z","2026-10-08T23:30:00Z","2026-10-08","https://www.nhl.com/news/nhl-lineup-projections-2026-27-season","not_pregame",FALSE,"Tony DeAngelo","skater",7,1,NA,8477950,"exact_normalized","D",NA,NA,NA
"2026-10-09_002225_37864428240_1_796d6190e100451eb678e03b9e473e8f",2026020062,2,"NYI","2026-10-08","2026-10-09T00:24:05.838Z","2026-10-08T23:30:00Z","2026-10-08","https://www.nhl.com/news/nhl-lineup-projections-2026-27-season","not_pregame",FALSE,"Scott Mayfield","skater",7,2,NA,8476429,"exact_normalized","D",NA,NA,NA
"2026-10-09_002225_37864428240_1_796d6190e100451eb678e03b9e473e8f",2026020062,2,"NYI","2026-10-08","2026-10-09T00:24:05.838Z","2026-10-08T23:30:00Z","2026-10-08","https://www.nhl.com/news/nhl-lineup-projections-2026-27-season","not_pregame",FALSE,"Ilya Sorokin","starter",NA,NA,NA,8478009,"exact_normalized","G",NA,NA,NA
"2026-10-09_002225_37864428240_1_796d6190e100451eb678e03b9e473e8f",2026020062,2,"NYI","2026-10-08","2026-10-09T00:24:05.838Z","2026-10-08T23:30:00Z","2026-10-08","https://www.nhl.com/news/nhl-lineup-projections-2026-27-season","not_pregame",FALSE,"Semyon Varlamov","backup",NA,NA,NA,8473575,"exact_normalized","G",NA,NA,NA
"2026-10-09_002225_37864428240_1_796d6190e100451eb678e03b9e473e8f",2026020062,2,"NYI","2026-10-08","2026-10-09T00:24:05.838Z","2026-10-08T23:30:00Z","2026-10-08","https://www.nhl.com/news/nhl-lineup-projections-2026-27-season","not_pregame",FALSE,"Kyle MacLean","scratched",NA,NA,NA,8481237,"exact_normalized","F",NA,NA,NA
"2026-10-09_002225_37864428240_1_796d6190e100451eb678e03b9e473e8f",2026020062,2,"NYI","2026-10-08","2026-10-09T00:24:05.838Z","2026-10-08T23:30:00Z","2026-10-08","https://www.nhl.com/news/nhl-lineup-projections-2026-27-season","not_pregame",FALSE,"Matt Kessel","scratched",NA,NA,NA,NA,"unmatched",NA,NA,NA,"unmatched"
"2026-10-09_002225_37864428240_1_796d6190e100451eb678e03b9e473e8f",2026020062,2,"NYI","2026-10-08","2026-10-09T00:24:05.838Z","2026-10-08T23:30:00Z","2026-10-08","https://www.nhl.com/news/nhl-lineup-projections-2026-27-season","not_pregame",FALSE,"Mathew Barzal","injured",NA,NA,"knee",NA,"unmatched",NA,NA,NA,"unmatched"
"2026-10-09_002225_37864428240_1_796d6190e100451eb678e03b9e473e8f",2026020062,2,"NYI","2026-10-08","2026-10-09T00:24:05.838Z","2026-10-08T23:30:00Z","2026-10-08","https://www.nhl.com/news/nhl-lineup-projections-2026-27-season","not_pregame",FALSE,"Alexander Romanov","injured",NA,NA,"knee",8481014,"exact_normalized","D",NA,NA,NA
"2026-10-09_002225_37864428240_1_796d6190e100451eb678e03b9e473e8f",2026020063,28,"SJS","2026-10-08","2026-10-09T00:24:05.838Z","2026-10-09T00:00:00Z","2026-10-08","https://www.nhl.com/news/nhl-lineup-projections-2026-27-season","not_pregame",FALSE,"Mason Marchment","skater",1,1,NA,8478975,"exact_normalized","F",NA,NA,NA
"2026-10-09_002225_37864428240_1_796d6190e100451eb678e03b9e473e8f",2026020063,28,"SJS","2026-10-08","2026-10-09T00:24:05.838Z","2026-10-09T00:00:00Z","2026-10-08","https://www.nhl.com/news/nhl-lineup-projections-2026-27-season","not_pregame",FALSE,"Will Smith","skater",1,2,NA,8484227,"exact_normalized","F",NA,NA,NA
"2026-10-09_002225_37864428240_1_796d6190e100451eb678e03b9e473e8f",2026020063,28,"SJS","2026-10-08","2026-10-09T00:24:05.838Z","2026-10-09T00:00:00Z","2026-10-08","https://www.nhl.com/news/nhl-lineup-projections-2026-27-season","not_pregame",FALSE,"Igor Chernyshov","skater",1,3,NA,8484994,"exact_normalized","F",NA,NA,NA
"2026-10-09_002225_37864428240_1_796d6190e100451eb678e03b9e473e8f",2026020063,28,"SJS","2026-10-08","2026-10-09T00:24:05.838Z","2026-10-09T00:00:00Z","2026-10-08","https://www.nhl.com/news/nhl-lineup-projections-2026-27-season","not_pregame",FALSE,"Ivar Stenberg","skater",2,1,NA,8486103,"exact_normalized","F",NA,NA,NA
"2026-10-09_002225_37864428240_1_796d6190e100451eb678e03b9e473e8f",2026020063,28,"SJS","2026-10-08","2026-10-09T00:24:05.838Z","2026-10-09T00:00:00Z","2026-10-08","https://www.nhl.com/news/nhl-lineup-projections-2026-27-season","not_pregame",FALSE,"Alexander Wennberg","skater",2,2,NA,8477505,"exact_normalized","F",NA,NA,NA
"2026-10-09_002225_37864428240_1_796d6190e100451eb678e03b9e473e8f",2026020063,28,"SJS","2026-10-08","2026-10-09T00:24:05.838Z","2026-10-09T00:00:00Z","2026-10-08","https://www.nhl.com/news/nhl-lineup-projections-2026-27-season","not_pregame",FALSE,"Kiefer Sherwood","skater",2,3,NA,8480748,"exact_normalized","F",NA,NA,NA
"2026-10-09_002225_37864428240_1_796d6190e100451eb678e03b9e473e8f",2026020063,28,"SJS","2026-10-08","2026-10-09T00:24:05.838Z","2026-10-09T00:00:00Z","2026-10-08","https://www.nhl.com/news/nhl-lineup-projections-2026-27-season","not_pregame",FALSE,"Collin Graf","skater",3,1,NA,8484911,"exact_normalized","F",NA,NA,NA
"2026-10-09_002225_37864428240_1_796d6190e100451eb678e03b9e473e8f",2026020063,28,"SJS","2026-10-08","2026-10-09T00:24:05.838Z","2026-10-09T00:00:00Z","2026-10-08","https://www.nhl.com/news/nhl-lineup-projections-2026-27-season","not_pregame",FALSE,"Michael Misa","skater",3,2,NA,8485402,"exact_normalized","F",NA,NA,NA
"2026-10-09_002225_37864428240_1_796d6190e100451eb678e03b9e473e8f",2026020063,28,"SJS","2026-10-08","2026-10-09T00:24:05.838Z","2026-10-09T00:00:00Z","2026-10-08","https://www.nhl.com/news/nhl-lineup-projections-2026-27-season","not_pregame",FALSE,"Tyler Toffoli","skater",3,3,NA,8475726,"exact_normalized","F",NA,NA,NA
"2026-10-09_002225_37864428240_1_796d6190e100451eb678e03b9e473e8f",2026020063,28,"SJS","2026-10-08","2026-10-09T00:24:05.838Z","2026-10-09T00:00:00Z","2026-10-08","https://www.nhl.com/news/nhl-lineup-projections-2026-27-season","not_pregame",FALSE,"Barclay Goodrow","skater",4,1,NA,8476624,"exact_normalized","F",NA,NA,NA
"2026-10-09_002225_37864428240_1_796d6190e100451eb678e03b9e473e8f",2026020063,28,"SJS","2026-10-08","2026-10-09T00:24:05.838Z","2026-10-09T00:00:00Z","2026-10-08","https://www.nhl.com/news/nhl-lineup-projections-2026-27-season","not_pregame",FALSE,"Zack Ostapchuk","skater",4,2,NA,8482859,"exact_normalized","F",NA,NA,NA
"2026-10-09_002225_37864428240_1_796d6190e100451eb678e03b9e473e8f",2026020063,28,"SJS","2026-10-08","2026-10-09T00:24:05.838Z","2026-10-09T00:00:00Z","2026-10-08","https://www.nhl.com/news/nhl-lineup-projections-2026-27-season","not_pregame",FALSE,"Ty Dellandrea","skater",4,3,NA,8480848,"exact_normalized","F",NA,NA,NA
"2026-10-09_002225_37864428240_1_796d6190e100451eb678e03b9e473e8f",2026020063,28,"SJS","2026-10-08","2026-10-09T00:24:05.838Z","2026-10-09T00:00:00Z","2026-10-08","https://www.nhl.com/news/nhl-lineup-projections-2026-27-season","not_pregame",FALSE,"Darnell Nurse","skater",5,1,NA,8477498,"exact_normalized","D",NA,NA,NA
"2026-10-09_002225_37864428240_1_796d6190e100451eb678e03b9e473e8f",2026020063,28,"SJS","2026-10-08","2026-10-09T00:24:05.838Z","2026-10-09T00:00:00Z","2026-10-08","https://www.nhl.com/news/nhl-lineup-projections-2026-27-season","not_pregame",FALSE,"Michael Kesselring","skater",5,2,NA,8480891,"exact_normalized","D",NA,NA,NA
"2026-10-09_002225_37864428240_1_796d6190e100451eb678e03b9e473e8f",2026020063,28,"SJS","2026-10-08","2026-10-09T00:24:05.838Z","2026-10-09T00:00:00Z","2026-10-08","https://www.nhl.com/news/nhl-lineup-projections-2026-27-season","not_pregame",FALSE,"Sam Dickinson","skater",6,1,NA,8484806,"exact_normalized","D",NA,NA,NA
"2026-10-09_002225_37864428240_1_796d6190e100451eb678e03b9e473e8f",2026020063,28,"SJS","2026-10-08","2026-10-09T00:24:05.838Z","2026-10-09T00:00:00Z","2026-10-08","https://www.nhl.com/news/nhl-lineup-projections-2026-27-season","not_pregame",FALSE,"Jacob Trouba","skater",6,2,NA,8476885,"exact_normalized","D",NA,NA,NA
"2026-10-09_002225_37864428240_1_796d6190e100451eb678e03b9e473e8f",2026020063,28,"SJS","2026-10-08","2026-10-09T00:24:05.838Z","2026-10-09T00:00:00Z","2026-10-08","https://www.nhl.com/news/nhl-lineup-projections-2026-27-season","not_pregame",FALSE,"Dmitri Orlov","skater",7,1,NA,NA,"unmatched",NA,NA,NA,"unmatched"
"2026-10-09_002225_37864428240_1_796d6190e100451eb678e03b9e473e8f",2026020063,28,"SJS","2026-10-08","2026-10-09T00:24:05.838Z","2026-10-09T00:00:00Z","2026-10-08","https://www.nhl.com/news/nhl-lineup-projections-2026-27-season","not_pregame",FALSE,"Luca Cagnoni","skater",7,2,NA,8484152,"exact_normalized","D",NA,NA,NA
"2026-10-09_002225_37864428240_1_796d6190e100451eb678e03b9e473e8f",2026020063,28,"SJS","2026-10-08","2026-10-09T00:24:05.838Z","2026-10-09T00:00:00Z","2026-10-08","https://www.nhl.com/news/nhl-lineup-projections-2026-27-season","not_pregame",FALSE,"Alex Nedeljkovic","starter",NA,NA,NA,8477968,"exact_normalized","G",NA,NA,NA
"2026-10-09_002225_37864428240_1_796d6190e100451eb678e03b9e473e8f",2026020063,28,"SJS","2026-10-08","2026-10-09T00:24:05.838Z","2026-10-09T00:00:00Z","2026-10-08","https://www.nhl.com/news/nhl-lineup-projections-2026-27-season","not_pregame",FALSE,"Yaroslav Askarov","backup",NA,NA,NA,8482137,"exact_normalized","G",NA,NA,NA
"2026-10-09_002225_37864428240_1_796d6190e100451eb678e03b9e473e8f",2026020063,28,"SJS","2026-10-08","2026-10-09T00:24:05.838Z","2026-10-09T00:00:00Z","2026-10-08","https://www.nhl.com/news/nhl-lineup-projections-2026-27-season","not_pregame",FALSE,"Brett Leason","scratched",NA,NA,NA,8481517,"exact_normalized","F",NA,NA,NA
"2026-10-09_002225_37864428240_1_796d6190e100451eb678e03b9e473e8f",2026020063,28,"SJS","2026-10-08","2026-10-09T00:24:05.838Z","2026-10-09T00:00:00Z","2026-10-08","https://www.nhl.com/news/nhl-lineup-projections-2026-27-season","not_pregame",FALSE,"Nolan Allan","scratched",NA,NA,NA,8482700,"exact_normalized","D",NA,NA,NA
"2026-10-09_002225_37864428240_1_796d6190e100451eb678e03b9e473e8f",2026020063,28,"SJS","2026-10-08","2026-10-09T00:24:05.838Z","2026-10-09T00:00:00Z","2026-10-08","https://www.nhl.com/news/nhl-lineup-projections-2026-27-season","not_pregame",FALSE,"Macklin Celebrini","injured",NA,NA,"lower body",8484801,"exact_normalized","F",NA,NA,NA
"2026-10-09_002225_37864428240_1_796d6190e100451eb678e03b9e473e8f",2026020063,28,"SJS","2026-10-08","2026-10-09T00:24:05.838Z","2026-10-09T00:00:00Z","2026-10-08","https://www.nhl.com/news/nhl-lineup-projections-2026-27-season","not_pregame",FALSE,"Adam Gaudette","injured",NA,NA,"upper body",8478874,"exact_normalized","F",NA,NA,NA
"2026-10-09_002225_37864428240_1_796d6190e100451eb678e03b9e473e8f",2026020063,19,"STL","2026-10-08","2026-10-09T00:24:05.838Z","2026-10-09T00:00:00Z","2026-10-08","https://www.nhl.com/news/nhl-lineup-projections-2026-27-season","not_pregame",FALSE,"Dylan Holloway","skater",1,1,NA,8482077,"exact_normalized","F",1,NA,NA
"2026-10-09_002225_37864428240_1_796d6190e100451eb678e03b9e473e8f",2026020063,19,"STL","2026-10-08","2026-10-09T00:24:05.838Z","2026-10-09T00:00:00Z","2026-10-08","https://www.nhl.com/news/nhl-lineup-projections-2026-27-season","not_pregame",FALSE,"Robert Thomas","skater",1,2,NA,8480023,"exact_normalized","F",1,NA,NA
"2026-10-09_002225_37864428240_1_796d6190e100451eb678e03b9e473e8f",2026020063,19,"STL","2026-10-08","2026-10-09T00:24:05.838Z","2026-10-09T00:00:00Z","2026-10-08","https://www.nhl.com/news/nhl-lineup-projections-2026-27-season","not_pregame",FALSE,"Jimmy Snuggerud","skater",1,3,NA,8483516,"exact_normalized","F",1,NA,NA
"2026-10-09_002225_37864428240_1_796d6190e100451eb678e03b9e473e8f",2026020063,19,"STL","2026-10-08","2026-10-09T00:24:05.838Z","2026-10-09T00:00:00Z","2026-10-08","https://www.nhl.com/news/nhl-lineup-projections-2026-27-season","not_pregame",FALSE,"Connor McMichael","skater",2,1,NA,8481580,"exact_normalized","F",2,NA,NA
"2026-10-09_002225_37864428240_1_796d6190e100451eb678e03b9e473e8f",2026020063,19,"STL","2026-10-08","2026-10-09T00:24:05.838Z","2026-10-09T00:00:00Z","2026-10-08","https://www.nhl.com/news/nhl-lineup-projections-2026-27-season","not_pregame",FALSE,"Mason McTavish","skater",2,2,NA,8482745,"exact_normalized","F",2,NA,NA
"2026-10-09_002225_37864428240_1_796d6190e100451eb678e03b9e473e8f",2026020063,19,"STL","2026-10-08","2026-10-09T00:24:05.838Z","2026-10-09T00:00:00Z","2026-10-08","https://www.nhl.com/news/nhl-lineup-projections-2026-27-season","not_pregame",FALSE,"Jonatan Berggren","skater",2,3,NA,8481013,"exact_normalized","F",2,NA,NA
"2026-10-09_002225_37864428240_1_796d6190e100451eb678e03b9e473e8f",2026020063,19,"STL","2026-10-08","2026-10-09T00:24:05.838Z","2026-10-09T00:00:00Z","2026-10-08","https://www.nhl.com/news/nhl-lineup-projections-2026-27-season","not_pregame",FALSE,"Jake Neighbours","skater",3,1,NA,8482089,"exact_normalized","F",3,NA,NA
"2026-10-09_002225_37864428240_1_796d6190e100451eb678e03b9e473e8f",2026020063,19,"STL","2026-10-08","2026-10-09T00:24:05.838Z","2026-10-09T00:00:00Z","2026-10-08","https://www.nhl.com/news/nhl-lineup-projections-2026-27-season","not_pregame",FALSE,"Dalibor Dvorsky","skater",3,2,NA,8484164,"exact_normalized","F",3,NA,NA
"2026-10-09_002225_37864428240_1_796d6190e100451eb678e03b9e473e8f",2026020063,19,"STL","2026-10-08","2026-10-09T00:24:05.838Z","2026-10-09T00:00:00Z","2026-10-08","https://www.nhl.com/news/nhl-lineup-projections-2026-27-season","not_pregame",FALSE,"Pavel Buchnevich","skater",3,3,NA,8477402,"exact_normalized","F",3,NA,NA
"2026-10-09_002225_37864428240_1_796d6190e100451eb678e03b9e473e8f",2026020063,19,"STL","2026-10-08","2026-10-09T00:24:05.838Z","2026-10-09T00:00:00Z","2026-10-08","https://www.nhl.com/news/nhl-lineup-projections-2026-27-season","not_pregame",FALSE,"Dillon Dube","skater",4,1,NA,8479346,"exact_normalized","F",4,NA,NA
"2026-10-09_002225_37864428240_1_796d6190e100451eb678e03b9e473e8f",2026020063,19,"STL","2026-10-08","2026-10-09T00:24:05.838Z","2026-10-09T00:00:00Z","2026-10-08","https://www.nhl.com/news/nhl-lineup-projections-2026-27-season","not_pregame",FALSE,"Pius Suter","skater",4,2,NA,8480459,"exact_normalized","F",4,NA,NA
"2026-10-09_002225_37864428240_1_796d6190e100451eb678e03b9e473e8f",2026020063,19,"STL","2026-10-08","2026-10-09T00:24:05.838Z","2026-10-09T00:00:00Z","2026-10-08","https://www.nhl.com/news/nhl-lineup-projections-2026-27-season","not_pregame",FALSE,"Ross Johnston","skater",4,3,NA,8477527,"exact_normalized","F",4,NA,NA
"2026-10-09_002225_37864428240_1_796d6190e100451eb678e03b9e473e8f",2026020063,19,"STL","2026-10-08","2026-10-09T00:24:05.838Z","2026-10-09T00:00:00Z","2026-10-08","https://www.nhl.com/news/nhl-lineup-projections-2026-27-season","not_pregame",FALSE,"Philip Broberg","skater",5,1,NA,8481598,"exact_normalized","D",NA,1,NA
"2026-10-09_002225_37864428240_1_796d6190e100451eb678e03b9e473e8f",2026020063,19,"STL","2026-10-08","2026-10-09T00:24:05.838Z","2026-10-09T00:00:00Z","2026-10-08","https://www.nhl.com/news/nhl-lineup-projections-2026-27-season","not_pregame",FALSE,"Adam Jiricek","skater",5,2,NA,8484790,"exact_normalized","D",NA,1,NA
"2026-10-09_002225_37864428240_1_796d6190e100451eb678e03b9e473e8f",2026020063,19,"STL","2026-10-08","2026-10-09T00:24:05.838Z","2026-10-09T00:00:00Z","2026-10-08","https://www.nhl.com/news/nhl-lineup-projections-2026-27-season","not_pregame",FALSE,"Justin Barron","skater",6,1,NA,8482111,"exact_normalized","D",NA,2,NA
"2026-10-09_002225_37864428240_1_796d6190e100451eb678e03b9e473e8f",2026020063,19,"STL","2026-10-08","2026-10-09T00:24:05.838Z","2026-10-09T00:00:00Z","2026-10-08","https://www.nhl.com/news/nhl-lineup-projections-2026-27-season","not_pregame",FALSE,"Colton Parayko","skater",6,2,NA,8476892,"exact_normalized","D",NA,2,NA
"2026-10-09_002225_37864428240_1_796d6190e100451eb678e03b9e473e8f",2026020063,19,"STL","2026-10-08","2026-10-09T00:24:05.838Z","2026-10-09T00:00:00Z","2026-10-08","https://www.nhl.com/news/nhl-lineup-projections-2026-27-season","not_pregame",FALSE,"Cam Fowler","skater",7,1,NA,8475764,"exact_normalized","D",NA,3,NA
"2026-10-09_002225_37864428240_1_796d6190e100451eb678e03b9e473e8f",2026020063,19,"STL","2026-10-08","2026-10-09T00:24:05.838Z","2026-10-09T00:00:00Z","2026-10-08","https://www.nhl.com/news/nhl-lineup-projections-2026-27-season","not_pregame",FALSE,"Brandon Carlo","skater",7,2,NA,8478443,"exact_normalized","D",NA,3,NA
"2026-10-09_002225_37864428240_1_796d6190e100451eb678e03b9e473e8f",2026020063,19,"STL","2026-10-08","2026-10-09T00:24:05.838Z","2026-10-09T00:00:00Z","2026-10-08","https://www.nhl.com/news/nhl-lineup-projections-2026-27-season","not_pregame",FALSE,"Joel Hofer","starter",NA,NA,NA,8480981,"exact_normalized","G",NA,NA,NA
"2026-10-09_002225_37864428240_1_796d6190e100451eb678e03b9e473e8f",2026020063,19,"STL","2026-10-08","2026-10-09T00:24:05.838Z","2026-10-09T00:00:00Z","2026-10-08","https://www.nhl.com/news/nhl-lineup-projections-2026-27-season","not_pregame",FALSE,"Jordan Binnington","backup",NA,NA,NA,8476412,"exact_normalized","G",NA,NA,NA
"2026-10-09_002225_37864428240_1_796d6190e100451eb678e03b9e473e8f",2026020063,19,"STL","2026-10-08","2026-10-09T00:24:05.838Z","2026-10-09T00:00:00Z","2026-10-08","https://www.nhl.com/news/nhl-lineup-projections-2026-27-season","not_pregame",FALSE,"Zach Dean","scratched",NA,NA,NA,8482784,"exact_normalized","F",NA,NA,NA
"2026-10-09_002225_37864428240_1_796d6190e100451eb678e03b9e473e8f",2026020063,19,"STL","2026-10-08","2026-10-09T00:24:05.838Z","2026-10-09T00:00:00Z","2026-10-08","https://www.nhl.com/news/nhl-lineup-projections-2026-27-season","not_pregame",FALSE,"Theo Lindstein","scratched",NA,NA,NA,8484188,"exact_normalized","D",NA,NA,NA
"2026-10-09_002225_37864428240_1_796d6190e100451eb678e03b9e473e8f",2026020063,19,"STL","2026-10-08","2026-10-09T00:24:05.838Z","2026-10-09T00:00:00Z","2026-10-08","https://www.nhl.com/news/nhl-lineup-projections-2026-27-season","not_pregame",FALSE,"Alexey Toropchenko","injured",NA,NA,"upper body",8480281,"exact_normalized","F",NA,NA,NA
"2026-10-09_002225_37864428240_1_796d6190e100451eb678e03b9e473e8f",2026020063,19,"STL","2026-10-08","2026-10-09T00:24:05.838Z","2026-10-09T00:00:00Z","2026-10-08","https://www.nhl.com/news/nhl-lineup-projections-2026-27-season","not_pregame",FALSE,"Tyler Tucker","injured",NA,NA,"knee",8481006,"exact_normalized","D",NA,NA,NA
"2026-10-09_002225_37864428240_1_796d6190e100451eb678e03b9e473e8f",2026020063,19,"STL","2026-10-08","2026-10-09T00:24:05.838Z","2026-10-09T00:00:00Z","2026-10-08","https://www.nhl.com/news/nhl-lineup-projections-2026-27-season","not_pregame",FALSE,"Logan Mailloux","injured",NA,NA,"hand",8482733,"exact_normalized","D",NA,NA,NA
"2026-10-09_002225_37864428240_1_796d6190e100451eb678e03b9e473e8f",2026020064,21,"COL","2026-10-08","2026-10-09T00:24:05.838Z","2026-10-09T01:00:00Z","2026-10-08","https://www.nhl.com/news/nhl-lineup-projections-2026-27-season","matched",TRUE,"Artturi Lehkonen","skater",1,1,NA,8477476,"exact_normalized","F",1,NA,NA
"2026-10-09_002225_37864428240_1_796d6190e100451eb678e03b9e473e8f",2026020064,21,"COL","2026-10-08","2026-10-09T00:24:05.838Z","2026-10-09T01:00:00Z","2026-10-08","https://www.nhl.com/news/nhl-lineup-projections-2026-27-season","matched",TRUE,"Nathan MacKinnon","skater",1,2,NA,8477492,"exact_normalized","F",1,NA,NA
"2026-10-09_002225_37864428240_1_796d6190e100451eb678e03b9e473e8f",2026020064,21,"COL","2026-10-08","2026-10-09T00:24:05.838Z","2026-10-09T01:00:00Z","2026-10-08","https://www.nhl.com/news/nhl-lineup-projections-2026-27-season","matched",TRUE,"Martin Necas","skater",1,3,NA,8480039,"exact_normalized","F",1,NA,NA
"2026-10-09_002225_37864428240_1_796d6190e100451eb678e03b9e473e8f",2026020064,21,"COL","2026-10-08","2026-10-09T00:24:05.838Z","2026-10-09T01:00:00Z","2026-10-08","https://www.nhl.com/news/nhl-lineup-projections-2026-27-season","matched",TRUE,"Gabriel Landeskog","skater",2,1,NA,8476455,"exact_normalized","F",2,NA,NA
"2026-10-09_002225_37864428240_1_796d6190e100451eb678e03b9e473e8f",2026020064,21,"COL","2026-10-08","2026-10-09T00:24:05.838Z","2026-10-09T01:00:00Z","2026-10-08","https://www.nhl.com/news/nhl-lineup-projections-2026-27-season","matched",TRUE,"Brock Nelson","skater",2,2,NA,8475754,"exact_normalized","F",2,NA,NA
"2026-10-09_002225_37864428240_1_796d6190e100451eb678e03b9e473e8f",2026020064,21,"COL","2026-10-08","2026-10-09T00:24:05.838Z","2026-10-09T01:00:00Z","2026-10-08","https://www.nhl.com/news/nhl-lineup-projections-2026-27-season","matched",TRUE,"Nazem Kadri","skater",2,3,NA,8475172,"exact_normalized","F",2,NA,NA
"2026-10-09_002225_37864428240_1_796d6190e100451eb678e03b9e473e8f",2026020064,21,"COL","2026-10-08","2026-10-09T00:24:05.838Z","2026-10-09T01:00:00Z","2026-10-08","https://www.nhl.com/news/nhl-lineup-projections-2026-27-season","matched",TRUE,"Jaden Schwartz","skater",3,1,NA,8475768,"exact_normalized","F",3,NA,NA
"2026-10-09_002225_37864428240_1_796d6190e100451eb678e03b9e473e8f",2026020064,21,"COL","2026-10-08","2026-10-09T00:24:05.838Z","2026-10-09T01:00:00Z","2026-10-08","https://www.nhl.com/news/nhl-lineup-projections-2026-27-season","matched",TRUE,"Fedor Svechkov","skater",3,2,NA,8482768,"exact_normalized","F",3,NA,NA
"2026-10-09_002225_37864428240_1_796d6190e100451eb678e03b9e473e8f",2026020064,21,"COL","2026-10-08","2026-10-09T00:24:05.838Z","2026-10-09T01:00:00Z","2026-10-08","https://www.nhl.com/news/nhl-lineup-projections-2026-27-season","matched",TRUE,"T.J. Hughes","skater",3,3,NA,8486171,"exact_normalized","F",3,NA,NA
"2026-10-09_002225_37864428240_1_796d6190e100451eb678e03b9e473e8f",2026020064,21,"COL","2026-10-08","2026-10-09T00:24:05.838Z","2026-10-09T01:00:00Z","2026-10-08","https://www.nhl.com/news/nhl-lineup-projections-2026-27-season","matched",TRUE,"Parker Kelly","skater",4,1,NA,8480448,"exact_normalized","F",4,NA,NA
"2026-10-09_002225_37864428240_1_796d6190e100451eb678e03b9e473e8f",2026020064,21,"COL","2026-10-08","2026-10-09T00:24:05.838Z","2026-10-09T01:00:00Z","2026-10-08","https://www.nhl.com/news/nhl-lineup-projections-2026-27-season","matched",TRUE,"Nicolas Roy","skater",4,2,NA,8478462,"exact_normalized","F",4,NA,NA
"2026-10-09_002225_37864428240_1_796d6190e100451eb678e03b9e473e8f",2026020064,21,"COL","2026-10-08","2026-10-09T00:24:05.838Z","2026-10-09T01:00:00Z","2026-10-08","https://www.nhl.com/news/nhl-lineup-projections-2026-27-season","matched",TRUE,"Zachary L’Heureux","skater",4,3,NA,8482742,"exact_normalized","F",4,NA,NA
"2026-10-09_002225_37864428240_1_796d6190e100451eb678e03b9e473e8f",2026020064,21,"COL","2026-10-08","2026-10-09T00:24:05.838Z","2026-10-09T01:00:00Z","2026-10-08","https://www.nhl.com/news/nhl-lineup-projections-2026-27-season","matched",TRUE,"Devon Toews","skater",5,1,NA,8478038,"exact_normalized","D",NA,1,NA
"2026-10-09_002225_37864428240_1_796d6190e100451eb678e03b9e473e8f",2026020064,21,"COL","2026-10-08","2026-10-09T00:24:05.838Z","2026-10-09T01:00:00Z","2026-10-08","https://www.nhl.com/news/nhl-lineup-projections-2026-27-season","matched",TRUE,"Cale Makar","skater",5,2,NA,8480069,"exact_normalized","D",NA,1,NA
"2026-10-09_002225_37864428240_1_796d6190e100451eb678e03b9e473e8f",2026020064,21,"COL","2026-10-08","2026-10-09T00:24:05.838Z","2026-10-09T01:00:00Z","2026-10-08","https://www.nhl.com/news/nhl-lineup-projections-2026-27-season","matched",TRUE,"Brett Kulak","skater",6,1,NA,8476967,"exact_normalized","D",NA,2,NA
"2026-10-09_002225_37864428240_1_796d6190e100451eb678e03b9e473e8f",2026020064,21,"COL","2026-10-08","2026-10-09T00:24:05.838Z","2026-10-09T01:00:00Z","2026-10-08","https://www.nhl.com/news/nhl-lineup-projections-2026-27-season","matched",TRUE,"Sam Malinski","skater",6,2,NA,8484258,"exact_normalized","D",NA,2,NA
"2026-10-09_002225_37864428240_1_796d6190e100451eb678e03b9e473e8f",2026020064,21,"COL","2026-10-08","2026-10-09T00:24:05.838Z","2026-10-09T01:00:00Z","2026-10-08","https://www.nhl.com/news/nhl-lineup-projections-2026-27-season","matched",TRUE,"Josh Manson","skater",7,1,NA,8476312,"exact_normalized","D",NA,3,NA
"2026-10-09_002225_37864428240_1_796d6190e100451eb678e03b9e473e8f",2026020064,21,"COL","2026-10-08","2026-10-09T00:24:05.838Z","2026-10-09T01:00:00Z","2026-10-08","https://www.nhl.com/news/nhl-lineup-projections-2026-27-season","matched",TRUE,"Brent Burns","skater",7,2,NA,8470613,"exact_normalized","D",NA,3,NA
"2026-10-09_002225_37864428240_1_796d6190e100451eb678e03b9e473e8f",2026020064,21,"COL","2026-10-08","2026-10-09T00:24:05.838Z","2026-10-09T01:00:00Z","2026-10-08","https://www.nhl.com/news/nhl-lineup-projections-2026-27-season","matched",TRUE,"Scott Wedgewood","starter",NA,NA,NA,8475809,"exact_normalized","G",NA,NA,NA
"2026-10-09_002225_37864428240_1_796d6190e100451eb678e03b9e473e8f",2026020064,21,"COL","2026-10-08","2026-10-09T00:24:05.838Z","2026-10-09T01:00:00Z","2026-10-08","https://www.nhl.com/news/nhl-lineup-projections-2026-27-season","matched",TRUE,"Mackenzie Blackwood","backup",NA,NA,NA,8478406,"exact_normalized","G",NA,NA,NA
"2026-10-09_002225_37864428240_1_796d6190e100451eb678e03b9e473e8f",2026020064,21,"COL","2026-10-08","2026-10-09T00:24:05.838Z","2026-10-09T01:00:00Z","2026-10-08","https://www.nhl.com/news/nhl-lineup-projections-2026-27-season","matched",TRUE,"Noah Juulsen","scratched",NA,NA,NA,8478454,"exact_normalized","D",NA,NA,NA
"2026-10-09_002225_37864428240_1_796d6190e100451eb678e03b9e473e8f",2026020064,21,"COL","2026-10-08","2026-10-09T00:24:05.838Z","2026-10-09T01:00:00Z","2026-10-08","https://www.nhl.com/news/nhl-lineup-projections-2026-27-season","matched",TRUE,"Logan O’Connor","injured",NA,NA,"lower body",8481186,"exact_normalized","F",NA,NA,NA
"2026-10-09_002225_37864428240_1_796d6190e100451eb678e03b9e473e8f",2026020064,20,"CGY","2026-10-08","2026-10-09T00:24:05.838Z","2026-10-09T01:00:00Z","2026-10-08","https://www.nhl.com/news/nhl-lineup-projections-2026-27-season","matched",TRUE,"Matvei Gridin","skater",1,1,NA,8484860,"exact_normalized","F",1,NA,NA
"2026-10-09_002225_37864428240_1_796d6190e100451eb678e03b9e473e8f",2026020064,20,"CGY","2026-10-08","2026-10-09T00:24:05.838Z","2026-10-09T01:00:00Z","2026-10-08","https://www.nhl.com/news/nhl-lineup-projections-2026-27-season","matched",TRUE,"Morgan Frost","skater",1,2,NA,8480028,"exact_normalized","F",1,NA,NA
"2026-10-09_002225_37864428240_1_796d6190e100451eb678e03b9e473e8f",2026020064,20,"CGY","2026-10-08","2026-10-09T00:24:05.838Z","2026-10-09T01:00:00Z","2026-10-08","https://www.nhl.com/news/nhl-lineup-projections-2026-27-season","matched",TRUE,"Matt Coronato","skater",1,3,NA,8482679,"exact_normalized","F",1,NA,NA
"2026-10-09_002225_37864428240_1_796d6190e100451eb678e03b9e473e8f",2026020064,20,"CGY","2026-10-08","2026-10-09T00:24:05.838Z","2026-10-09T01:00:00Z","2026-10-08","https://www.nhl.com/news/nhl-lineup-projections-2026-27-season","matched",TRUE,"Yegor Sharangovich","skater",2,1,NA,8481068,"exact_normalized","F",2,NA,NA
"2026-10-09_002225_37864428240_1_796d6190e100451eb678e03b9e473e8f",2026020064,20,"CGY","2026-10-08","2026-10-09T00:24:05.838Z","2026-10-09T01:00:00Z","2026-10-08","https://www.nhl.com/news/nhl-lineup-projections-2026-27-season","matched",TRUE,"Mikael Backlund","skater",2,2,NA,8474150,"exact_normalized","F",2,NA,NA
"2026-10-09_002225_37864428240_1_796d6190e100451eb678e03b9e473e8f",2026020064,20,"CGY","2026-10-08","2026-10-09T00:24:05.838Z","2026-10-09T01:00:00Z","2026-10-08","https://www.nhl.com/news/nhl-lineup-projections-2026-27-season","matched",TRUE,"Joel Farabee","skater",2,3,NA,8480797,"exact_normalized","F",2,NA,NA
"2026-10-09_002225_37864428240_1_796d6190e100451eb678e03b9e473e8f",2026020064,20,"CGY","2026-10-08","2026-10-09T00:24:05.838Z","2026-10-09T01:00:00Z","2026-10-08","https://www.nhl.com/news/nhl-lineup-projections-2026-27-season","matched",TRUE,"Samuel Honzek","skater",3,1,NA,8484180,"exact_normalized","F",3,NA,NA
"2026-10-09_002225_37864428240_1_796d6190e100451eb678e03b9e473e8f",2026020064,20,"CGY","2026-10-08","2026-10-09T00:24:05.838Z","2026-10-09T01:00:00Z","2026-10-08","https://www.nhl.com/news/nhl-lineup-projections-2026-27-season","matched",TRUE,"Martin Pospisil","skater",3,2,NA,8481028,"exact_normalized","F",3,NA,NA
"2026-10-09_002225_37864428240_1_796d6190e100451eb678e03b9e473e8f",2026020064,20,"CGY","2026-10-08","2026-10-09T00:24:05.838Z","2026-10-09T01:00:00Z","2026-10-08","https://www.nhl.com/news/nhl-lineup-projections-2026-27-season","matched",TRUE,"Ryan Strome","skater",3,3,NA,8476458,"exact_normalized","F",3,NA,NA
"2026-10-09_002225_37864428240_1_796d6190e100451eb678e03b9e473e8f",2026020064,20,"CGY","2026-10-08","2026-10-09T00:24:05.838Z","2026-10-09T01:00:00Z","2026-10-08","https://www.nhl.com/news/nhl-lineup-projections-2026-27-season","matched",TRUE,"Aydar Suniev","skater",4,1,NA,8484234,"exact_normalized","F",4,NA,NA
"2026-10-09_002225_37864428240_1_796d6190e100451eb678e03b9e473e8f",2026020064,20,"CGY","2026-10-08","2026-10-09T00:24:05.838Z","2026-10-09T01:00:00Z","2026-10-08","https://www.nhl.com/news/nhl-lineup-projections-2026-27-season","matched",TRUE,"Jonathan Castagna","skater",4,2,NA,8484154,"exact_normalized","F",4,NA,NA
"2026-10-09_002225_37864428240_1_796d6190e100451eb678e03b9e473e8f",2026020064,20,"CGY","2026-10-08","2026-10-09T00:24:05.838Z","2026-10-09T01:00:00Z","2026-10-08","https://www.nhl.com/news/nhl-lineup-projections-2026-27-season","matched",TRUE,"Adam Klapka","skater",4,3,NA,8483609,"exact_normalized","F",4,NA,NA
"2026-10-09_002225_37864428240_1_796d6190e100451eb678e03b9e473e8f",2026020064,20,"CGY","2026-10-08","2026-10-09T00:24:05.838Z","2026-10-09T01:00:00Z","2026-10-08","https://www.nhl.com/news/nhl-lineup-projections-2026-27-season","matched",TRUE,"Kevin Bahl","skater",5,1,NA,8480860,"exact_normalized","D",NA,1,NA
"2026-10-09_002225_37864428240_1_796d6190e100451eb678e03b9e473e8f",2026020064,20,"CGY","2026-10-08","2026-10-09T00:24:05.838Z","2026-10-09T01:00:00Z","2026-10-08","https://www.nhl.com/news/nhl-lineup-projections-2026-27-season","matched",TRUE,"Zach Whitecloud","skater",5,2,NA,8480727,"exact_normalized","D",NA,1,NA
"2026-10-09_002225_37864428240_1_796d6190e100451eb678e03b9e473e8f",2026020064,20,"CGY","2026-10-08","2026-10-09T00:24:05.838Z","2026-10-09T01:00:00Z","2026-10-08","https://www.nhl.com/news/nhl-lineup-projections-2026-27-season","matched",TRUE,"Yan Kuznetsov","skater",6,1,NA,8482165,"exact_normalized","D",NA,2,NA
"2026-10-09_002225_37864428240_1_796d6190e100451eb678e03b9e473e8f",2026020064,20,"CGY","2026-10-08","2026-10-09T00:24:05.838Z","2026-10-09T01:00:00Z","2026-10-08","https://www.nhl.com/news/nhl-lineup-projections-2026-27-season","matched",TRUE,"Simon Nemec","skater",6,2,NA,8483495,"exact_normalized","D",NA,2,NA
"2026-10-09_002225_37864428240_1_796d6190e100451eb678e03b9e473e8f",2026020064,20,"CGY","2026-10-08","2026-10-09T00:24:05.838Z","2026-10-09T01:00:00Z","2026-10-08","https://www.nhl.com/news/nhl-lineup-projections-2026-27-season","matched",TRUE,"Jake Middleton","skater",7,1,NA,8478136,"exact_normalized","D",NA,3,NA
"2026-10-09_002225_37864428240_1_796d6190e100451eb678e03b9e473e8f",2026020064,20,"CGY","2026-10-08","2026-10-09T00:24:05.838Z","2026-10-09T01:00:00Z","2026-10-08","https://www.nhl.com/news/nhl-lineup-projections-2026-27-season","matched",TRUE,"Zayne Parekh","skater",7,2,NA,8484768,"exact_normalized","D",NA,3,NA
"2026-10-09_002225_37864428240_1_796d6190e100451eb678e03b9e473e8f",2026020064,20,"CGY","2026-10-08","2026-10-09T00:24:05.838Z","2026-10-09T01:00:00Z","2026-10-08","https://www.nhl.com/news/nhl-lineup-projections-2026-27-season","matched",TRUE,"Devin Cooley","starter",NA,NA,NA,8482445,"exact_normalized","G",NA,NA,NA
"2026-10-09_002225_37864428240_1_796d6190e100451eb678e03b9e473e8f",2026020064,20,"CGY","2026-10-08","2026-10-09T00:24:05.838Z","2026-10-09T01:00:00Z","2026-10-08","https://www.nhl.com/news/nhl-lineup-projections-2026-27-season","matched",TRUE,"Dustin Wolf","backup",NA,NA,NA,8481692,"exact_normalized","G",NA,NA,NA
"2026-10-09_002225_37864428240_1_796d6190e100451eb678e03b9e473e8f",2026020064,20,"CGY","2026-10-08","2026-10-09T00:24:05.838Z","2026-10-09T01:00:00Z","2026-10-08","https://www.nhl.com/news/nhl-lineup-projections-2026-27-season","matched",TRUE,"Maksim Tsyplakov","scratched",NA,NA,NA,NA,"unmatched",NA,NA,NA,"unmatched"
"2026-10-09_002225_37864428240_1_796d6190e100451eb678e03b9e473e8f",2026020064,20,"CGY","2026-10-08","2026-10-09T00:24:05.838Z","2026-10-09T01:00:00Z","2026-10-08","https://www.nhl.com/news/nhl-lineup-projections-2026-27-season","matched",TRUE,"Brennan Othmann","scratched",NA,NA,NA,8482747,"exact_normalized","F",NA,NA,NA
"2026-10-09_002225_37864428240_1_796d6190e100451eb678e03b9e473e8f",2026020064,20,"CGY","2026-10-08","2026-10-09T00:24:05.838Z","2026-10-09T01:00:00Z","2026-10-08","https://www.nhl.com/news/nhl-lineup-projections-2026-27-season","matched",TRUE,"Joel Hanley","scratched",NA,NA,NA,8477810,"exact_normalized","D",NA,NA,NA
"2026-10-09_002225_37864428240_1_796d6190e100451eb678e03b9e473e8f",2026020064,20,"CGY","2026-10-08","2026-10-09T00:24:05.838Z","2026-10-09T01:00:00Z","2026-10-08","https://www.nhl.com/news/nhl-lineup-projections-2026-27-season","matched",TRUE,"Jonathan Huberdeau","injured",NA,NA,"hip",8476456,"exact_normalized","F",NA,NA,NA
"2026-10-09_002225_37864428240_1_796d6190e100451eb678e03b9e473e8f",2026020065,10,"TOR","2026-10-08","2026-10-09T00:24:05.838Z","2026-10-09T02:00:00Z","2026-10-08","https://www.nhl.com/news/nhl-lineup-projections-2026-27-season","matched",TRUE,"Kirill Marchenko","skater",1,1,NA,8480893,"exact_normalized","F",1,NA,NA
"2026-10-09_002225_37864428240_1_796d6190e100451eb678e03b9e473e8f",2026020065,10,"TOR","2026-10-08","2026-10-09T00:24:05.838Z","2026-10-09T02:00:00Z","2026-10-08","https://www.nhl.com/news/nhl-lineup-projections-2026-27-season","matched",TRUE,"Auston Matthews","skater",1,2,NA,8479318,"exact_normalized","F",1,NA,NA
"2026-10-09_002225_37864428240_1_796d6190e100451eb678e03b9e473e8f",2026020065,10,"TOR","2026-10-08","2026-10-09T00:24:05.838Z","2026-10-09T02:00:00Z","2026-10-08","https://www.nhl.com/news/nhl-lineup-projections-2026-27-season","matched",TRUE,"Jack Roslovic","skater",1,3,NA,8478458,"exact_normalized","F",1,NA,NA
"2026-10-09_002225_37864428240_1_796d6190e100451eb678e03b9e473e8f",2026020065,10,"TOR","2026-10-08","2026-10-09T00:24:05.838Z","2026-10-09T02:00:00Z","2026-10-08","https://www.nhl.com/news/nhl-lineup-projections-2026-27-season","matched",TRUE,"Easton Cowan","skater",2,1,NA,8484158,"exact_normalized","F",2,NA,NA
"2026-10-09_002225_37864428240_1_796d6190e100451eb678e03b9e473e8f",2026020065,10,"TOR","2026-10-08","2026-10-09T00:24:05.838Z","2026-10-09T02:00:00Z","2026-10-08","https://www.nhl.com/news/nhl-lineup-projections-2026-27-season","matched",TRUE,"John Tavares","skater",2,2,NA,8475166,"exact_normalized","F",2,NA,NA
"2026-10-09_002225_37864428240_1_796d6190e100451eb678e03b9e473e8f",2026020065,10,"TOR","2026-10-08","2026-10-09T00:24:05.838Z","2026-10-09T02:00:00Z","2026-10-08","https://www.nhl.com/news/nhl-lineup-projections-2026-27-season","matched",TRUE,"William Nylander","skater",2,3,NA,8477939,"exact_normalized","F",2,NA,NA
"2026-10-09_002225_37864428240_1_796d6190e100451eb678e03b9e473e8f",2026020065,10,"TOR","2026-10-08","2026-10-09T00:24:05.838Z","2026-10-09T02:00:00Z","2026-10-08","https://www.nhl.com/news/nhl-lineup-projections-2026-27-season","matched",TRUE,"Gavin McKenna","skater",3,1,NA,8486067,"exact_normalized","F",3,NA,NA
"2026-10-09_002225_37864428240_1_796d6190e100451eb678e03b9e473e8f",2026020065,10,"TOR","2026-10-08","2026-10-09T00:24:05.838Z","2026-10-09T02:00:00Z","2026-10-08","https://www.nhl.com/news/nhl-lineup-projections-2026-27-season","matched",TRUE,"Nick Paul","skater",3,2,NA,8477426,"exact_normalized","F",3,NA,NA
"2026-10-09_002225_37864428240_1_796d6190e100451eb678e03b9e473e8f",2026020065,10,"TOR","2026-10-08","2026-10-09T00:24:05.838Z","2026-10-09T02:00:00Z","2026-10-08","https://www.nhl.com/news/nhl-lineup-projections-2026-27-season","matched",TRUE,"Colton Sissons","skater",3,3,NA,8476925,"exact_normalized","F",3,NA,NA
"2026-10-09_002225_37864428240_1_796d6190e100451eb678e03b9e473e8f",2026020065,10,"TOR","2026-10-08","2026-10-09T00:24:05.838Z","2026-10-09T02:00:00Z","2026-10-08","https://www.nhl.com/news/nhl-lineup-projections-2026-27-season","matched",TRUE,"Brandon Duhaime","skater",4,1,NA,8479520,"exact_normalized","F",4,NA,NA
"2026-10-09_002225_37864428240_1_796d6190e100451eb678e03b9e473e8f",2026020065,10,"TOR","2026-10-08","2026-10-09T00:24:05.838Z","2026-10-09T02:00:00Z","2026-10-08","https://www.nhl.com/news/nhl-lineup-projections-2026-27-season","matched",TRUE,"Teddy Blueger","skater",4,2,NA,8476927,"exact_normalized","F",4,NA,NA
"2026-10-09_002225_37864428240_1_796d6190e100451eb678e03b9e473e8f",2026020065,10,"TOR","2026-10-08","2026-10-09T00:24:05.838Z","2026-10-09T02:00:00Z","2026-10-08","https://www.nhl.com/news/nhl-lineup-projections-2026-27-season","matched",TRUE,"Bo Groulx","skater",4,3,NA,8480870,"exact_normalized","F",4,NA,NA
"2026-10-09_002225_37864428240_1_796d6190e100451eb678e03b9e473e8f",2026020065,10,"TOR","2026-10-08","2026-10-09T00:24:05.838Z","2026-10-09T02:00:00Z","2026-10-08","https://www.nhl.com/news/nhl-lineup-projections-2026-27-season","matched",TRUE,"Morgan Rielly","skater",5,1,NA,8476853,"exact_normalized","D",NA,1,NA
"2026-10-09_002225_37864428240_1_796d6190e100451eb678e03b9e473e8f",2026020065,10,"TOR","2026-10-08","2026-10-09T00:24:05.838Z","2026-10-09T02:00:00Z","2026-10-08","https://www.nhl.com/news/nhl-lineup-projections-2026-27-season","matched",TRUE,"Darren Raddysh","skater",5,2,NA,8478178,"exact_normalized","D",NA,1,NA
"2026-10-09_002225_37864428240_1_796d6190e100451eb678e03b9e473e8f",2026020065,10,"TOR","2026-10-08","2026-10-09T00:24:05.838Z","2026-10-09T02:00:00Z","2026-10-08","https://www.nhl.com/news/nhl-lineup-projections-2026-27-season","matched",TRUE,"Jake McCabe","skater",6,1,NA,8476931,"exact_normalized","D",NA,2,NA
"2026-10-09_002225_37864428240_1_796d6190e100451eb678e03b9e473e8f",2026020065,10,"TOR","2026-10-08","2026-10-09T00:24:05.838Z","2026-10-09T02:00:00Z","2026-10-08","https://www.nhl.com/news/nhl-lineup-projections-2026-27-season","matched",TRUE,"Chris Tanev","skater",6,2,NA,8475690,"exact_normalized","D",NA,2,NA
"2026-10-09_002225_37864428240_1_796d6190e100451eb678e03b9e473e8f",2026020065,10,"TOR","2026-10-08","2026-10-09T00:24:05.838Z","2026-10-09T02:00:00Z","2026-10-08","https://www.nhl.com/news/nhl-lineup-projections-2026-27-season","matched",TRUE,"Oliver Ekman-Larsson","skater",7,1,NA,8475171,"exact_normalized","D",NA,3,NA
"2026-10-09_002225_37864428240_1_796d6190e100451eb678e03b9e473e8f",2026020065,10,"TOR","2026-10-08","2026-10-09T00:24:05.838Z","2026-10-09T02:00:00Z","2026-10-08","https://www.nhl.com/news/nhl-lineup-projections-2026-27-season","matched",TRUE,"Troy Stecher","skater",7,2,NA,8479442,"exact_normalized","D",NA,3,NA
"2026-10-09_002225_37864428240_1_796d6190e100451eb678e03b9e473e8f",2026020065,10,"TOR","2026-10-08","2026-10-09T00:24:05.838Z","2026-10-09T02:00:00Z","2026-10-08","https://www.nhl.com/news/nhl-lineup-projections-2026-27-season","matched",TRUE,"Sergei Bobrovsky","starter",NA,NA,NA,8475683,"exact_normalized","G",NA,NA,NA
"2026-10-09_002225_37864428240_1_796d6190e100451eb678e03b9e473e8f",2026020065,10,"TOR","2026-10-08","2026-10-09T00:24:05.838Z","2026-10-09T02:00:00Z","2026-10-08","https://www.nhl.com/news/nhl-lineup-projections-2026-27-season","matched",TRUE,"Anthony Stolarz","backup",NA,NA,NA,8476932,"exact_normalized","G",NA,NA,NA
"2026-10-09_002225_37864428240_1_796d6190e100451eb678e03b9e473e8f",2026020065,10,"TOR","2026-10-08","2026-10-09T00:24:05.838Z","2026-10-09T02:00:00Z","2026-10-08","https://www.nhl.com/news/nhl-lineup-projections-2026-27-season","matched",TRUE,"Zack MacEwen","scratched",NA,NA,NA,8479772,"exact_normalized","F",NA,NA,NA
"2026-10-09_002225_37864428240_1_796d6190e100451eb678e03b9e473e8f",2026020065,10,"TOR","2026-10-08","2026-10-09T00:24:05.838Z","2026-10-09T02:00:00Z","2026-10-08","https://www.nhl.com/news/nhl-lineup-projections-2026-27-season","matched",TRUE,"Nick Blankenburg","scratched",NA,NA,NA,8483565,"exact_normalized","D",NA,NA,NA
"2026-10-09_002225_37864428240_1_796d6190e100451eb678e03b9e473e8f",2026020065,10,"TOR","2026-10-08","2026-10-09T00:24:05.838Z","2026-10-09T02:00:00Z","2026-10-08","https://www.nhl.com/news/nhl-lineup-projections-2026-27-season","matched",TRUE,"Dakota Joshua","injured",NA,NA,"core",NA,"unmatched",NA,NA,NA,"unmatched"
"2026-10-09_002225_37864428240_1_796d6190e100451eb678e03b9e473e8f",2026020065,10,"TOR","2026-10-08","2026-10-09T00:24:05.838Z","2026-10-09T02:00:00Z","2026-10-08","https://www.nhl.com/news/nhl-lineup-projections-2026-27-season","matched",TRUE,"Max Domi","injured",NA,NA,"undisclosed",NA,"unmatched",NA,NA,NA,"unmatched"
"2026-10-09_002225_37864428240_1_796d6190e100451eb678e03b9e473e8f",2026020065,54,"VGK","2026-10-08","2026-10-09T00:24:05.838Z","2026-10-09T02:00:00Z","2026-10-08","https://www.nhl.com/news/nhl-lineup-projections-2026-27-season","matched",TRUE,"Ivan Barbashev","skater",1,1,NA,8477964,"exact_normalized","F",1,NA,NA
"2026-10-09_002225_37864428240_1_796d6190e100451eb678e03b9e473e8f",2026020065,54,"VGK","2026-10-08","2026-10-09T00:24:05.838Z","2026-10-09T02:00:00Z","2026-10-08","https://www.nhl.com/news/nhl-lineup-projections-2026-27-season","matched",TRUE,"Jack Eichel","skater",1,2,NA,8478403,"exact_normalized","F",1,NA,NA
"2026-10-09_002225_37864428240_1_796d6190e100451eb678e03b9e473e8f",2026020065,54,"VGK","2026-10-08","2026-10-09T00:24:05.838Z","2026-10-09T02:00:00Z","2026-10-08","https://www.nhl.com/news/nhl-lineup-projections-2026-27-season","matched",TRUE,"Mark Stone","skater",1,3,NA,8475913,"exact_normalized","F",1,NA,NA
"2026-10-09_002225_37864428240_1_796d6190e100451eb678e03b9e473e8f",2026020065,54,"VGK","2026-10-08","2026-10-09T00:24:05.838Z","2026-10-09T02:00:00Z","2026-10-08","https://www.nhl.com/news/nhl-lineup-projections-2026-27-season","matched",TRUE,"Brett Howden","skater",2,1,NA,8479353,"exact_normalized","F",2,NA,NA
"2026-10-09_002225_37864428240_1_796d6190e100451eb678e03b9e473e8f",2026020065,54,"VGK","2026-10-08","2026-10-09T00:24:05.838Z","2026-10-09T02:00:00Z","2026-10-08","https://www.nhl.com/news/nhl-lineup-projections-2026-27-season","matched",TRUE,"William Karlsson","skater",2,2,NA,8476448,"exact_normalized","F",2,NA,NA
"2026-10-09_002225_37864428240_1_796d6190e100451eb678e03b9e473e8f",2026020065,54,"VGK","2026-10-08","2026-10-09T00:24:05.838Z","2026-10-09T02:00:00Z","2026-10-08","https://www.nhl.com/news/nhl-lineup-projections-2026-27-season","matched",TRUE,"Mitch Marner","skater",2,3,NA,8478483,"exact_normalized","F",2,NA,NA
"2026-10-09_002225_37864428240_1_796d6190e100451eb678e03b9e473e8f",2026020065,54,"VGK","2026-10-08","2026-10-09T00:24:05.838Z","2026-10-09T02:00:00Z","2026-10-08","https://www.nhl.com/news/nhl-lineup-projections-2026-27-season","matched",TRUE,"Trevor Connelly","skater",3,1,NA,8484803,"exact_normalized","F",3,NA,NA
"2026-10-09_002225_37864428240_1_796d6190e100451eb678e03b9e473e8f",2026020065,54,"VGK","2026-10-08","2026-10-09T00:24:05.838Z","2026-10-09T02:00:00Z","2026-10-08","https://www.nhl.com/news/nhl-lineup-projections-2026-27-season","matched",TRUE,"Tomas Hertl","skater",3,2,NA,8476881,"exact_normalized","F",3,NA,NA
"2026-10-09_002225_37864428240_1_796d6190e100451eb678e03b9e473e8f",2026020065,54,"VGK","2026-10-08","2026-10-09T00:24:05.838Z","2026-10-09T02:00:00Z","2026-10-08","https://www.nhl.com/news/nhl-lineup-projections-2026-27-season","matched",TRUE,"Raphael Lavoie","skater",3,3,NA,8481534,"exact_normalized","F",3,NA,NA
"2026-10-09_002225_37864428240_1_796d6190e100451eb678e03b9e473e8f",2026020065,54,"VGK","2026-10-08","2026-10-09T00:24:05.838Z","2026-10-09T02:00:00Z","2026-10-08","https://www.nhl.com/news/nhl-lineup-projections-2026-27-season","matched",TRUE,"Marc Gatcomb","skater",4,1,NA,8483553,"exact_normalized","F",4,NA,NA
"2026-10-09_002225_37864428240_1_796d6190e100451eb678e03b9e473e8f",2026020065,54,"VGK","2026-10-08","2026-10-09T00:24:05.838Z","2026-10-09T02:00:00Z","2026-10-08","https://www.nhl.com/news/nhl-lineup-projections-2026-27-season","matched",TRUE,"Nic Dowd","skater",4,2,NA,8475343,"exact_normalized","F",4,NA,NA
"2026-10-09_002225_37864428240_1_796d6190e100451eb678e03b9e473e8f",2026020065,54,"VGK","2026-10-08","2026-10-09T00:24:05.838Z","2026-10-09T02:00:00Z","2026-10-08","https://www.nhl.com/news/nhl-lineup-projections-2026-27-season","matched",TRUE,"Braeden Bowman","skater",4,3,NA,8483890,"exact_normalized","F",4,NA,NA
"2026-10-09_002225_37864428240_1_796d6190e100451eb678e03b9e473e8f",2026020065,54,"VGK","2026-10-08","2026-10-09T00:24:05.838Z","2026-10-09T02:00:00Z","2026-10-08","https://www.nhl.com/news/nhl-lineup-projections-2026-27-season","matched",TRUE,"Shea Theodore","skater",5,1,NA,8477447,"exact_normalized","D",NA,1,NA
"2026-10-09_002225_37864428240_1_796d6190e100451eb678e03b9e473e8f",2026020065,54,"VGK","2026-10-08","2026-10-09T00:24:05.838Z","2026-10-09T02:00:00Z","2026-10-08","https://www.nhl.com/news/nhl-lineup-projections-2026-27-season","matched",TRUE,"Brayden McNabb","skater",5,2,NA,8475188,"exact_normalized","D",NA,1,NA
"2026-10-09_002225_37864428240_1_796d6190e100451eb678e03b9e473e8f",2026020065,54,"VGK","2026-10-08","2026-10-09T00:24:05.838Z","2026-10-09T02:00:00Z","2026-10-08","https://www.nhl.com/news/nhl-lineup-projections-2026-27-season","matched",TRUE,"Parker Wotherspoon","skater",6,1,NA,8478450,"exact_normalized","D",NA,2,NA
"2026-10-09_002225_37864428240_1_796d6190e100451eb678e03b9e473e8f",2026020065,54,"VGK","2026-10-08","2026-10-09T00:24:05.838Z","2026-10-09T02:00:00Z","2026-10-08","https://www.nhl.com/news/nhl-lineup-projections-2026-27-season","matched",TRUE,"Rasmus Andersson","skater",6,2,NA,8478397,"exact_normalized","D",NA,2,NA
"2026-10-09_002225_37864428240_1_796d6190e100451eb678e03b9e473e8f",2026020065,54,"VGK","2026-10-08","2026-10-09T00:24:05.838Z","2026-10-09T02:00:00Z","2026-10-08","https://www.nhl.com/news/nhl-lineup-projections-2026-27-season","matched",TRUE,"Jeremy Lauzon","skater",7,1,NA,8478468,"exact_normalized","D",NA,3,NA
"2026-10-09_002225_37864428240_1_796d6190e100451eb678e03b9e473e8f",2026020065,54,"VGK","2026-10-08","2026-10-09T00:24:05.838Z","2026-10-09T02:00:00Z","2026-10-08","https://www.nhl.com/news/nhl-lineup-projections-2026-27-season","matched",TRUE,"Noah Hanifin","skater",7,2,NA,8478396,"exact_normalized","D",NA,3,NA
"2026-10-09_002225_37864428240_1_796d6190e100451eb678e03b9e473e8f",2026020065,54,"VGK","2026-10-08","2026-10-09T00:24:05.838Z","2026-10-09T02:00:00Z","2026-10-08","https://www.nhl.com/news/nhl-lineup-projections-2026-27-season","matched",TRUE,"Adin Hill","starter",NA,NA,NA,8478499,"exact_normalized","G",NA,NA,NA
"2026-10-09_002225_37864428240_1_796d6190e100451eb678e03b9e473e8f",2026020065,54,"VGK","2026-10-08","2026-10-09T00:24:05.838Z","2026-10-09T02:00:00Z","2026-10-08","https://www.nhl.com/news/nhl-lineup-projections-2026-27-season","matched",TRUE,"Carter Hart","backup",NA,NA,NA,8479394,"exact_normalized","G",NA,NA,NA
"2026-10-09_002225_37864428240_1_796d6190e100451eb678e03b9e473e8f",2026020065,54,"VGK","2026-10-08","2026-10-09T00:24:05.838Z","2026-10-09T02:00:00Z","2026-10-08","https://www.nhl.com/news/nhl-lineup-projections-2026-27-season","matched",TRUE,"Dylan Coghlan","scratched",NA,NA,NA,8479639,"exact_normalized","D",NA,NA,NA
"2026-10-09_002225_37864428240_1_796d6190e100451eb678e03b9e473e8f",2026020065,54,"VGK","2026-10-08","2026-10-09T00:24:05.838Z","2026-10-09T02:00:00Z","2026-10-08","https://www.nhl.com/news/nhl-lineup-projections-2026-27-season","matched",TRUE,"Victor Olofsson","injured",NA,NA,"undisclosed",8478109,"exact_normalized","F",NA,NA,NA
