"season","roster_season","teamId","team_abbrev","playerId","first_name","last_name","player_name","position","roster_source","is_current_roster","directory_observed_at","observation_id","game_id","game_date","startTimeUTC","gameState","opponent_label","retrieved_at","source_url","article_date","schema_version","projection_status","eligible_for_backtest","in_projected_lineup","forward_line","defense_pairs","goalie_role","scratched","injured","injury_detail"
20262027,20262027,68,"UTA",8484388,"Daniil","But","Daniil But","F","current_roster",TRUE,"2026-10-09T00:24:08.142Z","2026-10-09_002225_37864428240_1_796d6190e100451eb678e03b9e473e8f",2026020056,"2026-10-08","2026-10-08T23:00:00Z","LIVE","Bruins","2026-10-09T00:24:05.838Z","https://www.nhl.com/news/nhl-lineup-projections-2026-27-season","2026-10-08",1,"not_pregame",FALSE,NA,NA,NA,NA,NA,NA,NA
20262027,20262027,68,"UTA",8479619,"Michael","Carcone","Michael Carcone","F","current_roster",TRUE,"2026-10-09T00:24:08.144Z","2026-10-09_002225_37864428240_1_796d6190e100451eb678e03b9e473e8f",2026020056,"2026-10-08","2026-10-08T23:00:00Z","LIVE","Bruins","2026-10-09T00:24:05.838Z","https://www.nhl.com/news/nhl-lineup-projections-2026-27-season","2026-10-08",1,"not_pregame",FALSE,NA,NA,NA,NA,NA,NA,NA
20262027,20262027,68,"UTA",8483431,"Logan","Cooley","Logan Cooley","F","current_roster",TRUE,"2026-10-09T00:24:08.146Z","2026-10-09_002225_37864428240_1_796d6190e100451eb678e03b9e473e8f",2026020056,"2026-10-08","2026-10-08T23:00:00Z","LIVE","Bruins","2026-10-09T00:24:05.838Z","https://www.nhl.com/news/nhl-lineup-projections-2026-27-season","2026-10-08",1,"not_pregame",FALSE,NA,NA,NA,NA,NA,NA,NA
20262027,20262027,68,"UTA",8478474,"Lawson","Crouse","Lawson Crouse","F","current_roster",TRUE,"2026-10-09T00:24:08.147Z","2026-10-09_002225_37864428240_1_796d6190e100451eb678e03b9e473e8f",2026020056,"2026-10-08","2026-10-08T23:00:00Z","LIVE","Bruins","2026-10-09T00:24:05.838Z","https://www.nhl.com/news/nhl-lineup-projections-2026-27-season","2026-10-08",1,"not_pregame",FALSE,NA,NA,NA,NA,NA,NA,NA
20262027,20262027,68,"UTA",8482699,"Dylan","Guenther","Dylan Guenther","F","current_roster",TRUE,"2026-10-09T00:24:08.148Z","2026-10-09_002225_37864428240_1_796d6190e100451eb678e03b9e473e8f",2026020056,"2026-10-08","2026-10-08T23:00:00Z","LIVE","Bruins","2026-10-09T00:24:05.838Z","https://www.nhl.com/news/nhl-lineup-projections-2026-27-season","2026-10-08",1,"not_pregame",FALSE,NA,NA,NA,NA,NA,NA,NA
20262027,20262027,68,"UTA",8480849,"Barrett","Hayton","Barrett Hayton","F","current_roster",TRUE,"2026-10-09T00:24:08.150Z","2026-10-09_002225_37864428240_1_796d6190e100451eb678e03b9e473e8f",2026020056,"2026-10-08","2026-10-08T23:00:00Z","LIVE","Bruins","2026-10-09T00:24:05.838Z","https://www.nhl.com/news/nhl-lineup-projections-2026-27-season","2026-10-08",1,"not_pregame",FALSE,NA,NA,NA,NA,NA,NA,NA
20262027,20262027,68,"UTA",8479343,"Clayton","Keller","Clayton Keller","F","current_roster",TRUE,"2026-10-09T00:24:08.152Z","2026-10-09_002225_37864428240_1_796d6190e100451eb678e03b9e473e8f",2026020056,"2026-10-08","2026-10-08T23:00:00Z","LIVE","Bruins","2026-10-09T00:24:05.838Z","https://www.nhl.com/news/nhl-lineup-projections-2026-27-season","2026-10-08",1,"not_pregame",FALSE,NA,NA,NA,NA,NA,NA,NA
20262027,20262027,68,"UTA",8475314,"Anders","Lee","Anders Lee","F","current_roster",TRUE,"2026-10-09T00:24:08.153Z","2026-10-09_002225_37864428240_1_796d6190e100451eb678e03b9e473e8f",2026020056,"2026-10-08","2026-10-08T23:00:00Z","LIVE","Bruins","2026-10-09T00:24:05.838Z","https://www.nhl.com/news/nhl-lineup-projections-2026-27-season","2026-10-08",1,"not_pregame",FALSE,NA,NA,NA,NA,NA,NA,NA
20262027,20262027,68,"UTA",8480855,"Jack","McBain","Jack McBain","F","current_roster",TRUE,"2026-10-09T00:24:08.155Z","2026-10-09_002225_37864428240_1_796d6190e100451eb678e03b9e473e8f",2026020056,"2026-10-08","2026-10-08T23:00:00Z","LIVE","Bruins","2026-10-09T00:24:05.838Z","https://www.nhl.com/news/nhl-lineup-projections-2026-27-season","2026-10-08",1,"not_pregame",FALSE,NA,NA,NA,NA,NA,NA,NA
20262027,20262027,68,"UTA",8477070,"Liam","O'Brien","Liam O'Brien","F","current_roster",TRUE,"2026-10-09T00:24:08.156Z","2026-10-09_002225_37864428240_1_796d6190e100451eb678e03b9e473e8f",2026020056,"2026-10-08","2026-10-08T23:00:00Z","LIVE","Bruins","2026-10-09T00:24:05.838Z","https://www.nhl.com/news/nhl-lineup-projections-2026-27-season","2026-10-08",1,"not_pregame",FALSE,NA,NA,NA,NA,NA,NA,NA
20262027,20262027,68,"UTA",8477951,"Nick","Schmaltz","Nick Schmaltz","F","current_roster",TRUE,"2026-10-09T00:24:08.158Z","2026-10-09_002225_37864428240_1_796d6190e100451eb678e03b9e473e8f",2026020056,"2026-10-08","2026-10-08T23:00:00Z","LIVE","Bruins","2026-10-09T00:24:05.838Z","https://www.nhl.com/news/nhl-lineup-projections-2026-27-season","2026-10-08",1,"not_pregame",FALSE,NA,NA,NA,NA,NA,NA,NA
20262027,20262027,68,"UTA",8478831,"Kevin","Stenlund","Kevin Stenlund","F","current_roster",TRUE,"2026-10-09T00:24:08.159Z","2026-10-09_002225_37864428240_1_796d6190e100451eb678e03b9e473e8f",2026020056,"2026-10-08","2026-10-08T23:00:00Z","LIVE","Bruins","2026-10-09T00:24:05.838Z","https://www.nhl.com/news/nhl-lineup-projections-2026-27-season","2026-10-08",1,"not_pregame",FALSE,NA,NA,NA,NA,NA,NA,NA
20262027,20262027,68,"UTA",8476389,"Vincent","Trocheck","Vincent Trocheck","F","current_roster",TRUE,"2026-10-09T00:24:08.161Z","2026-10-09_002225_37864428240_1_796d6190e100451eb678e03b9e473e8f",2026020056,"2026-10-08","2026-10-08T23:00:00Z","LIVE","Bruins","2026-10-09T00:24:05.838Z","https://www.nhl.com/news/nhl-lineup-projections-2026-27-season","2026-10-08",1,"not_pregame",FALSE,NA,NA,NA,NA,NA,NA,NA
20262027,20262027,68,"UTA",8479977,"Kailer","Yamamoto","Kailer Yamamoto","F","current_roster",TRUE,"2026-10-09T00:24:08.162Z","2026-10-09_002225_37864428240_1_796d6190e100451eb678e03b9e473e8f",2026020056,"2026-10-08","2026-10-08T23:00:00Z","LIVE","Bruins","2026-10-09T00:24:05.838Z","https://www.nhl.com/news/nhl-lineup-projections-2026-27-season","2026-10-08",1,"not_pregame",FALSE,NA,NA,NA,NA,NA,NA,NA
20262027,20262027,68,"UTA",8480084,"Nick","DeSimone","Nick DeSimone","D","current_roster",TRUE,"2026-10-09T00:24:08.164Z","2026-10-09_002225_37864428240_1_796d6190e100451eb678e03b9e473e8f",2026020056,"2026-10-08","2026-10-08T23:00:00Z","LIVE","Bruins","2026-10-09T00:24:05.838Z","https://www.nhl.com/news/nhl-lineup-projections-2026-27-season","2026-10-08",1,"not_pregame",FALSE,NA,NA,NA,NA,NA,NA,NA
20262027,20262027,68,"UTA",8483472,"Maveric","Lamoureux","Maveric Lamoureux","D","current_roster",TRUE,"2026-10-09T00:24:08.169Z","2026-10-09_002225_37864428240_1_796d6190e100451eb678e03b9e473e8f",2026020056,"2026-10-08","2026-10-08T23:00:00Z","LIVE","Bruins","2026-10-09T00:24:05.838Z","https://www.nhl.com/news/nhl-lineup-projections-2026-27-season","2026-10-08",1,"not_pregame",FALSE,NA,NA,NA,NA,NA,NA,NA
20262027,20262027,68,"UTA",8478507,"John","Marino","John Marino","D","current_roster",TRUE,"2026-10-09T00:24:08.171Z","2026-10-09_002225_37864428240_1_796d6190e100451eb678e03b9e473e8f",2026020056,"2026-10-08","2026-10-08T23:00:00Z","LIVE","Bruins","2026-10-09T00:24:05.838Z","https://www.nhl.com/news/nhl-lineup-projections-2026-27-season","2026-10-08",1,"not_pregame",FALSE,NA,NA,NA,NA,NA,NA,NA
20262027,20262027,68,"UTA",8479369,"Andrew","Peeke","Andrew Peeke","D","current_roster",TRUE,"2026-10-09T00:24:08.173Z","2026-10-09_002225_37864428240_1_796d6190e100451eb678e03b9e473e8f",2026020056,"2026-10-08","2026-10-08T23:00:00Z","LIVE","Bruins","2026-10-09T00:24:05.838Z","https://www.nhl.com/news/nhl-lineup-projections-2026-27-season","2026-10-08",1,"not_pregame",FALSE,NA,NA,NA,NA,NA,NA,NA
20262027,20262027,68,"UTA",8477220,"Nate","Schmidt","Nate Schmidt","D","current_roster",TRUE,"2026-10-09T00:24:08.175Z","2026-10-09_002225_37864428240_1_796d6190e100451eb678e03b9e473e8f",2026020056,"2026-10-08","2026-10-08T23:00:00Z","LIVE","Bruins","2026-10-09T00:24:05.838Z","https://www.nhl.com/news/nhl-lineup-projections-2026-27-season","2026-10-08",1,"not_pregame",FALSE,NA,NA,NA,NA,NA,NA,NA
20262027,20262027,68,"UTA",8479410,"Mikhail","Sergachev","Mikhail Sergachev","D","current_roster",TRUE,"2026-10-09T00:24:08.178Z","2026-10-09_002225_37864428240_1_796d6190e100451eb678e03b9e473e8f",2026020056,"2026-10-08","2026-10-08T23:00:00Z","LIVE","Bruins","2026-10-09T00:24:05.838Z","https://www.nhl.com/news/nhl-lineup-projections-2026-27-season","2026-10-08",1,"not_pregame",FALSE,NA,NA,NA,NA,NA,NA,NA
20262027,20262027,68,"UTA",8484386,"Dmitri","Simashev","Dmitri Simashev","D","current_roster",TRUE,"2026-10-09T00:24:08.180Z","2026-10-09_002225_37864428240_1_796d6190e100451eb678e03b9e473e8f",2026020056,"2026-10-08","2026-10-08T23:00:00Z","LIVE","Bruins","2026-10-09T00:24:05.838Z","https://www.nhl.com/news/nhl-lineup-projections-2026-27-season","2026-10-08",1,"not_pregame",FALSE,NA,NA,NA,NA,NA,NA,NA
20262027,20262027,68,"UTA",8477346,"MacKenzie","Weegar","MacKenzie Weegar","D","current_roster",TRUE,"2026-10-09T00:24:08.183Z","2026-10-09_002225_37864428240_1_796d6190e100451eb678e03b9e473e8f",2026020056,"2026-10-08","2026-10-08T23:00:00Z","LIVE","Bruins","2026-10-09T00:24:05.838Z","https://www.nhl.com/news/nhl-lineup-projections-2026-27-season","2026-10-08",1,"not_pregame",FALSE,NA,NA,NA,NA,NA,NA,NA
20262027,20262027,68,"UTA",8482657,"Sebastian","Cossa","Sebastian Cossa","G","current_roster",TRUE,"2026-10-09T00:24:08.187Z","2026-10-09_002225_37864428240_1_796d6190e100451eb678e03b9e473e8f",2026020056,"2026-10-08","2026-10-08T23:00:00Z","LIVE","Bruins","2026-10-09T00:24:05.838Z","https://www.nhl.com/news/nhl-lineup-projections-2026-27-season","2026-10-08",1,"not_pregame",FALSE,NA,NA,NA,NA,NA,NA,NA
20262027,20262027,68,"UTA",8478872,"Karel","Vejmelka","Karel Vejmelka","G","current_roster",TRUE,"2026-10-09T00:24:08.189Z","2026-10-09_002225_37864428240_1_796d6190e100451eb678e03b9e473e8f",2026020056,"2026-10-08","2026-10-08T23:00:00Z","LIVE","Bruins","2026-10-09T00:24:05.838Z","https://www.nhl.com/news/nhl-lineup-projections-2026-27-season","2026-10-08",1,"not_pregame",FALSE,NA,NA,NA,NA,NA,NA,NA
20262027,20262027,6,"BOS",8479987,"Morgan","Geekie","Morgan Geekie","F","current_roster",TRUE,"2026-10-09T00:24:07.336Z","2026-10-09_002225_37864428240_1_796d6190e100451eb678e03b9e473e8f",2026020056,"2026-10-08","2026-10-08T23:00:00Z","LIVE","Mammoth","2026-10-09T00:24:05.838Z","https://www.nhl.com/news/nhl-lineup-projections-2026-27-season","2026-10-08",1,"not_pregame",FALSE,NA,NA,NA,NA,NA,NA,NA
20262027,20262027,6,"BOS",8485395,"James","Hagens","James Hagens","F","current_roster",TRUE,"2026-10-09T00:24:07.338Z","2026-10-09_002225_37864428240_1_796d6190e100451eb678e03b9e473e8f",2026020056,"2026-10-08","2026-10-08T23:00:00Z","LIVE","Mammoth","2026-10-09T00:24:05.838Z","https://www.nhl.com/news/nhl-lineup-projections-2026-27-season","2026-10-08",1,"not_pregame",FALSE,NA,NA,NA,NA,NA,NA,NA
20262027,20262027,6,"BOS",8479661,"Tanner","Jeannot","Tanner Jeannot","F","current_roster",TRUE,"2026-10-09T00:24:07.339Z","2026-10-09_002225_37864428240_1_796d6190e100451eb678e03b9e473e8f",2026020056,"2026-10-08","2026-10-08T23:00:00Z","LIVE","Mammoth","2026-10-09T00:24:05.838Z","https://www.nhl.com/news/nhl-lineup-projections-2026-27-season","2026-10-08",1,"not_pregame",FALSE,NA,NA,NA,NA,NA,NA,NA
20262027,20262027,6,"BOS",8480355,"Mark","Kastelic","Mark Kastelic","F","current_roster",TRUE,"2026-10-09T00:24:07.341Z","2026-10-09_002225_37864428240_1_796d6190e100451eb678e03b9e473e8f",2026020056,"2026-10-08","2026-10-08T23:00:00Z","LIVE","Mammoth","2026-10-09T00:24:05.838Z","https://www.nhl.com/news/nhl-lineup-projections-2026-27-season","2026-10-08",1,"not_pregame",FALSE,NA,NA,NA,NA,NA,NA,NA
20262027,20262027,6,"BOS",8482177,"Marat","Khusnutdinov","Marat Khusnutdinov","F","current_roster",TRUE,"2026-10-09T00:24:07.343Z","2026-10-09_002225_37864428240_1_796d6190e100451eb678e03b9e473e8f",2026020056,"2026-10-08","2026-10-08T23:00:00Z","LIVE","Mammoth","2026-10-09T00:24:05.838Z","https://www.nhl.com/news/nhl-lineup-projections-2026-27-season","2026-10-08",1,"not_pregame",FALSE,NA,NA,NA,NA,NA,NA,NA
20262027,20262027,6,"BOS",8476374,"Sean","Kuraly","Sean Kuraly","F","current_roster",TRUE,"2026-10-09T00:24:07.344Z","2026-10-09_002225_37864428240_1_796d6190e100451eb678e03b9e473e8f",2026020056,"2026-10-08","2026-10-08T23:00:00Z","LIVE","Mammoth","2026-10-09T00:24:05.838Z","https://www.nhl.com/news/nhl-lineup-projections-2026-27-season","2026-10-08",1,"not_pregame",FALSE,NA,NA,NA,NA,NA,NA,NA
20262027,20262027,6,"BOS",8477496,"Elias","Lindholm","Elias Lindholm","F","current_roster",TRUE,"2026-10-09T00:24:07.346Z","2026-10-09_002225_37864428240_1_796d6190e100451eb678e03b9e473e8f",2026020056,"2026-10-08","2026-10-08T23:00:00Z","LIVE","Mammoth","2026-10-09T00:24:05.838Z","https://www.nhl.com/news/nhl-lineup-projections-2026-27-season","2026-10-08",1,"not_pregame",FALSE,NA,NA,NA,NA,NA,NA,NA
20262027,20262027,6,"BOS",8483489,"Fraser","Minten","Fraser Minten","F","current_roster",TRUE,"2026-10-09T00:24:07.351Z","2026-10-09_002225_37864428240_1_796d6190e100451eb678e03b9e473e8f",2026020056,"2026-10-08","2026-10-08T23:00:00Z","LIVE","Mammoth","2026-10-09T00:24:05.838Z","https://www.nhl.com/news/nhl-lineup-projections-2026-27-season","2026-10-08",1,"not_pregame",FALSE,NA,NA,NA,NA,NA,NA,NA
20262027,20262027,6,"BOS",8479999,"Casey","Mittelstadt","Casey Mittelstadt","F","current_roster",TRUE,"2026-10-09T00:24:07.353Z","2026-10-09_002225_37864428240_1_796d6190e100451eb678e03b9e473e8f",2026020056,"2026-10-08","2026-10-08T23:00:00Z","LIVE","Mammoth","2026-10-09T00:24:05.838Z","https://www.nhl.com/news/nhl-lineup-projections-2026-27-season","2026-10-08",1,"not_pregame",FALSE,NA,NA,NA,NA,NA,NA,NA
20262027,20262027,6,"BOS",8477956,"David","Pastrnak","David Pastrnak","F","current_roster",TRUE,"2026-10-09T00:24:07.354Z","2026-10-09_002225_37864428240_1_796d6190e100451eb678e03b9e473e8f",2026020056,"2026-10-08","2026-10-08T23:00:00Z","LIVE","Mammoth","2026-10-09T00:24:05.838Z","https://www.nhl.com/news/nhl-lineup-projections-2026-27-season","2026-10-08",1,"not_pregame",FALSE,NA,NA,NA,NA,NA,NA,NA
20262027,20262027,6,"BOS",8482175,"JJ","Peterka","JJ Peterka","F","current_roster",TRUE,"2026-10-09T00:24:07.356Z","2026-10-09_002225_37864428240_1_796d6190e100451eb678e03b9e473e8f",2026020056,"2026-10-08","2026-10-08T23:00:00Z","LIVE","Mammoth","2026-10-09T00:24:05.838Z","https://www.nhl.com/news/nhl-lineup-projections-2026-27-season","2026-10-08",1,"not_pregame",FALSE,NA,NA,NA,NA,NA,NA,NA
20262027,20262027,6,"BOS",8483505,"Matthew","Poitras","Matthew Poitras","F","current_roster",TRUE,"2026-10-09T00:24:07.357Z","2026-10-09_002225_37864428240_1_796d6190e100451eb678e03b9e473e8f",2026020056,"2026-10-08","2026-10-08T23:00:00Z","LIVE","Mammoth","2026-10-09T00:24:05.838Z","https://www.nhl.com/news/nhl-lineup-projections-2026-27-season","2026-10-08",1,"not_pregame",FALSE,NA,NA,NA,NA,NA,NA,NA
20262027,20262027,6,"BOS",8478401,"Pavel","Zacha","Pavel Zacha","F","current_roster",TRUE,"2026-10-09T00:24:07.359Z","2026-10-09_002225_37864428240_1_796d6190e100451eb678e03b9e473e8f",2026020056,"2026-10-08","2026-10-08T23:00:00Z","LIVE","Mammoth","2026-10-09T00:24:05.838Z","https://www.nhl.com/news/nhl-lineup-projections-2026-27-season","2026-10-08",1,"not_pregame",FALSE,NA,NA,NA,NA,NA,NA,NA
20262027,20262027,6,"BOS",8481219,"Jonathan","Aspirot","Jonathan Aspirot","D","current_roster",TRUE,"2026-10-09T00:24:07.361Z","2026-10-09_002225_37864428240_1_796d6190e100451eb678e03b9e473e8f",2026020056,"2026-10-08","2026-10-08T23:00:00Z","LIVE","Mammoth","2026-10-09T00:24:05.838Z","https://www.nhl.com/news/nhl-lineup-projections-2026-27-season","2026-10-08",1,"not_pregame",FALSE,NA,NA,NA,NA,NA,NA,NA
20262027,20262027,6,"BOS",8478840,"Will","Borgen","Will Borgen","D","current_roster",TRUE,"2026-10-09T00:24:07.362Z","2026-10-09_002225_37864428240_1_796d6190e100451eb678e03b9e473e8f",2026020056,"2026-10-08","2026-10-08T23:00:00Z","LIVE","Mammoth","2026-10-09T00:24:05.838Z","https://www.nhl.com/news/nhl-lineup-projections-2026-27-season","2026-10-08",1,"not_pregame",FALSE,NA,NA,NA,NA,NA,NA,NA
20262027,20262027,6,"BOS",8483017,"Frederic","Brunet","Frederic Brunet","D","current_roster",TRUE,"2026-10-09T00:24:07.364Z","2026-10-09_002225_37864428240_1_796d6190e100451eb678e03b9e473e8f",2026020056,"2026-10-08","2026-10-08T23:00:00Z","LIVE","Mammoth","2026-10-09T00:24:05.838Z","https://www.nhl.com/news/nhl-lineup-projections-2026-27-season","2026-10-08",1,"not_pregame",FALSE,NA,NA,NA,NA,NA,NA,NA
20262027,20262027,6,"BOS",8477365,"Connor","Clifton","Connor Clifton","D","current_roster",TRUE,"2026-10-09T00:24:07.366Z","2026-10-09_002225_37864428240_1_796d6190e100451eb678e03b9e473e8f",2026020056,"2026-10-08","2026-10-08T23:00:00Z","LIVE","Mammoth","2026-10-09T00:24:05.838Z","https://www.nhl.com/news/nhl-lineup-projections-2026-27-season","2026-10-08",1,"not_pregame",FALSE,NA,NA,NA,NA,NA,NA,NA
20262027,20262027,6,"BOS",8476854,"Hampus","Lindholm","Hampus Lindholm","D","current_roster",TRUE,"2026-10-09T00:24:07.367Z","2026-10-09_002225_37864428240_1_796d6190e100451eb678e03b9e473e8f",2026020056,"2026-10-08","2026-10-08T23:00:00Z","LIVE","Mammoth","2026-10-09T00:24:05.838Z","https://www.nhl.com/news/nhl-lineup-projections-2026-27-season","2026-10-08",1,"not_pregame",FALSE,NA,NA,NA,NA,NA,NA,NA
20262027,20262027,6,"BOS",8482511,"Mason","Lohrei","Mason Lohrei","D","current_roster",TRUE,"2026-10-09T00:24:07.369Z","2026-10-09_002225_37864428240_1_796d6190e100451eb678e03b9e473e8f",2026020056,"2026-10-08","2026-10-08T23:00:00Z","LIVE","Mammoth","2026-10-09T00:24:05.838Z","https://www.nhl.com/news/nhl-lineup-projections-2026-27-season","2026-10-08",1,"not_pregame",FALSE,NA,NA,NA,NA,NA,NA,NA
20262027,20262027,6,"BOS",8479325,"Charlie","McAvoy","Charlie McAvoy","D","current_roster",TRUE,"2026-10-09T00:24:07.370Z","2026-10-09_002225_37864428240_1_796d6190e100451eb678e03b9e473e8f",2026020056,"2026-10-08","2026-10-08T23:00:00Z","LIVE","Mammoth","2026-10-09T00:24:05.838Z","https://www.nhl.com/news/nhl-lineup-projections-2026-27-season","2026-10-08",1,"not_pregame",FALSE,NA,NA,NA,NA,NA,NA,NA
20262027,20262027,6,"BOS",8477507,"Nikita","Zadorov","Nikita Zadorov","D","current_roster",TRUE,"2026-10-09T00:24:07.372Z","2026-10-09_002225_37864428240_1_796d6190e100451eb678e03b9e473e8f",2026020056,"2026-10-08","2026-10-08T23:00:00Z","LIVE","Mammoth","2026-10-09T00:24:05.838Z","https://www.nhl.com/news/nhl-lineup-projections-2026-27-season","2026-10-08",1,"not_pregame",FALSE,NA,NA,NA,NA,NA,NA,NA
20262027,20262027,6,"BOS",8480022,"Michael","DiPietro","Michael DiPietro","G","current_roster",TRUE,"2026-10-09T00:24:07.374Z","2026-10-09_002225_37864428240_1_796d6190e100451eb678e03b9e473e8f",2026020056,"2026-10-08","2026-10-08T23:00:00Z","LIVE","Mammoth","2026-10-09T00:24:05.838Z","https://www.nhl.com/news/nhl-lineup-projections-2026-27-season","2026-10-08",1,"not_pregame",FALSE,NA,NA,NA,NA,NA,NA,NA
20262027,20262027,6,"BOS",8480280,"Jeremy","Swayman","Jeremy Swayman","G","current_roster",TRUE,"2026-10-09T00:24:07.375Z","2026-10-09_002225_37864428240_1_796d6190e100451eb678e03b9e473e8f",2026020056,"2026-10-08","2026-10-08T23:00:00Z","LIVE","Mammoth","2026-10-09T00:24:05.838Z","https://www.nhl.com/news/nhl-lineup-projections-2026-27-season","2026-10-08",1,"not_pregame",FALSE,NA,NA,NA,NA,NA,NA,NA
20262027,20262027,25,"DAL",8473994,"Jamie","Benn","Jamie Benn","F","current_roster",TRUE,"2026-10-09T00:24:07.378Z","2026-10-09_002225_37864428240_1_796d6190e100451eb678e03b9e473e8f",2026020057,"2026-10-08","2026-10-08T23:00:00Z","LIVE","Sabres","2026-10-09T00:24:05.838Z","https://www.nhl.com/news/nhl-lineup-projections-2026-27-season","2026-10-08",1,"not_pregame",FALSE,NA,NA,NA,NA,NA,NA,NA
20262027,20262027,25,"DAL",8476278,"Colin","Blackwell","Colin Blackwell","F","current_roster",TRUE,"2026-10-09T00:24:07.380Z","2026-10-09_002225_37864428240_1_796d6190e100451eb678e03b9e473e8f",2026020057,"2026-10-08","2026-10-08T23:00:00Z","LIVE","Sabres","2026-10-09T00:24:05.838Z","https://www.nhl.com/news/nhl-lineup-projections-2026-27-season","2026-10-08",1,"not_pregame",FALSE,NA,NA,NA,NA,NA,NA,NA
20262027,20262027,25,"DAL",8480840,"Oskar","Bäck","Oskar Bäck","F","current_roster",TRUE,"2026-10-09T00:24:07.382Z","2026-10-09_002225_37864428240_1_796d6190e100451eb678e03b9e473e8f",2026020057,"2026-10-08","2026-10-08T23:00:00Z","LIVE","Sabres","2026-10-09T00:24:05.838Z","https://www.nhl.com/news/nhl-lineup-projections-2026-27-season","2026-10-08",1,"not_pregame",FALSE,NA,NA,NA,NA,NA,NA,NA
20262027,20262027,25,"DAL",8475168,"Matt","Duchene","Matt Duchene","F","current_roster",TRUE,"2026-10-09T00:24:07.383Z","2026-10-09_002225_37864428240_1_796d6190e100451eb678e03b9e473e8f",2026020057,"2026-10-08","2026-10-08T23:00:00Z","LIVE","Sabres","2026-10-09T00:24:05.838Z","https://www.nhl.com/news/nhl-lineup-projections-2026-27-season","2026-10-08",1,"not_pregame",FALSE,NA,NA,NA,NA,NA,NA,NA
20262027,20262027,25,"DAL",8476889,"Radek","Faksa","Radek Faksa","F","current_roster",TRUE,"2026-10-09T00:24:07.386Z","2026-10-09_002225_37864428240_1_796d6190e100451eb678e03b9e473e8f",2026020057,"2026-10-08","2026-10-08T23:00:00Z","LIVE","Sabres","2026-10-09T00:24:05.838Z","https://www.nhl.com/news/nhl-lineup-projections-2026-27-season","2026-10-08",1,"not_pregame",FALSE,NA,NA,NA,NA,NA,NA,NA
20262027,20262027,25,"DAL",8478449,"Roope","Hintz","Roope Hintz","F","current_roster",TRUE,"2026-10-09T00:24:07.389Z","2026-10-09_002225_37864428240_1_796d6190e100451eb678e03b9e473e8f",2026020057,"2026-10-08","2026-10-08T23:00:00Z","LIVE","Sabres","2026-10-09T00:24:05.838Z","https://www.nhl.com/news/nhl-lineup-projections-2026-27-season","2026-10-08",1,"not_pregame",FALSE,NA,NA,NA,NA,NA,NA,NA
20262027,20262027,25,"DAL",8484829,"Justin","Hryckowian","Justin Hryckowian","F","current_roster",TRUE,"2026-10-09T00:24:07.391Z","2026-10-09_002225_37864428240_1_796d6190e100451eb678e03b9e473e8f",2026020057,"2026-10-08","2026-10-08T23:00:00Z","LIVE","Sabres","2026-10-09T00:24:05.838Z","https://www.nhl.com/news/nhl-lineup-projections-2026-27-season","2026-10-08",1,"not_pregame",FALSE,NA,NA,NA,NA,NA,NA,NA
20262027,20262027,25,"DAL",8484938,"Arttu","Hyry","Arttu Hyry","F","current_roster",TRUE,"2026-10-09T00:24:07.393Z","2026-10-09_002225_37864428240_1_796d6190e100451eb678e03b9e473e8f",2026020057,"2026-10-08","2026-10-08T23:00:00Z","LIVE","Sabres","2026-10-09T00:24:05.838Z","https://www.nhl.com/news/nhl-lineup-projections-2026-27-season","2026-10-08",1,"not_pregame",FALSE,NA,NA,NA,NA,NA,NA,NA
20262027,20262027,25,"DAL",8482740,"Wyatt","Johnston","Wyatt Johnston","F","current_roster",TRUE,"2026-10-09T00:24:07.396Z","2026-10-09_002225_37864428240_1_796d6190e100451eb678e03b9e473e8f",2026020057,"2026-10-08","2026-10-08T23:00:00Z","LIVE","Sabres","2026-10-09T00:24:05.838Z","https://www.nhl.com/news/nhl-lineup-projections-2026-27-season","2026-10-08",1,"not_pregame",FALSE,NA,NA,NA,NA,NA,NA,NA
20262027,20262027,25,"DAL",8481641,"Joel","Kiviranta","Joel Kiviranta","F","current_roster",TRUE,"2026-10-09T00:24:07.399Z","2026-10-09_002225_37864428240_1_796d6190e100451eb678e03b9e473e8f",2026020057,"2026-10-08","2026-10-08T23:00:00Z","LIVE","Sabres","2026-10-09T00:24:05.838Z","https://www.nhl.com/news/nhl-lineup-projections-2026-27-season","2026-10-08",1,"not_pregame",FALSE,NA,NA,NA,NA,NA,NA,NA
20262027,20262027,25,"DAL",8478420,"Mikko","Rantanen","Mikko Rantanen","F","current_roster",TRUE,"2026-10-09T00:24:07.402Z","2026-10-09_002225_37864428240_1_796d6190e100451eb678e03b9e473e8f",2026020057,"2026-10-08","2026-10-08T23:00:00Z","LIVE","Sabres","2026-10-09T00:24:05.838Z","https://www.nhl.com/news/nhl-lineup-projections-2026-27-season","2026-10-08",1,"not_pregame",FALSE,NA,NA,NA,NA,NA,NA,NA
20262027,20262027,25,"DAL",8480027,"Jason","Robertson","Jason Robertson","F","current_roster",TRUE,"2026-10-09T00:24:07.406Z","2026-10-09_002225_37864428240_1_796d6190e100451eb678e03b9e473e8f",2026020057,"2026-10-08","2026-10-08T23:00:00Z","LIVE","Sabres","2026-10-09T00:24:05.838Z","https://www.nhl.com/news/nhl-lineup-projections-2026-27-season","2026-10-08",1,"not_pregame",FALSE,NA,NA,NA,NA,NA,NA,NA
20262027,20262027,25,"DAL",8475794,"Tyler","Seguin","Tyler Seguin","F","current_roster",TRUE,"2026-10-09T00:24:07.413Z","2026-10-09_002225_37864428240_1_796d6190e100451eb678e03b9e473e8f",2026020057,"2026-10-08","2026-10-08T23:00:00Z","LIVE","Sabres","2026-10-09T00:24:05.838Z","https://www.nhl.com/news/nhl-lineup-projections-2026-27-season","2026-10-08",1,"not_pregame",FALSE,NA,NA,NA,NA,NA,NA,NA
20262027,20262027,25,"DAL",8479351,"Sam","Steel","Sam Steel","F","current_roster",TRUE,"2026-10-09T00:24:07.417Z","2026-10-09_002225_37864428240_1_796d6190e100451eb678e03b9e473e8f",2026020057,"2026-10-08","2026-10-08T23:00:00Z","LIVE","Sabres","2026-10-09T00:24:05.838Z","https://www.nhl.com/news/nhl-lineup-projections-2026-27-season","2026-10-08",1,"not_pregame",FALSE,NA,NA,NA,NA,NA,NA,NA
20262027,20262027,25,"DAL",8483425,"Lian","Bichsel","Lian Bichsel","D","current_roster",TRUE,"2026-10-09T00:24:07.421Z","2026-10-09_002225_37864428240_1_796d6190e100451eb678e03b9e473e8f",2026020057,"2026-10-08","2026-10-08T23:00:00Z","LIVE","Sabres","2026-10-09T00:24:05.838Z","https://www.nhl.com/news/nhl-lineup-projections-2026-27-season","2026-10-08",1,"not_pregame",FALSE,NA,NA,NA,NA,NA,NA,NA
20262027,20262027,25,"DAL",8477335,"Kyle","Burroughs","Kyle Burroughs","D","current_roster",TRUE,"2026-10-09T00:24:07.423Z","2026-10-09_002225_37864428240_1_796d6190e100451eb678e03b9e473e8f",2026020057,"2026-10-08","2026-10-08T23:00:00Z","LIVE","Sabres","2026-10-09T00:24:05.838Z","https://www.nhl.com/news/nhl-lineup-projections-2026-27-season","2026-10-08",1,"not_pregame",FALSE,NA,NA,NA,NA,NA,NA,NA
20262027,20262027,25,"DAL",8478476,"Kyle","Capobianco","Kyle Capobianco","D","current_roster",TRUE,"2026-10-09T00:24:07.425Z","2026-10-09_002225_37864428240_1_796d6190e100451eb678e03b9e473e8f",2026020057,"2026-10-08","2026-10-08T23:00:00Z","LIVE","Sabres","2026-10-09T00:24:05.838Z","https://www.nhl.com/news/nhl-lineup-projections-2026-27-season","2026-10-08",1,"not_pregame",FALSE,NA,NA,NA,NA,NA,NA,NA
20262027,20262027,25,"DAL",8481581,"Thomas","Harley","Thomas Harley","D","current_roster",TRUE,"2026-10-09T00:24:07.427Z","2026-10-09_002225_37864428240_1_796d6190e100451eb678e03b9e473e8f",2026020057,"2026-10-08","2026-10-08T23:00:00Z","LIVE","Sabres","2026-10-09T00:24:05.838Z","https://www.nhl.com/news/nhl-lineup-projections-2026-27-season","2026-10-08",1,"not_pregame",FALSE,NA,NA,NA,NA,NA,NA,NA
20262027,20262027,25,"DAL",8480036,"Miro","Heiskanen","Miro Heiskanen","D","current_roster",TRUE,"2026-10-09T00:24:07.431Z","2026-10-09_002225_37864428240_1_796d6190e100451eb678e03b9e473e8f",2026020057,"2026-10-08","2026-10-08T23:00:00Z","LIVE","Sabres","2026-10-09T00:24:05.838Z","https://www.nhl.com/news/nhl-lineup-projections-2026-27-season","2026-10-08",1,"not_pregame",FALSE,NA,NA,NA,NA,NA,NA,NA
20262027,20262027,25,"DAL",8476902,"Esa","Lindell","Esa Lindell","D","current_roster",TRUE,"2026-10-09T00:24:07.434Z","2026-10-09_002225_37864428240_1_796d6190e100451eb678e03b9e473e8f",2026020057,"2026-10-08","2026-10-08T23:00:00Z","LIVE","Sabres","2026-10-09T00:24:05.838Z","https://www.nhl.com/news/nhl-lineup-projections-2026-27-season","2026-10-08",1,"not_pregame",FALSE,NA,NA,NA,NA,NA,NA,NA
20262027,20262027,25,"DAL",8480878,"Nils","Lundkvist","Nils Lundkvist","D","current_roster",TRUE,"2026-10-09T00:24:07.438Z","2026-10-09_002225_37864428240_1_796d6190e100451eb678e03b9e473e8f",2026020057,"2026-10-08","2026-10-08T23:00:00Z","LIVE","Sabres","2026-10-09T00:24:05.838Z","https://www.nhl.com/news/nhl-lineup-projections-2026-27-season","2026-10-08",1,"not_pregame",FALSE,NA,NA,NA,NA,NA,NA,NA
20262027,20262027,25,"DAL",8474574,"Tyler","Myers","Tyler Myers","D","current_roster",TRUE,"2026-10-09T00:24:07.441Z","2026-10-09_002225_37864428240_1_796d6190e100451eb678e03b9e473e8f",2026020057,"2026-10-08","2026-10-08T23:00:00Z","LIVE","Sabres","2026-10-09T00:24:05.838Z","https://www.nhl.com/news/nhl-lineup-projections-2026-27-season","2026-10-08",1,"not_pregame",FALSE,NA,NA,NA,NA,NA,NA,NA
20262027,20262027,25,"DAL",8479193,"Casey","DeSmith","Casey DeSmith","G","current_roster",TRUE,"2026-10-09T00:24:07.444Z","2026-10-09_002225_37864428240_1_796d6190e100451eb678e03b9e473e8f",2026020057,"2026-10-08","2026-10-08T23:00:00Z","LIVE","Sabres","2026-10-09T00:24:05.838Z","https://www.nhl.com/news/nhl-lineup-projections-2026-27-season","2026-10-08",1,"not_pregame",FALSE,NA,NA,NA,NA,NA,NA,NA
20262027,20262027,25,"DAL",8479979,"Jake","Oettinger","Jake Oettinger","G","current_roster",TRUE,"2026-10-09T00:24:07.447Z","2026-10-09_002225_37864428240_1_796d6190e100451eb678e03b9e473e8f",2026020057,"2026-10-08","2026-10-08T23:00:00Z","LIVE","Sabres","2026-10-09T00:24:05.838Z","https://www.nhl.com/news/nhl-lineup-projections-2026-27-season","2026-10-08",1,"not_pregame",FALSE,NA,NA,NA,NA,NA,NA,NA
20262027,20262027,7,"BUF",8484145,"Zach","Benson","Zach Benson","F","current_roster",TRUE,"2026-10-09T00:24:06.419Z","2026-10-09_002225_37864428240_1_796d6190e100451eb678e03b9e473e8f",2026020057,"2026-10-08","2026-10-08T23:00:00Z","LIVE","Stars","2026-10-09T00:24:05.838Z","https://www.nhl.com/news/nhl-lineup-projections-2026-27-season","2026-10-08",1,"not_pregame",FALSE,NA,NA,NA,NA,NA,NA,NA
20262027,20262027,7,"BUF",8475842,"Sam","Carrick","Sam Carrick","F","current_roster",TRUE,"2026-10-09T00:24:06.421Z","2026-10-09_002225_37864428240_1_796d6190e100451eb678e03b9e473e8f",2026020057,"2026-10-08","2026-10-08T23:00:00Z","LIVE","Stars","2026-10-09T00:24:05.838Z","https://www.nhl.com/news/nhl-lineup-projections-2026-27-season","2026-10-08",1,"not_pregame",FALSE,NA,NA,NA,NA,NA,NA,NA
20262027,20262027,7,"BUF",8479941,"Justin","Danforth","Justin Danforth","F","current_roster",TRUE,"2026-10-09T00:24:06.423Z","2026-10-09_002225_37864428240_1_796d6190e100451eb678e03b9e473e8f",2026020057,"2026-10-08","2026-10-08T23:00:00Z","LIVE","Stars","2026-10-09T00:24:05.838Z","https://www.nhl.com/news/nhl-lineup-projections-2026-27-season","2026-10-08",1,"not_pregame",FALSE,NA,NA,NA,NA,NA,NA,NA
20262027,20262027,7,"BUF",8482659,"Josh","Doan","Josh Doan","F","current_roster",TRUE,"2026-10-09T00:24:06.424Z","2026-10-09_002225_37864428240_1_796d6190e100451eb678e03b9e473e8f",2026020057,"2026-10-08","2026-10-08T23:00:00Z","LIVE","Stars","2026-10-09T00:24:05.838Z","https://www.nhl.com/news/nhl-lineup-projections-2026-27-season","2026-10-08",1,"not_pregame",FALSE,NA,NA,NA,NA,NA,NA,NA
20262027,20262027,7,"BUF",8484797,"Konsta","Helenius","Konsta Helenius","F","current_roster",TRUE,"2026-10-09T00:24:06.426Z","2026-10-09_002225_37864428240_1_796d6190e100451eb678e03b9e473e8f",2026020057,"2026-10-08","2026-10-08T23:00:00Z","LIVE","Stars","2026-10-09T00:24:05.838Z","https://www.nhl.com/news/nhl-lineup-projections-2026-27-season","2026-10-08",1,"not_pregame",FALSE,NA,NA,NA,NA,NA,NA,NA
20262027,20262027,7,"BUF",8482896,"Tyson","Kozak","Tyson Kozak","F","current_roster",TRUE,"2026-10-09T00:24:06.428Z","2026-10-09_002225_37864428240_1_796d6190e100451eb678e03b9e473e8f",2026020057,"2026-10-08","2026-10-08T23:00:00Z","LIVE","Stars","2026-10-09T00:24:05.838Z","https://www.nhl.com/news/nhl-lineup-projections-2026-27-season","2026-10-08",1,"not_pregame",FALSE,NA,NA,NA,NA,NA,NA,NA
20262027,20262027,7,"BUF",8481522,"Peyton","Krebs","Peyton Krebs","F","current_roster",TRUE,"2026-10-09T00:24:06.429Z","2026-10-09_002225_37864428240_1_796d6190e100451eb678e03b9e473e8f",2026020057,"2026-10-08","2026-10-08T23:00:00Z","LIVE","Stars","2026-10-09T00:24:05.838Z","https://www.nhl.com/news/nhl-lineup-projections-2026-27-season","2026-10-08",1,"not_pregame",FALSE,NA,NA,NA,NA,NA,NA,NA
20262027,20262027,7,"BUF",8483468,"Jiri","Kulich","Jiri Kulich","F","current_roster",TRUE,"2026-10-09T00:24:06.431Z","2026-10-09_002225_37864428240_1_796d6190e100451eb678e03b9e473e8f",2026020057,"2026-10-08","2026-10-08T23:00:00Z","LIVE","Stars","2026-10-09T00:24:05.838Z","https://www.nhl.com/news/nhl-lineup-projections-2026-27-season","2026-10-08",1,"not_pregame",FALSE,NA,NA,NA,NA,NA,NA,NA
20262027,20262027,7,"BUF",8479359,"Beck","Malenstyn","Beck Malenstyn","F","current_roster",TRUE,"2026-10-09T00:24:06.432Z","2026-10-09_002225_37864428240_1_796d6190e100451eb678e03b9e473e8f",2026020057,"2026-10-08","2026-10-08T23:00:00Z","LIVE","Stars","2026-10-09T00:24:05.838Z","https://www.nhl.com/news/nhl-lineup-projections-2026-27-season","2026-10-08",1,"not_pregame",FALSE,NA,NA,NA,NA,NA,NA,NA
20262027,20262027,7,"BUF",8480802,"Ryan","McLeod","Ryan McLeod","F","current_roster",TRUE,"2026-10-09T00:24:06.434Z","2026-10-09_002225_37864428240_1_796d6190e100451eb678e03b9e473e8f",2026020057,"2026-10-08","2026-10-08T23:00:00Z","LIVE","Stars","2026-10-09T00:24:05.838Z","https://www.nhl.com/news/nhl-lineup-projections-2026-27-season","2026-10-08",1,"not_pregame",FALSE,NA,NA,NA,NA,NA,NA,NA
20262027,20262027,7,"BUF",8480064,"Josh","Norris","Josh Norris","F","current_roster",TRUE,"2026-10-09T00:24:06.435Z","2026-10-09_002225_37864428240_1_796d6190e100451eb678e03b9e473e8f",2026020057,"2026-10-08","2026-10-08T23:00:00Z","LIVE","Stars","2026-10-09T00:24:05.838Z","https://www.nhl.com/news/nhl-lineup-projections-2026-27-season","2026-10-08",1,"not_pregame",FALSE,NA,NA,NA,NA,NA,NA,NA
20262027,20262027,7,"BUF",8483500,"Noah","Ostlund","Noah Ostlund","F","current_roster",TRUE,"2026-10-09T00:24:06.437Z","2026-10-09_002225_37864428240_1_796d6190e100451eb678e03b9e473e8f",2026020057,"2026-10-08","2026-10-08T23:00:00Z","LIVE","Stars","2026-10-09T00:24:05.838Z","https://www.nhl.com/news/nhl-lineup-projections-2026-27-season","2026-10-08",1,"not_pregame",FALSE,NA,NA,NA,NA,NA,NA,NA
20262027,20262027,7,"BUF",8482097,"Jack","Quinn","Jack Quinn","F","current_roster",TRUE,"2026-10-09T00:24:06.438Z","2026-10-09_002225_37864428240_1_796d6190e100451eb678e03b9e473e8f",2026020057,"2026-10-08","2026-10-08T23:00:00Z","LIVE","Stars","2026-10-09T00:24:05.838Z","https://www.nhl.com/news/nhl-lineup-projections-2026-27-season","2026-10-08",1,"not_pregame",FALSE,NA,NA,NA,NA,NA,NA,NA
20262027,20262027,7,"BUF",8479420,"Tage","Thompson","Tage Thompson","F","current_roster",TRUE,"2026-10-09T00:24:06.440Z","2026-10-09_002225_37864428240_1_796d6190e100451eb678e03b9e473e8f",2026020057,"2026-10-08","2026-10-08T23:00:00Z","LIVE","Stars","2026-10-09T00:24:05.838Z","https://www.nhl.com/news/nhl-lineup-projections-2026-27-season","2026-10-08",1,"not_pregame",FALSE,NA,NA,NA,NA,NA,NA,NA
20262027,20262027,7,"BUF",8481806,"Louis","Crevier","Louis Crevier","D","current_roster",TRUE,"2026-10-09T00:24:06.442Z","2026-10-09_002225_37864428240_1_796d6190e100451eb678e03b9e473e8f",2026020057,"2026-10-08","2026-10-08T23:00:00Z","LIVE","Stars","2026-10-09T00:24:05.838Z","https://www.nhl.com/news/nhl-lineup-projections-2026-27-season","2026-10-08",1,"not_pregame",FALSE,NA,NA,NA,NA,NA,NA,NA
20262027,20262027,7,"BUF",8480839,"Rasmus","Dahlin","Rasmus Dahlin","D","current_roster",TRUE,"2026-10-09T00:24:06.443Z","2026-10-09_002225_37864428240_1_796d6190e100451eb678e03b9e473e8f",2026020057,"2026-10-08","2026-10-08T23:00:00Z","LIVE","Stars","2026-10-09T00:24:05.838Z","https://www.nhl.com/news/nhl-lineup-projections-2026-27-season","2026-10-08",1,"not_pregame",FALSE,NA,NA,NA,NA,NA,NA,NA
20262027,20262027,7,"BUF",8476891,"Matt","Grzelcyk","Matt Grzelcyk","D","current_roster",TRUE,"2026-10-09T00:24:06.445Z","2026-10-09_002225_37864428240_1_796d6190e100451eb678e03b9e473e8f",2026020057,"2026-10-08","2026-10-08T23:00:00Z","LIVE","Stars","2026-10-09T00:24:05.838Z","https://www.nhl.com/news/nhl-lineup-projections-2026-27-season","2026-10-08",1,"not_pregame",FALSE,NA,NA,NA,NA,NA,NA,NA
20262027,20262027,7,"BUF",8484305,"Zach","Metsa","Zach Metsa","D","current_roster",TRUE,"2026-10-09T00:24:06.449Z","2026-10-09_002225_37864428240_1_796d6190e100451eb678e03b9e473e8f",2026020057,"2026-10-08","2026-10-08T23:00:00Z","LIVE","Stars","2026-10-09T00:24:05.838Z","https://www.nhl.com/news/nhl-lineup-projections-2026-27-season","2026-10-08",1,"not_pregame",FALSE,NA,NA,NA,NA,NA,NA,NA
20262027,20262027,7,"BUF",8482671,"Owen","Power","Owen Power","D","current_roster",TRUE,"2026-10-09T00:24:06.450Z","2026-10-09_002225_37864428240_1_796d6190e100451eb678e03b9e473e8f",2026020057,"2026-10-08","2026-10-08T23:00:00Z","LIVE","Stars","2026-10-09T00:24:05.838Z","https://www.nhl.com/news/nhl-lineup-projections-2026-27-season","2026-10-08",1,"not_pregame",FALSE,NA,NA,NA,NA,NA,NA,NA
20262027,20262027,7,"BUF",8480807,"Mattias","Samuelsson","Mattias Samuelsson","D","current_roster",TRUE,"2026-10-09T00:24:06.452Z","2026-10-09_002225_37864428240_1_796d6190e100451eb678e03b9e473e8f",2026020057,"2026-10-08","2026-10-08T23:00:00Z","LIVE","Stars","2026-10-09T00:24:05.838Z","https://www.nhl.com/news/nhl-lineup-projections-2026-27-season","2026-10-08",1,"not_pregame",FALSE,NA,NA,NA,NA,NA,NA,NA
20262027,20262027,7,"BUF",8479982,"Conor","Timmins","Conor Timmins","D","current_roster",TRUE,"2026-10-09T00:24:06.453Z","2026-10-09_002225_37864428240_1_796d6190e100451eb678e03b9e473e8f",2026020057,"2026-10-08","2026-10-08T23:00:00Z","LIVE","Stars","2026-10-09T00:24:05.838Z","https://www.nhl.com/news/nhl-lineup-projections-2026-27-season","2026-10-08",1,"not_pregame",FALSE,NA,NA,NA,NA,NA,NA,NA
20262027,20262027,7,"BUF",8482803,"Olen","Zellweger","Olen Zellweger","D","current_roster",TRUE,"2026-10-09T00:24:06.455Z","2026-10-09_002225_37864428240_1_796d6190e100451eb678e03b9e473e8f",2026020057,"2026-10-08","2026-10-08T23:00:00Z","LIVE","Stars","2026-10-09T00:24:05.838Z","https://www.nhl.com/news/nhl-lineup-projections-2026-27-season","2026-10-08",1,"not_pregame",FALSE,NA,NA,NA,NA,NA,NA,NA
20262027,20262027,7,"BUF",8481551,"Colten","Ellis","Colten Ellis","G","current_roster",TRUE,"2026-10-09T00:24:06.457Z","2026-10-09_002225_37864428240_1_796d6190e100451eb678e03b9e473e8f",2026020057,"2026-10-08","2026-10-08T23:00:00Z","LIVE","Stars","2026-10-09T00:24:05.838Z","https://www.nhl.com/news/nhl-lineup-projections-2026-27-season","2026-10-08",1,"not_pregame",FALSE,NA,NA,NA,NA,NA,NA,NA
20262027,20262027,7,"BUF",8480045,"Ukko-Pekka","Luukkonen","Ukko-Pekka Luukkonen","G","current_roster",TRUE,"2026-10-09T00:24:06.458Z","2026-10-09_002225_37864428240_1_796d6190e100451eb678e03b9e473e8f",2026020057,"2026-10-08","2026-10-08T23:00:00Z","LIVE","Stars","2026-10-09T00:24:05.838Z","https://www.nhl.com/news/nhl-lineup-projections-2026-27-season","2026-10-08",1,"not_pregame",FALSE,NA,NA,NA,NA,NA,NA,NA
20262027,20262027,7,"BUF",8479312,"Alex","Lyon","Alex Lyon","G","current_roster",TRUE,"2026-10-09T00:24:06.460Z","2026-10-09_002225_37864428240_1_796d6190e100451eb678e03b9e473e8f",2026020057,"2026-10-08","2026-10-08T23:00:00Z","LIVE","Stars","2026-10-09T00:24:05.838Z","https://www.nhl.com/news/nhl-lineup-projections-2026-27-season","2026-10-08",1,"not_pregame",FALSE,NA,NA,NA,NA,NA,NA,NA
20262027,20262027,18,"NSH",8482145,"Mavrik","Bourque","Mavrik Bourque","F","current_roster",TRUE,"2026-10-09T00:24:06.661Z","2026-10-09_002225_37864428240_1_796d6190e100451eb678e03b9e473e8f",2026020058,"2026-10-08","2026-10-08T23:00:00Z","LIVE","Canadiens","2026-10-09T00:24:05.838Z","https://www.nhl.com/news/nhl-lineup-projections-2026-27-season","2026-10-08",1,"not_pregame",FALSE,NA,NA,NA,NA,NA,NA,NA
20262027,20262027,18,"NSH",8479525,"Ross","Colton","Ross Colton","F","current_roster",TRUE,"2026-10-09T00:24:06.663Z","2026-10-09_002225_37864428240_1_796d6190e100451eb678e03b9e473e8f",2026020058,"2026-10-08","2026-10-08T23:00:00Z","LIVE","Canadiens","2026-10-09T00:24:05.838Z","https://www.nhl.com/news/nhl-lineup-projections-2026-27-season","2026-10-08",1,"not_pregame",FALSE,NA,NA,NA,NA,NA,NA,NA
20262027,20262027,18,"NSH",8480835,"Jack","Drury","Jack Drury","F","current_roster",TRUE,"2026-10-09T00:24:06.664Z","2026-10-09_002225_37864428240_1_796d6190e100451eb678e03b9e473e8f",2026020058,"2026-10-08","2026-10-08T23:00:00Z","LIVE","Canadiens","2026-10-09T00:24:05.838Z","https://www.nhl.com/news/nhl-lineup-projections-2026-27-season","2026-10-08",1,"not_pregame",FALSE,NA,NA,NA,NA,NA,NA,NA
20262027,20262027,18,"NSH",8481726,"Adam","Edstrom","Adam Edstrom","F","current_roster",TRUE,"2026-10-09T00:24:06.666Z","2026-10-09_002225_37864428240_1_796d6190e100451eb678e03b9e473e8f",2026020058,"2026-10-08","2026-10-08T23:00:00Z","LIVE","Canadiens","2026-10-09T00:24:05.838Z","https://www.nhl.com/news/nhl-lineup-projections-2026-27-season","2026-10-08",1,"not_pregame",FALSE,NA,NA,NA,NA,NA,NA,NA
20262027,20262027,18,"NSH",8476887,"Filip","Forsberg","Filip Forsberg","F","current_roster",TRUE,"2026-10-09T00:24:06.667Z","2026-10-09_002225_37864428240_1_796d6190e100451eb678e03b9e473e8f",2026020058,"2026-10-08","2026-10-08T23:00:00Z","LIVE","Canadiens","2026-10-09T00:24:05.838Z","https://www.nhl.com/news/nhl-lineup-projections-2026-27-season","2026-10-08",1,"not_pregame",FALSE,NA,NA,NA,NA,NA,NA,NA
20262027,20262027,18,"NSH",8481535,"Nils","Hoglander","Nils Hoglander","F","current_roster",TRUE,"2026-10-09T00:24:06.669Z","2026-10-09_002225_37864428240_1_796d6190e100451eb678e03b9e473e8f",2026020058,"2026-10-08","2026-10-08T23:00:00Z","LIVE","Canadiens","2026-10-09T00:24:05.838Z","https://www.nhl.com/news/nhl-lineup-projections-2026-27-season","2026-10-08",1,"not_pregame",FALSE,NA,NA,NA,NA,NA,NA,NA
20262027,20262027,18,"NSH",8477021,"Alexander","Kerfoot","Alexander Kerfoot","F","current_roster",TRUE,"2026-10-09T00:24:06.671Z","2026-10-09_002225_37864428240_1_796d6190e100451eb678e03b9e473e8f",2026020058,"2026-10-08","2026-10-08T23:00:00Z","LIVE","Canadiens","2026-10-09T00:24:05.838Z","https://www.nhl.com/news/nhl-lineup-projections-2026-27-season","2026-10-08",1,"not_pregame",FALSE,NA,NA,NA,NA,NA,NA,NA
20262027,20262027,18,"NSH",8476539,"Jonathan","Marchessault","Jonathan Marchessault","F","current_roster",TRUE,"2026-10-09T00:24:06.672Z","2026-10-09_002225_37864428240_1_796d6190e100451eb678e03b9e473e8f",2026020058,"2026-10-08","2026-10-08T23:00:00Z","LIVE","Canadiens","2026-10-09T00:24:05.838Z","https://www.nhl.com/news/nhl-lineup-projections-2026-27-season","2026-10-08",1,"not_pregame",FALSE,NA,NA,NA,NA,NA,NA,NA
20262027,20262027,18,"NSH",8475158,"Ryan","O'Reilly","Ryan O'Reilly","F","current_roster",TRUE,"2026-10-09T00:24:06.674Z","2026-10-09_002225_37864428240_1_796d6190e100451eb678e03b9e473e8f",2026020058,"2026-10-08","2026-10-08T23:00:00Z","LIVE","Canadiens","2026-10-09T00:24:05.838Z","https://www.nhl.com/news/nhl-lineup-projections-2026-27-season","2026-10-08",1,"not_pregame",FALSE,NA,NA,NA,NA,NA,NA,NA
20262027,20262027,18,"NSH",8486189,"Vitali","Pinchuk","Vitali Pinchuk","F","current_roster",TRUE,"2026-10-09T00:24:06.675Z","2026-10-09_002225_37864428240_1_796d6190e100451eb678e03b9e473e8f",2026020058,"2026-10-08","2026-10-08T23:00:00Z","LIVE","Canadiens","2026-10-09T00:24:05.838Z","https://www.nhl.com/news/nhl-lineup-projections-2026-27-season","2026-10-08",1,"not_pregame",FALSE,NA,NA,NA,NA,NA,NA,NA
20262027,20262027,18,"NSH",8483513,"Reid","Schaefer","Reid Schaefer","F","current_roster",TRUE,"2026-10-09T00:24:06.677Z","2026-10-09_002225_37864428240_1_796d6190e100451eb678e03b9e473e8f",2026020058,"2026-10-08","2026-10-08T23:00:00Z","LIVE","Canadiens","2026-10-09T00:24:05.838Z","https://www.nhl.com/news/nhl-lineup-projections-2026-27-season","2026-10-08",1,"not_pregame",FALSE,NA,NA,NA,NA,NA,NA,NA
20262027,20262027,18,"NSH",8474564,"Steven","Stamkos","Steven Stamkos","F","current_roster",TRUE,"2026-10-09T00:24:06.678Z","2026-10-09_002225_37864428240_1_796d6190e100451eb678e03b9e473e8f",2026020058,"2026-10-08","2026-10-08T23:00:00Z","LIVE","Canadiens","2026-10-09T00:24:05.838Z","https://www.nhl.com/news/nhl-lineup-projections-2026-27-season","2026-10-08",1,"not_pregame",FALSE,NA,NA,NA,NA,NA,NA,NA
20262027,20262027,18,"NSH",8484241,"Matthew","Wood","Matthew Wood","F","current_roster",TRUE,"2026-10-09T00:24:06.680Z","2026-10-09_002225_37864428240_1_796d6190e100451eb678e03b9e473e8f",2026020058,"2026-10-08","2026-10-08T23:00:00Z","LIVE","Canadiens","2026-10-09T00:24:05.838Z","https://www.nhl.com/news/nhl-lineup-projections-2026-27-season","2026-10-08",1,"not_pregame",FALSE,NA,NA,NA,NA,NA,NA,NA
20262027,20262027,18,"NSH",8482072,"Jack","Ahcan","Jack Ahcan","D","current_roster",TRUE,"2026-10-09T00:24:06.682Z","2026-10-09_002225_37864428240_1_796d6190e100451eb678e03b9e473e8f",2026020058,"2026-10-08","2026-10-08T23:00:00Z","LIVE","Canadiens","2026-10-09T00:24:05.838Z","https://www.nhl.com/news/nhl-lineup-projections-2026-27-season","2026-10-08",1,"not_pregame",FALSE,NA,NA,NA,NA,NA,NA,NA
20262027,20262027,18,"NSH",8479980,"Nicolas","Hague","Nicolas Hague","D","current_roster",TRUE,"2026-10-09T00:24:06.687Z","2026-10-09_002225_37864428240_1_796d6190e100451eb678e03b9e473e8f",2026020058,"2026-10-08","2026-10-08T23:00:00Z","LIVE","Canadiens","2026-10-09T00:24:05.838Z","https://www.nhl.com/news/nhl-lineup-projections-2026-27-season","2026-10-08",1,"not_pregame",FALSE,NA,NA,NA,NA,NA,NA,NA
20262027,20262027,18,"NSH",8474600,"Roman","Josi","Roman Josi","D","current_roster",TRUE,"2026-10-09T00:24:06.688Z","2026-10-09_002225_37864428240_1_796d6190e100451eb678e03b9e473e8f",2026020058,"2026-10-08","2026-10-08T23:00:00Z","LIVE","Canadiens","2026-10-09T00:24:05.838Z","https://www.nhl.com/news/nhl-lineup-projections-2026-27-season","2026-10-08",1,"not_pregame",FALSE,NA,NA,NA,NA,NA,NA,NA
20262027,20262027,18,"NSH",8480950,"Ilya","Lyubushkin","Ilya Lyubushkin","D","current_roster",TRUE,"2026-10-09T00:24:06.690Z","2026-10-09_002225_37864428240_1_796d6190e100451eb678e03b9e473e8f",2026020058,"2026-10-08","2026-10-08T23:00:00Z","LIVE","Canadiens","2026-10-09T00:24:05.838Z","https://www.nhl.com/news/nhl-lineup-projections-2026-27-season","2026-10-08",1,"not_pregame",FALSE,NA,NA,NA,NA,NA,NA,NA
20262027,20262027,18,"NSH",8480246,"Nick","Perbix","Nick Perbix","D","current_roster",TRUE,"2026-10-09T00:24:06.692Z","2026-10-09_002225_37864428240_1_796d6190e100451eb678e03b9e473e8f",2026020058,"2026-10-08","2026-10-08T23:00:00Z","LIVE","Canadiens","2026-10-09T00:24:05.838Z","https://www.nhl.com/news/nhl-lineup-projections-2026-27-season","2026-10-08",1,"not_pregame",FALSE,NA,NA,NA,NA,NA,NA,NA
20262027,20262027,18,"NSH",8476869,"Brady","Skjei","Brady Skjei","D","current_roster",TRUE,"2026-10-09T00:24:06.694Z","2026-10-09_002225_37864428240_1_796d6190e100451eb678e03b9e473e8f",2026020058,"2026-10-08","2026-10-08T23:00:00Z","LIVE","Canadiens","2026-10-09T00:24:05.838Z","https://www.nhl.com/news/nhl-lineup-projections-2026-27-season","2026-10-08",1,"not_pregame",FALSE,NA,NA,NA,NA,NA,NA,NA
20262027,20262027,18,"NSH",8482806,"William","Trudeau","William Trudeau","D","current_roster",TRUE,"2026-10-09T00:24:06.696Z","2026-10-09_002225_37864428240_1_796d6190e100451eb678e03b9e473e8f",2026020058,"2026-10-08","2026-10-08T23:00:00Z","LIVE","Canadiens","2026-10-09T00:24:05.838Z","https://www.nhl.com/news/nhl-lineup-projections-2026-27-season","2026-10-08",1,"not_pregame",FALSE,NA,NA,NA,NA,NA,NA,NA
20262027,20262027,18,"NSH",8482482,"Adam","Wilsby","Adam Wilsby","D","current_roster",TRUE,"2026-10-09T00:24:06.698Z","2026-10-09_002225_37864428240_1_796d6190e100451eb678e03b9e473e8f",2026020058,"2026-10-08","2026-10-08T23:00:00Z","LIVE","Canadiens","2026-10-09T00:24:05.838Z","https://www.nhl.com/news/nhl-lineup-projections-2026-27-season","2026-10-08",1,"not_pregame",FALSE,NA,NA,NA,NA,NA,NA,NA
20262027,20262027,18,"NSH",8481020,"Justus","Annunen","Justus Annunen","G","current_roster",TRUE,"2026-10-09T00:24:06.699Z","2026-10-09_002225_37864428240_1_796d6190e100451eb678e03b9e473e8f",2026020058,"2026-10-08","2026-10-08T23:00:00Z","LIVE","Canadiens","2026-10-09T00:24:05.838Z","https://www.nhl.com/news/nhl-lineup-projections-2026-27-season","2026-10-08",1,"not_pregame",FALSE,NA,NA,NA,NA,NA,NA,NA
20262027,20262027,18,"NSH",8483575,"Matt","Murray","Matt Murray","G","current_roster",TRUE,"2026-10-09T00:24:06.701Z","2026-10-09_002225_37864428240_1_796d6190e100451eb678e03b9e473e8f",2026020058,"2026-10-08","2026-10-08T23:00:00Z","LIVE","Canadiens","2026-10-09T00:24:05.838Z","https://www.nhl.com/news/nhl-lineup-projections-2026-27-season","2026-10-08",1,"not_pregame",FALSE,NA,NA,NA,NA,NA,NA,NA
20262027,20262027,18,"NSH",8477424,"Juuse","Saros","Juuse Saros","G","current_roster",TRUE,"2026-10-09T00:24:06.703Z","2026-10-09_002225_37864428240_1_796d6190e100451eb678e03b9e473e8f",2026020058,"2026-10-08","2026-10-08T23:00:00Z","LIVE","Canadiens","2026-10-09T00:24:05.838Z","https://www.nhl.com/news/nhl-lineup-projections-2026-27-season","2026-10-08",1,"not_pregame",FALSE,NA,NA,NA,NA,NA,NA,NA
20262027,20262027,8,"MTL",8476981,"Josh","Anderson","Josh Anderson","F","current_roster",TRUE,"2026-10-09T00:24:06.375Z","2026-10-09_002225_37864428240_1_796d6190e100451eb678e03b9e473e8f",2026020058,"2026-10-08","2026-10-08T23:00:00Z","LIVE","Predators","2026-10-09T00:24:05.838Z","https://www.nhl.com/news/nhl-lineup-projections-2026-27-season","2026-10-08",1,"not_pregame",FALSE,NA,NA,NA,NA,NA,NA,NA
20262027,20262027,8,"MTL",8482737,"Zachary","Bolduc","Zachary Bolduc","F","current_roster",TRUE,"2026-10-09T00:24:06.377Z","2026-10-09_002225_37864428240_1_796d6190e100451eb678e03b9e473e8f",2026020058,"2026-10-08","2026-10-08T23:00:00Z","LIVE","Predators","2026-10-09T00:24:05.838Z","https://www.nhl.com/news/nhl-lineup-projections-2026-27-season","2026-10-08",1,"not_pregame",FALSE,NA,NA,NA,NA,NA,NA,NA
20262027,20262027,8,"MTL",8481540,"Cole","Caufield","Cole Caufield","F","current_roster",TRUE,"2026-10-09T00:24:06.379Z","2026-10-09_002225_37864428240_1_796d6190e100451eb678e03b9e473e8f",2026020058,"2026-10-08","2026-10-08T23:00:00Z","LIVE","Predators","2026-10-09T00:24:05.838Z","https://www.nhl.com/news/nhl-lineup-projections-2026-27-season","2026-10-08",1,"not_pregame",FALSE,NA,NA,NA,NA,NA,NA,NA
20262027,20262027,8,"MTL",8481523,"Kirby","Dach","Kirby Dach","F","current_roster",TRUE,"2026-10-09T00:24:06.381Z","2026-10-09_002225_37864428240_1_796d6190e100451eb678e03b9e473e8f",2026020058,"2026-10-08","2026-10-08T23:00:00Z","LIVE","Predators","2026-10-09T00:24:05.838Z","https://www.nhl.com/news/nhl-lineup-projections-2026-27-season","2026-10-08",1,"not_pregame",FALSE,NA,NA,NA,NA,NA,NA,NA
20262027,20262027,8,"MTL",8476479,"Phillip","Danault","Phillip Danault","F","current_roster",TRUE,"2026-10-09T00:24:06.383Z","2026-10-09_002225_37864428240_1_796d6190e100451eb678e03b9e473e8f",2026020058,"2026-10-08","2026-10-08T23:00:00Z","LIVE","Predators","2026-10-09T00:24:05.838Z","https://www.nhl.com/news/nhl-lineup-projections-2026-27-season","2026-10-08",1,"not_pregame",FALSE,NA,NA,NA,NA,NA,NA,NA
20262027,20262027,8,"MTL",8484984,"Ivan","Demidov","Ivan Demidov","F","current_roster",TRUE,"2026-10-09T00:24:06.385Z","2026-10-09_002225_37864428240_1_796d6190e100451eb678e03b9e473e8f",2026020058,"2026-10-08","2026-10-08T23:00:00Z","LIVE","Predators","2026-10-09T00:24:05.838Z","https://www.nhl.com/news/nhl-lineup-projections-2026-27-season","2026-10-08",1,"not_pregame",FALSE,NA,NA,NA,NA,NA,NA,NA
20262027,20262027,8,"MTL",8478133,"Jake","Evans","Jake Evans","F","current_roster",TRUE,"2026-10-09T00:24:06.386Z","2026-10-09_002225_37864428240_1_796d6190e100451eb678e03b9e473e8f",2026020058,"2026-10-08","2026-10-08T23:00:00Z","LIVE","Predators","2026-10-09T00:24:05.838Z","https://www.nhl.com/news/nhl-lineup-projections-2026-27-season","2026-10-08",1,"not_pregame",FALSE,NA,NA,NA,NA,NA,NA,NA
20262027,20262027,8,"MTL",8482775,"Oliver","Kapanen","Oliver Kapanen","F","current_roster",TRUE,"2026-10-09T00:24:06.388Z","2026-10-09_002225_37864428240_1_796d6190e100451eb678e03b9e473e8f",2026020058,"2026-10-08","2026-10-08T23:00:00Z","LIVE","Predators","2026-10-09T00:24:05.838Z","https://www.nhl.com/news/nhl-lineup-projections-2026-27-season","2026-10-08",1,"not_pregame",FALSE,NA,NA,NA,NA,NA,NA,NA
20262027,20262027,8,"MTL",8475184,"Chris","Kreider","Chris Kreider","F","current_roster",TRUE,"2026-10-09T00:24:06.389Z","2026-10-09_002225_37864428240_1_796d6190e100451eb678e03b9e473e8f",2026020058,"2026-10-08","2026-10-08T23:00:00Z","LIVE","Predators","2026-10-09T00:24:05.838Z","https://www.nhl.com/news/nhl-lineup-projections-2026-27-season","2026-10-08",1,"not_pregame",FALSE,NA,NA,NA,NA,NA,NA,NA
20262027,20262027,8,"MTL",8481618,"Alex","Newhook","Alex Newhook","F","current_roster",TRUE,"2026-10-09T00:24:06.391Z","2026-10-09_002225_37864428240_1_796d6190e100451eb678e03b9e473e8f",2026020058,"2026-10-08","2026-10-08T23:00:00Z","LIVE","Predators","2026-10-09T00:24:05.838Z","https://www.nhl.com/news/nhl-lineup-projections-2026-27-season","2026-10-08",1,"not_pregame",FALSE,NA,NA,NA,NA,NA,NA,NA
20262027,20262027,8,"MTL",8483515,"Juraj","Slafkovský","Juraj Slafkovský","F","current_roster",TRUE,"2026-10-09T00:24:06.392Z","2026-10-09_002225_37864428240_1_796d6190e100451eb678e03b9e473e8f",2026020058,"2026-10-08","2026-10-08T23:00:00Z","LIVE","Predators","2026-10-09T00:24:05.838Z","https://www.nhl.com/news/nhl-lineup-projections-2026-27-season","2026-10-08",1,"not_pregame",FALSE,NA,NA,NA,NA,NA,NA,NA
20262027,20262027,8,"MTL",8480018,"Nick","Suzuki","Nick Suzuki","F","current_roster",TRUE,"2026-10-09T00:24:06.394Z","2026-10-09_002225_37864428240_1_796d6190e100451eb678e03b9e473e8f",2026020058,"2026-10-08","2026-10-08T23:00:00Z","LIVE","Predators","2026-10-09T00:24:05.838Z","https://www.nhl.com/news/nhl-lineup-projections-2026-27-season","2026-10-08",1,"not_pregame",FALSE,NA,NA,NA,NA,NA,NA,NA
20262027,20262027,8,"MTL",8480074,"Alexandre","Texier","Alexandre Texier","F","current_roster",TRUE,"2026-10-09T00:24:06.399Z","2026-10-09_002225_37864428240_1_796d6190e100451eb678e03b9e473e8f",2026020058,"2026-10-08","2026-10-08T23:00:00Z","LIVE","Predators","2026-10-09T00:24:05.838Z","https://www.nhl.com/news/nhl-lineup-projections-2026-27-season","2026-10-08",1,"not_pregame",FALSE,NA,NA,NA,NA,NA,NA,NA
20262027,20262027,8,"MTL",8484403,"Florian","Xhekaj","Florian Xhekaj","F","current_roster",TRUE,"2026-10-09T00:24:06.400Z","2026-10-09_002225_37864428240_1_796d6190e100451eb678e03b9e473e8f",2026020058,"2026-10-08","2026-10-08T23:00:00Z","LIVE","Predators","2026-10-09T00:24:05.838Z","https://www.nhl.com/news/nhl-lineup-projections-2026-27-season","2026-10-08",1,"not_pregame",FALSE,NA,NA,NA,NA,NA,NA,NA
20262027,20262027,8,"MTL",8478851,"Alexandre","Carrier","Alexandre Carrier","D","current_roster",TRUE,"2026-10-09T00:24:06.402Z","2026-10-09_002225_37864428240_1_796d6190e100451eb678e03b9e473e8f",2026020058,"2026-10-08","2026-10-08T23:00:00Z","LIVE","Predators","2026-10-09T00:24:05.838Z","https://www.nhl.com/news/nhl-lineup-projections-2026-27-season","2026-10-08",1,"not_pregame",FALSE,NA,NA,NA,NA,NA,NA,NA
20262027,20262027,8,"MTL",8480865,"Noah","Dobson","Noah Dobson","D","current_roster",TRUE,"2026-10-09T00:24:06.404Z","2026-10-09_002225_37864428240_1_796d6190e100451eb678e03b9e473e8f",2026020058,"2026-10-08","2026-10-08T23:00:00Z","LIVE","Predators","2026-10-09T00:24:05.838Z","https://www.nhl.com/news/nhl-lineup-projections-2026-27-season","2026-10-08",1,"not_pregame",FALSE,NA,NA,NA,NA,NA,NA,NA
20262027,20262027,8,"MTL",8483686,"Adam","Engstrom","Adam Engstrom","D","current_roster",TRUE,"2026-10-09T00:24:06.405Z","2026-10-09_002225_37864428240_1_796d6190e100451eb678e03b9e473e8f",2026020058,"2026-10-08","2026-10-08T23:00:00Z","LIVE","Predators","2026-10-09T00:24:05.838Z","https://www.nhl.com/news/nhl-lineup-projections-2026-27-season","2026-10-08",1,"not_pregame",FALSE,NA,NA,NA,NA,NA,NA,NA
20262027,20262027,8,"MTL",8483457,"Lane","Hutson","Lane Hutson","D","current_roster",TRUE,"2026-10-09T00:24:06.407Z","2026-10-09_002225_37864428240_1_796d6190e100451eb678e03b9e473e8f",2026020058,"2026-10-08","2026-10-08T23:00:00Z","LIVE","Predators","2026-10-09T00:24:05.838Z","https://www.nhl.com/news/nhl-lineup-projections-2026-27-season","2026-10-08",1,"not_pregame",FALSE,NA,NA,NA,NA,NA,NA,NA
20262027,20262027,8,"MTL",8476875,"Mike","Matheson","Mike Matheson","D","current_roster",TRUE,"2026-10-09T00:24:06.409Z","2026-10-09_002225_37864428240_1_796d6190e100451eb678e03b9e473e8f",2026020058,"2026-10-08","2026-10-08T23:00:00Z","LIVE","Predators","2026-10-09T00:24:05.838Z","https://www.nhl.com/news/nhl-lineup-projections-2026-27-season","2026-10-08",1,"not_pregame",FALSE,NA,NA,NA,NA,NA,NA,NA
20262027,20262027,8,"MTL",8481593,"Jayden","Struble","Jayden Struble","D","current_roster",TRUE,"2026-10-09T00:24:06.410Z","2026-10-09_002225_37864428240_1_796d6190e100451eb678e03b9e473e8f",2026020058,"2026-10-08","2026-10-08T23:00:00Z","LIVE","Predators","2026-10-09T00:24:05.838Z","https://www.nhl.com/news/nhl-lineup-projections-2026-27-season","2026-10-08",1,"not_pregame",FALSE,NA,NA,NA,NA,NA,NA,NA
20262027,20262027,8,"MTL",8482964,"Arber","Xhekaj","Arber Xhekaj","D","current_roster",TRUE,"2026-10-09T00:24:06.412Z","2026-10-09_002225_37864428240_1_796d6190e100451eb678e03b9e473e8f",2026020058,"2026-10-08","2026-10-08T23:00:00Z","LIVE","Predators","2026-10-09T00:24:05.838Z","https://www.nhl.com/news/nhl-lineup-projections-2026-27-season","2026-10-08",1,"not_pregame",FALSE,NA,NA,NA,NA,NA,NA,NA
20262027,20262027,8,"MTL",8482487,"Jakub","Dobes","Jakub Dobes","G","current_roster",TRUE,"2026-10-09T00:24:06.414Z","2026-10-09_002225_37864428240_1_796d6190e100451eb678e03b9e473e8f",2026020058,"2026-10-08","2026-10-08T23:00:00Z","LIVE","Predators","2026-10-09T00:24:05.838Z","https://www.nhl.com/news/nhl-lineup-projections-2026-27-season","2026-10-08",1,"not_pregame",FALSE,NA,NA,NA,NA,NA,NA,NA
20262027,20262027,8,"MTL",8484170,"Jacob","Fowler","Jacob Fowler","G","current_roster",TRUE,"2026-10-09T00:24:06.415Z","2026-10-09_002225_37864428240_1_796d6190e100451eb678e03b9e473e8f",2026020058,"2026-10-08","2026-10-08T23:00:00Z","LIVE","Predators","2026-10-09T00:24:05.838Z","https://www.nhl.com/news/nhl-lineup-projections-2026-27-season","2026-10-08",1,"not_pregame",FALSE,NA,NA,NA,NA,NA,NA,NA
20262027,20262027,8,"MTL",8478470,"Samuel","Montembeault","Samuel Montembeault","G","current_roster",TRUE,"2026-10-09T00:24:06.417Z","2026-10-09_002225_37864428240_1_796d6190e100451eb678e03b9e473e8f",2026020058,"2026-10-08","2026-10-08T23:00:00Z","LIVE","Predators","2026-10-09T00:24:05.838Z","https://www.nhl.com/news/nhl-lineup-projections-2026-27-season","2026-10-08",1,"not_pregame",FALSE,NA,NA,NA,NA,NA,NA,NA
20262027,20262027,4,"PHI",8478569,"Noel","Acciari","Noel Acciari","F","current_roster",TRUE,"2026-10-09T00:24:07.509Z","2026-10-09_002225_37864428240_1_796d6190e100451eb678e03b9e473e8f",2026020059,"2026-10-08","2026-10-08T23:00:00Z","LIVE","Senators","2026-10-09T00:24:05.838Z","https://www.nhl.com/news/nhl-lineup-projections-2026-27-season","2026-10-08",1,"not_pregame",FALSE,NA,NA,NA,NA,NA,NA,NA
20262027,20262027,4,"PHI",8484142,"Denver","Barkey","Denver Barkey","F","current_roster",TRUE,"2026-10-09T00:24:07.511Z","2026-10-09_002225_37864428240_1_796d6190e100451eb678e03b9e473e8f",2026020059,"2026-10-08","2026-10-08T23:00:00Z","LIVE","Senators","2026-10-09T00:24:05.838Z","https://www.nhl.com/news/nhl-lineup-projections-2026-27-season","2026-10-08",1,"not_pregame",FALSE,NA,NA,NA,NA,NA,NA,NA
20262027,20262027,4,"PHI",8478047,"Michael","Bunting","Michael Bunting","F","current_roster",TRUE,"2026-10-09T00:24:07.513Z","2026-10-09_002225_37864428240_1_796d6190e100451eb678e03b9e473e8f",2026020059,"2026-10-08","2026-10-08T23:00:00Z","LIVE","Senators","2026-10-09T00:24:05.838Z","https://www.nhl.com/news/nhl-lineup-projections-2026-27-season","2026-10-08",1,"not_pregame",FALSE,NA,NA,NA,NA,NA,NA,NA
20262027,20262027,4,"PHI",8480220,"Noah","Cates","Noah Cates","F","current_roster",TRUE,"2026-10-09T00:24:07.515Z","2026-10-09_002225_37864428240_1_796d6190e100451eb678e03b9e473e8f",2026020059,"2026-10-08","2026-10-08T23:00:00Z","LIVE","Senators","2026-10-09T00:24:05.838Z","https://www.nhl.com/news/nhl-lineup-projections-2026-27-season","2026-10-08",1,"not_pregame",FALSE,NA,NA,NA,NA,NA,NA,NA
20262027,20262027,4,"PHI",8476461,"Sean","Couturier","Sean Couturier","F","current_roster",TRUE,"2026-10-09T00:24:07.516Z","2026-10-09_002225_37864428240_1_796d6190e100451eb678e03b9e473e8f",2026020059,"2026-10-08","2026-10-08T23:00:00Z","LIVE","Senators","2026-10-09T00:24:05.838Z","https://www.nhl.com/news/nhl-lineup-projections-2026-27-season","2026-10-08",1,"not_pregame",FALSE,NA,NA,NA,NA,NA,NA,NA
20262027,20262027,4,"PHI",8477989,"Christian","Dvorak","Christian Dvorak","F","current_roster",TRUE,"2026-10-09T00:24:07.518Z","2026-10-09_002225_37864428240_1_796d6190e100451eb678e03b9e473e8f",2026020059,"2026-10-08","2026-10-08T23:00:00Z","LIVE","Senators","2026-10-09T00:24:05.838Z","https://www.nhl.com/news/nhl-lineup-projections-2026-27-season","2026-10-08",1,"not_pregame",FALSE,NA,NA,NA,NA,NA,NA,NA
20262027,20262027,4,"PHI",8482159,"Tyson","Foerster","Tyson Foerster","F","current_roster",TRUE,"2026-10-09T00:24:07.520Z","2026-10-09_002225_37864428240_1_796d6190e100451eb678e03b9e473e8f",2026020059,"2026-10-08","2026-10-08T23:00:00Z","LIVE","Senators","2026-10-09T00:24:05.838Z","https://www.nhl.com/news/nhl-lineup-projections-2026-27-season","2026-10-08",1,"not_pregame",FALSE,NA,NA,NA,NA,NA,NA,NA
20262027,20262027,4,"PHI",8483733,"Nikita","Grebenkin","Nikita Grebenkin","F","current_roster",TRUE,"2026-10-09T00:24:07.522Z","2026-10-09_002225_37864428240_1_796d6190e100451eb678e03b9e473e8f",2026020059,"2026-10-08","2026-10-08T23:00:00Z","LIVE","Senators","2026-10-09T00:24:05.838Z","https://www.nhl.com/news/nhl-lineup-projections-2026-27-season","2026-10-08",1,"not_pregame",FALSE,NA,NA,NA,NA,NA,NA,NA
20262027,20262027,4,"PHI",8479336,"Carl","Grundstrom","Carl Grundstrom","F","current_roster",TRUE,"2026-10-09T00:24:07.524Z","2026-10-09_002225_37864428240_1_796d6190e100451eb678e03b9e473e8f",2026020059,"2026-10-08","2026-10-08T23:00:00Z","LIVE","Senators","2026-10-09T00:24:05.838Z","https://www.nhl.com/news/nhl-lineup-projections-2026-27-season","2026-10-08",1,"not_pregame",FALSE,NA,NA,NA,NA,NA,NA,NA
20262027,20262027,4,"PHI",8478439,"Travis","Konecny","Travis Konecny","F","current_roster",TRUE,"2026-10-09T00:24:07.525Z","2026-10-09_002225_37864428240_1_796d6190e100451eb678e03b9e473e8f",2026020059,"2026-10-08","2026-10-08T23:00:00Z","LIVE","Senators","2026-10-09T00:24:05.838Z","https://www.nhl.com/news/nhl-lineup-projections-2026-27-season","2026-10-08",1,"not_pregame",FALSE,NA,NA,NA,NA,NA,NA,NA
20262027,20262027,4,"PHI",8485406,"Porter","Martone","Porter Martone","F","current_roster",TRUE,"2026-10-09T00:24:07.527Z","2026-10-09_002225_37864428240_1_796d6190e100451eb678e03b9e473e8f",2026020059,"2026-10-08","2026-10-08T23:00:00Z","LIVE","Senators","2026-10-09T00:24:05.838Z","https://www.nhl.com/news/nhl-lineup-projections-2026-27-season","2026-10-08",1,"not_pregame",FALSE,NA,NA,NA,NA,NA,NA,NA
20262027,20262027,4,"PHI",8484387,"Matvei","Michkov","Matvei Michkov","F","current_roster",TRUE,"2026-10-09T00:24:07.529Z","2026-10-09_002225_37864428240_1_796d6190e100451eb678e03b9e473e8f",2026020059,"2026-10-08","2026-10-08T23:00:00Z","LIVE","Senators","2026-10-09T00:24:05.838Z","https://www.nhl.com/news/nhl-lineup-projections-2026-27-season","2026-10-08",1,"not_pregame",FALSE,NA,NA,NA,NA,NA,NA,NA
20262027,20262027,4,"PHI",8480015,"Owen","Tippett","Owen Tippett","F","current_roster",TRUE,"2026-10-09T00:24:07.530Z","2026-10-09_002225_37864428240_1_796d6190e100451eb678e03b9e473e8f",2026020059,"2026-10-08","2026-10-08T23:00:00Z","LIVE","Senators","2026-10-09T00:24:05.838Z","https://www.nhl.com/news/nhl-lineup-projections-2026-27-season","2026-10-08",1,"not_pregame",FALSE,NA,NA,NA,NA,NA,NA,NA
20262027,20262027,4,"PHI",8475253,"Garrett","Wilson","Garrett Wilson","F","current_roster",TRUE,"2026-10-09T00:24:07.532Z","2026-10-09_002225_37864428240_1_796d6190e100451eb678e03b9e473e8f",2026020059,"2026-10-08","2026-10-08T23:00:00Z","LIVE","Senators","2026-10-09T00:24:05.838Z","https://www.nhl.com/news/nhl-lineup-projections-2026-27-season","2026-10-08",1,"not_pregame",FALSE,NA,NA,NA,NA,NA,NA,NA
20262027,20262027,4,"PHI",8481533,"Trevor","Zegras","Trevor Zegras","F","current_roster",TRUE,"2026-10-09T00:24:07.534Z","2026-10-09_002225_37864428240_1_796d6190e100451eb678e03b9e473e8f",2026020059,"2026-10-08","2026-10-08T23:00:00Z","LIVE","Senators","2026-10-09T00:24:05.838Z","https://www.nhl.com/news/nhl-lineup-projections-2026-27-season","2026-10-08",1,"not_pregame",FALSE,NA,NA,NA,NA,NA,NA,NA
20262027,20262027,4,"PHI",8481122,"Simon","Benoit","Simon Benoit","D","current_roster",TRUE,"2026-10-09T00:24:07.535Z","2026-10-09_002225_37864428240_1_796d6190e100451eb678e03b9e473e8f",2026020059,"2026-10-08","2026-10-08T23:00:00Z","LIVE","Senators","2026-10-09T00:24:05.838Z","https://www.nhl.com/news/nhl-lineup-projections-2026-27-season","2026-10-08",1,"not_pregame",FALSE,NA,NA,NA,NA,NA,NA,NA
20262027,20262027,4,"PHI",8482142,"Jamie","Drysdale","Jamie Drysdale","D","current_roster",TRUE,"2026-10-09T00:24:07.539Z","2026-10-09_002225_37864428240_1_796d6190e100451eb678e03b9e473e8f",2026020059,"2026-10-08","2026-10-08T23:00:00Z","LIVE","Senators","2026-10-09T00:24:05.838Z","https://www.nhl.com/news/nhl-lineup-projections-2026-27-season","2026-10-08",1,"not_pregame",FALSE,NA,NA,NA,NA,NA,NA,NA
20262027,20262027,4,"PHI",8483460,"David","Jiricek","David Jiricek","D","current_roster",TRUE,"2026-10-09T00:24:07.541Z","2026-10-09_002225_37864428240_1_796d6190e100451eb678e03b9e473e8f",2026020059,"2026-10-08","2026-10-08T23:00:00Z","LIVE","Senators","2026-10-09T00:24:05.838Z","https://www.nhl.com/news/nhl-lineup-projections-2026-27-season","2026-10-08",1,"not_pregame",FALSE,NA,NA,NA,NA,NA,NA,NA
20262027,20262027,4,"PHI",8477499,"Rasmus","Ristolainen","Rasmus Ristolainen","D","current_roster",TRUE,"2026-10-09T00:24:07.543Z","2026-10-09_002225_37864428240_1_796d6190e100451eb678e03b9e473e8f",2026020059,"2026-10-08","2026-10-08T23:00:00Z","LIVE","Senators","2026-10-09T00:24:05.838Z","https://www.nhl.com/news/nhl-lineup-projections-2026-27-season","2026-10-08",1,"not_pregame",FALSE,NA,NA,NA,NA,NA,NA,NA
20262027,20262027,4,"PHI",8477948,"Travis","Sanheim","Travis Sanheim","D","current_roster",TRUE,"2026-10-09T00:24:07.544Z","2026-10-09_002225_37864428240_1_796d6190e100451eb678e03b9e473e8f",2026020059,"2026-10-08","2026-10-08T23:00:00Z","LIVE","Senators","2026-10-09T00:24:05.838Z","https://www.nhl.com/news/nhl-lineup-projections-2026-27-season","2026-10-08",1,"not_pregame",FALSE,NA,NA,NA,NA,NA,NA,NA
20262027,20262027,4,"PHI",8476372,"Nick","Seeler","Nick Seeler","D","current_roster",TRUE,"2026-10-09T00:24:07.559Z","2026-10-09_002225_37864428240_1_796d6190e100451eb678e03b9e473e8f",2026020059,"2026-10-08","2026-10-08T23:00:00Z","LIVE","Senators","2026-10-09T00:24:05.838Z","https://www.nhl.com/news/nhl-lineup-projections-2026-27-season","2026-10-08",1,"not_pregame",FALSE,NA,NA,NA,NA,NA,NA,NA
20262027,20262027,4,"PHI",8481546,"Cam","York","Cam York","D","current_roster",TRUE,"2026-10-09T00:24:07.561Z","2026-10-09_002225_37864428240_1_796d6190e100451eb678e03b9e473e8f",2026020059,"2026-10-08","2026-10-08T23:00:00Z","LIVE","Senators","2026-10-09T00:24:05.838Z","https://www.nhl.com/news/nhl-lineup-projections-2026-27-season","2026-10-08",1,"not_pregame",FALSE,NA,NA,NA,NA,NA,NA,NA
20262027,20262027,4,"PHI",8478435,"Dan","Vladar","Dan Vladar","G","current_roster",TRUE,"2026-10-09T00:24:07.563Z","2026-10-09_002225_37864428240_1_796d6190e100451eb678e03b9e473e8f",2026020059,"2026-10-08","2026-10-08T23:00:00Z","LIVE","Senators","2026-10-09T00:24:05.838Z","https://www.nhl.com/news/nhl-lineup-projections-2026-27-season","2026-10-08",1,"not_pregame",FALSE,NA,NA,NA,NA,NA,NA,NA
20262027,20262027,4,"PHI",8479361,"Joseph","Woll","Joseph Woll","G","current_roster",TRUE,"2026-10-09T00:24:07.564Z","2026-10-09_002225_37864428240_1_796d6190e100451eb678e03b9e473e8f",2026020059,"2026-10-08","2026-10-08T23:00:00Z","LIVE","Senators","2026-10-09T00:24:05.838Z","https://www.nhl.com/news/nhl-lineup-projections-2026-27-season","2026-10-08",1,"not_pregame",FALSE,NA,NA,NA,NA,NA,NA,NA
20262027,20262027,9,"OTT",8478020,"Michael","Amadio","Michael Amadio","F","current_roster",TRUE,"2026-10-09T00:24:06.746Z","2026-10-09_002225_37864428240_1_796d6190e100451eb678e03b9e473e8f",2026020059,"2026-10-08","2026-10-08T23:00:00Z","LIVE","Flyers","2026-10-09T00:24:05.838Z","https://www.nhl.com/news/nhl-lineup-projections-2026-27-season","2026-10-08",1,"not_pregame",FALSE,NA,NA,NA,NA,NA,NA,NA
20262027,20262027,9,"OTT",8480208,"Drake","Batherson","Drake Batherson","F","current_roster",TRUE,"2026-10-09T00:24:06.748Z","2026-10-09_002225_37864428240_1_796d6190e100451eb678e03b9e473e8f",2026020059,"2026-10-08","2026-10-08T23:00:00Z","LIVE","Flyers","2026-10-09T00:24:05.838Z","https://www.nhl.com/news/nhl-lineup-projections-2026-27-season","2026-10-08",1,"not_pregame",FALSE,NA,NA,NA,NA,NA,NA,NA
20262027,20262027,9,"OTT",8477444,"Andre","Burakovsky","Andre Burakovsky","F","current_roster",TRUE,"2026-10-09T00:24:06.750Z","2026-10-09_002225_37864428240_1_796d6190e100451eb678e03b9e473e8f",2026020059,"2026-10-08","2026-10-08T23:00:00Z","LIVE","Flyers","2026-10-09T00:24:05.838Z","https://www.nhl.com/news/nhl-lineup-projections-2026-27-season","2026-10-08",1,"not_pregame",FALSE,NA,NA,NA,NA,NA,NA,NA
20262027,20262027,9,"OTT",8476393,"Nick","Cousins","Nick Cousins","F","current_roster",TRUE,"2026-10-09T00:24:06.752Z","2026-10-09_002225_37864428240_1_796d6190e100451eb678e03b9e473e8f",2026020059,"2026-10-08","2026-10-08T23:00:00Z","LIVE","Flyers","2026-10-09T00:24:05.838Z","https://www.nhl.com/news/nhl-lineup-projections-2026-27-season","2026-10-08",1,"not_pregame",FALSE,NA,NA,NA,NA,NA,NA,NA
20262027,20262027,9,"OTT",8481528,"Dylan","Cozens","Dylan Cozens","F","current_roster",TRUE,"2026-10-09T00:24:06.753Z","2026-10-09_002225_37864428240_1_796d6190e100451eb678e03b9e473e8f",2026020059,"2026-10-08","2026-10-08T23:00:00Z","LIVE","Flyers","2026-10-09T00:24:05.838Z","https://www.nhl.com/news/nhl-lineup-projections-2026-27-season","2026-10-08",1,"not_pregame",FALSE,NA,NA,NA,NA,NA,NA,NA
20262027,20262027,9,"OTT",8482667,"William","Eklund","William Eklund","F","current_roster",TRUE,"2026-10-09T00:24:06.754Z","2026-10-09_002225_37864428240_1_796d6190e100451eb678e03b9e473e8f",2026020059,"2026-10-08","2026-10-08T23:00:00Z","LIVE","Flyers","2026-10-09T00:24:05.838Z","https://www.nhl.com/news/nhl-lineup-projections-2026-27-season","2026-10-08",1,"not_pregame",FALSE,NA,NA,NA,NA,NA,NA,NA
20262027,20262027,9,"OTT",8477998,"Warren","Foegele","Warren Foegele","F","current_roster",TRUE,"2026-10-09T00:24:06.756Z","2026-10-09_002225_37864428240_1_796d6190e100451eb678e03b9e473e8f",2026020059,"2026-10-08","2026-10-08T23:00:00Z","LIVE","Flyers","2026-10-09T00:24:05.838Z","https://www.nhl.com/news/nhl-lineup-projections-2026-27-season","2026-10-08",1,"not_pregame",FALSE,NA,NA,NA,NA,NA,NA,NA
20262027,20262027,9,"OTT",8473512,"Claude","Giroux","Claude Giroux","F","current_roster",TRUE,"2026-10-09T00:24:06.758Z","2026-10-09_002225_37864428240_1_796d6190e100451eb678e03b9e473e8f",2026020059,"2026-10-08","2026-10-08T23:00:00Z","LIVE","Flyers","2026-10-09T00:24:05.838Z","https://www.nhl.com/news/nhl-lineup-projections-2026-27-season","2026-10-08",1,"not_pregame",FALSE,NA,NA,NA,NA,NA,NA,NA
20262027,20262027,9,"OTT",8482092,"Ridly","Greig","Ridly Greig","F","current_roster",TRUE,"2026-10-09T00:24:06.759Z","2026-10-09_002225_37864428240_1_796d6190e100451eb678e03b9e473e8f",2026020059,"2026-10-08","2026-10-08T23:00:00Z","LIVE","Flyers","2026-10-09T00:24:05.838Z","https://www.nhl.com/news/nhl-lineup-projections-2026-27-season","2026-10-08",1,"not_pregame",FALSE,NA,NA,NA,NA,NA,NA,NA
20262027,20262027,9,"OTT",8483676,"Stephen","Halliday","Stephen Halliday","F","current_roster",TRUE,"2026-10-09T00:24:06.761Z","2026-10-09_002225_37864428240_1_796d6190e100451eb678e03b9e473e8f",2026020059,"2026-10-08","2026-10-08T23:00:00Z","LIVE","Flyers","2026-10-09T00:24:05.838Z","https://www.nhl.com/news/nhl-lineup-projections-2026-27-season","2026-10-08",1,"not_pregame",FALSE,NA,NA,NA,NA,NA,NA,NA
20262027,20262027,9,"OTT",8478173,"Hayden","Hodgson","Hayden Hodgson","F","current_roster",TRUE,"2026-10-09T00:24:06.762Z","2026-10-09_002225_37864428240_1_796d6190e100451eb678e03b9e473e8f",2026020059,"2026-10-08","2026-10-08T23:00:00Z","LIVE","Flyers","2026-10-09T00:24:05.838Z","https://www.nhl.com/news/nhl-lineup-projections-2026-27-season","2026-10-08",1,"not_pregame",FALSE,NA,NA,NA,NA,NA,NA,NA
20262027,20262027,9,"OTT",8481596,"Shane","Pinto","Shane Pinto","F","current_roster",TRUE,"2026-10-09T00:24:06.764Z","2026-10-09_002225_37864428240_1_796d6190e100451eb678e03b9e473e8f",2026020059,"2026-10-08","2026-10-08T23:00:00Z","LIVE","Flyers","2026-10-09T00:24:05.838Z","https://www.nhl.com/news/nhl-lineup-projections-2026-27-season","2026-10-08",1,"not_pregame",FALSE,NA,NA,NA,NA,NA,NA,NA
20262027,20262027,9,"OTT",8482116,"Tim","Stützle","Tim Stützle","F","current_roster",TRUE,"2026-10-09T00:24:06.766Z","2026-10-09_002225_37864428240_1_796d6190e100451eb678e03b9e473e8f",2026020059,"2026-10-08","2026-10-08T23:00:00Z","LIVE","Flyers","2026-10-09T00:24:05.838Z","https://www.nhl.com/news/nhl-lineup-projections-2026-27-season","2026-10-08",1,"not_pregame",FALSE,NA,NA,NA,NA,NA,NA,NA
20262027,20262027,9,"OTT",8480188,"Fabian","Zetterlund","Fabian Zetterlund","F","current_roster",TRUE,"2026-10-09T00:24:06.767Z","2026-10-09_002225_37864428240_1_796d6190e100451eb678e03b9e473e8f",2026020059,"2026-10-08","2026-10-08T23:00:00Z","LIVE","Flyers","2026-10-09T00:24:05.838Z","https://www.nhl.com/news/nhl-lineup-projections-2026-27-season","2026-10-08",1,"not_pregame",FALSE,NA,NA,NA,NA,NA,NA,NA
20262027,20262027,9,"OTT",8478469,"Thomas","Chabot","Thomas Chabot","D","current_roster",TRUE,"2026-10-09T00:24:06.769Z","2026-10-09_002225_37864428240_1_796d6190e100451eb678e03b9e473e8f",2026020059,"2026-10-08","2026-10-08T23:00:00Z","LIVE","Flyers","2026-10-09T00:24:05.838Z","https://www.nhl.com/news/nhl-lineup-projections-2026-27-season","2026-10-08",1,"not_pregame",FALSE,NA,NA,NA,NA,NA,NA,NA
20262027,20262027,9,"OTT",8480075,"Cameron","Crotty","Cameron Crotty","D","current_roster",TRUE,"2026-10-09T00:24:06.771Z","2026-10-09_002225_37864428240_1_796d6190e100451eb678e03b9e473e8f",2026020059,"2026-10-08","2026-10-08T23:00:00Z","LIVE","Flyers","2026-10-09T00:24:05.838Z","https://www.nhl.com/news/nhl-lineup-projections-2026-27-season","2026-10-08",1,"not_pregame",FALSE,NA,NA,NA,NA,NA,NA,NA
20262027,20262027,9,"OTT",8482095,"Tyler","Kleven","Tyler Kleven","D","current_roster",TRUE,"2026-10-09T00:24:06.773Z","2026-10-09_002225_37864428240_1_796d6190e100451eb678e03b9e473e8f",2026020059,"2026-10-08","2026-10-08T23:00:00Z","LIVE","Flyers","2026-10-09T00:24:05.838Z","https://www.nhl.com/news/nhl-lineup-projections-2026-27-season","2026-10-08",1,"not_pregame",FALSE,NA,NA,NA,NA,NA,NA,NA
20262027,20262027,9,"OTT",8484321,"Nikolas","Matinpalo","Nikolas Matinpalo","D","current_roster",TRUE,"2026-10-09T00:24:06.775Z","2026-10-09_002225_37864428240_1_796d6190e100451eb678e03b9e473e8f",2026020059,"2026-10-08","2026-10-08T23:00:00Z","LIVE","Flyers","2026-10-09T00:24:05.838Z","https://www.nhl.com/news/nhl-lineup-projections-2026-27-season","2026-10-08",1,"not_pregame",FALSE,NA,NA,NA,NA,NA,NA,NA
20262027,20262027,9,"OTT",8482105,"Jake","Sanderson","Jake Sanderson","D","current_roster",TRUE,"2026-10-09T00:24:06.777Z","2026-10-09_002225_37864428240_1_796d6190e100451eb678e03b9e473e8f",2026020059,"2026-10-08","2026-10-08T23:00:00Z","LIVE","Flyers","2026-10-09T00:24:05.838Z","https://www.nhl.com/news/nhl-lineup-projections-2026-27-season","2026-10-08",1,"not_pregame",FALSE,NA,NA,NA,NA,NA,NA,NA
20262027,20262027,9,"OTT",8481606,"Jordan","Spence","Jordan Spence","D","current_roster",TRUE,"2026-10-09T00:24:06.778Z","2026-10-09_002225_37864428240_1_796d6190e100451eb678e03b9e473e8f",2026020059,"2026-10-08","2026-10-08T23:00:00Z","LIVE","Flyers","2026-10-09T00:24:05.838Z","https://www.nhl.com/news/nhl-lineup-projections-2026-27-season","2026-10-08",1,"not_pregame",FALSE,NA,NA,NA,NA,NA,NA,NA
20262027,20262027,9,"OTT",8484759,"Carter","Yakemchuk","Carter Yakemchuk","D","current_roster",TRUE,"2026-10-09T00:24:06.781Z","2026-10-09_002225_37864428240_1_796d6190e100451eb678e03b9e473e8f",2026020059,"2026-10-08","2026-10-08T23:00:00Z","LIVE","Flyers","2026-10-09T00:24:05.838Z","https://www.nhl.com/news/nhl-lineup-projections-2026-27-season","2026-10-08",1,"not_pregame",FALSE,NA,NA,NA,NA,NA,NA,NA
20262027,20262027,9,"OTT",8481035,"Samuel","Ersson","Samuel Ersson","G","current_roster",TRUE,"2026-10-09T00:24:06.785Z","2026-10-09_002225_37864428240_1_796d6190e100451eb678e03b9e473e8f",2026020059,"2026-10-08","2026-10-08T23:00:00Z","LIVE","Flyers","2026-10-09T00:24:05.838Z","https://www.nhl.com/news/nhl-lineup-projections-2026-27-season","2026-10-08",1,"not_pregame",FALSE,NA,NA,NA,NA,NA,NA,NA
20262027,20262027,9,"OTT",8476999,"Linus","Ullmark","Linus Ullmark","G","current_roster",TRUE,"2026-10-09T00:24:06.788Z","2026-10-09_002225_37864428240_1_796d6190e100451eb678e03b9e473e8f",2026020059,"2026-10-08","2026-10-08T23:00:00Z","LIVE","Flyers","2026-10-09T00:24:05.838Z","https://www.nhl.com/news/nhl-lineup-projections-2026-27-season","2026-10-08",1,"not_pregame",FALSE,NA,NA,NA,NA,NA,NA,NA
20262027,20262027,30,"MIN",8481557,"Matt","Boldy","Matt Boldy","F","current_roster",TRUE,"2026-10-09T00:24:07.567Z","2026-10-09_002225_37864428240_1_796d6190e100451eb678e03b9e473e8f",2026020060,"2026-10-08","2026-10-08T23:00:00Z","LIVE","Lightning","2026-10-09T00:24:05.838Z","https://www.nhl.com/news/nhl-lineup-projections-2026-27-season","2026-10-08",1,"not_pregame",FALSE,NA,NA,NA,NA,NA,NA,NA
20262027,20262027,30,"MIN",8481553,"Bobby","Brink","Bobby Brink","F","current_roster",TRUE,"2026-10-09T00:24:07.569Z","2026-10-09_002225_37864428240_1_796d6190e100451eb678e03b9e473e8f",2026020060,"2026-10-08","2026-10-08T23:00:00Z","LIVE","Lightning","2026-10-09T00:24:05.838Z","https://www.nhl.com/news/nhl-lineup-projections-2026-27-season","2026-10-08",1,"not_pregame",FALSE,NA,NA,NA,NA,NA,NA,NA
20262027,20262027,30,"MIN",8476399,"Blake","Coleman","Blake Coleman","F","current_roster",TRUE,"2026-10-09T00:24:07.571Z","2026-10-09_002225_37864428240_1_796d6190e100451eb678e03b9e473e8f",2026020060,"2026-10-08","2026-10-08T23:00:00Z","LIVE","Lightning","2026-10-09T00:24:05.838Z","https://www.nhl.com/news/nhl-lineup-projections-2026-27-season","2026-10-08",1,"not_pregame",FALSE,NA,NA,NA,NA,NA,NA,NA
20262027,20262027,30,"MIN",8478493,"Joel","Eriksson Ek","Joel Eriksson Ek","F","current_roster",TRUE,"2026-10-09T00:24:07.572Z","2026-10-09_002225_37864428240_1_796d6190e100451eb678e03b9e473e8f",2026020060,"2026-10-08","2026-10-08T23:00:00Z","LIVE","Lightning","2026-10-09T00:24:05.838Z","https://www.nhl.com/news/nhl-lineup-projections-2026-27-season","2026-10-08",1,"not_pregame",FALSE,NA,NA,NA,NA,NA,NA,NA
20262027,20262027,30,"MIN",8475220,"Marcus","Foligno","Marcus Foligno","F","current_roster",TRUE,"2026-10-09T00:24:07.575Z","2026-10-09_002225_37864428240_1_796d6190e100451eb678e03b9e473e8f",2026020060,"2026-10-08","2026-10-08T23:00:00Z","LIVE","Lightning","2026-10-09T00:24:05.838Z","https://www.nhl.com/news/nhl-lineup-projections-2026-27-season","2026-10-08",1,"not_pregame",FALSE,NA,NA,NA,NA,NA,NA,NA
20262027,20262027,30,"MIN",8473422,"Nick","Foligno","Nick Foligno","F","current_roster",TRUE,"2026-10-09T00:24:07.579Z","2026-10-09_002225_37864428240_1_796d6190e100451eb678e03b9e473e8f",2026020060,"2026-10-08","2026-10-08T23:00:00Z","LIVE","Lightning","2026-10-09T00:24:05.838Z","https://www.nhl.com/news/nhl-lineup-projections-2026-27-season","2026-10-08",1,"not_pregame",FALSE,NA,NA,NA,NA,NA,NA,NA
20262027,20262027,30,"MIN",8477451,"Ryan","Hartman","Ryan Hartman","F","current_roster",TRUE,"2026-10-09T00:24:07.582Z","2026-10-09_002225_37864428240_1_796d6190e100451eb678e03b9e473e8f",2026020060,"2026-10-08","2026-10-08T23:00:00Z","LIVE","Lightning","2026-10-09T00:24:05.838Z","https://www.nhl.com/news/nhl-lineup-projections-2026-27-season","2026-10-08",1,"not_pregame",FALSE,NA,NA,NA,NA,NA,NA,NA
20262027,20262027,30,"MIN",8478864,"Kirill","Kaprizov","Kirill Kaprizov","F","current_roster",TRUE,"2026-10-09T00:24:07.585Z","2026-10-09_002225_37864428240_1_796d6190e100451eb678e03b9e473e8f",2026020060,"2026-10-08","2026-10-08T23:00:00Z","LIVE","Lightning","2026-10-09T00:24:05.838Z","https://www.nhl.com/news/nhl-lineup-projections-2026-27-season","2026-10-08",1,"not_pregame",FALSE,NA,NA,NA,NA,NA,NA,NA
20262027,20262027,30,"MIN",8477446,"Michael","McCarron","Michael McCarron","F","current_roster",TRUE,"2026-10-09T00:24:07.586Z","2026-10-09_002225_37864428240_1_796d6190e100451eb678e03b9e473e8f",2026020060,"2026-10-08","2026-10-08T23:00:00Z","LIVE","Lightning","2026-10-09T00:24:05.838Z","https://www.nhl.com/news/nhl-lineup-projections-2026-27-season","2026-10-08",1,"not_pregame",FALSE,NA,NA,NA,NA,NA,NA,NA
20262027,20262027,30,"MIN",8475752,"Tyler","Pitlick","Tyler Pitlick","F","current_roster",TRUE,"2026-10-09T00:24:07.588Z","2026-10-09_002225_37864428240_1_796d6190e100451eb678e03b9e473e8f",2026020060,"2026-10-08","2026-10-08T23:00:00Z","LIVE","Lightning","2026-10-09T00:24:05.838Z","https://www.nhl.com/news/nhl-lineup-projections-2026-27-season","2026-10-08",1,"not_pregame",FALSE,NA,NA,NA,NA,NA,NA,NA
20262027,20262027,30,"MIN",8485702,"Maxim","Shabanov","Maxim Shabanov","F","current_roster",TRUE,"2026-10-09T00:24:07.590Z","2026-10-09_002225_37864428240_1_796d6190e100451eb678e03b9e473e8f",2026020060,"2026-10-08","2026-10-08T23:00:00Z","LIVE","Lightning","2026-10-09T00:24:05.838Z","https://www.nhl.com/news/nhl-lineup-projections-2026-27-season","2026-10-08",1,"not_pregame",FALSE,NA,NA,NA,NA,NA,NA,NA
20262027,20262027,30,"MIN",8481477,"Nico","Sturm","Nico Sturm","F","current_roster",TRUE,"2026-10-09T00:24:07.591Z","2026-10-09_002225_37864428240_1_796d6190e100451eb678e03b9e473e8f",2026020060,"2026-10-08","2026-10-08T23:00:00Z","LIVE","Lightning","2026-10-09T00:24:05.838Z","https://www.nhl.com/news/nhl-lineup-projections-2026-27-season","2026-10-08",1,"not_pregame",FALSE,NA,NA,NA,NA,NA,NA,NA
20262027,20262027,30,"MIN",8478508,"Yakov","Trenin","Yakov Trenin","F","current_roster",TRUE,"2026-10-09T00:24:07.593Z","2026-10-09_002225_37864428240_1_796d6190e100451eb678e03b9e473e8f",2026020060,"2026-10-08","2026-10-08T23:00:00Z","LIVE","Lightning","2026-10-09T00:24:05.838Z","https://www.nhl.com/news/nhl-lineup-projections-2026-27-season","2026-10-08",1,"not_pregame",FALSE,NA,NA,NA,NA,NA,NA,NA
20262027,20262027,30,"MIN",8483525,"Danila","Yurov","Danila Yurov","F","current_roster",TRUE,"2026-10-09T00:24:07.595Z","2026-10-09_002225_37864428240_1_796d6190e100451eb678e03b9e473e8f",2026020060,"2026-10-08","2026-10-08T23:00:00Z","LIVE","Lightning","2026-10-09T00:24:05.838Z","https://www.nhl.com/news/nhl-lineup-projections-2026-27-season","2026-10-08",1,"not_pregame",FALSE,NA,NA,NA,NA,NA,NA,NA
20262027,20262027,30,"MIN",8474567,"Zach","Bogosian","Zach Bogosian","D","current_roster",TRUE,"2026-10-09T00:24:07.597Z","2026-10-09_002225_37864428240_1_796d6190e100451eb678e03b9e473e8f",2026020060,"2026-10-08","2026-10-08T23:00:00Z","LIVE","Lightning","2026-10-09T00:24:05.838Z","https://www.nhl.com/news/nhl-lineup-projections-2026-27-season","2026-10-08",1,"not_pregame",FALSE,NA,NA,NA,NA,NA,NA,NA
20262027,20262027,30,"MIN",8476463,"Jonas","Brodin","Jonas Brodin","D","current_roster",TRUE,"2026-10-09T00:24:07.599Z","2026-10-09_002225_37864428240_1_796d6190e100451eb678e03b9e473e8f",2026020060,"2026-10-08","2026-10-08T23:00:00Z","LIVE","Lightning","2026-10-09T00:24:05.838Z","https://www.nhl.com/news/nhl-lineup-projections-2026-27-season","2026-10-08",1,"not_pregame",FALSE,NA,NA,NA,NA,NA,NA,NA
20262027,20262027,30,"MIN",8482122,"Brock","Faber","Brock Faber","D","current_roster",TRUE,"2026-10-09T00:24:07.600Z","2026-10-09_002225_37864428240_1_796d6190e100451eb678e03b9e473e8f",2026020060,"2026-10-08","2026-10-08T23:00:00Z","LIVE","Lightning","2026-10-09T00:24:05.838Z","https://www.nhl.com/news/nhl-lineup-projections-2026-27-season","2026-10-08",1,"not_pregame",FALSE,NA,NA,NA,NA,NA,NA,NA
20262027,20262027,30,"MIN",8486166,"Viking","Gustafsson Nyberg","Viking Gustafsson Nyberg","D","current_roster",TRUE,"2026-10-09T00:24:07.602Z","2026-10-09_002225_37864428240_1_796d6190e100451eb678e03b9e473e8f",2026020060,"2026-10-08","2026-10-08T23:00:00Z","LIVE","Lightning","2026-10-09T00:24:05.838Z","https://www.nhl.com/news/nhl-lineup-projections-2026-27-season","2026-10-08",1,"not_pregame",FALSE,NA,NA,NA,NA,NA,NA,NA
20262027,20262027,30,"MIN",8480800,"Quinn","Hughes","Quinn Hughes","D","current_roster",TRUE,"2026-10-09T00:24:07.604Z","2026-10-09_002225_37864428240_1_796d6190e100451eb678e03b9e473e8f",2026020060,"2026-10-08","2026-10-08T23:00:00Z","LIVE","Lightning","2026-10-09T00:24:05.838Z","https://www.nhl.com/news/nhl-lineup-projections-2026-27-season","2026-10-08",1,"not_pregame",FALSE,NA,NA,NA,NA,NA,NA,NA
20262027,20262027,30,"MIN",8482094,"Daemon","Hunt","Daemon Hunt","D","current_roster",TRUE,"2026-10-09T00:24:07.606Z","2026-10-09_002225_37864428240_1_796d6190e100451eb678e03b9e473e8f",2026020060,"2026-10-08","2026-10-08T23:00:00Z","LIVE","Lightning","2026-10-09T00:24:05.838Z","https://www.nhl.com/news/nhl-lineup-projections-2026-27-season","2026-10-08",1,"not_pregame",FALSE,NA,NA,NA,NA,NA,NA,NA
20262027,20262027,30,"MIN",8476874,"Olli","Maatta","Olli Maatta","D","current_roster",TRUE,"2026-10-09T00:24:07.607Z","2026-10-09_002225_37864428240_1_796d6190e100451eb678e03b9e473e8f",2026020060,"2026-10-08","2026-10-08T23:00:00Z","LIVE","Lightning","2026-10-09T00:24:05.838Z","https://www.nhl.com/news/nhl-lineup-projections-2026-27-season","2026-10-08",1,"not_pregame",FALSE,NA,NA,NA,NA,NA,NA,NA
20262027,20262027,30,"MIN",8483766,"David","Spacek","David Spacek","D","current_roster",TRUE,"2026-10-09T00:24:07.609Z","2026-10-09_002225_37864428240_1_796d6190e100451eb678e03b9e473e8f",2026020060,"2026-10-08","2026-10-08T23:00:00Z","LIVE","Lightning","2026-10-09T00:24:05.838Z","https://www.nhl.com/news/nhl-lineup-projections-2026-27-season","2026-10-08",1,"not_pregame",FALSE,NA,NA,NA,NA,NA,NA,NA
20262027,20262027,30,"MIN",8474716,"Jared","Spurgeon","Jared Spurgeon","D","current_roster",TRUE,"2026-10-09T00:24:07.611Z","2026-10-09_002225_37864428240_1_796d6190e100451eb678e03b9e473e8f",2026020060,"2026-10-08","2026-10-08T23:00:00Z","LIVE","Lightning","2026-10-09T00:24:05.838Z","https://www.nhl.com/news/nhl-lineup-projections-2026-27-season","2026-10-08",1,"not_pregame",FALSE,NA,NA,NA,NA,NA,NA,NA
20262027,20262027,30,"MIN",8475717,"Calvin","Pickard","Calvin Pickard","G","current_roster",TRUE,"2026-10-09T00:24:07.613Z","2026-10-09_002225_37864428240_1_796d6190e100451eb678e03b9e473e8f",2026020060,"2026-10-08","2026-10-08T23:00:00Z","LIVE","Lightning","2026-10-09T00:24:05.838Z","https://www.nhl.com/news/nhl-lineup-projections-2026-27-season","2026-10-08",1,"not_pregame",FALSE,NA,NA,NA,NA,NA,NA,NA
20262027,20262027,30,"MIN",8482661,"Jesper","Wallstedt","Jesper Wallstedt","G","current_roster",TRUE,"2026-10-09T00:24:07.615Z","2026-10-09_002225_37864428240_1_796d6190e100451eb678e03b9e473e8f",2026020060,"2026-10-08","2026-10-08T23:00:00Z","LIVE","Lightning","2026-10-09T00:24:05.838Z","https://www.nhl.com/news/nhl-lineup-projections-2026-27-season","2026-10-08",1,"not_pregame",FALSE,NA,NA,NA,NA,NA,NA,NA
20262027,20262027,14,"TBL",8478519,"Anthony","Cirelli","Anthony Cirelli","F","current_roster",TRUE,"2026-10-09T00:24:07.452Z","2026-10-09_002225_37864428240_1_796d6190e100451eb678e03b9e473e8f",2026020060,"2026-10-08","2026-10-08T23:00:00Z","LIVE","Wild","2026-10-09T00:24:05.838Z","https://www.nhl.com/news/nhl-lineup-projections-2026-27-season","2026-10-08",1,"not_pregame",FALSE,NA,NA,NA,NA,NA,NA,NA
20262027,20262027,14,"TBL",8483447,"Conor","Geekie","Conor Geekie","F","current_roster",TRUE,"2026-10-09T00:24:07.456Z","2026-10-09_002225_37864428240_1_796d6190e100451eb678e03b9e473e8f",2026020060,"2026-10-08","2026-10-08T23:00:00Z","LIVE","Wild","2026-10-09T00:24:05.838Z","https://www.nhl.com/news/nhl-lineup-projections-2026-27-season","2026-10-08",1,"not_pregame",FALSE,NA,NA,NA,NA,NA,NA,NA
20262027,20262027,14,"TBL",8476878,"Zemgus","Girgensons","Zemgus Girgensons","F","current_roster",TRUE,"2026-10-09T00:24:07.458Z","2026-10-09_002225_37864428240_1_796d6190e100451eb678e03b9e473e8f",2026020060,"2026-10-08","2026-10-08T23:00:00Z","LIVE","Wild","2026-10-09T00:24:05.838Z","https://www.nhl.com/news/nhl-lineup-projections-2026-27-season","2026-10-08",1,"not_pregame",FALSE,NA,NA,NA,NA,NA,NA,NA
20262027,20262027,14,"TBL",8482201,"Gage","Goncalves","Gage Goncalves","F","current_roster",TRUE,"2026-10-09T00:24:07.460Z","2026-10-09_002225_37864428240_1_796d6190e100451eb678e03b9e473e8f",2026020060,"2026-10-08","2026-10-08T23:00:00Z","LIVE","Wild","2026-10-09T00:24:05.838Z","https://www.nhl.com/news/nhl-lineup-projections-2026-27-season","2026-10-08",1,"not_pregame",FALSE,NA,NA,NA,NA,NA,NA,NA
20262027,20262027,14,"TBL",8476826,"Yanni","Gourde","Yanni Gourde","F","current_roster",TRUE,"2026-10-09T00:24:07.462Z","2026-10-09_002225_37864428240_1_796d6190e100451eb678e03b9e473e8f",2026020060,"2026-10-08","2026-10-08T23:00:00Z","LIVE","Wild","2026-10-09T00:24:05.838Z","https://www.nhl.com/news/nhl-lineup-projections-2026-27-season","2026-10-08",1,"not_pregame",FALSE,NA,NA,NA,NA,NA,NA,NA
20262027,20262027,14,"TBL",8477404,"Jake","Guentzel","Jake Guentzel","F","current_roster",TRUE,"2026-10-09T00:24:07.466Z","2026-10-09_002225_37864428240_1_796d6190e100451eb678e03b9e473e8f",2026020060,"2026-10-08","2026-10-08T23:00:00Z","LIVE","Wild","2026-10-09T00:24:05.838Z","https://www.nhl.com/news/nhl-lineup-projections-2026-27-season","2026-10-08",1,"not_pregame",FALSE,NA,NA,NA,NA,NA,NA,NA
20262027,20262027,14,"TBL",8479542,"Brandon","Hagel","Brandon Hagel","F","current_roster",TRUE,"2026-10-09T00:24:07.468Z","2026-10-09_002225_37864428240_1_796d6190e100451eb678e03b9e473e8f",2026020060,"2026-10-08","2026-10-08T23:00:00Z","LIVE","Wild","2026-10-09T00:24:05.838Z","https://www.nhl.com/news/nhl-lineup-projections-2026-27-season","2026-10-08",1,"not_pregame",FALSE,NA,NA,NA,NA,NA,NA,NA
20262027,20262027,14,"TBL",8480995,"Pontus","Holmberg","Pontus Holmberg","F","current_roster",TRUE,"2026-10-09T00:24:07.469Z","2026-10-09_002225_37864428240_1_796d6190e100451eb678e03b9e473e8f",2026020060,"2026-10-08","2026-10-08T23:00:00Z","LIVE","Wild","2026-10-09T00:24:05.838Z","https://www.nhl.com/news/nhl-lineup-projections-2026-27-season","2026-10-08",1,"not_pregame",FALSE,NA,NA,NA,NA,NA,NA,NA
20262027,20262027,14,"TBL",8483752,"Dominic","James","Dominic James","F","current_roster",TRUE,"2026-10-09T00:24:07.471Z","2026-10-09_002225_37864428240_1_796d6190e100451eb678e03b9e473e8f",2026020060,"2026-10-08","2026-10-08T23:00:00Z","LIVE","Wild","2026-10-09T00:24:05.838Z","https://www.nhl.com/news/nhl-lineup-projections-2026-27-season","2026-10-08",1,"not_pregame",FALSE,NA,NA,NA,NA,NA,NA,NA
20262027,20262027,14,"TBL",8476453,"Nikita","Kucherov","Nikita Kucherov","F","current_roster",TRUE,"2026-10-09T00:24:07.473Z","2026-10-09_002225_37864428240_1_796d6190e100451eb678e03b9e473e8f",2026020060,"2026-10-08","2026-10-08T23:00:00Z","LIVE","Wild","2026-10-09T00:24:05.838Z","https://www.nhl.com/news/nhl-lineup-projections-2026-27-season","2026-10-08",1,"not_pregame",FALSE,NA,NA,NA,NA,NA,NA,NA
20262027,20262027,14,"TBL",8481624,"Ilya","Mikheyev","Ilya Mikheyev","F","current_roster",TRUE,"2026-10-09T00:24:07.476Z","2026-10-09_002225_37864428240_1_796d6190e100451eb678e03b9e473e8f",2026020060,"2026-10-08","2026-10-08T23:00:00Z","LIVE","Wild","2026-10-09T00:24:05.838Z","https://www.nhl.com/news/nhl-lineup-projections-2026-27-season","2026-10-08",1,"not_pregame",FALSE,NA,NA,NA,NA,NA,NA,NA
20262027,20262027,14,"TBL",8478010,"Brayden","Point","Brayden Point","F","current_roster",TRUE,"2026-10-09T00:24:07.478Z","2026-10-09_002225_37864428240_1_796d6190e100451eb678e03b9e473e8f",2026020060,"2026-10-08","2026-10-08T23:00:00Z","LIVE","Wild","2026-10-09T00:24:05.838Z","https://www.nhl.com/news/nhl-lineup-projections-2026-27-season","2026-10-08",1,"not_pregame",FALSE,NA,NA,NA,NA,NA,NA,NA
20262027,20262027,14,"TBL",8477149,"Scott","Sabourin","Scott Sabourin","F","current_roster",TRUE,"2026-10-09T00:24:07.480Z","2026-10-09_002225_37864428240_1_796d6190e100451eb678e03b9e473e8f",2026020060,"2026-10-08","2026-10-08T23:00:00Z","LIVE","Wild","2026-10-09T00:24:05.838Z","https://www.nhl.com/news/nhl-lineup-projections-2026-27-season","2026-10-08",1,"not_pregame",FALSE,NA,NA,NA,NA,NA,NA,NA
20262027,20262027,14,"TBL",8479705,"Jeffrey","Viel","Jeffrey Viel","F","current_roster",TRUE,"2026-10-09T00:24:07.482Z","2026-10-09_002225_37864428240_1_796d6190e100451eb678e03b9e473e8f",2026020060,"2026-10-08","2026-10-08T23:00:00Z","LIVE","Wild","2026-10-09T00:24:05.838Z","https://www.nhl.com/news/nhl-lineup-projections-2026-27-season","2026-10-08",1,"not_pregame",FALSE,NA,NA,NA,NA,NA,NA,NA
20262027,20262027,14,"TBL",8474590,"John","Carlson","John Carlson","D","current_roster",TRUE,"2026-10-09T00:24:07.485Z","2026-10-09_002225_37864428240_1_796d6190e100451eb678e03b9e473e8f",2026020060,"2026-10-08","2026-10-08T23:00:00Z","LIVE","Wild","2026-10-09T00:24:05.838Z","https://www.nhl.com/news/nhl-lineup-projections-2026-27-season","2026-10-08",1,"not_pregame",FALSE,NA,NA,NA,NA,NA,NA,NA
20262027,20262027,14,"TBL",8478416,"Erik","Cernak","Erik Cernak","D","current_roster",TRUE,"2026-10-09T00:24:07.488Z","2026-10-09_002225_37864428240_1_796d6190e100451eb678e03b9e473e8f",2026020060,"2026-10-08","2026-10-08T23:00:00Z","LIVE","Wild","2026-10-09T00:24:05.838Z","https://www.nhl.com/news/nhl-lineup-projections-2026-27-season","2026-10-08",1,"not_pregame",FALSE,NA,NA,NA,NA,NA,NA,NA
20262027,20262027,14,"TBL",8481719,"Max","Crozier","Max Crozier","D","current_roster",TRUE,"2026-10-09T00:24:07.494Z","2026-10-09_002225_37864428240_1_796d6190e100451eb678e03b9e473e8f",2026020060,"2026-10-08","2026-10-08T23:00:00Z","LIVE","Wild","2026-10-09T00:24:05.838Z","https://www.nhl.com/news/nhl-lineup-projections-2026-27-season","2026-10-08",1,"not_pregame",FALSE,NA,NA,NA,NA,NA,NA,NA
20262027,20262027,14,"TBL",8480426,"Charle-Edouard","D'Astous","Charle-Edouard D'Astous","D","current_roster",TRUE,"2026-10-09T00:24:07.495Z","2026-10-09_002225_37864428240_1_796d6190e100451eb678e03b9e473e8f",2026020060,"2026-10-08","2026-10-08T23:00:00Z","LIVE","Wild","2026-10-09T00:24:05.838Z","https://www.nhl.com/news/nhl-lineup-projections-2026-27-season","2026-10-08",1,"not_pregame",FALSE,NA,NA,NA,NA,NA,NA,NA
20262027,20262027,14,"TBL",8475167,"Victor","Hedman","Victor Hedman","D","current_roster",TRUE,"2026-10-09T00:24:07.497Z","2026-10-09_002225_37864428240_1_796d6190e100451eb678e03b9e473e8f",2026020060,"2026-10-08","2026-10-08T23:00:00Z","LIVE","Wild","2026-10-09T00:24:05.838Z","https://www.nhl.com/news/nhl-lineup-projections-2026-27-season","2026-10-08",1,"not_pregame",FALSE,NA,NA,NA,NA,NA,NA,NA
20262027,20262027,14,"TBL",8482929,"Emil","Lilleberg","Emil Lilleberg","D","current_roster",TRUE,"2026-10-09T00:24:07.499Z","2026-10-09_002225_37864428240_1_796d6190e100451eb678e03b9e473e8f",2026020060,"2026-10-08","2026-10-08T23:00:00Z","LIVE","Wild","2026-10-09T00:24:05.838Z","https://www.nhl.com/news/nhl-lineup-projections-2026-27-season","2026-10-08",1,"not_pregame",FALSE,NA,NA,NA,NA,NA,NA,NA
20262027,20262027,14,"TBL",8474151,"Ryan","McDonagh","Ryan McDonagh","D","current_roster",TRUE,"2026-10-09T00:24:07.500Z","2026-10-09_002225_37864428240_1_796d6190e100451eb678e03b9e473e8f",2026020060,"2026-10-08","2026-10-08T23:00:00Z","LIVE","Wild","2026-10-09T00:24:05.838Z","https://www.nhl.com/news/nhl-lineup-projections-2026-27-season","2026-10-08",1,"not_pregame",FALSE,NA,NA,NA,NA,NA,NA,NA
20262027,20262027,14,"TBL",8482655,"J.J.","Moser","J.J. Moser","D","current_roster",TRUE,"2026-10-09T00:24:07.502Z","2026-10-09_002225_37864428240_1_796d6190e100451eb678e03b9e473e8f",2026020060,"2026-10-08","2026-10-08T23:00:00Z","LIVE","Wild","2026-10-09T00:24:05.838Z","https://www.nhl.com/news/nhl-lineup-projections-2026-27-season","2026-10-08",1,"not_pregame",FALSE,NA,NA,NA,NA,NA,NA,NA
20262027,20262027,14,"TBL",8483710,"Dennis","Hildeby","Dennis Hildeby","G","current_roster",TRUE,"2026-10-09T00:24:07.504Z","2026-10-09_002225_37864428240_1_796d6190e100451eb678e03b9e473e8f",2026020060,"2026-10-08","2026-10-08T23:00:00Z","LIVE","Wild","2026-10-09T00:24:05.838Z","https://www.nhl.com/news/nhl-lineup-projections-2026-27-season","2026-10-08",1,"not_pregame",FALSE,NA,NA,NA,NA,NA,NA,NA
20262027,20262027,14,"TBL",8476883,"Andrei","Vasilevskiy","Andrei Vasilevskiy","G","current_roster",TRUE,"2026-10-09T00:24:07.506Z","2026-10-09_002225_37864428240_1_796d6190e100451eb678e03b9e473e8f",2026020060,"2026-10-08","2026-10-08T23:00:00Z","LIVE","Wild","2026-10-09T00:24:05.838Z","https://www.nhl.com/news/nhl-lineup-projections-2026-27-season","2026-10-08",1,"not_pregame",FALSE,NA,NA,NA,NA,NA,NA,NA
20262027,20262027,23,"VAN",8483395,"Arshdeep","Bains","Arshdeep Bains","F","current_roster",TRUE,"2026-10-09T00:24:07.706Z","2026-10-09_002225_37864428240_1_796d6190e100451eb678e03b9e473e8f",2026020061,"2026-10-08","2026-10-08T23:00:00Z","LIVE","Hurricanes","2026-10-09T00:24:05.838Z","https://www.nhl.com/news/nhl-lineup-projections-2026-27-season","2026-10-08",1,"not_pregame",FALSE,NA,NA,NA,NA,NA,NA,NA
20262027,20262027,23,"VAN",8478444,"Brock","Boeser","Brock Boeser","F","current_roster",TRUE,"2026-10-09T00:24:07.707Z","2026-10-09_002225_37864428240_1_796d6190e100451eb678e03b9e473e8f",2026020061,"2026-10-08","2026-10-08T23:00:00Z","LIVE","Hurricanes","2026-10-09T00:24:05.838Z","https://www.nhl.com/news/nhl-lineup-projections-2026-27-season","2026-10-08",1,"not_pregame",FALSE,NA,NA,NA,NA,NA,NA,NA
20262027,20262027,23,"VAN",8480078,"Filip","Chytil","Filip Chytil","F","current_roster",TRUE,"2026-10-09T00:24:07.709Z","2026-10-09_002225_37864428240_1_796d6190e100451eb678e03b9e473e8f",2026020061,"2026-10-08","2026-10-08T23:00:00Z","LIVE","Hurricanes","2026-10-09T00:24:05.838Z","https://www.nhl.com/news/nhl-lineup-projections-2026-27-season","2026-10-08",1,"not_pregame",FALSE,NA,NA,NA,NA,NA,NA,NA
20262027,20262027,23,"VAN",8481032,"Paul","Cotter","Paul Cotter","F","current_roster",TRUE,"2026-10-09T00:24:07.710Z","2026-10-09_002225_37864428240_1_796d6190e100451eb678e03b9e473e8f",2026020061,"2026-10-08","2026-10-08T23:00:00Z","LIVE","Hurricanes","2026-10-09T00:24:05.838Z","https://www.nhl.com/news/nhl-lineup-projections-2026-27-season","2026-10-08",1,"not_pregame",FALSE,NA,NA,NA,NA,NA,NA,NA
20262027,20262027,23,"VAN",8478498,"Jake","DeBrusk","Jake DeBrusk","F","current_roster",TRUE,"2026-10-09T00:24:07.712Z","2026-10-09_002225_37864428240_1_796d6190e100451eb678e03b9e473e8f",2026020061,"2026-10-08","2026-10-08T23:00:00Z","LIVE","Hurricanes","2026-10-09T00:24:05.838Z","https://www.nhl.com/news/nhl-lineup-projections-2026-27-season","2026-10-08",1,"not_pregame",FALSE,NA,NA,NA,NA,NA,NA,NA
20262027,20262027,23,"VAN",8475848,"Brendan","Gallagher","Brendan Gallagher","F","current_roster",TRUE,"2026-10-09T00:24:07.714Z","2026-10-09_002225_37864428240_1_796d6190e100451eb678e03b9e473e8f",2026020061,"2026-10-08","2026-10-08T23:00:00Z","LIVE","Hurricanes","2026-10-09T00:24:05.838Z","https://www.nhl.com/news/nhl-lineup-projections-2026-27-season","2026-10-08",1,"not_pregame",FALSE,NA,NA,NA,NA,NA,NA,NA
20262027,20262027,23,"VAN",8481024,"Linus","Karlsson","Linus Karlsson","F","current_roster",TRUE,"2026-10-09T00:24:07.715Z","2026-10-09_002225_37864428240_1_796d6190e100451eb678e03b9e473e8f",2026020061,"2026-10-08","2026-10-08T23:00:00Z","LIVE","Hurricanes","2026-10-09T00:24:05.838Z","https://www.nhl.com/news/nhl-lineup-projections-2026-27-season","2026-10-08",1,"not_pregame",FALSE,NA,NA,NA,NA,NA,NA,NA
20262027,20262027,23,"VAN",8483476,"Jonathan","Lekkerimäki","Jonathan Lekkerimäki","F","current_roster",TRUE,"2026-10-09T00:24:07.717Z","2026-10-09_002225_37864428240_1_796d6190e100451eb678e03b9e473e8f",2026020061,"2026-10-08","2026-10-08T23:00:00Z","LIVE","Hurricanes","2026-10-09T00:24:05.838Z","https://www.nhl.com/news/nhl-lineup-projections-2026-27-season","2026-10-08",1,"not_pregame",FALSE,NA,NA,NA,NA,NA,NA,NA
20262027,20262027,23,"VAN",8482055,"Drew","O'Connor","Drew O'Connor","F","current_roster",TRUE,"2026-10-09T00:24:07.718Z","2026-10-09_002225_37864428240_1_796d6190e100451eb678e03b9e473e8f",2026020061,"2026-10-08","2026-10-08T23:00:00Z","LIVE","Hurricanes","2026-10-09T00:24:05.838Z","https://www.nhl.com/news/nhl-lineup-projections-2026-27-season","2026-10-08",1,"not_pregame",FALSE,NA,NA,NA,NA,NA,NA,NA
20262027,20262027,23,"VAN",8483499,"Liam","Ohgren","Liam Ohgren","F","current_roster",TRUE,"2026-10-09T00:24:07.719Z","2026-10-09_002225_37864428240_1_796d6190e100451eb678e03b9e473e8f",2026020061,"2026-10-08","2026-10-08T23:00:00Z","LIVE","Hurricanes","2026-10-09T00:24:05.838Z","https://www.nhl.com/news/nhl-lineup-projections-2026-27-season","2026-10-08",1,"not_pregame",FALSE,NA,NA,NA,NA,NA,NA,NA
20262027,20262027,23,"VAN",8480012,"Elias","Pettersson","Elias Pettersson","F","current_roster",TRUE,"2026-10-09T00:24:07.721Z","2026-10-09_002225_37864428240_1_796d6190e100451eb678e03b9e473e8f",2026020061,"2026-10-08","2026-10-08T23:00:00Z","LIVE","Hurricanes","2026-10-09T00:24:05.838Z","https://www.nhl.com/news/nhl-lineup-projections-2026-27-season","2026-10-08",1,"not_pregame",FALSE,NA,NA,NA,NA,NA,NA,NA
20262027,20262027,23,"VAN",8482691,"Aatu","Räty","Aatu Räty","F","current_roster",TRUE,"2026-10-09T00:24:07.722Z","2026-10-09_002225_37864428240_1_796d6190e100451eb678e03b9e473e8f",2026020061,"2026-10-08","2026-10-08T23:00:00Z","LIVE","Hurricanes","2026-10-09T00:24:05.838Z","https://www.nhl.com/news/nhl-lineup-projections-2026-27-season","2026-10-08",1,"not_pregame",FALSE,NA,NA,NA,NA,NA,NA,NA
20262027,20262027,23,"VAN",8482079,"Marco","Rossi","Marco Rossi","F","current_roster",TRUE,"2026-10-09T00:24:07.727Z","2026-10-09_002225_37864428240_1_796d6190e100451eb678e03b9e473e8f",2026020061,"2026-10-08","2026-10-08T23:00:00Z","LIVE","Hurricanes","2026-10-09T00:24:05.838Z","https://www.nhl.com/news/nhl-lineup-projections-2026-27-season","2026-10-08",1,"not_pregame",FALSE,NA,NA,NA,NA,NA,NA,NA
20262027,20262027,23,"VAN",8484136,"Max","Sasson","Max Sasson","F","current_roster",TRUE,"2026-10-09T00:24:07.728Z","2026-10-09_002225_37864428240_1_796d6190e100451eb678e03b9e473e8f",2026020061,"2026-10-08","2026-10-08T23:00:00Z","LIVE","Hurricanes","2026-10-09T00:24:05.838Z","https://www.nhl.com/news/nhl-lineup-projections-2026-27-season","2026-10-08",1,"not_pregame",FALSE,NA,NA,NA,NA,NA,NA,NA
20262027,20262027,23,"VAN",8478465,"Guillaume","Brisebois","Guillaume Brisebois","D","current_roster",TRUE,"2026-10-09T00:24:07.730Z","2026-10-09_002225_37864428240_1_796d6190e100451eb678e03b9e473e8f",2026020061,"2026-10-08","2026-10-08T23:00:00Z","LIVE","Hurricanes","2026-10-09T00:24:05.838Z","https://www.nhl.com/news/nhl-lineup-projections-2026-27-season","2026-10-08",1,"not_pregame",FALSE,NA,NA,NA,NA,NA,NA,NA
20262027,20262027,23,"VAN",8484798,"Zeev","Buium","Zeev Buium","D","current_roster",TRUE,"2026-10-09T00:24:07.731Z","2026-10-09_002225_37864428240_1_796d6190e100451eb678e03b9e473e8f",2026020061,"2026-10-08","2026-10-08T23:00:00Z","LIVE","Hurricanes","2026-10-09T00:24:05.838Z","https://www.nhl.com/news/nhl-lineup-projections-2026-27-season","2026-10-08",1,"not_pregame",FALSE,NA,NA,NA,NA,NA,NA,NA
20262027,20262027,23,"VAN",8479425,"Filip","Hronek","Filip Hronek","D","current_roster",TRUE,"2026-10-09T00:24:07.733Z","2026-10-09_002225_37864428240_1_796d6190e100451eb678e03b9e473e8f",2026020061,"2026-10-08","2026-10-08T23:00:00Z","LIVE","Hurricanes","2026-10-09T00:24:05.838Z","https://www.nhl.com/news/nhl-lineup-projections-2026-27-season","2026-10-08",1,"not_pregame",FALSE,NA,NA,NA,NA,NA,NA,NA
20262027,20262027,23,"VAN",8483768,"Victor","Mancini","Victor Mancini","D","current_roster",TRUE,"2026-10-09T00:24:07.734Z","2026-10-09_002225_37864428240_1_796d6190e100451eb678e03b9e473e8f",2026020061,"2026-10-08","2026-10-08T23:00:00Z","LIVE","Hurricanes","2026-10-09T00:24:05.838Z","https://www.nhl.com/news/nhl-lineup-projections-2026-27-season","2026-10-08",1,"not_pregame",FALSE,NA,NA,NA,NA,NA,NA,NA
20262027,20262027,23,"VAN",8476467,"Jamie","Oleksiak","Jamie Oleksiak","D","current_roster",TRUE,"2026-10-09T00:24:07.736Z","2026-10-09_002225_37864428240_1_796d6190e100451eb678e03b9e473e8f",2026020061,"2026-10-08","2026-10-08T23:00:00Z","LIVE","Hurricanes","2026-10-09T00:24:05.838Z","https://www.nhl.com/news/nhl-lineup-projections-2026-27-season","2026-10-08",1,"not_pregame",FALSE,NA,NA,NA,NA,NA,NA,NA
20262027,20262027,23,"VAN",8483678,"Elias","Pettersson","Elias Pettersson","D","current_roster",TRUE,"2026-10-09T00:24:07.737Z","2026-10-09_002225_37864428240_1_796d6190e100451eb678e03b9e473e8f",2026020061,"2026-10-08","2026-10-08T23:00:00Z","LIVE","Hurricanes","2026-10-09T00:24:05.838Z","https://www.nhl.com/news/nhl-lineup-projections-2026-27-season","2026-10-08",1,"not_pregame",FALSE,NA,NA,NA,NA,NA,NA,NA
20262027,20262027,23,"VAN",8474568,"Luke","Schenn","Luke Schenn","D","current_roster",TRUE,"2026-10-09T00:24:07.739Z","2026-10-09_002225_37864428240_1_796d6190e100451eb678e03b9e473e8f",2026020061,"2026-10-08","2026-10-08T23:00:00Z","LIVE","Hurricanes","2026-10-09T00:24:05.838Z","https://www.nhl.com/news/nhl-lineup-projections-2026-27-season","2026-10-08",1,"not_pregame",FALSE,NA,NA,NA,NA,NA,NA,NA
20262027,20262027,23,"VAN",8484240,"Tom","Willander","Tom Willander","D","current_roster",TRUE,"2026-10-09T00:24:07.740Z","2026-10-09_002225_37864428240_1_796d6190e100451eb678e03b9e473e8f",2026020061,"2026-10-08","2026-10-08T23:00:00Z","LIVE","Hurricanes","2026-10-09T00:24:05.838Z","https://www.nhl.com/news/nhl-lineup-projections-2026-27-season","2026-10-08",1,"not_pregame",FALSE,NA,NA,NA,NA,NA,NA,NA
20262027,20262027,23,"VAN",8477967,"Thatcher","Demko","Thatcher Demko","G","current_roster",TRUE,"2026-10-09T00:24:07.742Z","2026-10-09_002225_37864428240_1_796d6190e100451eb678e03b9e473e8f",2026020061,"2026-10-08","2026-10-08T23:00:00Z","LIVE","Hurricanes","2026-10-09T00:24:05.838Z","https://www.nhl.com/news/nhl-lineup-projections-2026-27-season","2026-10-08",1,"not_pregame",FALSE,NA,NA,NA,NA,NA,NA,NA
20262027,20262027,23,"VAN",8480947,"Kevin","Lankinen","Kevin Lankinen","G","current_roster",TRUE,"2026-10-09T00:24:07.744Z","2026-10-09_002225_37864428240_1_796d6190e100451eb678e03b9e473e8f",2026020061,"2026-10-08","2026-10-08T23:00:00Z","LIVE","Hurricanes","2026-10-09T00:24:05.838Z","https://www.nhl.com/news/nhl-lineup-projections-2026-27-season","2026-10-08",1,"not_pregame",FALSE,NA,NA,NA,NA,NA,NA,NA
20262027,20262027,23,"VAN",8482447,"Leevi","Meriläinen","Leevi Meriläinen","G","current_roster",TRUE,"2026-10-09T00:24:07.745Z","2026-10-09_002225_37864428240_1_796d6190e100451eb678e03b9e473e8f",2026020061,"2026-10-08","2026-10-08T23:00:00Z","LIVE","Hurricanes","2026-10-09T00:24:05.838Z","https://www.nhl.com/news/nhl-lineup-projections-2026-27-season","2026-10-08",1,"not_pregame",FALSE,NA,NA,NA,NA,NA,NA,NA
20262027,20262027,12,"CAR",8478427,"Sebastian","Aho","Sebastian Aho","F","current_roster",TRUE,"2026-10-09T00:24:06.564Z","2026-10-09_002225_37864428240_1_796d6190e100451eb678e03b9e473e8f",2026020061,"2026-10-08","2026-10-08T23:00:00Z","LIVE","Canucks","2026-10-09T00:24:05.838Z","https://www.nhl.com/news/nhl-lineup-projections-2026-27-season","2026-10-08",1,"not_pregame",FALSE,NA,NA,NA,NA,NA,NA,NA
20262027,20262027,12,"CAR",8482809,"Jackson","Blake","Jackson Blake","F","current_roster",TRUE,"2026-10-09T00:24:06.567Z","2026-10-09_002225_37864428240_1_796d6190e100451eb678e03b9e473e8f",2026020061,"2026-10-08","2026-10-08T23:00:00Z","LIVE","Canucks","2026-10-09T00:24:05.838Z","https://www.nhl.com/news/nhl-lineup-projections-2026-27-season","2026-10-08",1,"not_pregame",FALSE,NA,NA,NA,NA,NA,NA,NA
20262027,20262027,12,"CAR",8477478,"William","Carrier","William Carrier","F","current_roster",TRUE,"2026-10-09T00:24:06.573Z","2026-10-09_002225_37864428240_1_796d6190e100451eb678e03b9e473e8f",2026020061,"2026-10-08","2026-10-08T23:00:00Z","LIVE","Canucks","2026-10-09T00:24:05.838Z","https://www.nhl.com/news/nhl-lineup-projections-2026-27-season","2026-10-08",1,"not_pregame",FALSE,NA,NA,NA,NA,NA,NA,NA
20262027,20262027,12,"CAR",8475235,"Nicolas","Deslauriers","Nicolas Deslauriers","F","current_roster",TRUE,"2026-10-09T00:24:06.576Z","2026-10-09_002225_37864428240_1_796d6190e100451eb678e03b9e473e8f",2026020061,"2026-10-08","2026-10-08T23:00:00Z","LIVE","Canucks","2026-10-09T00:24:05.838Z","https://www.nhl.com/news/nhl-lineup-projections-2026-27-season","2026-10-08",1,"not_pregame",FALSE,NA,NA,NA,NA,NA,NA,NA
20262027,20262027,12,"CAR",8477940,"Nikolaj","Ehlers","Nikolaj Ehlers","F","current_roster",TRUE,"2026-10-09T00:24:06.578Z","2026-10-09_002225_37864428240_1_796d6190e100451eb678e03b9e473e8f",2026020061,"2026-10-08","2026-10-08T23:00:00Z","LIVE","Canucks","2026-10-09T00:24:05.838Z","https://www.nhl.com/news/nhl-lineup-projections-2026-27-season","2026-10-08",1,"not_pregame",FALSE,NA,NA,NA,NA,NA,NA,NA
20262027,20262027,12,"CAR",8475791,"Taylor","Hall","Taylor Hall","F","current_roster",TRUE,"2026-10-09T00:24:06.581Z","2026-10-09_002225_37864428240_1_796d6190e100451eb678e03b9e473e8f",2026020061,"2026-10-08","2026-10-08T23:00:00Z","LIVE","Canucks","2026-10-09T00:24:05.838Z","https://www.nhl.com/news/nhl-lineup-projections-2026-27-season","2026-10-08",1,"not_pregame",FALSE,NA,NA,NA,NA,NA,NA,NA
20262027,20262027,12,"CAR",8476873,"Mark","Jankowski","Mark Jankowski","F","current_roster",TRUE,"2026-10-09T00:24:06.584Z","2026-10-09_002225_37864428240_1_796d6190e100451eb678e03b9e473e8f",2026020061,"2026-10-08","2026-10-08T23:00:00Z","LIVE","Canucks","2026-10-09T00:24:05.838Z","https://www.nhl.com/news/nhl-lineup-projections-2026-27-season","2026-10-08",1,"not_pregame",FALSE,NA,NA,NA,NA,NA,NA,NA
20262027,20262027,12,"CAR",8480829,"Jesperi","Kotkaniemi","Jesperi Kotkaniemi","F","current_roster",TRUE,"2026-10-09T00:24:06.587Z","2026-10-09_002225_37864428240_1_796d6190e100451eb678e03b9e473e8f",2026020061,"2026-10-08","2026-10-08T23:00:00Z","LIVE","Canucks","2026-10-09T00:24:05.838Z","https://www.nhl.com/news/nhl-lineup-projections-2026-27-season","2026-10-08",1,"not_pregame",FALSE,NA,NA,NA,NA,NA,NA,NA
20262027,20262027,12,"CAR",8476921,"Jordan","Martinook","Jordan Martinook","F","current_roster",TRUE,"2026-10-09T00:24:06.590Z","2026-10-09_002225_37864428240_1_796d6190e100451eb678e03b9e473e8f",2026020061,"2026-10-08","2026-10-08T23:00:00Z","LIVE","Canucks","2026-10-09T00:24:05.838Z","https://www.nhl.com/news/nhl-lineup-projections-2026-27-season","2026-10-08",1,"not_pregame",FALSE,NA,NA,NA,NA,NA,NA,NA
20262027,20262027,12,"CAR",8480762,"Eric","Robinson","Eric Robinson","F","current_roster",TRUE,"2026-10-09T00:24:06.593Z","2026-10-09_002225_37864428240_1_796d6190e100451eb678e03b9e473e8f",2026020061,"2026-10-08","2026-10-08T23:00:00Z","LIVE","Canucks","2026-10-09T00:24:05.838Z","https://www.nhl.com/news/nhl-lineup-projections-2026-27-season","2026-10-08",1,"not_pregame",FALSE,NA,NA,NA,NA,NA,NA,NA
20262027,20262027,12,"CAR",8473533,"Jordan","Staal","Jordan Staal","F","current_roster",TRUE,"2026-10-09T00:24:06.595Z","2026-10-09_002225_37864428240_1_796d6190e100451eb678e03b9e473e8f",2026020061,"2026-10-08","2026-10-08T23:00:00Z","LIVE","Canucks","2026-10-09T00:24:05.838Z","https://www.nhl.com/news/nhl-lineup-projections-2026-27-season","2026-10-08",1,"not_pregame",FALSE,NA,NA,NA,NA,NA,NA,NA
20262027,20262027,12,"CAR",8482702,"Logan","Stankoven","Logan Stankoven","F","current_roster",TRUE,"2026-10-09T00:24:06.598Z","2026-10-09_002225_37864428240_1_796d6190e100451eb678e03b9e473e8f",2026020061,"2026-10-08","2026-10-08T23:00:00Z","LIVE","Canucks","2026-10-09T00:24:05.838Z","https://www.nhl.com/news/nhl-lineup-projections-2026-27-season","2026-10-08",1,"not_pregame",FALSE,NA,NA,NA,NA,NA,NA,NA
20262027,20262027,12,"CAR",8480830,"Andrei","Svechnikov","Andrei Svechnikov","F","current_roster",TRUE,"2026-10-09T00:24:06.601Z","2026-10-09_002225_37864428240_1_796d6190e100451eb678e03b9e473e8f",2026020061,"2026-10-08","2026-10-08T23:00:00Z","LIVE","Canucks","2026-10-09T00:24:05.838Z","https://www.nhl.com/news/nhl-lineup-projections-2026-27-season","2026-10-08",1,"not_pregame",FALSE,NA,NA,NA,NA,NA,NA,NA
20262027,20262027,12,"CAR",8478970,"Jalen","Chatfield","Jalen Chatfield","D","current_roster",TRUE,"2026-10-09T00:24:06.604Z","2026-10-09_002225_37864428240_1_796d6190e100451eb678e03b9e473e8f",2026020061,"2026-10-08","2026-10-08T23:00:00Z","LIVE","Canucks","2026-10-09T00:24:05.838Z","https://www.nhl.com/news/nhl-lineup-projections-2026-27-season","2026-10-08",1,"not_pregame",FALSE,NA,NA,NA,NA,NA,NA,NA
20262027,20262027,12,"CAR",8476906,"Shayne","Gostisbehere","Shayne Gostisbehere","D","current_roster",TRUE,"2026-10-09T00:24:06.607Z","2026-10-09_002225_37864428240_1_796d6190e100451eb678e03b9e473e8f",2026020061,"2026-10-08","2026-10-08T23:00:00Z","LIVE","Canucks","2026-10-09T00:24:05.838Z","https://www.nhl.com/news/nhl-lineup-projections-2026-27-season","2026-10-08",1,"not_pregame",FALSE,NA,NA,NA,NA,NA,NA,NA
20262027,20262027,12,"CAR",8480817,"K'Andre","Miller","K'Andre Miller","D","current_roster",TRUE,"2026-10-09T00:24:06.610Z","2026-10-09_002225_37864428240_1_796d6190e100451eb678e03b9e473e8f",2026020061,"2026-10-08","2026-10-08T23:00:00Z","LIVE","Canucks","2026-10-09T00:24:05.838Z","https://www.nhl.com/news/nhl-lineup-projections-2026-27-season","2026-10-08",1,"not_pregame",FALSE,NA,NA,NA,NA,NA,NA,NA
20262027,20262027,12,"CAR",8476422,"Mike","Reilly","Mike Reilly","D","current_roster",TRUE,"2026-10-09T00:24:06.613Z","2026-10-09_002225_37864428240_1_796d6190e100451eb678e03b9e473e8f",2026020061,"2026-10-08","2026-10-08T23:00:00Z","LIVE","Canucks","2026-10-09T00:24:05.838Z","https://www.nhl.com/news/nhl-lineup-projections-2026-27-season","2026-10-08",1,"not_pregame",FALSE,NA,NA,NA,NA,NA,NA,NA
20262027,20262027,12,"CAR",8476958,"Jaccob","Slavin","Jaccob Slavin","D","current_roster",TRUE,"2026-10-09T00:24:06.615Z","2026-10-09_002225_37864428240_1_796d6190e100451eb678e03b9e473e8f",2026020061,"2026-10-08","2026-10-08T23:00:00Z","LIVE","Canucks","2026-10-09T00:24:05.838Z","https://www.nhl.com/news/nhl-lineup-projections-2026-27-season","2026-10-08",1,"not_pregame",FALSE,NA,NA,NA,NA,NA,NA,NA
20262027,20262027,12,"CAR",8479976,"Juuso","Välimäki","Juuso Välimäki","D","current_roster",TRUE,"2026-10-09T00:24:06.617Z","2026-10-09_002225_37864428240_1_796d6190e100451eb678e03b9e473e8f",2026020061,"2026-10-08","2026-10-08T23:00:00Z","LIVE","Canucks","2026-10-09T00:24:05.838Z","https://www.nhl.com/news/nhl-lineup-projections-2026-27-season","2026-10-08",1,"not_pregame",FALSE,NA,NA,NA,NA,NA,NA,NA
20262027,20262027,12,"CAR",8480336,"Sean","Walker","Sean Walker","D","current_roster",TRUE,"2026-10-09T00:24:06.618Z","2026-10-09_002225_37864428240_1_796d6190e100451eb678e03b9e473e8f",2026020061,"2026-10-08","2026-10-08T23:00:00Z","LIVE","Canucks","2026-10-09T00:24:05.838Z","https://www.nhl.com/news/nhl-lineup-projections-2026-27-season","2026-10-08",1,"not_pregame",FALSE,NA,NA,NA,NA,NA,NA,NA
20262027,20262027,12,"CAR",8483548,"Brandon","Bussi","Brandon Bussi","G","current_roster",TRUE,"2026-10-09T00:24:06.620Z","2026-10-09_002225_37864428240_1_796d6190e100451eb678e03b9e473e8f",2026020061,"2026-10-08","2026-10-08T23:00:00Z","LIVE","Canucks","2026-10-09T00:24:05.838Z","https://www.nhl.com/news/nhl-lineup-projections-2026-27-season","2026-10-08",1,"not_pregame",FALSE,NA,NA,NA,NA,NA,NA,NA
20262027,20262027,12,"CAR",8481611,"Pyotr","Kochetkov","Pyotr Kochetkov","G","current_roster",TRUE,"2026-10-09T00:24:06.621Z","2026-10-09_002225_37864428240_1_796d6190e100451eb678e03b9e473e8f",2026020061,"2026-10-08","2026-10-08T23:00:00Z","LIVE","Canucks","2026-10-09T00:24:05.838Z","https://www.nhl.com/news/nhl-lineup-projections-2026-27-season","2026-10-08",1,"not_pregame",FALSE,NA,NA,NA,NA,NA,NA,NA
20262027,20262027,16,"CHI",8484144,"Connor","Bedard","Connor Bedard","F","current_roster",TRUE,"2026-10-09T00:24:07.162Z","2026-10-09_002225_37864428240_1_796d6190e100451eb678e03b9e473e8f",2026020062,"2026-10-08","2026-10-08T23:30:00Z","LIVE","Islanders","2026-10-09T00:24:05.838Z","https://www.nhl.com/news/nhl-lineup-projections-2026-27-season","2026-10-08",1,"not_pregame",FALSE,NA,NA,NA,NA,NA,NA,NA
20262027,20262027,16,"CHI",8477479,"Tyler","Bertuzzi","Tyler Bertuzzi","F","current_roster",TRUE,"2026-10-09T00:24:07.164Z","2026-10-09_002225_37864428240_1_796d6190e100451eb678e03b9e473e8f",2026020062,"2026-10-08","2026-10-08T23:30:00Z","LIVE","Islanders","2026-10-09T00:24:05.838Z","https://www.nhl.com/news/nhl-lineup-projections-2026-27-season","2026-10-08",1,"not_pregame",FALSE,NA,NA,NA,NA,NA,NA,NA
20262027,20262027,16,"CHI",8477987,"Ryan","Donato","Ryan Donato","F","current_roster",TRUE,"2026-10-09T00:24:07.166Z","2026-10-09_002225_37864428240_1_796d6190e100451eb678e03b9e473e8f",2026020062,"2026-10-08","2026-10-08T23:30:00Z","LIVE","Islanders","2026-10-09T00:24:05.838Z","https://www.nhl.com/news/nhl-lineup-projections-2026-27-season","2026-10-08",1,"not_pregame",FALSE,NA,NA,NA,NA,NA,NA,NA
20262027,20262027,16,"CHI",8485391,"Anton","Frondell","Anton Frondell","F","current_roster",TRUE,"2026-10-09T00:24:07.167Z","2026-10-09_002225_37864428240_1_796d6190e100451eb678e03b9e473e8f",2026020062,"2026-10-08","2026-10-08T23:30:00Z","LIVE","Islanders","2026-10-09T00:24:05.838Z","https://www.nhl.com/news/nhl-lineup-projections-2026-27-season","2026-10-08",1,"not_pregame",FALSE,NA,NA,NA,NA,NA,NA,NA
20262027,20262027,16,"CHI",8483450,"Ryan","Greene","Ryan Greene","F","current_roster",TRUE,"2026-10-09T00:24:07.169Z","2026-10-09_002225_37864428240_1_796d6190e100451eb678e03b9e473e8f",2026020062,"2026-10-08","2026-10-08T23:30:00Z","LIVE","Islanders","2026-10-09T00:24:05.838Z","https://www.nhl.com/news/nhl-lineup-projections-2026-27-season","2026-10-08",1,"not_pregame",FALSE,NA,NA,NA,NA,NA,NA,NA
20262027,20262027,16,"CHI",8478413,"Jordan","Greenway","Jordan Greenway","F","current_roster",TRUE,"2026-10-09T00:24:07.170Z","2026-10-09_002225_37864428240_1_796d6190e100451eb678e03b9e473e8f",2026020062,"2026-10-08","2026-10-08T23:30:00Z","LIVE","Islanders","2026-10-09T00:24:05.838Z","https://www.nhl.com/news/nhl-lineup-projections-2026-27-season","2026-10-08",1,"not_pregame",FALSE,NA,NA,NA,NA,NA,NA,NA
20262027,20262027,16,"CHI",8474141,"Patrick","Kane","Patrick Kane","F","current_roster",TRUE,"2026-10-09T00:24:07.172Z","2026-10-09_002225_37864428240_1_796d6190e100451eb678e03b9e473e8f",2026020062,"2026-10-08","2026-10-08T23:30:00Z","LIVE","Islanders","2026-10-09T00:24:05.838Z","https://www.nhl.com/news/nhl-lineup-projections-2026-27-season","2026-10-08",1,"not_pregame",FALSE,NA,NA,NA,NA,NA,NA,NA
20262027,20262027,16,"CHI",8484390,"Roman","Kantserov","Roman Kantserov","F","current_roster",TRUE,"2026-10-09T00:24:07.175Z","2026-10-09_002225_37864428240_1_796d6190e100451eb678e03b9e473e8f",2026020062,"2026-10-08","2026-10-08T23:30:00Z","LIVE","Islanders","2026-10-09T00:24:05.838Z","https://www.nhl.com/news/nhl-lineup-projections-2026-27-season","2026-10-08",1,"not_pregame",FALSE,NA,NA,NA,NA,NA,NA,NA
20262027,20262027,16,"CHI",8484185,"Nick","Lardis","Nick Lardis","F","current_roster",TRUE,"2026-10-09T00:24:07.176Z","2026-10-09_002225_37864428240_1_796d6190e100451eb678e03b9e473e8f",2026020062,"2026-10-08","2026-10-08T23:30:00Z","LIVE","Islanders","2026-10-09T00:24:05.838Z","https://www.nhl.com/news/nhl-lineup-projections-2026-27-season","2026-10-08",1,"not_pregame",FALSE,NA,NA,NA,NA,NA,NA,NA
20262027,20262027,16,"CHI",8478233,"Andrew","Mangiapane","Andrew Mangiapane","F","current_roster",TRUE,"2026-10-09T00:24:07.179Z","2026-10-09_002225_37864428240_1_796d6190e100451eb678e03b9e473e8f",2026020062,"2026-10-08","2026-10-08T23:30:00Z","LIVE","Islanders","2026-10-09T00:24:05.838Z","https://www.nhl.com/news/nhl-lineup-projections-2026-27-season","2026-10-08",1,"not_pregame",FALSE,NA,NA,NA,NA,NA,NA,NA
20262027,20262027,16,"CHI",8484197,"Oliver","Moore","Oliver Moore","F","current_roster",TRUE,"2026-10-09T00:24:07.182Z","2026-10-09_002225_37864428240_1_796d6190e100451eb678e03b9e473e8f",2026020062,"2026-10-08","2026-10-08T23:30:00Z","LIVE","Islanders","2026-10-09T00:24:05.838Z","https://www.nhl.com/news/nhl-lineup-projections-2026-27-season","2026-10-08",1,"not_pregame",FALSE,NA,NA,NA,NA,NA,NA,NA
20262027,20262027,16,"CHI",8483493,"Frank","Nazar","Frank Nazar","F","current_roster",TRUE,"2026-10-09T00:24:07.184Z","2026-10-09_002225_37864428240_1_796d6190e100451eb678e03b9e473e8f",2026020062,"2026-10-08","2026-10-08T23:30:00Z","LIVE","Islanders","2026-10-09T00:24:05.838Z","https://www.nhl.com/news/nhl-lineup-projections-2026-27-season","2026-10-08",1,"not_pregame",FALSE,NA,NA,NA,NA,NA,NA,NA
20262027,20262027,16,"CHI",8482062,"Cole","Smith","Cole Smith","F","current_roster",TRUE,"2026-10-09T00:24:07.186Z","2026-10-09_002225_37864428240_1_796d6190e100451eb678e03b9e473e8f",2026020062,"2026-10-08","2026-10-08T23:30:00Z","LIVE","Islanders","2026-10-09T00:24:05.838Z","https://www.nhl.com/news/nhl-lineup-projections-2026-27-season","2026-10-08",1,"not_pregame",FALSE,NA,NA,NA,NA,NA,NA,NA
20262027,20262027,16,"CHI",8476882,"Teuvo","Teravainen","Teuvo Teravainen","F","current_roster",TRUE,"2026-10-09T00:24:07.188Z","2026-10-09_002225_37864428240_1_796d6190e100451eb678e03b9e473e8f",2026020062,"2026-10-08","2026-10-08T23:30:00Z","LIVE","Islanders","2026-10-09T00:24:05.838Z","https://www.nhl.com/news/nhl-lineup-projections-2026-27-season","2026-10-08",1,"not_pregame",FALSE,NA,NA,NA,NA,NA,NA,NA
20262027,20262027,16,"CHI",8481524,"Bowen","Byram","Bowen Byram","D","current_roster",TRUE,"2026-10-09T00:24:07.190Z","2026-10-09_002225_37864428240_1_796d6190e100451eb678e03b9e473e8f",2026020062,"2026-10-08","2026-10-08T23:30:00Z","LIVE","Islanders","2026-10-09T00:24:05.838Z","https://www.nhl.com/news/nhl-lineup-projections-2026-27-season","2026-10-08",1,"not_pregame",FALSE,NA,NA,NA,NA,NA,NA,NA
20262027,20262027,16,"CHI",8474013,"Ian","Cole","Ian Cole","D","current_roster",TRUE,"2026-10-09T00:24:07.192Z","2026-10-09_002225_37864428240_1_796d6190e100451eb678e03b9e473e8f",2026020062,"2026-10-08","2026-10-08T23:30:00Z","LIVE","Islanders","2026-10-09T00:24:05.838Z","https://www.nhl.com/news/nhl-lineup-projections-2026-27-season","2026-10-08",1,"not_pregame",FALSE,NA,NA,NA,NA,NA,NA,NA
20262027,20262027,16,"CHI",8482807,"Ethan","Del Mastro","Ethan Del Mastro","D","current_roster",TRUE,"2026-10-09T00:24:07.193Z","2026-10-09_002225_37864428240_1_796d6190e100451eb678e03b9e473e8f",2026020062,"2026-10-08","2026-10-08T23:30:00Z","LIVE","Islanders","2026-10-09T00:24:05.838Z","https://www.nhl.com/news/nhl-lineup-projections-2026-27-season","2026-10-08",1,"not_pregame",FALSE,NA,NA,NA,NA,NA,NA,NA
20262027,20262027,16,"CHI",8482176,"Wyatt","Kaiser","Wyatt Kaiser","D","current_roster",TRUE,"2026-10-09T00:24:07.195Z","2026-10-09_002225_37864428240_1_796d6190e100451eb678e03b9e473e8f",2026020062,"2026-10-08","2026-10-08T23:30:00Z","LIVE","Islanders","2026-10-09T00:24:05.838Z","https://www.nhl.com/news/nhl-lineup-projections-2026-27-season","2026-10-08",1,"not_pregame",FALSE,NA,NA,NA,NA,NA,NA,NA
20262027,20262027,16,"CHI",8483466,"Kevin","Korchinski","Kevin Korchinski","D","current_roster",TRUE,"2026-10-09T00:24:07.198Z","2026-10-09_002225_37864428240_1_796d6190e100451eb678e03b9e473e8f",2026020062,"2026-10-08","2026-10-08T23:30:00Z","LIVE","Islanders","2026-10-09T00:24:05.838Z","https://www.nhl.com/news/nhl-lineup-projections-2026-27-season","2026-10-08",1,"not_pregame",FALSE,NA,NA,NA,NA,NA,NA,NA
20262027,20262027,16,"CHI",8484783,"Artyom","Levshunov","Artyom Levshunov","D","current_roster",TRUE,"2026-10-09T00:24:07.199Z","2026-10-09_002225_37864428240_1_796d6190e100451eb678e03b9e473e8f",2026020062,"2026-10-08","2026-10-08T23:30:00Z","LIVE","Islanders","2026-10-09T00:24:05.838Z","https://www.nhl.com/news/nhl-lineup-projections-2026-27-season","2026-10-08",1,"not_pregame",FALSE,NA,NA,NA,NA,NA,NA,NA
20262027,20262027,16,"CHI",8483506,"Sam","Rinzel","Sam Rinzel","D","current_roster",TRUE,"2026-10-09T00:24:07.201Z","2026-10-09_002225_37864428240_1_796d6190e100451eb678e03b9e473e8f",2026020062,"2026-10-08","2026-10-08T23:30:00Z","LIVE","Islanders","2026-10-09T00:24:05.838Z","https://www.nhl.com/news/nhl-lineup-projections-2026-27-season","2026-10-08",1,"not_pregame",FALSE,NA,NA,NA,NA,NA,NA,NA
20262027,20262027,16,"CHI",8481568,"Alex","Vlasic","Alex Vlasic","D","current_roster",TRUE,"2026-10-09T00:24:07.202Z","2026-10-09_002225_37864428240_1_796d6190e100451eb678e03b9e473e8f",2026020062,"2026-10-08","2026-10-08T23:30:00Z","LIVE","Islanders","2026-10-09T00:24:05.838Z","https://www.nhl.com/news/nhl-lineup-projections-2026-27-season","2026-10-08",1,"not_pregame",FALSE,NA,NA,NA,NA,NA,NA,NA
20262027,20262027,16,"CHI",8481519,"Spencer","Knight","Spencer Knight","G","current_roster",TRUE,"2026-10-09T00:24:07.204Z","2026-10-09_002225_37864428240_1_796d6190e100451eb678e03b9e473e8f",2026020062,"2026-10-08","2026-10-08T23:30:00Z","LIVE","Islanders","2026-10-09T00:24:05.838Z","https://www.nhl.com/news/nhl-lineup-projections-2026-27-season","2026-10-08",1,"not_pregame",FALSE,NA,NA,NA,NA,NA,NA,NA
20262027,20262027,16,"CHI",8482821,"Arvid","Soderblom","Arvid Soderblom","G","current_roster",TRUE,"2026-10-09T00:24:07.206Z","2026-10-09_002225_37864428240_1_796d6190e100451eb678e03b9e473e8f",2026020062,"2026-10-08","2026-10-08T23:30:00Z","LIVE","Islanders","2026-10-09T00:24:05.838Z","https://www.nhl.com/news/nhl-lineup-projections-2026-27-season","2026-10-08",1,"not_pregame",FALSE,NA,NA,NA,NA,NA,NA,NA
20262027,20262027,2,"NYI",8475231,"Casey","Cizikas","Casey Cizikas","F","current_roster",TRUE,"2026-10-09T00:24:07.663Z","2026-10-09_002225_37864428240_1_796d6190e100451eb678e03b9e473e8f",2026020062,"2026-10-08","2026-10-08T23:30:00Z","LIVE","Blackhawks","2026-10-09T00:24:05.838Z","https://www.nhl.com/news/nhl-lineup-projections-2026-27-season","2026-10-08",1,"not_pregame",FALSE,NA,NA,NA,NA,NA,NA,NA
20262027,20262027,2,"NYI",8477407,"Anthony","Duclair","Anthony Duclair","F","current_roster",TRUE,"2026-10-09T00:24:07.665Z","2026-10-09_002225_37864428240_1_796d6190e100451eb678e03b9e473e8f",2026020062,"2026-10-08","2026-10-08T23:30:00Z","LIVE","Blackhawks","2026-10-09T00:24:05.838Z","https://www.nhl.com/news/nhl-lineup-projections-2026-27-season","2026-10-08",1,"not_pregame",FALSE,NA,NA,NA,NA,NA,NA,NA
20262027,20262027,2,"NYI",8485388,"Victor","Eklund","Victor Eklund","F","current_roster",TRUE,"2026-10-09T00:24:07.666Z","2026-10-09_002225_37864428240_1_796d6190e100451eb678e03b9e473e8f",2026020062,"2026-10-08","2026-10-08T23:30:00Z","LIVE","Blackhawks","2026-10-09T00:24:05.838Z","https://www.nhl.com/news/nhl-lineup-projections-2026-27-season","2026-10-08",1,"not_pregame",FALSE,NA,NA,NA,NA,NA,NA,NA
20262027,20262027,2,"NYI",8482476,"Emil","Heineman","Emil Heineman","F","current_roster",TRUE,"2026-10-09T00:24:07.668Z","2026-10-09_002225_37864428240_1_796d6190e100451eb678e03b9e473e8f",2026020062,"2026-10-08","2026-10-08T23:30:00Z","LIVE","Blackhawks","2026-10-09T00:24:05.838Z","https://www.nhl.com/news/nhl-lineup-projections-2026-27-season","2026-10-08",1,"not_pregame",FALSE,NA,NA,NA,NA,NA,NA,NA
20262027,20262027,2,"NYI",8481601,"Simon","Holmstrom","Simon Holmstrom","F","current_roster",TRUE,"2026-10-09T00:24:07.669Z","2026-10-09_002225_37864428240_1_796d6190e100451eb678e03b9e473e8f",2026020062,"2026-10-08","2026-10-08T23:30:00Z","LIVE","Blackhawks","2026-10-09T00:24:05.838Z","https://www.nhl.com/news/nhl-lineup-projections-2026-27-season","2026-10-08",1,"not_pregame",FALSE,NA,NA,NA,NA,NA,NA,NA
20262027,20262027,2,"NYI",8477500,"Bo","Horvat","Bo Horvat","F","current_roster",TRUE,"2026-10-09T00:24:07.671Z","2026-10-09_002225_37864428240_1_796d6190e100451eb678e03b9e473e8f",2026020062,"2026-10-08","2026-10-08T23:30:00Z","LIVE","Blackhawks","2026-10-09T00:24:05.838Z","https://www.nhl.com/news/nhl-lineup-projections-2026-27-season","2026-10-08",1,"not_pregame",FALSE,NA,NA,NA,NA,NA,NA,NA
20262027,20262027,2,"NYI",8481711,"Matias","Maccelli","Matias Maccelli","F","current_roster",TRUE,"2026-10-09T00:24:07.676Z","2026-10-09_002225_37864428240_1_796d6190e100451eb678e03b9e473e8f",2026020062,"2026-10-08","2026-10-08T23:30:00Z","LIVE","Blackhawks","2026-10-09T00:24:05.838Z","https://www.nhl.com/news/nhl-lineup-projections-2026-27-season","2026-10-08",1,"not_pregame",FALSE,NA,NA,NA,NA,NA,NA,NA
20262027,20262027,2,"NYI",8481237,"Kyle","MacLean","Kyle MacLean","F","current_roster",TRUE,"2026-10-09T00:24:07.679Z","2026-10-09_002225_37864428240_1_796d6190e100451eb678e03b9e473e8f",2026020062,"2026-10-08","2026-10-08T23:30:00Z","LIVE","Blackhawks","2026-10-09T00:24:05.838Z","https://www.nhl.com/news/nhl-lineup-projections-2026-27-season","2026-10-08",1,"not_pregame",FALSE,NA,NA,NA,NA,NA,NA,NA
20262027,20262027,2,"NYI",8476419,"Jean-Gabriel","Pageau","Jean-Gabriel Pageau","F","current_roster",TRUE,"2026-10-09T00:24:07.680Z","2026-10-09_002225_37864428240_1_796d6190e100451eb678e03b9e473e8f",2026020062,"2026-10-08","2026-10-08T23:30:00Z","LIVE","Blackhawks","2026-10-09T00:24:05.838Z","https://www.nhl.com/news/nhl-lineup-projections-2026-27-season","2026-10-08",1,"not_pregame",FALSE,NA,NA,NA,NA,NA,NA,NA
20262027,20262027,2,"NYI",8476292,"Ondrej","Palat","Ondrej Palat","F","current_roster",TRUE,"2026-10-09T00:24:07.682Z","2026-10-09_002225_37864428240_1_796d6190e100451eb678e03b9e473e8f",2026020062,"2026-10-08","2026-10-08T23:30:00Z","LIVE","Blackhawks","2026-10-09T00:24:05.838Z","https://www.nhl.com/news/nhl-lineup-projections-2026-27-season","2026-10-08",1,"not_pregame",FALSE,NA,NA,NA,NA,NA,NA,NA
20262027,20262027,2,"NYI",8475151,"Kyle","Palmieri","Kyle Palmieri","F","current_roster",TRUE,"2026-10-09T00:24:07.683Z","2026-10-09_002225_37864428240_1_796d6190e100451eb678e03b9e473e8f",2026020062,"2026-10-08","2026-10-08T23:30:00Z","LIVE","Blackhawks","2026-10-09T00:24:05.838Z","https://www.nhl.com/news/nhl-lineup-projections-2026-27-season","2026-10-08",1,"not_pregame",FALSE,NA,NA,NA,NA,NA,NA,NA
20262027,20262027,2,"NYI",8484221,"Calum","Ritchie","Calum Ritchie","F","current_roster",TRUE,"2026-10-09T00:24:07.685Z","2026-10-09_002225_37864428240_1_796d6190e100451eb678e03b9e473e8f",2026020062,"2026-10-08","2026-10-08T23:30:00Z","LIVE","Blackhawks","2026-10-09T00:24:05.838Z","https://www.nhl.com/news/nhl-lineup-projections-2026-27-season","2026-10-08",1,"not_pregame",FALSE,NA,NA,NA,NA,NA,NA,NA
20262027,20262027,2,"NYI",8475170,"Brayden","Schenn","Brayden Schenn","F","current_roster",TRUE,"2026-10-09T00:24:07.686Z","2026-10-09_002225_37864428240_1_796d6190e100451eb678e03b9e473e8f",2026020062,"2026-10-08","2026-10-08T23:30:00Z","LIVE","Blackhawks","2026-10-09T00:24:05.838Z","https://www.nhl.com/news/nhl-lineup-projections-2026-27-season","2026-10-08",1,"not_pregame",FALSE,NA,NA,NA,NA,NA,NA,NA
20262027,20262027,2,"NYI",8477950,"Tony","DeAngelo","Tony DeAngelo","D","current_roster",TRUE,"2026-10-09T00:24:07.688Z","2026-10-09_002225_37864428240_1_796d6190e100451eb678e03b9e473e8f",2026020062,"2026-10-08","2026-10-08T23:30:00Z","LIVE","Blackhawks","2026-10-09T00:24:05.838Z","https://www.nhl.com/news/nhl-lineup-projections-2026-27-season","2026-10-08",1,"not_pregame",FALSE,NA,NA,NA,NA,NA,NA,NA
20262027,20262027,2,"NYI",8482516,"Matthew","Kessel","Matthew Kessel","D","current_roster",TRUE,"2026-10-09T00:24:07.691Z","2026-10-09_002225_37864428240_1_796d6190e100451eb678e03b9e473e8f",2026020062,"2026-10-08","2026-10-08T23:30:00Z","LIVE","Blackhawks","2026-10-09T00:24:05.838Z","https://www.nhl.com/news/nhl-lineup-projections-2026-27-season","2026-10-08",1,"not_pregame",FALSE,NA,NA,NA,NA,NA,NA,NA
20262027,20262027,2,"NYI",8476429,"Scott","Mayfield","Scott Mayfield","D","current_roster",TRUE,"2026-10-09T00:24:07.693Z","2026-10-09_002225_37864428240_1_796d6190e100451eb678e03b9e473e8f",2026020062,"2026-10-08","2026-10-08T23:30:00Z","LIVE","Blackhawks","2026-10-09T00:24:05.838Z","https://www.nhl.com/news/nhl-lineup-projections-2026-27-season","2026-10-08",1,"not_pregame",FALSE,NA,NA,NA,NA,NA,NA,NA
20262027,20262027,2,"NYI",8476917,"Adam","Pelech","Adam Pelech","D","current_roster",TRUE,"2026-10-09T00:24:07.695Z","2026-10-09_002225_37864428240_1_796d6190e100451eb678e03b9e473e8f",2026020062,"2026-10-08","2026-10-08T23:30:00Z","LIVE","Blackhawks","2026-10-09T00:24:05.838Z","https://www.nhl.com/news/nhl-lineup-projections-2026-27-season","2026-10-08",1,"not_pregame",FALSE,NA,NA,NA,NA,NA,NA,NA
20262027,20262027,2,"NYI",8477506,"Ryan","Pulock","Ryan Pulock","D","current_roster",TRUE,"2026-10-09T00:24:07.696Z","2026-10-09_002225_37864428240_1_796d6190e100451eb678e03b9e473e8f",2026020062,"2026-10-08","2026-10-08T23:30:00Z","LIVE","Blackhawks","2026-10-09T00:24:05.838Z","https://www.nhl.com/news/nhl-lineup-projections-2026-27-season","2026-10-08",1,"not_pregame",FALSE,NA,NA,NA,NA,NA,NA,NA
20262027,20262027,2,"NYI",8481014,"Alexander","Romanov","Alexander Romanov","D","current_roster",TRUE,"2026-10-09T00:24:07.698Z","2026-10-09_002225_37864428240_1_796d6190e100451eb678e03b9e473e8f",2026020062,"2026-10-08","2026-10-08T23:30:00Z","LIVE","Blackhawks","2026-10-09T00:24:05.838Z","https://www.nhl.com/news/nhl-lineup-projections-2026-27-season","2026-10-08",1,"not_pregame",FALSE,NA,NA,NA,NA,NA,NA,NA
20262027,20262027,2,"NYI",8485366,"Matthew","Schaefer","Matthew Schaefer","D","current_roster",TRUE,"2026-10-09T00:24:07.699Z","2026-10-09_002225_37864428240_1_796d6190e100451eb678e03b9e473e8f",2026020062,"2026-10-08","2026-10-08T23:30:00Z","LIVE","Blackhawks","2026-10-09T00:24:05.838Z","https://www.nhl.com/news/nhl-lineup-projections-2026-27-season","2026-10-08",1,"not_pregame",FALSE,NA,NA,NA,NA,NA,NA,NA
20262027,20262027,2,"NYI",8479378,"Logan","Stanley","Logan Stanley","D","current_roster",TRUE,"2026-10-09T00:24:07.701Z","2026-10-09_002225_37864428240_1_796d6190e100451eb678e03b9e473e8f",2026020062,"2026-10-08","2026-10-08T23:30:00Z","LIVE","Blackhawks","2026-10-09T00:24:05.838Z","https://www.nhl.com/news/nhl-lineup-projections-2026-27-season","2026-10-08",1,"not_pregame",FALSE,NA,NA,NA,NA,NA,NA,NA
20262027,20262027,2,"NYI",8478009,"Ilya","Sorokin","Ilya Sorokin","G","current_roster",TRUE,"2026-10-09T00:24:07.702Z","2026-10-09_002225_37864428240_1_796d6190e100451eb678e03b9e473e8f",2026020062,"2026-10-08","2026-10-08T23:30:00Z","LIVE","Blackhawks","2026-10-09T00:24:05.838Z","https://www.nhl.com/news/nhl-lineup-projections-2026-27-season","2026-10-08",1,"not_pregame",FALSE,NA,NA,NA,NA,NA,NA,NA
20262027,20262027,2,"NYI",8473575,"Semyon","Varlamov","Semyon Varlamov","G","current_roster",TRUE,"2026-10-09T00:24:07.704Z","2026-10-09_002225_37864428240_1_796d6190e100451eb678e03b9e473e8f",2026020062,"2026-10-08","2026-10-08T23:30:00Z","LIVE","Blackhawks","2026-10-09T00:24:05.838Z","https://www.nhl.com/news/nhl-lineup-projections-2026-27-season","2026-10-08",1,"not_pregame",FALSE,NA,NA,NA,NA,NA,NA,NA
20262027,20262027,28,"SJS",8479718,"Alex","Barré-Boulet","Alex Barré-Boulet","F","current_roster",TRUE,"2026-10-09T00:24:06.462Z","2026-10-09_002225_37864428240_1_796d6190e100451eb678e03b9e473e8f",2026020063,"2026-10-08","2026-10-09T00:00:00Z","LIVE","Blues","2026-10-09T00:24:05.838Z","https://www.nhl.com/news/nhl-lineup-projections-2026-27-season","2026-10-08",1,"not_pregame",FALSE,NA,NA,NA,NA,NA,NA,NA
20262027,20262027,28,"SJS",8484801,"Macklin","Celebrini","Macklin Celebrini","F","current_roster",TRUE,"2026-10-09T00:24:06.463Z","2026-10-09_002225_37864428240_1_796d6190e100451eb678e03b9e473e8f",2026020063,"2026-10-08","2026-10-09T00:00:00Z","LIVE","Blues","2026-10-09T00:24:05.838Z","https://www.nhl.com/news/nhl-lineup-projections-2026-27-season","2026-10-08",1,"not_pregame",FALSE,NA,NA,NA,NA,NA,NA,NA
20262027,20262027,28,"SJS",8484994,"Igor","Chernyshov","Igor Chernyshov","F","current_roster",TRUE,"2026-10-09T00:24:06.465Z","2026-10-09_002225_37864428240_1_796d6190e100451eb678e03b9e473e8f",2026020063,"2026-10-08","2026-10-09T00:00:00Z","LIVE","Blues","2026-10-09T00:24:05.838Z","https://www.nhl.com/news/nhl-lineup-projections-2026-27-season","2026-10-08",1,"not_pregame",FALSE,NA,NA,NA,NA,NA,NA,NA
20262027,20262027,28,"SJS",8480848,"Ty","Dellandrea","Ty Dellandrea","F","current_roster",TRUE,"2026-10-09T00:24:06.466Z","2026-10-09_002225_37864428240_1_796d6190e100451eb678e03b9e473e8f",2026020063,"2026-10-08","2026-10-09T00:00:00Z","LIVE","Blues","2026-10-09T00:24:05.838Z","https://www.nhl.com/news/nhl-lineup-projections-2026-27-season","2026-10-08",1,"not_pregame",FALSE,NA,NA,NA,NA,NA,NA,NA
20262027,20262027,28,"SJS",8478874,"Adam","Gaudette","Adam Gaudette","F","current_roster",TRUE,"2026-10-09T00:24:06.467Z","2026-10-09_002225_37864428240_1_796d6190e100451eb678e03b9e473e8f",2026020063,"2026-10-08","2026-10-09T00:00:00Z","LIVE","Blues","2026-10-09T00:24:05.838Z","https://www.nhl.com/news/nhl-lineup-projections-2026-27-season","2026-10-08",1,"not_pregame",FALSE,NA,NA,NA,NA,NA,NA,NA
20262027,20262027,28,"SJS",8476624,"Barclay","Goodrow","Barclay Goodrow","F","current_roster",TRUE,"2026-10-09T00:24:06.469Z","2026-10-09_002225_37864428240_1_796d6190e100451eb678e03b9e473e8f",2026020063,"2026-10-08","2026-10-09T00:00:00Z","LIVE","Blues","2026-10-09T00:24:05.838Z","https://www.nhl.com/news/nhl-lineup-projections-2026-27-season","2026-10-08",1,"not_pregame",FALSE,NA,NA,NA,NA,NA,NA,NA
20262027,20262027,28,"SJS",8484911,"Collin","Graf","Collin Graf","F","current_roster",TRUE,"2026-10-09T00:24:06.470Z","2026-10-09_002225_37864428240_1_796d6190e100451eb678e03b9e473e8f",2026020063,"2026-10-08","2026-10-09T00:00:00Z","LIVE","Blues","2026-10-09T00:24:05.838Z","https://www.nhl.com/news/nhl-lineup-projections-2026-27-season","2026-10-08",1,"not_pregame",FALSE,NA,NA,NA,NA,NA,NA,NA
20262027,20262027,28,"SJS",8481517,"Brett","Leason","Brett Leason","F","current_roster",TRUE,"2026-10-09T00:24:06.472Z","2026-10-09_002225_37864428240_1_796d6190e100451eb678e03b9e473e8f",2026020063,"2026-10-08","2026-10-09T00:00:00Z","LIVE","Blues","2026-10-09T00:24:05.838Z","https://www.nhl.com/news/nhl-lineup-projections-2026-27-season","2026-10-08",1,"not_pregame",FALSE,NA,NA,NA,NA,NA,NA,NA
20262027,20262027,28,"SJS",8478975,"Mason","Marchment","Mason Marchment","F","current_roster",TRUE,"2026-10-09T00:24:06.474Z","2026-10-09_002225_37864428240_1_796d6190e100451eb678e03b9e473e8f",2026020063,"2026-10-08","2026-10-09T00:00:00Z","LIVE","Blues","2026-10-09T00:24:05.838Z","https://www.nhl.com/news/nhl-lineup-projections-2026-27-season","2026-10-08",1,"not_pregame",FALSE,NA,NA,NA,NA,NA,NA,NA
20262027,20262027,28,"SJS",8485402,"Michael","Misa","Michael Misa","F","current_roster",TRUE,"2026-10-09T00:24:06.475Z","2026-10-09_002225_37864428240_1_796d6190e100451eb678e03b9e473e8f",2026020063,"2026-10-08","2026-10-09T00:00:00Z","LIVE","Blues","2026-10-09T00:24:05.838Z","https://www.nhl.com/news/nhl-lineup-projections-2026-27-season","2026-10-08",1,"not_pregame",FALSE,NA,NA,NA,NA,NA,NA,NA
20262027,20262027,28,"SJS",8482859,"Zack","Ostapchuk","Zack Ostapchuk","F","current_roster",TRUE,"2026-10-09T00:24:06.476Z","2026-10-09_002225_37864428240_1_796d6190e100451eb678e03b9e473e8f",2026020063,"2026-10-08","2026-10-09T00:00:00Z","LIVE","Blues","2026-10-09T00:24:05.838Z","https://www.nhl.com/news/nhl-lineup-projections-2026-27-season","2026-10-08",1,"not_pregame",FALSE,NA,NA,NA,NA,NA,NA,NA
20262027,20262027,28,"SJS",8480748,"Kiefer","Sherwood","Kiefer Sherwood","F","current_roster",TRUE,"2026-10-09T00:24:06.478Z","2026-10-09_002225_37864428240_1_796d6190e100451eb678e03b9e473e8f",2026020063,"2026-10-08","2026-10-09T00:00:00Z","LIVE","Blues","2026-10-09T00:24:05.838Z","https://www.nhl.com/news/nhl-lineup-projections-2026-27-season","2026-10-08",1,"not_pregame",FALSE,NA,NA,NA,NA,NA,NA,NA
20262027,20262027,28,"SJS",8484227,"Will","Smith","Will Smith","F","current_roster",TRUE,"2026-10-09T00:24:06.480Z","2026-10-09_002225_37864428240_1_796d6190e100451eb678e03b9e473e8f",2026020063,"2026-10-08","2026-10-09T00:00:00Z","LIVE","Blues","2026-10-09T00:24:05.838Z","https://www.nhl.com/news/nhl-lineup-projections-2026-27-season","2026-10-08",1,"not_pregame",FALSE,NA,NA,NA,NA,NA,NA,NA
20262027,20262027,28,"SJS",8486103,"Ivar","Stenberg","Ivar Stenberg","F","current_roster",TRUE,"2026-10-09T00:24:06.481Z","2026-10-09_002225_37864428240_1_796d6190e100451eb678e03b9e473e8f",2026020063,"2026-10-08","2026-10-09T00:00:00Z","LIVE","Blues","2026-10-09T00:24:05.838Z","https://www.nhl.com/news/nhl-lineup-projections-2026-27-season","2026-10-08",1,"not_pregame",FALSE,NA,NA,NA,NA,NA,NA,NA
20262027,20262027,28,"SJS",8475726,"Tyler","Toffoli","Tyler Toffoli","F","current_roster",TRUE,"2026-10-09T00:24:06.482Z","2026-10-09_002225_37864428240_1_796d6190e100451eb678e03b9e473e8f",2026020063,"2026-10-08","2026-10-09T00:00:00Z","LIVE","Blues","2026-10-09T00:24:05.838Z","https://www.nhl.com/news/nhl-lineup-projections-2026-27-season","2026-10-08",1,"not_pregame",FALSE,NA,NA,NA,NA,NA,NA,NA
20262027,20262027,28,"SJS",8477505,"Alexander","Wennberg","Alexander Wennberg","F","current_roster",TRUE,"2026-10-09T00:24:06.484Z","2026-10-09_002225_37864428240_1_796d6190e100451eb678e03b9e473e8f",2026020063,"2026-10-08","2026-10-09T00:00:00Z","LIVE","Blues","2026-10-09T00:24:05.838Z","https://www.nhl.com/news/nhl-lineup-projections-2026-27-season","2026-10-08",1,"not_pregame",FALSE,NA,NA,NA,NA,NA,NA,NA
20262027,20262027,28,"SJS",8482700,"Nolan","Allan","Nolan Allan","D","current_roster",TRUE,"2026-10-09T00:24:06.486Z","2026-10-09_002225_37864428240_1_796d6190e100451eb678e03b9e473e8f",2026020063,"2026-10-08","2026-10-09T00:00:00Z","LIVE","Blues","2026-10-09T00:24:05.838Z","https://www.nhl.com/news/nhl-lineup-projections-2026-27-season","2026-10-08",1,"not_pregame",FALSE,NA,NA,NA,NA,NA,NA,NA
20262027,20262027,28,"SJS",8484152,"Luca","Cagnoni","Luca Cagnoni","D","current_roster",TRUE,"2026-10-09T00:24:06.487Z","2026-10-09_002225_37864428240_1_796d6190e100451eb678e03b9e473e8f",2026020063,"2026-10-08","2026-10-09T00:00:00Z","LIVE","Blues","2026-10-09T00:24:05.838Z","https://www.nhl.com/news/nhl-lineup-projections-2026-27-season","2026-10-08",1,"not_pregame",FALSE,NA,NA,NA,NA,NA,NA,NA
20262027,20262027,28,"SJS",8484806,"Sam","Dickinson","Sam Dickinson","D","current_roster",TRUE,"2026-10-09T00:24:06.489Z","2026-10-09_002225_37864428240_1_796d6190e100451eb678e03b9e473e8f",2026020063,"2026-10-08","2026-10-09T00:00:00Z","LIVE","Blues","2026-10-09T00:24:05.838Z","https://www.nhl.com/news/nhl-lineup-projections-2026-27-season","2026-10-08",1,"not_pregame",FALSE,NA,NA,NA,NA,NA,NA,NA
20262027,20262027,28,"SJS",8480891,"Michael","Kesselring","Michael Kesselring","D","current_roster",TRUE,"2026-10-09T00:24:06.490Z","2026-10-09_002225_37864428240_1_796d6190e100451eb678e03b9e473e8f",2026020063,"2026-10-08","2026-10-09T00:00:00Z","LIVE","Blues","2026-10-09T00:24:05.838Z","https://www.nhl.com/news/nhl-lineup-projections-2026-27-season","2026-10-08",1,"not_pregame",FALSE,NA,NA,NA,NA,NA,NA,NA
20262027,20262027,28,"SJS",8477498,"Darnell","Nurse","Darnell Nurse","D","current_roster",TRUE,"2026-10-09T00:24:06.492Z","2026-10-09_002225_37864428240_1_796d6190e100451eb678e03b9e473e8f",2026020063,"2026-10-08","2026-10-09T00:00:00Z","LIVE","Blues","2026-10-09T00:24:05.838Z","https://www.nhl.com/news/nhl-lineup-projections-2026-27-season","2026-10-08",1,"not_pregame",FALSE,NA,NA,NA,NA,NA,NA,NA
20262027,20262027,28,"SJS",8475200,"Dmitry","Orlov","Dmitry Orlov","D","current_roster",TRUE,"2026-10-09T00:24:06.495Z","2026-10-09_002225_37864428240_1_796d6190e100451eb678e03b9e473e8f",2026020063,"2026-10-08","2026-10-09T00:00:00Z","LIVE","Blues","2026-10-09T00:24:05.838Z","https://www.nhl.com/news/nhl-lineup-projections-2026-27-season","2026-10-08",1,"not_pregame",FALSE,NA,NA,NA,NA,NA,NA,NA
20262027,20262027,28,"SJS",8476885,"Jacob","Trouba","Jacob Trouba","D","current_roster",TRUE,"2026-10-09T00:24:06.497Z","2026-10-09_002225_37864428240_1_796d6190e100451eb678e03b9e473e8f",2026020063,"2026-10-08","2026-10-09T00:00:00Z","LIVE","Blues","2026-10-09T00:24:05.838Z","https://www.nhl.com/news/nhl-lineup-projections-2026-27-season","2026-10-08",1,"not_pregame",FALSE,NA,NA,NA,NA,NA,NA,NA
20262027,20262027,28,"SJS",8482137,"Yaroslav","Askarov","Yaroslav Askarov","G","current_roster",TRUE,"2026-10-09T00:24:06.499Z","2026-10-09_002225_37864428240_1_796d6190e100451eb678e03b9e473e8f",2026020063,"2026-10-08","2026-10-09T00:00:00Z","LIVE","Blues","2026-10-09T00:24:05.838Z","https://www.nhl.com/news/nhl-lineup-projections-2026-27-season","2026-10-08",1,"not_pregame",FALSE,NA,NA,NA,NA,NA,NA,NA
20262027,20262027,28,"SJS",8477968,"Alex","Nedeljkovic","Alex Nedeljkovic","G","current_roster",TRUE,"2026-10-09T00:24:06.500Z","2026-10-09_002225_37864428240_1_796d6190e100451eb678e03b9e473e8f",2026020063,"2026-10-08","2026-10-09T00:00:00Z","LIVE","Blues","2026-10-09T00:24:05.838Z","https://www.nhl.com/news/nhl-lineup-projections-2026-27-season","2026-10-08",1,"not_pregame",FALSE,NA,NA,NA,NA,NA,NA,NA
20262027,20262027,19,"STL",8481013,"Jonatan","Berggren","Jonatan Berggren","F","current_roster",TRUE,"2026-10-09T00:24:06.929Z","2026-10-09_002225_37864428240_1_796d6190e100451eb678e03b9e473e8f",2026020063,"2026-10-08","2026-10-09T00:00:00Z","LIVE","Sharks","2026-10-09T00:24:05.838Z","https://www.nhl.com/news/nhl-lineup-projections-2026-27-season","2026-10-08",1,"not_pregame",FALSE,NA,NA,NA,NA,NA,NA,NA
20262027,20262027,19,"STL",8477402,"Pavel","Buchnevich","Pavel Buchnevich","F","current_roster",TRUE,"2026-10-09T00:24:06.932Z","2026-10-09_002225_37864428240_1_796d6190e100451eb678e03b9e473e8f",2026020063,"2026-10-08","2026-10-09T00:00:00Z","LIVE","Sharks","2026-10-09T00:24:05.838Z","https://www.nhl.com/news/nhl-lineup-projections-2026-27-season","2026-10-08",1,"not_pregame",FALSE,NA,NA,NA,NA,NA,NA,NA
20262027,20262027,19,"STL",8482784,"Zach","Dean","Zach Dean","F","current_roster",TRUE,"2026-10-09T00:24:06.933Z","2026-10-09_002225_37864428240_1_796d6190e100451eb678e03b9e473e8f",2026020063,"2026-10-08","2026-10-09T00:00:00Z","LIVE","Sharks","2026-10-09T00:24:05.838Z","https://www.nhl.com/news/nhl-lineup-projections-2026-27-season","2026-10-08",1,"not_pregame",FALSE,NA,NA,NA,NA,NA,NA,NA
20262027,20262027,19,"STL",8479346,"Dillon","Dube","Dillon Dube","F","current_roster",TRUE,"2026-10-09T00:24:06.936Z","2026-10-09_002225_37864428240_1_796d6190e100451eb678e03b9e473e8f",2026020063,"2026-10-08","2026-10-09T00:00:00Z","LIVE","Sharks","2026-10-09T00:24:05.838Z","https://www.nhl.com/news/nhl-lineup-projections-2026-27-season","2026-10-08",1,"not_pregame",FALSE,NA,NA,NA,NA,NA,NA,NA
20262027,20262027,19,"STL",8484164,"Dalibor","Dvorsky","Dalibor Dvorsky","F","current_roster",TRUE,"2026-10-09T00:24:06.939Z","2026-10-09_002225_37864428240_1_796d6190e100451eb678e03b9e473e8f",2026020063,"2026-10-08","2026-10-09T00:00:00Z","LIVE","Sharks","2026-10-09T00:24:05.838Z","https://www.nhl.com/news/nhl-lineup-projections-2026-27-season","2026-10-08",1,"not_pregame",FALSE,NA,NA,NA,NA,NA,NA,NA
20262027,20262027,19,"STL",8482077,"Dylan","Holloway","Dylan Holloway","F","current_roster",TRUE,"2026-10-09T00:24:06.942Z","2026-10-09_002225_37864428240_1_796d6190e100451eb678e03b9e473e8f",2026020063,"2026-10-08","2026-10-09T00:00:00Z","LIVE","Sharks","2026-10-09T00:24:05.838Z","https://www.nhl.com/news/nhl-lineup-projections-2026-27-season","2026-10-08",1,"not_pregame",FALSE,NA,NA,NA,NA,NA,NA,NA
20262027,20262027,19,"STL",8477527,"Ross","Johnston","Ross Johnston","F","current_roster",TRUE,"2026-10-09T00:24:06.946Z","2026-10-09_002225_37864428240_1_796d6190e100451eb678e03b9e473e8f",2026020063,"2026-10-08","2026-10-09T00:00:00Z","LIVE","Sharks","2026-10-09T00:24:05.838Z","https://www.nhl.com/news/nhl-lineup-projections-2026-27-season","2026-10-08",1,"not_pregame",FALSE,NA,NA,NA,NA,NA,NA,NA
20262027,20262027,19,"STL",8481580,"Connor","McMichael","Connor McMichael","F","current_roster",TRUE,"2026-10-09T00:24:06.948Z","2026-10-09_002225_37864428240_1_796d6190e100451eb678e03b9e473e8f",2026020063,"2026-10-08","2026-10-09T00:00:00Z","LIVE","Sharks","2026-10-09T00:24:05.838Z","https://www.nhl.com/news/nhl-lineup-projections-2026-27-season","2026-10-08",1,"not_pregame",FALSE,NA,NA,NA,NA,NA,NA,NA
20262027,20262027,19,"STL",8482745,"Mason","McTavish","Mason McTavish","F","current_roster",TRUE,"2026-10-09T00:24:06.950Z","2026-10-09_002225_37864428240_1_796d6190e100451eb678e03b9e473e8f",2026020063,"2026-10-08","2026-10-09T00:00:00Z","LIVE","Sharks","2026-10-09T00:24:05.838Z","https://www.nhl.com/news/nhl-lineup-projections-2026-27-season","2026-10-08",1,"not_pregame",FALSE,NA,NA,NA,NA,NA,NA,NA
20262027,20262027,19,"STL",8482089,"Jake","Neighbours","Jake Neighbours","F","current_roster",TRUE,"2026-10-09T00:24:06.953Z","2026-10-09_002225_37864428240_1_796d6190e100451eb678e03b9e473e8f",2026020063,"2026-10-08","2026-10-09T00:00:00Z","LIVE","Sharks","2026-10-09T00:24:05.838Z","https://www.nhl.com/news/nhl-lineup-projections-2026-27-season","2026-10-08",1,"not_pregame",FALSE,NA,NA,NA,NA,NA,NA,NA
20262027,20262027,19,"STL",8483516,"Jimmy","Snuggerud","Jimmy Snuggerud","F","current_roster",TRUE,"2026-10-09T00:24:06.955Z","2026-10-09_002225_37864428240_1_796d6190e100451eb678e03b9e473e8f",2026020063,"2026-10-08","2026-10-09T00:00:00Z","LIVE","Sharks","2026-10-09T00:24:05.838Z","https://www.nhl.com/news/nhl-lineup-projections-2026-27-season","2026-10-08",1,"not_pregame",FALSE,NA,NA,NA,NA,NA,NA,NA
20262027,20262027,19,"STL",8480459,"Pius","Suter","Pius Suter","F","current_roster",TRUE,"2026-10-09T00:24:06.957Z","2026-10-09_002225_37864428240_1_796d6190e100451eb678e03b9e473e8f",2026020063,"2026-10-08","2026-10-09T00:00:00Z","LIVE","Sharks","2026-10-09T00:24:05.838Z","https://www.nhl.com/news/nhl-lineup-projections-2026-27-season","2026-10-08",1,"not_pregame",FALSE,NA,NA,NA,NA,NA,NA,NA
20262027,20262027,19,"STL",8480023,"Robert","Thomas","Robert Thomas","F","current_roster",TRUE,"2026-10-09T00:24:06.959Z","2026-10-09_002225_37864428240_1_796d6190e100451eb678e03b9e473e8f",2026020063,"2026-10-08","2026-10-09T00:00:00Z","LIVE","Sharks","2026-10-09T00:24:05.838Z","https://www.nhl.com/news/nhl-lineup-projections-2026-27-season","2026-10-08",1,"not_pregame",FALSE,NA,NA,NA,NA,NA,NA,NA
20262027,20262027,19,"STL",8480281,"Alexey","Toropchenko","Alexey Toropchenko","F","current_roster",TRUE,"2026-10-09T00:24:06.964Z","2026-10-09_002225_37864428240_1_796d6190e100451eb678e03b9e473e8f",2026020063,"2026-10-08","2026-10-09T00:00:00Z","LIVE","Sharks","2026-10-09T00:24:05.838Z","https://www.nhl.com/news/nhl-lineup-projections-2026-27-season","2026-10-08",1,"not_pregame",FALSE,NA,NA,NA,NA,NA,NA,NA
20262027,20262027,19,"STL",8482111,"Justin","Barron","Justin Barron","D","current_roster",TRUE,"2026-10-09T00:24:06.967Z","2026-10-09_002225_37864428240_1_796d6190e100451eb678e03b9e473e8f",2026020063,"2026-10-08","2026-10-09T00:00:00Z","LIVE","Sharks","2026-10-09T00:24:05.838Z","https://www.nhl.com/news/nhl-lineup-projections-2026-27-season","2026-10-08",1,"not_pregame",FALSE,NA,NA,NA,NA,NA,NA,NA
20262027,20262027,19,"STL",8481598,"Philip","Broberg","Philip Broberg","D","current_roster",TRUE,"2026-10-09T00:24:06.968Z","2026-10-09_002225_37864428240_1_796d6190e100451eb678e03b9e473e8f",2026020063,"2026-10-08","2026-10-09T00:00:00Z","LIVE","Sharks","2026-10-09T00:24:05.838Z","https://www.nhl.com/news/nhl-lineup-projections-2026-27-season","2026-10-08",1,"not_pregame",FALSE,NA,NA,NA,NA,NA,NA,NA
20262027,20262027,19,"STL",8478443,"Brandon","Carlo","Brandon Carlo","D","current_roster",TRUE,"2026-10-09T00:24:06.970Z","2026-10-09_002225_37864428240_1_796d6190e100451eb678e03b9e473e8f",2026020063,"2026-10-08","2026-10-09T00:00:00Z","LIVE","Sharks","2026-10-09T00:24:05.838Z","https://www.nhl.com/news/nhl-lineup-projections-2026-27-season","2026-10-08",1,"not_pregame",FALSE,NA,NA,NA,NA,NA,NA,NA
20262027,20262027,19,"STL",8475764,"Cam","Fowler","Cam Fowler","D","current_roster",TRUE,"2026-10-09T00:24:06.972Z","2026-10-09_002225_37864428240_1_796d6190e100451eb678e03b9e473e8f",2026020063,"2026-10-08","2026-10-09T00:00:00Z","LIVE","Sharks","2026-10-09T00:24:05.838Z","https://www.nhl.com/news/nhl-lineup-projections-2026-27-season","2026-10-08",1,"not_pregame",FALSE,NA,NA,NA,NA,NA,NA,NA
20262027,20262027,19,"STL",8484790,"Adam","Jiricek","Adam Jiricek","D","current_roster",TRUE,"2026-10-09T00:24:06.973Z","2026-10-09_002225_37864428240_1_796d6190e100451eb678e03b9e473e8f",2026020063,"2026-10-08","2026-10-09T00:00:00Z","LIVE","Sharks","2026-10-09T00:24:05.838Z","https://www.nhl.com/news/nhl-lineup-projections-2026-27-season","2026-10-08",1,"not_pregame",FALSE,NA,NA,NA,NA,NA,NA,NA
20262027,20262027,19,"STL",8484188,"Theo","Lindstein","Theo Lindstein","D","current_roster",TRUE,"2026-10-09T00:24:06.975Z","2026-10-09_002225_37864428240_1_796d6190e100451eb678e03b9e473e8f",2026020063,"2026-10-08","2026-10-09T00:00:00Z","LIVE","Sharks","2026-10-09T00:24:05.838Z","https://www.nhl.com/news/nhl-lineup-projections-2026-27-season","2026-10-08",1,"not_pregame",FALSE,NA,NA,NA,NA,NA,NA,NA
20262027,20262027,19,"STL",8482733,"Logan","Mailloux","Logan Mailloux","D","current_roster",TRUE,"2026-10-09T00:24:06.977Z","2026-10-09_002225_37864428240_1_796d6190e100451eb678e03b9e473e8f",2026020063,"2026-10-08","2026-10-09T00:00:00Z","LIVE","Sharks","2026-10-09T00:24:05.838Z","https://www.nhl.com/news/nhl-lineup-projections-2026-27-season","2026-10-08",1,"not_pregame",FALSE,NA,NA,NA,NA,NA,NA,NA
20262027,20262027,19,"STL",8476892,"Colton","Parayko","Colton Parayko","D","current_roster",TRUE,"2026-10-09T00:24:06.978Z","2026-10-09_002225_37864428240_1_796d6190e100451eb678e03b9e473e8f",2026020063,"2026-10-08","2026-10-09T00:00:00Z","LIVE","Sharks","2026-10-09T00:24:05.838Z","https://www.nhl.com/news/nhl-lineup-projections-2026-27-season","2026-10-08",1,"not_pregame",FALSE,NA,NA,NA,NA,NA,NA,NA
20262027,20262027,19,"STL",8481006,"Tyler","Tucker","Tyler Tucker","D","current_roster",TRUE,"2026-10-09T00:24:06.980Z","2026-10-09_002225_37864428240_1_796d6190e100451eb678e03b9e473e8f",2026020063,"2026-10-08","2026-10-09T00:00:00Z","LIVE","Sharks","2026-10-09T00:24:05.838Z","https://www.nhl.com/news/nhl-lineup-projections-2026-27-season","2026-10-08",1,"not_pregame",FALSE,NA,NA,NA,NA,NA,NA,NA
20262027,20262027,19,"STL",8476412,"Jordan","Binnington","Jordan Binnington","G","current_roster",TRUE,"2026-10-09T00:24:06.982Z","2026-10-09_002225_37864428240_1_796d6190e100451eb678e03b9e473e8f",2026020063,"2026-10-08","2026-10-09T00:00:00Z","LIVE","Sharks","2026-10-09T00:24:05.838Z","https://www.nhl.com/news/nhl-lineup-projections-2026-27-season","2026-10-08",1,"not_pregame",FALSE,NA,NA,NA,NA,NA,NA,NA
20262027,20262027,19,"STL",8480981,"Joel","Hofer","Joel Hofer","G","current_roster",TRUE,"2026-10-09T00:24:06.984Z","2026-10-09_002225_37864428240_1_796d6190e100451eb678e03b9e473e8f",2026020063,"2026-10-08","2026-10-09T00:00:00Z","LIVE","Sharks","2026-10-09T00:24:05.838Z","https://www.nhl.com/news/nhl-lineup-projections-2026-27-season","2026-10-08",1,"not_pregame",FALSE,NA,NA,NA,NA,NA,NA,NA
